date,price,total_return_index
1993-01-29,43.937500,100.00000000
1993-02-01,44.250000,100.71128733
1993-02-02,44.343750,100.92467432
1993-02-03,44.812500,101.99154599
1993-02-04,45.000000,102.41824878
1993-02-05,44.968750,102.34715406
1993-02-08,44.968750,102.34715406
1993-02-09,44.656250,101.63588255
1993-02-10,44.718750,101.77813527
1993-02-11,44.937500,102.27598024
1993-02-12,44.593750,101.49366147
1993-02-16,43.468750,98.93321534
1993-02-17,43.437500,98.86213644
1993-02-18,43.406250,98.79095471
1993-02-19,43.562500,99.14655487
1993-02-22,43.718750,99.50214712
1993-02-23,43.687500,99.43103658
1993-02-24,44.250000,100.71128733
1993-02-25,44.343750,100.92467432
1993-02-26,44.406250,101.06693495
1993-03-01,44.281250,100.78234250
1993-03-02,44.937500,102.27598024
1993-03-03,45.125000,102.70277004
1993-03-04,44.875000,102.13379871
1993-03-05,44.750000,101.84923790
1993-03-08,45.750000,104.12528143
1993-03-09,45.593750,103.76963381
1993-03-10,45.687500,103.98294961
1993-03-11,45.562500,103.69845999
1993-03-12,45.093750,102.63163577
1993-03-15,45.312500,103.12949657
1993-03-16,45.312500,103.12949657
1993-03-17,45.031250,102.48935932
1993-03-18,45.312500,103.12949657
1993-03-19,45.031250,102.97340141
1993-03-22,44.781250,102.40173279
1993-03-23,44.875000,102.61616389
1993-03-24,44.875000,102.61616389
1993-03-25,45.156250,103.25921200
1993-03-26,44.906250,102.68755919
1993-03-29,45.093750,103.11635812
1993-03-30,45.218750,103.40215289
1993-03-31,45.187500,103.33067058
1993-04-01,45.031250,102.97340141
1993-04-02,44.093750,100.82964406
1993-04-05,44.312500,101.32983038
1993-04-06,44.187500,101.04403562
1993-04-07,44.343750,101.40128105
1993-04-08,44.281250,101.25834016
1993-04-12,44.906250,102.68755919
1993-04-13,45.000000,102.90194284
1993-04-14,44.937500,102.75900986
1993-04-15,44.937500,102.75900986
1993-04-16,44.937500,102.75900986
1993-04-19,44.750000,102.33026630
1993-04-20,44.531250,101.82997715
1993-04-21,44.500000,101.75864513
1993-04-22,43.937500,100.47228789
1993-04-23,43.750000,100.04358388
1993-04-26,43.406250,99.25754743
1993-04-27,43.875000,100.32945774
1993-04-28,43.781250,100.11502664
1993-04-29,43.968750,100.54372274
1993-04-30,44.031250,100.68667154
1993-05-03,44.312500,101.32983038
1993-05-04,44.468750,101.68719446
1993-05-05,44.593750,101.97299714
1993-05-06,44.437500,101.61566469
1993-05-07,44.343750,101.40128105
1993-05-10,44.437500,101.61566469
1993-05-11,44.625000,102.04442408
1993-05-12,44.562500,101.90147528
1993-05-13,44.031250,100.68667154
1993-05-14,44.000000,100.61524460
1993-05-17,44.156250,100.97251376
1993-05-18,44.125000,100.90105518
1993-05-19,45.031250,102.97340141
1993-05-20,45.156250,103.25921200
1993-05-21,44.750000,102.33026630
1993-05-24,44.937500,102.75900986
1993-05-25,45.031250,102.97340141
1993-05-26,45.593750,104.25971120
1993-05-27,45.437500,103.90239457
1993-05-28,45.218750,103.40215289
1993-06-01,45.656250,104.40255716
1993-06-02,45.593750,104.25971120
1993-06-03,45.437500,103.90239457
1993-06-04,45.281250,103.54510168
1993-06-07,45.125000,103.18782461
1993-06-08,44.718750,102.25882354
1993-06-09,44.875000,102.61616389
1993-06-10,44.906250,102.68755919
1993-06-11,45.093750,103.11635812
1993-06-14,45.031250,102.97340141
1993-06-15,44.937500,102.75900986
1993-06-16,45.031250,102.97340141
1993-06-17,45.187500,103.33067058
1993-06-18,44.500000,102.47981991
1993-06-21,44.593750,102.69568272
1993-06-22,44.625000,102.76764754
1993-06-23,44.218750,101.83208120
1993-06-24,44.812500,103.19939688
1993-06-25,44.781250,103.12747162
1993-06-28,45.281250,104.27897986
1993-06-29,45.062500,103.77513123
1993-06-30,45.062500,103.77513123
1993-07-01,44.937500,103.48726405
1993-07-02,44.687500,102.91156135
1993-07-06,44.218750,101.83208120
1993-07-07,44.343750,102.11992464
1993-07-08,44.843750,103.27142498
1993-07-09,44.968750,103.55932379
1993-07-12,44.937500,103.48726405
1993-07-13,44.906250,103.41534670
1993-07-14,45.062500,103.77513123
1993-07-15,44.875000,103.34337397
1993-07-16,44.750000,103.05550680
1993-07-19,44.718750,102.98356571
1993-07-20,44.843750,103.27142498
1993-07-21,44.812500,103.19939688
1993-07-22,44.500000,102.47981991
1993-07-23,44.718750,102.98356571
1993-07-26,44.968750,103.55932379
1993-07-27,44.937500,103.48726405
1993-07-28,44.843750,103.27142498
1993-07-29,45.093750,103.84712768
1993-07-30,44.843750,103.27142498
1993-08-02,44.968750,103.55932379
1993-08-03,45.000000,103.63122533
1993-08-04,45.000000,103.63122533
1993-08-05,44.906250,103.41534670
1993-08-06,44.968750,103.55932379
1993-08-09,45.218750,104.13496322
1993-08-10,45.187500,104.06305377
1993-08-11,45.187500,104.06305377
1993-08-12,45.062500,103.77513123
1993-08-13,45.125000,103.91903713
1993-08-16,45.375000,104.49480312
1993-08-17,45.531250,104.85465093
1993-08-18,45.781250,105.43033781
1993-08-19,45.781250,105.43033781
1993-08-20,45.812500,105.50237382
1993-08-23,45.718750,105.28642400
1993-08-24,46.218750,106.43793224
1993-08-25,46.250000,106.50984169
1993-08-26,46.281250,106.58182233
1993-08-27,46.250000,106.50984169
1993-08-30,46.437500,106.94167805
1993-08-31,46.562500,107.22952940
1993-09-01,46.500000,107.08559186
1993-09-02,46.343750,106.72573614
1993-09-03,46.375000,106.79774841
1993-09-07,46.062500,106.07806862
1993-09-08,45.906250,105.71826036
1993-09-09,46.000000,105.93420226
1993-09-10,46.406250,106.86972114
1993-09-13,46.437500,106.94167805
1993-09-14,46.250000,106.50984169
1993-09-15,46.375000,106.79774841
1993-09-16,46.187500,106.36593579
1993-09-17,45.812500,106.15971522
1993-09-20,45.437500,105.29071120
1993-09-21,45.281250,104.92864069
1993-09-22,45.656250,105.79762098
1993-09-23,45.906250,106.37698600
1993-09-24,45.781250,106.08729954
1993-09-27,46.281250,107.24597421
1993-09-28,46.187500,107.02871134
1993-09-29,46.031250,106.66667247
1993-09-30,45.937500,106.44940169
1993-10-01,46.156250,106.95631147
1993-10-04,46.218750,107.10110329
1993-10-05,46.156250,106.95631147
1993-10-06,46.125000,106.88383251
1993-10-07,46.000000,106.59428051
1993-10-08,46.062500,106.73904860
1993-10-11,46.156250,106.95631147
1993-10-12,46.218750,107.10110329
1993-10-13,46.218750,107.10110329
1993-10-14,46.812500,108.47697755
1993-10-15,47.062500,109.05628720
1993-10-18,46.937500,108.76668774
1993-10-19,46.593750,107.97010731
1993-10-20,46.656250,108.11492286
1993-10-21,46.593750,107.97010731
1993-10-22,46.375000,107.46315007
1993-10-25,46.500000,107.75282862
1993-10-26,46.468750,107.68038130
1993-10-27,46.500000,107.75282862
1993-10-28,46.843750,108.54941696
1993-10-29,46.843750,108.54941696
1993-11-01,46.968750,108.83906388
1993-11-02,46.937500,108.76668774
1993-11-03,46.343750,107.39082139
1993-11-04,45.843750,106.23214673
1993-11-05,46.062500,106.73904860
1993-11-08,46.125000,106.88383251
1993-11-09,46.156250,106.95631147
1993-11-10,46.500000,107.75282862
1993-11-11,46.375000,107.46315007
1993-11-12,46.593750,107.97010731
1993-11-15,46.562500,107.89767581
1993-11-16,46.781250,108.40451440
1993-11-17,46.531250,107.82522849
1993-11-18,46.406250,107.53560530
1993-11-19,46.312500,107.31835034
1993-11-22,46.031250,106.66667247
1993-11-23,46.281250,107.24597421
1993-11-24,46.468750,107.68038130
1993-11-26,46.500000,107.75282862
1993-11-29,46.312500,107.31835034
1993-11-30,46.343750,107.39082139
1993-12-01,46.406250,107.53560530
1993-12-02,46.531250,107.82522849
1993-12-03,46.718750,108.25977796
1993-12-06,46.875000,108.62181682
1993-12-07,46.843750,108.54941696
1993-12-08,46.843750,108.54941696
1993-12-09,46.687500,108.18732272
1993-12-10,46.593750,107.97010731
1993-12-13,46.875000,108.62181682
1993-12-14,46.531250,107.82522849
1993-12-15,46.468750,107.68038130
1993-12-16,46.625000,108.04253882
1993-12-17,46.562500,108.63624459
1993-12-20,46.625000,108.78213589
1993-12-21,46.468750,108.41749465
1993-12-22,46.781250,109.14665849
1993-12-23,46.750000,109.07373657
1993-12-27,47.000000,109.65707239
1993-12-28,47.093750,109.87571950
1993-12-29,47.031250,109.72996267
1993-12-30,46.843750,109.29250233
1993-12-31,46.593750,108.70917442
1994-01-03,46.468750,108.41749465
1994-01-04,46.656250,108.85501826
1994-01-05,46.750000,109.07373657
1994-01-06,46.750000,109.07373657
1994-01-07,47.031250,109.72996267
1994-01-10,47.593750,111.04227249
1994-01-11,47.500000,110.82360955
1994-01-12,47.343750,110.45902368
1994-01-13,47.218750,110.16735181
1994-01-14,47.406250,110.60479633
1994-01-17,47.406250,110.60479633
1994-01-18,47.468750,110.75068763
1994-01-19,47.343750,110.45902368
1994-01-20,47.468750,110.75068763
1994-01-21,47.375000,110.53196933
1994-01-24,47.187500,110.09449317
1994-01-25,47.187500,110.09449317
1994-01-26,47.312500,110.38611758
1994-01-27,47.750000,111.40692164
1994-01-28,47.875000,111.69848277
1994-01-31,48.218750,112.50056853
1994-02-01,47.968750,111.91721689
1994-02-02,48.281250,112.64632536
1994-02-03,48.062500,112.13601429
1994-02-04,46.968750,109.58414256
1994-02-07,47.187500,110.09449317
1994-02-08,47.218750,110.16735181
1994-02-09,47.406250,110.60479633
1994-02-10,47.000000,109.65707239
1994-02-11,47.156250,110.02159498
1994-02-14,47.218750,110.16735181
1994-02-15,47.468750,110.75068763
1994-02-16,47.437500,110.67776571
1994-02-17,47.156250,110.02159498
1994-02-18,46.875000,109.36542425
1994-02-22,47.343750,110.45902368
1994-02-23,47.218750,110.16735181
1994-02-24,46.593750,108.70917442
1994-02-25,46.812500,109.21954877
1994-02-28,46.812500,109.21954877
1994-03-01,46.625000,108.78213589
1994-03-02,46.687500,108.92794810
1994-03-03,46.562500,108.63624459
1994-03-04,46.687500,108.92794810
1994-03-07,46.937500,109.51116526
1994-03-08,46.750000,109.07373657
1994-03-09,46.968750,109.58414256
1994-03-10,46.593750,108.70917442
1994-03-11,46.843750,109.29250233
1994-03-14,46.906250,109.43830662
1994-03-15,46.875000,109.36542425
1994-03-16,47.250000,110.24032119
1994-03-17,47.250000,110.24032119
1994-03-18,46.968750,110.21621164
1994-03-21,46.843750,109.92291032
1994-03-22,46.968750,110.21621164
1994-03-23,46.937500,110.14291795
1994-03-24,46.375000,108.82298293
1994-03-25,45.937500,107.79629385
1994-03-28,46.000000,107.94302361
1994-03-29,45.093750,105.81639132
1994-03-30,44.468750,104.34979773
1994-03-31,44.593750,104.64311487
1994-04-04,43.906250,103.02983107
1994-04-05,44.812500,105.15646336
1994-04-06,44.812500,105.15646336
1994-04-07,45.031250,105.66969320
1994-04-08,44.687500,104.86310667
1994-04-11,44.875000,105.30309820
1994-04-12,44.812500,105.15646336
1994-04-13,44.578125,104.60646011
1994-04-14,44.593750,104.64311487
1994-04-15,44.593750,104.64311487
1994-04-18,44.296875,103.94641350
1994-04-19,44.359375,104.09315117
1994-04-20,44.312500,103.98312363
1994-04-21,44.906250,105.37643144
1994-04-22,44.859375,105.26641971
1994-04-25,45.328125,106.36640248
1994-04-26,45.281250,106.25639075
1994-04-28,44.953125,105.48639570
1994-04-29,45.093750,105.81639132
1994-05-02,45.375000,106.47639838
1994-05-03,45.328125,106.36640248
1994-05-04,45.250000,106.18304169
1994-05-05,45.187500,106.03637522
1994-05-06,44.750000,105.00972569
1994-05-09,44.359375,104.09315117
1994-05-10,44.703125,104.89976143
1994-05-11,44.296875,103.94641350
1994-05-12,44.515625,104.45977781
1994-05-13,44.515625,104.45977781
1994-05-16,44.531250,104.49642466
1994-05-17,45.187500,106.03637522
1994-05-18,45.515625,106.80635445
1994-05-19,45.734375,107.31971085
1994-05-20,45.562500,106.91635035
1994-05-23,45.484375,106.73304494
1994-05-24,45.671875,107.17300483
1994-05-25,45.796875,107.46635360
1994-05-26,45.828125,107.53967102
1994-05-27,45.875000,107.64967483
1994-05-31,45.812500,107.50300836
1994-06-01,46.015625,107.97970209
1994-06-02,45.968750,107.86967455
1994-06-03,46.234375,108.49297940
1994-06-06,46.218750,108.45636419
1994-06-07,46.156250,108.30965025
1994-06-08,45.781250,107.42969094
1994-06-09,46.031250,108.01632521
1994-06-10,46.109375,108.19966226
1994-06-13,46.171875,108.34632874
1994-06-14,46.531250,109.18959375
1994-06-15,46.343750,108.74965760
1994-06-16,46.437500,108.96965731
1994-06-17,45.875000,108.36138930
1994-06-20,45.484375,107.43867665
1994-06-21,45.093750,106.51604310
1994-06-22,45.265625,106.92195061
1994-06-23,45.000000,106.29454840
1994-06-24,44.062500,104.08006810
1994-06-27,44.828125,105.88858552
1994-06-28,44.609375,105.37180411
1994-06-29,44.750000,105.70399079
1994-06-30,44.468750,105.03971235
1994-07-01,44.562500,105.26109631
1994-07-05,44.796875,105.81475396
1994-07-06,44.734375,105.66715410
1994-07-07,44.921875,106.11000112
1994-07-08,44.906250,106.07306161
1994-07-11,44.750000,105.70399079
1994-07-12,44.812500,105.85168556
1994-07-13,44.890625,106.03621702
1994-07-14,45.375000,107.18031363
1994-07-15,45.390625,107.21722150
1994-07-18,45.468750,107.40173714
1994-07-19,45.375000,107.18031363
1994-07-20,45.171875,106.70055083
1994-07-21,45.265625,106.92195061
1994-07-22,45.343750,107.10651370
1994-07-25,45.406250,107.25412937
1994-07-26,45.359375,107.14341367
1994-07-27,45.359375,107.14341367
1994-07-28,45.453125,107.36486881
1994-07-29,45.906250,108.43522878
1994-08-01,46.125000,108.95192318
1994-08-02,46.187500,109.09948349
1994-08-03,46.203125,109.13647837
1994-08-04,45.937500,108.50902080
1994-08-05,45.781250,108.13991042
1994-08-08,45.890625,108.39828927
1994-08-09,45.968750,108.58278117
1994-08-10,46.140625,108.98885479
1994-08-11,45.968750,108.58278117
1994-08-12,46.328125,109.43169390
1994-08-15,46.312500,109.39477811
1994-08-16,46.640625,110.16985136
1994-08-17,46.609375,110.09607516
1994-08-18,46.453125,109.72695688
1994-08-19,46.421875,109.65316487
1994-08-22,46.375000,109.54240961
1994-08-23,46.640625,110.16985136
1994-08-24,47.140625,111.35091122
1994-08-25,47.015625,111.05571151
1994-08-26,47.687500,112.64269469
1994-08-29,47.656250,112.56886312
1994-08-30,47.781250,112.86417357
1994-08-31,47.656250,112.56886312
1994-09-01,47.500000,112.19977648
1994-09-02,47.296875,111.71995040
1994-09-06,47.312500,111.75692946
1994-09-07,47.265625,111.64622957
1994-09-08,47.500000,112.19977648
1994-09-09,47.000000,111.01874036
1994-09-12,46.859375,110.68660114
1994-09-13,47.000000,111.01874036
1994-09-14,47.046875,111.12942443
1994-09-15,47.640625,112.53191570
1994-09-16,47.015625,111.73113508
1994-09-19,47.062500,111.84248359
1994-09-20,46.171875,109.72598396
1994-09-21,46.171875,109.72598396
1994-09-22,46.062500,109.46603103
1994-09-23,45.906250,109.09476124
1994-09-26,46.140625,109.65167779
1994-09-27,46.109375,109.57740327
1994-09-28,46.468750,110.43144956
1994-09-29,46.234375,109.87446973
1994-09-30,46.171875,109.72598396
1994-10-03,46.062500,109.46603103
1994-10-04,45.375000,107.83223671
1994-10-05,45.390625,107.86930278
1994-10-06,45.250000,107.53514652
1994-10-07,45.453125,108.01798630
1994-10-10,45.937500,109.16896458
1994-10-11,46.625000,110.80275099
1994-10-12,46.687500,110.95130795
1994-10-13,46.843750,111.32266475
1994-10-14,47.046875,111.80538588
1994-10-17,46.953125,111.58260976
1994-10-18,46.843750,111.32266475
1994-10-19,47.062500,111.84248359
1994-10-20,46.750000,111.09989655
1994-10-21,46.562500,110.65423358
1994-10-24,46.171875,109.72598396
1994-10-25,46.218750,109.83732455
1994-10-26,46.390625,110.24580280
1994-10-27,46.671875,110.91422606
1994-10-28,47.656250,113.25352553
1994-10-31,47.484375,112.84511847
1994-11-01,46.953125,111.58260976
1994-11-02,46.687500,110.95130795
1994-11-03,46.937500,111.54544086
1994-11-04,46.328125,110.09725375
1994-11-07,46.468750,110.43144956
1994-11-08,46.828125,111.28555913
1994-11-09,46.906250,111.47115052
1994-11-10,46.578125,110.69133920
1994-11-11,46.406250,110.28297170
1994-11-14,46.843750,111.32266475
1994-11-15,46.687500,110.95130795
1994-11-16,46.843750,111.32266475
1994-11-17,46.531250,110.58000652
1994-11-18,46.468750,110.43144956
1994-11-21,46.000000,109.31747407
1994-11-22,45.000000,106.94108480
1994-11-23,45.250000,107.53514652
1994-11-25,45.468750,108.05500491
1994-11-28,45.671875,108.53771022
1994-11-29,45.656250,108.50062833
1994-11-30,45.593750,108.35203182
1994-12-01,45.140625,107.27526479
1994-12-02,45.562500,108.27778894
1994-12-05,45.609375,108.38919281
1994-12-06,45.640625,108.46351480
1994-12-07,45.312500,107.68364811
1994-12-08,44.875000,106.64398670
1994-12-09,45.046875,107.05243331
1994-12-12,45.343750,107.75793846
1994-12-13,45.515625,108.16639297
1994-12-14,45.750000,108.72328579
1994-12-15,45.890625,109.05761607
1994-12-16,45.750000,109.59022531
1994-12-19,45.812500,109.73992922
1994-12-20,45.671875,109.40311521
1994-12-21,46.156250,110.56340351
1994-12-22,46.015625,110.22655786
1994-12-23,46.062500,110.33884766
1994-12-27,46.312500,110.93769491
1994-12-28,46.078125,110.37625386
1994-12-29,46.109375,110.45110581
1994-12-30,45.562500,109.14111361
1995-01-03,45.781250,109.66512473
1995-01-04,46.000000,110.18910420
1995-01-05,46.000000,110.18910420
1995-01-06,46.046875,110.30135445
1995-01-09,46.093750,110.41362051
1995-01-10,46.140625,110.52593403
1995-01-11,46.171875,110.60083344
1995-01-12,46.187500,110.63826337
1995-01-13,46.734375,111.94820020
1995-01-16,47.015625,112.62199432
1995-01-17,47.031250,112.65941634
1995-01-18,46.984375,112.54707118
1995-01-19,46.718750,111.91084146
1995-01-20,46.546875,111.49904104
1995-01-23,46.687500,111.83594205
1995-01-24,46.750000,111.98566177
1995-01-25,46.875000,112.28508540
1995-01-26,46.921875,112.39737519
1995-01-27,47.109375,112.84649481
1995-01-30,46.906250,112.35992944
1995-01-31,47.093750,112.80909652
1995-02-01,47.078125,112.77170614
1995-02-02,47.359375,113.44536579
1995-02-03,48.031250,115.05475788
1995-02-06,48.234375,115.54140235
1995-02-07,48.296875,115.69119326
1995-02-08,48.296875,115.69119326
1995-02-09,48.296875,115.69119326
1995-02-10,48.359375,115.84076270
1995-02-13,48.375000,115.87824009
1995-02-14,48.437500,116.02798354
1995-02-15,48.703125,116.66422117
1995-02-16,48.640625,116.51452518
1995-02-17,48.453125,116.06537392
1995-02-21,48.437500,116.02798354
1995-02-22,48.796875,116.88876120
1995-02-23,48.875000,117.07596623
1995-02-24,49.000000,117.37534239
1995-02-27,48.609375,116.43970487
1995-02-28,49.015625,117.41280396
1995-03-01,48.703125,116.66422117
1995-03-02,48.765625,116.81395671
1995-03-03,48.781250,116.85133918
1995-03-06,48.812500,116.92615950
1995-03-07,48.437500,116.02798354
1995-03-08,48.562500,116.32736762
1995-03-09,48.546875,116.28990604
1995-03-10,49.265625,118.01163539
1995-03-13,49.218750,117.89940097
1995-03-14,49.578125,118.76022610
1995-03-15,49.484375,118.53559905
1995-03-16,49.781250,119.24679937
1995-03-17,49.562500,119.36540922
1995-03-20,49.562500,119.36540922
1995-03-21,49.437500,119.06432451
1995-03-22,49.484375,119.17719964
1995-03-23,49.515625,119.25246290
1995-03-24,50.218750,120.94582714
1995-03-27,50.421875,121.43516099
1995-03-28,50.421875,121.43516099
1995-03-29,50.406250,121.39746212
1995-03-30,50.312500,121.17163276
1995-03-31,50.109375,120.68245711
1995-04-03,50.234375,120.98356556
1995-04-04,50.562500,121.77380220
1995-04-05,50.562500,121.77380220
1995-04-06,50.750000,122.22536599
1995-04-07,50.703125,122.11245131
1995-04-10,50.796875,122.33826485
1995-04-11,50.625000,121.92426546
1995-04-12,50.796875,122.33826485
1995-04-13,51.078125,123.01558681
1995-04-17,50.781250,122.30062926
1995-04-18,50.609375,121.88667733
1995-04-19,50.562500,121.77380220
1995-04-20,50.640625,121.96190895
1995-04-21,50.890625,122.56404675
1995-04-24,51.484375,123.99398558
1995-04-25,51.343750,123.65531274
1995-04-26,51.390625,123.76818787
1995-04-27,51.515625,124.06929631
1995-04-28,51.593750,124.25747426
1995-05-01,51.453125,123.91870649
1995-05-02,51.562500,124.18214771
1995-05-03,52.281250,125.91317917
1995-05-04,52.250000,125.83784471
1995-05-05,52.187500,125.68746055
1995-05-08,52.562500,126.59051695
1995-05-09,52.515625,126.47764974
1995-05-10,52.578125,126.62812090
1995-05-11,52.718750,126.96679375
1995-05-12,52.750000,127.04210448
1995-05-15,53.000000,127.64424227
1995-05-16,53.031250,127.71949763
1995-05-17,52.828125,127.23026661
1995-05-18,52.062500,125.38642330
1995-05-19,52.093750,125.46159956
1995-05-22,52.671875,126.85398190
1995-05-23,53.156250,128.02047161
1995-05-24,53.125000,127.94521625
1995-05-25,53.171875,128.05816257
1995-05-26,52.562500,126.59051695
1995-05-30,52.546875,126.55291300
1995-05-31,53.640625,129.18704833
1995-06-01,53.500000,128.84835175
1995-06-02,53.546875,128.96133762
1995-06-05,53.875000,129.75148725
1995-06-06,53.781250,129.52571326
1995-06-07,53.500000,128.84835175
1995-06-08,53.375000,128.54740150
1995-06-09,53.062500,127.79466598
1995-06-12,53.359375,128.50967890
1995-06-13,53.937500,129.90214826
1995-06-14,53.890625,129.78917821
1995-06-15,54.125000,130.35360922
1995-06-16,53.968750,130.74065148
1995-06-19,54.578125,132.21680030
1995-06-20,54.437500,131.87626070
1995-06-21,54.406250,131.80052283
1995-06-22,55.125000,133.54156039
1995-06-23,55.015625,133.27675075
1995-06-26,54.359375,131.68685671
1995-06-27,54.250000,131.42196006
1995-06-28,54.531250,132.10330028
1995-06-29,54.437500,131.87626070
1995-06-30,54.406250,131.80052283
1995-07-03,54.609375,132.29253816
1995-07-05,54.812500,132.78462468
1995-07-06,55.515625,134.48797128
1995-07-07,55.765625,135.09363692
1995-07-10,55.796875,135.16938270
1995-07-11,55.531250,134.52579671
1995-07-12,56.218750,136.19130207
1995-07-13,56.093750,135.88852462
1995-07-14,56.046875,135.77485849
1995-07-17,56.359375,136.53192076
1995-07-18,55.875000,135.35862058
1995-07-19,55.265625,133.88233729
1995-07-20,55.468750,134.37441590
1995-07-21,55.406250,134.22290853
1995-07-24,55.812500,135.20714485
1995-07-25,56.234375,136.22914331
1995-07-26,56.187500,136.11563539
1995-07-27,56.656250,137.25114178
1995-07-28,56.296875,136.38053995
1995-07-31,56.156250,136.03985797
1995-08-01,56.062500,135.81281048
1995-08-02,55.937500,135.51001721
1995-08-03,55.921875,135.47206522
1995-08-04,55.984375,135.62352514
1995-08-07,56.109375,135.92635005
1995-08-08,56.109375,135.92635005
1995-08-09,56.093750,135.88852462
1995-08-10,55.968750,135.58568389
1995-08-11,55.656250,134.82862162
1995-08-14,56.156250,136.03985797
1995-08-15,56.046875,135.77485849
1995-08-16,56.203125,136.15346082
1995-08-17,56.109375,135.92635005
1995-08-18,56.171875,136.07774668
1995-08-21,56.015625,135.69922346
1995-08-22,56.125000,135.96417547
1995-08-23,55.921875,135.47206522
1995-08-24,55.984375,135.62352514
1995-08-25,56.296875,136.38053995
1995-08-28,56.093750,135.88852462
1995-08-29,56.234375,136.22914331
1995-08-30,56.359375,136.53192076
1995-08-31,56.406250,136.64552361
1995-09-01,56.656250,137.25114178
1995-09-05,57.187500,138.53809227
1995-09-06,57.296875,138.80312339
1995-09-07,57.328125,138.87880589
1995-09-08,57.546875,139.40867829
1995-09-11,57.703125,139.78718569
1995-09-12,57.968750,140.43074003
1995-09-13,58.234375,141.07427856
1995-09-14,58.765625,142.36119741
1995-09-15,58.437500,142.32188491
1995-09-18,58.218750,141.78913328
1995-09-19,58.500000,142.47413582
1995-09-20,58.781250,143.15905925
1995-09-21,58.296875,141.97935200
1995-09-22,58.312500,142.01752547
1995-09-25,58.218750,141.78913328
1995-09-26,58.203125,141.75110219
1995-09-27,58.156250,141.63689819
1995-09-28,58.593750,142.70249636
1995-09-29,58.484375,142.43605727
1995-10-02,58.187500,141.71300783
1995-10-03,58.250000,141.86522710
1995-10-04,58.187500,141.71300783
1995-10-05,58.359375,142.13161873
1995-10-06,58.406250,142.24580691
1995-10-09,57.921875,141.06606802
1995-10-10,57.890625,140.98994256
1995-10-11,58.078125,141.44664783
1995-10-12,58.437500,142.32188491
1995-10-13,58.625000,142.77851108
1995-10-16,58.343750,142.09355600
1995-10-17,58.734375,143.04491853
1995-10-18,58.906250,143.46351361
1995-10-19,59.187500,144.14851614
1995-10-20,58.828125,143.27326325
1995-10-23,58.703125,142.96885635
1995-10-24,58.765625,143.12104398
1995-10-25,58.281250,141.94133673
1995-10-26,57.750000,140.64755204
1995-10-27,58.187500,141.71300783
1995-10-30,58.562500,142.62633926
1995-10-31,58.312500,142.01752547
1995-11-01,58.781250,143.15905925
1995-11-02,59.156250,144.07232741
1995-11-03,59.234375,144.26259359
1995-11-06,59.031250,143.76803125
1995-11-07,58.812500,143.23515306
1995-11-08,59.343750,144.52903268
1995-11-09,59.562500,145.06181594
1995-11-10,59.531250,144.98572213
1995-11-13,59.468750,144.83347122
1995-11-14,59.078125,143.88207705
1995-11-15,59.671875,145.32806519
1995-11-16,60.000000,146.12733501
1995-11-17,60.187500,146.58389790
1995-11-20,59.875000,145.82286483
1995-11-21,60.359375,147.00254044
1995-11-22,60.171875,146.54581935
1995-11-24,60.328125,146.92636753
1995-11-27,60.343750,146.96444607
1995-11-28,60.984375,148.52465404
1995-11-29,61.046875,148.67690495
1995-11-30,60.906250,148.33440368
1995-12-01,60.984375,148.52465404
1995-12-04,61.734375,150.35133274
1995-12-05,62.140625,151.34071053
1995-12-06,62.281250,151.68314852
1995-12-07,61.953125,150.88403690
1995-12-08,62.156250,151.37870998
1995-12-11,62.421875,152.02566561
1995-12-12,62.234375,151.56902362
1995-12-13,62.625000,152.52037032
1995-12-14,62.171875,151.41680435
1995-12-15,61.812500,151.47231645
1995-12-18,60.625000,148.56227381
1995-12-19,61.265625,150.13214775
1995-12-20,60.671875,148.67709479
1995-12-21,60.984375,149.44288965
1995-12-22,61.203125,149.97891600
1995-12-26,61.500000,150.70644248
1995-12-27,61.468750,150.62988989
1995-12-28,61.406250,150.47672142
1995-12-29,61.484375,150.66814245
1996-01-02,62.140625,152.27636388
1996-01-03,62.312500,152.69753761
1996-01-04,61.718750,151.24251629
1996-01-05,61.593750,150.93619518
1996-01-08,61.828125,151.51048991
1996-01-09,60.765625,148.90689495
1996-01-10,59.968750,146.95421059
1996-01-11,60.328125,147.83474733
1996-01-12,60.234375,147.60502627
1996-01-15,60.109375,147.29873680
1996-01-16,60.843750,149.09836344
1996-01-17,60.656250,148.63882640
1996-01-18,60.859375,149.13658436
1996-01-19,61.265625,150.13214775
1996-01-22,61.281250,150.17040031
1996-01-23,61.421875,150.51498981
1996-01-24,61.921875,151.74019515
1996-01-25,61.703125,151.20415298
1996-01-26,62.234375,152.50605329
1996-01-29,62.484375,153.11866387
1996-01-30,63.015625,154.42051673
1996-01-31,63.671875,156.02862741
1996-02-01,63.906250,156.60296960
1996-02-02,63.640625,155.95212228
1996-02-05,64.156250,157.21561182
1996-02-06,64.765625,158.70886989
1996-02-07,65.140625,159.62776994
1996-02-08,65.843750,161.35079652
1996-02-09,65.828125,161.31255977
1996-02-12,66.328125,162.53782839
1996-02-13,66.187500,162.19325472
1996-02-14,65.609375,160.77658089
1996-02-15,65.203125,159.78100168
1996-02-16,64.937500,159.13007526
1996-02-20,64.296875,157.56024878
1996-02-21,65.093750,159.51294896
1996-02-22,66.125000,162.04007043
1996-02-23,65.937500,161.58061250
1996-02-26,65.000000,159.28327536
1996-02-27,64.796875,158.78550158
1996-02-28,64.500000,158.05805420
1996-02-29,63.875000,156.52643283
1996-03-01,64.890625,159.01522264
1996-03-04,65.265625,159.93412269
1996-03-05,65.875000,161.42745985
1996-03-06,65.296875,160.01072274
1996-03-07,65.625000,160.81481763
1996-03-08,63.500000,155.60748532
1996-03-11,64.234375,157.40703286
1996-03-12,63.734375,156.18181170
1996-03-13,64.171875,157.25392767
1996-03-14,64.453125,157.94316994
1996-03-15,64.125000,157.83692336
1996-03-18,65.359375,160.87524973
1996-03-19,65.218750,160.52918898
1996-03-20,65.140625,160.33675547
1996-03-21,64.984375,159.95225232
1996-03-22,65.156250,160.37521370
1996-03-25,65.031250,160.06764281
1996-03-26,65.343750,160.83680732
1996-03-27,64.750000,159.37534730
1996-03-28,65.000000,159.99074218
1996-03-29,64.687500,159.22154603
1996-04-01,65.437500,161.06757249
1996-04-02,65.562500,161.37519084
1996-04-03,65.562500,161.37519084
1996-04-04,65.515625,161.25987944
1996-04-08,64.390625,158.49083975
1996-04-09,64.140625,157.87539741
1996-04-10,63.000000,155.06794695
1996-04-11,62.921875,154.87559254
1996-04-12,63.718750,156.83702532
1996-04-15,64.250000,158.14466826
1996-04-16,64.437500,158.60621443
1996-04-17,64.281250,158.22150562
1996-04-18,64.375000,158.45231825
1996-04-19,64.531250,158.83685304
1996-04-22,65.031250,160.06764281
1996-04-23,65.234375,160.56755228
1996-04-24,65.000000,159.99074218
1996-04-25,65.296875,160.72146429
1996-04-26,65.437500,161.06757249
1996-04-29,65.437500,161.06757249
1996-04-30,65.390625,160.95216618
1996-05-01,65.531250,161.29827439
1996-05-02,64.406250,158.52921888
1996-05-03,64.312500,158.29853281
1996-05-06,64.250000,158.14466826
1996-05-07,63.984375,157.49081515
1996-05-08,64.781250,159.45226375
1996-05-09,64.734375,159.33690489
1996-05-10,65.375000,160.91373959
1996-05-13,66.359375,163.33670271
1996-05-14,66.765625,164.33658493
1996-05-15,66.687500,164.14435709
1996-05-16,66.828125,164.49046529
1996-05-17,67.187500,165.37503612
1996-05-20,67.640625,166.49032466
1996-05-21,67.546875,166.25960694
1996-05-22,68.187500,167.83637836
1996-05-23,67.906250,167.14413031
1996-05-24,68.171875,167.79792014
1996-05-28,67.484375,166.10571076
1996-05-29,67.031250,164.99045386
1996-05-30,67.375000,165.83656646
1996-05-31,66.875000,164.60579251
1996-06-03,67.062500,165.06732286
1996-06-04,67.531250,166.22111708
1996-06-05,68.125000,167.68257710
1996-06-06,67.625000,166.45189807
1996-06-07,67.625000,166.45189807
1996-06-10,67.406250,165.91345127
1996-06-11,67.343750,165.75965001
1996-06-12,67.218750,165.45201585
1996-06-13,67.218750,165.45201585
1996-06-14,66.937500,164.75970451
1996-06-17,66.890625,164.64431402
1996-06-18,66.343750,163.29818121
1996-06-19,66.640625,164.02891913
1996-06-20,66.593750,163.91359191
1996-06-21,66.812500,165.32333662
1996-06-24,66.937500,165.63272679
1996-06-25,66.859375,165.43929663
1996-06-26,66.406250,164.31813891
1996-06-27,66.875000,165.47800798
1996-06-28,67.109375,166.05801370
1996-07-01,67.687500,167.48854578
1996-07-02,67.437500,166.86989200
1996-07-03,67.296875,166.52191704
1996-07-05,65.578125,162.26892140
1996-07-08,65.312500,161.61171446
1996-07-09,65.578125,162.26892140
1996-07-10,65.843750,162.92617579
1996-07-11,64.515625,159.63987218
1996-07-12,64.562500,159.75583219
1996-07-15,62.656250,155.03899650
1996-07-16,62.812500,155.42563534
1996-07-17,63.562500,157.28148597
1996-07-18,64.437500,159.44652112
1996-07-19,63.968750,158.28666787
1996-07-22,63.500000,157.12671969
1996-07-23,62.687500,155.11621353
1996-07-24,62.812500,155.42563534
1996-07-25,63.375000,156.81750354
1996-07-26,63.718750,157.66807736
1996-07-29,63.015625,155.92821838
1996-07-30,63.625000,157.43606241
1996-07-31,64.093750,158.59599476
1996-08-01,65.156250,161.22507562
1996-08-02,66.562500,164.70479357
1996-08-05,66.171875,163.73819646
1996-08-06,66.375000,164.24077950
1996-08-07,66.546875,164.66606641
1996-08-08,66.437500,164.39549832
1996-08-09,66.218750,163.85420393
1996-08-12,66.703125,165.05275271
1996-08-13,66.171875,163.73819646
1996-08-14,66.406250,164.31813891
1996-08-15,66.281250,164.00887529
1996-08-16,66.843750,165.40060111
1996-08-19,66.875000,165.47800798
1996-08-20,66.828125,165.36196886
1996-08-21,66.593750,164.78205806
1996-08-22,67.218750,166.32859761
1996-08-23,66.859375,165.43929663
1996-08-26,66.531250,164.62744998
1996-08-27,66.781250,165.24611959
1996-08-28,66.671875,164.97539330
1996-08-29,66.015625,163.35155762
1996-08-30,65.328125,161.65040999
1996-09-03,65.750000,162.69427158
1996-09-04,65.812500,162.84897458
1996-09-05,65.015625,160.87711648
1996-09-06,65.937500,163.15823820
1996-09-09,66.718750,165.09141659
1996-09-10,66.687500,165.01402555
1996-09-11,67.062500,165.94192713
1996-09-12,67.531250,167.10189112
1996-09-13,68.562500,169.65359675
1996-09-16,68.812500,170.27223472
1996-09-17,68.656250,169.88559588
1996-09-18,68.484375,169.46022987
1996-09-19,68.750000,170.11756336
1996-09-20,68.640625,170.72101421
1996-09-23,68.625000,170.68219213
1996-09-24,68.609375,170.64333840
1996-09-25,68.656250,170.75983629
1996-09-26,68.625000,170.68219213
1996-09-27,68.687500,170.83759120
1996-09-30,68.625000,170.68219213
1996-10-01,69.000000,171.61480805
1996-10-02,69.468750,172.78065705
1996-10-03,69.406250,172.62521051
1996-10-04,70.343750,174.95701925
1996-10-07,70.421875,175.15127205
1996-10-08,70.140625,174.45176265
1996-10-09,69.593750,173.09159757
1996-10-10,69.453125,172.74186660
1996-10-11,70.312500,174.87923271
1996-10-14,70.406250,175.11240251
1996-10-15,70.312500,174.87923271
1996-10-16,70.656250,175.73425192
1996-10-17,70.843750,176.20055988
1996-10-18,71.218750,177.13328654
1996-10-21,71.125000,176.90013256
1996-10-22,70.625000,175.65649702
1996-10-23,70.859375,176.23935033
1996-10-24,70.250000,174.72375454
1996-10-25,70.312500,174.87923271
1996-10-28,69.843750,173.71339953
1996-10-29,70.406250,175.11240251
1996-10-30,70.171875,174.52953338
1996-10-31,70.843750,176.20055988
1996-11-01,70.593750,175.57877375
1996-11-04,71.062500,176.74467021
1996-11-05,71.468750,177.75510432
1996-11-06,72.843750,181.17491223
1996-11-07,73.015625,181.60242975
1996-11-08,73.421875,182.61273730
1996-11-11,73.343750,182.41854778
1996-11-12,73.125000,181.87443745
1996-11-13,73.453125,182.69044474
1996-11-14,73.937500,183.89524239
1996-11-15,74.031250,184.12847547
1996-11-18,74.046875,184.16720263
1996-11-19,74.578125,185.48867219
1996-11-20,74.703125,185.79942287
1996-11-21,74.593750,185.52744681
1996-11-22,75.171875,186.96531933
1996-11-25,76.125000,189.33596598
1996-11-26,75.875000,188.71414821
1996-11-27,75.734375,188.36438560
1996-11-29,76.015625,189.06397410
1996-12-02,76.046875,189.14169736
1996-12-03,74.750000,185.91604732
1996-12-04,74.953125,186.42131975
1996-12-05,74.750000,185.91604732
1996-12-06,74.312500,184.82800069
1996-12-09,75.406250,187.54826756
1996-12-10,75.046875,186.65452119
1996-12-11,74.359375,184.94460932
1996-12-12,73.125000,181.87443745
1996-12-13,73.312500,182.34076123
1996-12-16,72.375000,180.00912651
1996-12-17,72.953125,181.44699904
1996-12-18,73.531250,182.88477664
1996-12-19,75.046875,186.65452119
1996-12-20,74.843750,187.06406727
1996-12-23,74.656250,186.59543379
1996-12-24,75.203125,187.96230651
1996-12-26,75.781250,189.40739292
1996-12-27,75.875000,189.64155937
1996-12-30,75.218750,188.00131843
1996-12-31,73.843750,184.56470976
1997-01-02,74.031250,185.03327997
1997-01-03,75.093750,187.68882755
1997-01-06,74.437500,186.04868153
1997-01-07,75.343750,188.31373021
1997-01-08,74.687500,186.67352091
1997-01-09,75.312500,188.23567473
1997-01-10,76.125000,190.26647785
1997-01-13,76.015625,189.99307799
1997-01-14,76.968750,192.37535228
1997-01-15,76.781250,191.90667133
1997-01-16,77.093750,192.68768496
1997-01-17,77.562500,193.85930823
1997-01-20,77.656250,194.09353797
1997-01-21,78.281250,195.65573924
1997-01-22,78.843750,197.06160807
1997-01-23,77.750000,194.32791008
1997-01-24,76.750000,191.82855257
1997-01-27,76.531250,191.28172121
1997-01-28,76.750000,191.82855257
1997-01-29,77.500000,193.70308652
1997-01-30,78.500000,196.20253895
1997-01-31,78.406250,195.96813520
1997-02-03,78.640625,196.55391520
1997-02-04,79.125000,197.76459785
1997-02-05,77.640625,194.05455768
1997-02-06,78.156250,195.34332746
1997-02-07,79.218750,197.99895415
1997-02-10,78.468750,196.12435691
1997-02-11,79.375000,198.38942141
1997-02-12,80.500000,201.20131726
1997-02-13,81.375000,203.38819972
1997-02-14,81.187500,202.91953459
1997-02-18,81.875000,204.63795757
1997-02-19,81.328125,203.27113231
1997-02-20,80.343750,200.81069180
1997-02-21,80.375000,200.88885802
1997-02-24,81.328125,203.27113231
1997-02-25,81.390625,203.42732238
1997-02-26,80.593750,201.43553118
1997-02-27,79.390625,198.42848079
1997-02-28,79.156250,197.84260588
1997-03-03,79.687500,199.17054578
1997-03-04,79.250000,198.07699381
1997-03-05,80.593750,201.43553118
1997-03-06,80.125000,200.26395536
1997-03-07,80.843750,202.06043383
1997-03-10,81.687500,204.16930826
1997-03-11,81.250000,203.07585122
1997-03-12,80.531250,201.27938857
1997-03-13,79.281250,198.15516003
1997-03-14,79.687500,199.17054578
1997-03-17,79.906250,199.71725057
1997-03-18,79.046875,197.56939586
1997-03-19,78.781250,196.90540218
1997-03-20,78.375000,195.89009554
1997-03-21,78.437500,196.79709901
1997-03-24,79.531250,199.54122232
1997-03-25,78.750000,197.58111842
1997-03-26,79.093750,198.44360464
1997-03-27,77.000000,193.19037874
1997-03-31,75.375000,189.11336389
1997-04-01,75.859375,190.32858686
1997-04-02,74.500000,186.91801777
1997-04-03,74.906250,187.93739014
1997-04-04,75.843750,190.28935345
1997-04-07,76.140625,191.03417111
1997-04-08,76.687500,192.40639096
1997-04-09,76.062500,190.83820976
1997-04-10,75.781250,190.13272043
1997-04-11,73.375000,184.09538020
1997-04-14,74.359375,186.56512282
1997-04-15,75.625000,189.74059207
1997-04-16,76.500000,191.93608056
1997-04-17,76.187500,191.15190295
1997-04-18,76.562500,192.09284015
1997-04-21,76.062500,190.83820976
1997-04-22,77.734375,195.03295645
1997-04-23,77.812500,195.22896526
1997-04-24,77.421875,194.24893704
1997-04-25,76.531250,192.01416769
1997-04-28,77.281250,193.89607373
1997-04-29,79.718750,200.01165928
1997-04-30,80.093750,200.95254902
1997-05-01,80.000000,200.71735427
1997-05-02,81.437500,204.32383724
1997-05-05,83.375000,209.18506134
1997-05-06,83.312500,209.02822266
1997-05-07,81.500000,204.48069175
1997-05-08,82.062500,205.89197099
1997-05-09,82.625000,207.30332933
1997-05-12,84.000000,210.75314763
1997-05-13,83.656250,209.89074051
1997-05-14,83.812500,210.28271067
1997-05-15,84.375000,211.69395827
1997-05-16,83.218750,208.79305955
1997-05-19,83.468750,209.42025609
1997-05-20,84.468750,211.92929540
1997-05-21,84.281250,211.45885844
1997-05-22,84.000000,210.75314763
1997-05-23,84.781250,212.71329899
1997-05-27,85.125000,213.57583267
1997-05-28,85.109375,213.53653599
1997-05-29,84.609375,212.28215871
1997-05-30,85.156250,213.65422037
1997-06-02,84.781250,212.71329899
1997-06-03,84.500000,212.00766728
1997-06-04,84.406250,211.77239343
1997-06-05,84.718750,212.55639703
1997-06-06,86.375000,216.71203688
1997-06-09,86.812500,217.80963875
1997-06-10,87.078125,218.47610033
1997-06-11,87.281250,218.98575487
1997-06-12,88.968750,223.21957677
1997-06-13,89.718750,225.10140371
1997-06-16,89.750000,225.17975977
1997-06-17,89.625000,224.86605076
1997-06-18,89.312500,224.08203135
1997-06-19,90.234375,226.39507766
1997-06-20,89.578125,225.62361927
1997-06-23,87.406250,220.15329661
1997-06-24,89.625000,225.74166751
1997-06-25,89.000000,224.16756965
1997-06-26,88.562500,223.06560149
1997-06-27,88.906250,223.93131497
1997-06-30,88.312500,222.43584212
1997-07-01,89.343750,225.03331477
1997-07-02,90.812500,228.73259740
1997-07-03,92.062500,231.88110950
1997-07-07,91.125000,229.51984407
1997-07-08,92.078125,231.92043783
1997-07-09,91.062500,229.36249915
1997-07-10,91.468750,230.38562083
1997-07-11,91.781250,231.17259857
1997-07-14,92.062500,231.88110950
1997-07-15,92.531250,233.06193997
1997-07-16,93.750000,236.13144740
1997-07-17,93.281250,234.95082259
1997-07-18,91.296875,229.95266126
1997-07-21,91.312500,229.99206868
1997-07-22,93.734375,236.09213490
1997-07-23,93.656250,235.89549329
1997-07-24,94.093750,236.99722416
1997-07-25,94.031250,236.83987923
1997-07-28,93.968750,236.68247103
1997-07-29,94.281250,237.46951205
1997-07-30,95.406250,240.30317611
1997-07-31,95.312500,240.06698471
1997-08-01,94.937500,239.12247220
1997-08-04,95.187500,239.75223158
1997-08-05,95.250000,239.90960814
1997-08-06,96.031250,241.87743216
1997-08-07,95.312500,240.06698471
1997-08-08,93.375000,235.18702982
1997-08-11,94.062500,236.91845678
1997-08-12,92.562500,233.14050169
1997-08-13,92.281250,232.43213314
1997-08-14,92.625000,233.29783080
1997-08-15,89.781250,226.13526712
1997-08-18,91.781250,231.17259857
1997-08-19,92.843750,233.84890189
1997-08-20,94.250000,237.39090287
1997-08-21,92.593750,233.21915833
1997-08-22,92.562500,233.14050169
1997-08-25,92.218750,232.27464583
1997-08-26,90.859375,228.85069310
1997-08-27,91.406250,230.22814935
1997-08-28,90.015625,226.72555579
1997-08-29,90.375000,227.63086653
1997-09-02,93.312500,235.02955833
1997-09-03,92.812500,233.77022943
1997-09-04,93.406250,235.26563900
1997-09-05,93.140625,234.59658294
1997-09-08,93.546875,235.61979955
1997-09-09,93.593750,235.73799017
1997-09-10,91.656250,230.85773470
1997-09-11,91.187500,229.67726810
1997-09-12,92.656250,233.37669310
1997-09-15,92.500000,232.98312513
1997-09-16,94.812500,238.80765580
1997-09-17,94.812500,238.80765580
1997-09-18,95.218750,239.83095150
1997-09-19,95.031250,240.23663753
1997-09-22,95.562500,241.57971709
1997-09-23,95.125000,240.47354083
1997-09-24,94.343750,238.49858202
1997-09-25,93.687500,236.83976849
1997-09-26,94.468750,238.81472730
1997-09-29,95.375000,241.10556245
1997-09-30,94.375000,238.57755506
1997-10-01,95.625000,241.73755243
1997-10-02,96.156250,243.08050544
1997-10-03,96.640625,244.30504634
1997-10-06,97.281250,245.92462647
1997-10-07,98.187500,248.21544579
1997-10-08,97.500000,246.47750103
1997-10-09,97.156250,245.60854447
1997-10-10,96.875000,244.89777128
1997-10-13,96.968750,245.13464294
1997-10-14,97.000000,245.21345778
1997-10-15,96.781250,244.66045666
1997-10-16,95.250000,240.78954373
1997-10-17,94.281250,238.34073086
1997-10-20,95.625000,241.73755243
1997-10-21,97.484375,246.43818853
1997-10-22,96.843750,244.81841856
1997-10-23,94.937500,239.99954439
1997-10-24,94.000000,237.62962546
1997-10-27,87.187500,220.40785494
1997-10-28,92.218750,233.12669090
1997-10-29,91.968750,232.49468510
1997-10-30,89.937500,227.35969728
1997-10-31,92.062500,232.73171496
1997-11-03,94.000000,237.62962546
1997-11-04,94.000000,237.62962546
1997-11-05,94.312500,238.41956152
1997-11-06,93.953125,237.51118172
1997-11-07,92.937500,234.94368781
1997-11-10,92.375000,233.52169848
1997-11-11,92.406250,233.60063988
1997-11-12,90.500000,228.78168661
1997-11-13,91.812500,232.09970916
1997-11-14,93.062500,235.25965907
1997-11-17,94.781250,239.60469500
1997-11-18,94.187500,238.10366936
1997-11-19,94.656250,239.28856554
1997-11-20,96.093750,242.92255936
1997-11-21,96.750000,244.58162600
1997-11-24,95.000000,240.15758539
1997-11-25,95.250000,240.78954373
1997-11-26,95.531250,241.50066495
1997-11-28,95.625000,241.73755243
1997-12-01,98.093750,247.97852667
1997-12-02,97.500000,246.47750103
1997-12-03,97.781250,247.18862225
1997-12-04,97.687500,246.95154493
1997-12-05,98.937500,250.11162140
1997-12-08,98.656250,249.40054764
1997-12-09,98.062500,247.89960109
1997-12-10,97.218750,245.76656965
1997-12-11,95.562500,241.57971709
1997-12-12,95.750000,242.05353951
1997-12-15,96.718750,244.50258968
1997-12-16,97.312500,246.00352041
1997-12-17,96.812500,244.73954044
1997-12-18,95.875000,242.36963733
1997-12-19,94.781250,240.55812994
1997-12-22,95.390625,242.10462203
1997-12-23,93.687500,237.78220859
1997-12-24,93.406250,237.06820814
1997-12-26,93.781250,238.01998198
1997-12-29,95.625000,242.69951430
1997-12-30,97.125000,246.50649894
1997-12-31,97.062500,246.34795170
1998-01-02,97.562500,247.61696240
1998-01-05,97.781250,248.17220995
1998-01-06,96.218750,244.20653570
1998-01-07,96.468750,244.84096195
1998-01-08,95.625000,242.69951430
1998-01-09,92.312500,234.29230260
1998-01-12,94.000000,238.57521371
1998-01-13,95.312500,241.90636680
1998-01-14,95.750000,243.01671952
1998-01-15,94.953125,240.99431677
1998-01-16,96.312500,244.44445148
1998-01-20,97.875000,248.41020483
1998-01-21,96.937500,246.03061993
1998-01-22,96.078125,243.84960667
1998-01-23,95.937500,243.49267763
1998-01-26,95.875000,243.33408293
1998-01-27,96.843750,245.79265669
1998-01-28,97.718750,248.01348870
1998-01-29,98.250000,249.36207359
1998-01-30,98.312500,249.52051009
1998-02-02,99.937500,253.64462084
1998-02-03,100.687500,255.54826345
1998-02-04,100.562500,255.23105824
1998-02-05,100.500000,255.07244772
1998-02-06,101.625000,257.92776925
1998-02-09,101.281250,257.05526903
1998-02-10,102.250000,259.51398517
1998-02-11,102.156250,259.27606939
1998-02-12,102.593750,260.38661195
1998-02-13,102.000000,258.87944818
1998-02-17,102.500000,260.14845887
1998-02-18,103.437500,262.52788558
1998-02-19,102.890625,261.13984580
1998-02-20,103.656250,263.08324387
1998-02-23,104.062500,264.11427551
1998-02-24,103.250000,262.05206984
1998-02-25,104.531250,265.30383857
1998-02-26,105.125000,266.81095488
1998-02-27,105.125000,266.81095488
1998-03-02,104.906250,266.25561241
1998-03-03,105.500000,267.76277619
1998-03-04,104.812500,266.01783902
1998-03-05,103.843750,263.55898050
1998-03-06,105.937500,268.87301817
1998-03-09,105.562500,267.92116523
1998-03-10,106.562500,270.45921826
1998-03-11,107.062500,271.72841880
1998-03-12,107.500000,272.83866078
1998-03-13,107.093750,271.80770824
1998-03-16,108.250000,274.74224011
1998-03-17,108.562500,275.53529270
1998-03-18,108.968750,276.56637180
1998-03-19,109.250000,277.28029315
1998-03-20,109.875000,279.66777219
1998-03-23,109.625000,279.03146337
1998-03-24,110.562500,281.41764517
1998-03-25,110.156250,280.38375013
1998-03-26,110.093750,280.22457009
1998-03-27,109.625000,279.03146337
1998-03-30,109.562500,278.87231497
1998-03-31,109.937500,279.82695222
1998-04-01,110.828125,282.09385183
1998-04-02,112.031250,285.15614538
1998-04-03,112.593750,286.58797469
1998-04-06,111.687500,284.28117725
1998-04-07,110.937500,282.37225078
1998-04-08,110.312500,280.78127307
1998-04-09,111.187500,283.00843305
1998-04-13,110.875000,282.21319731
1998-04-14,111.812500,284.59937912
1998-04-15,112.125000,285.39474141
1998-04-16,110.812500,282.05411219
1998-04-17,112.281250,285.79242256
1998-04-20,112.250000,285.71294328
1998-04-21,112.781250,287.06516676
1998-04-22,113.093750,287.86056069
1998-04-23,112.000000,285.07669774
1998-04-24,110.812500,282.05411219
1998-04-27,108.718750,276.72482412
1998-04-28,108.562500,276.32698477
1998-04-29,109.312500,278.23597451
1998-04-30,111.343750,283.40624075
1998-05-01,112.593750,286.58797469
1998-05-04,112.312500,285.87180692
1998-05-05,111.531250,283.88346446
1998-05-06,110.218750,280.54264540
1998-05-07,109.343750,278.31561199
1998-05-08,111.125000,282.84953777
1998-05-11,110.750000,281.89493216
1998-05-12,111.937500,284.91745443
1998-05-13,112.218750,285.63349564
1998-05-14,111.656250,284.20157141
1998-05-15,111.031250,282.61084682
1998-05-18,110.593750,281.49721937
1998-05-19,111.343750,283.40624075
1998-05-20,112.406250,286.11062443
1998-05-21,111.687500,284.28117725
1998-05-22,111.250000,283.16764472
1998-05-26,109.468750,278.63381386
1998-05-27,109.625000,279.03146337
1998-05-28,110.125000,280.30420757
1998-05-29,109.031250,277.52028134
1998-06-01,109.531250,278.79286734
1998-06-02,109.625000,279.03146337
1998-06-03,107.875000,274.57714343
1998-06-04,109.875000,279.66777219
1998-06-05,112.000000,285.07669774
1998-06-08,111.875000,284.75836931
1998-06-09,112.218750,285.63349564
1998-06-10,111.500000,283.80401682
1998-06-11,109.406250,278.47463383
1998-06-12,110.437500,281.09960150
1998-06-15,107.531250,273.70214365
1998-06-16,109.187500,277.91799412
1998-06-17,111.468750,283.72441098
1998-06-18,110.968750,282.45176170
1998-06-19,110.062500,281.03654330
1998-06-22,110.593750,282.39287996
1998-06-23,111.906250,285.74436164
1998-06-24,113.406250,289.57455410
1998-06-25,113.218750,289.09571676
1998-06-26,113.687500,290.29268355
1998-06-29,114.093750,291.33012226
1998-06-30,113.312500,289.33519871
1998-07-01,114.625000,292.68652220
1998-07-02,114.843750,293.24502865
1998-07-06,116.000000,296.19743703
1998-07-07,115.781250,295.63908878
1998-07-08,116.625000,297.79335056
1998-07-09,115.843750,295.79845865
1998-07-10,116.468750,297.39440381
1998-07-13,116.500000,297.47413621
1998-07-14,117.812500,300.82552297
1998-07-15,117.593750,300.26711144
1998-07-16,118.406250,302.34170410
1998-07-17,118.562500,302.74068248
1998-07-20,118.562500,302.74068248
1998-07-21,116.500000,297.47413621
1998-07-22,116.500000,297.47413621
1998-07-23,114.187500,291.56935109
1998-07-24,114.093750,291.33012226
1998-07-27,114.906250,293.40462000
1998-07-28,112.968750,288.45735135
1998-07-29,112.531250,287.34018025
1998-07-30,114.218750,291.64917840
1998-07-31,111.781250,285.42527386
1998-08-03,111.312500,284.22824379
1998-08-04,107.000000,273.21656703
1998-08-05,108.468750,276.96696381
1998-08-06,108.937500,278.16399388
1998-08-07,109.125000,278.64270466
1998-08-10,108.500000,277.04656965
1998-08-11,106.875000,272.89732105
1998-08-12,108.687500,277.52543863
1998-08-13,107.375000,274.17414679
1998-08-14,106.125000,270.98235138
1998-08-17,108.375000,276.72757679
1998-08-18,110.375000,281.83443679
1998-08-19,110.093750,281.11640226
1998-08-20,109.437500,279.44059814
1998-08-21,108.562500,277.20644576
1998-08-24,109.250000,278.96185572
1998-08-25,109.500000,279.60003129
1998-08-26,108.875000,278.00437089
1998-08-27,103.750000,264.91792744
1998-08-28,103.375000,263.96053753
1998-08-31,96.000000,245.12904269
1998-09-01,100.062500,255.50224330
1998-09-02,99.343750,253.66697439
1998-09-03,98.562500,251.67203502
1998-09-04,97.750000,249.59739490
1998-09-08,103.000000,263.00297359
1998-09-09,100.500000,256.61933531
1998-09-10,98.500000,251.51242785
1998-09-11,101.687500,259.65166593
1998-09-14,103.437500,264.12006560
1998-09-15,104.062500,265.71586838
1998-09-16,105.000000,268.10973867
1998-09-17,102.000000,260.44940121
1998-09-18,102.093750,261.60961832
1998-09-21,102.031250,261.44940999
1998-09-22,102.875000,263.61147099
1998-09-23,107.000000,274.18161379
1998-09-24,104.375000,267.45523694
1998-09-25,104.250000,267.13491520
1998-09-28,105.187500,269.53726497
1998-09-29,104.937500,268.89658985
1998-09-30,101.750000,260.72876518
1998-10-01,98.812500,253.20161563
1998-10-02,100.718750,258.08631649
1998-10-05,98.687500,252.88126225
1998-10-06,98.593750,252.64098930
1998-10-07,97.125000,248.87739871
1998-10-08,96.593750,247.51611041
1998-10-09,98.531250,252.48084425
1998-10-12,99.968750,256.16432277
1998-10-13,99.625000,255.28356455
1998-10-14,100.562500,257.68586686
1998-10-15,105.968750,271.53902272
1998-10-16,106.000000,271.61929299
1998-10-19,106.375000,272.58013165
1998-10-20,107.000000,274.18161379
1998-10-21,106.625000,273.22077513
1998-10-22,108.218750,277.30459255
1998-10-23,106.843750,273.78117997
1998-10-26,107.625000,275.78315920
1998-10-27,107.000000,274.18161379
1998-10-28,106.812500,273.70113118
1998-10-29,109.406250,280.34749087
1998-10-30,110.000000,281.86898749
1998-11-02,111.875000,286.67359210
1998-11-03,111.062500,284.59156408
1998-11-04,112.250000,287.63446240
1998-11-05,113.781250,291.55821386
1998-11-06,114.125000,292.43903537
1998-11-09,113.312500,290.35707062
1998-11-10,113.000000,289.55626627
1998-11-11,112.250000,287.63446240
1998-11-12,112.125000,287.31420394
1998-11-13,113.218750,290.11689260
1998-11-16,114.062500,292.27890614
1998-11-17,114.062500,292.27890614
1998-11-18,114.750000,294.04064406
1998-11-19,115.750000,296.60302814
1998-11-20,116.625000,298.84505883
1998-11-23,119.375000,305.89178906
1998-11-24,118.625000,303.96989026
1998-11-25,118.625000,303.96989026
1998-11-27,119.500000,306.21207916
1998-11-30,116.125000,297.56396172
1998-12-01,117.625000,301.40766439
1998-12-02,117.281250,300.52681124
1998-12-03,115.343750,295.56214069
1998-12-04,118.375000,303.32953154
1998-12-07,118.937500,304.77072625
1998-12-08,118.406250,303.40951706
1998-12-09,118.625000,303.96989026
1998-12-10,116.890625,299.52572671
1998-12-11,117.125000,300.12634579
1998-12-14,113.750000,291.47813343
1998-12-15,116.687500,299.00547282
1998-12-16,116.531250,298.60507065
1998-12-17,118.390625,303.36952430
1998-12-18,118.500000,304.65834154
1998-12-21,120.156250,308.91655775
1998-12-22,120.687500,310.28248128
1998-12-23,123.218750,316.79016355
1998-12-24,122.687500,315.42430330
1998-12-28,122.375000,314.62084121
1998-12-29,124.312500,319.60218596
1998-12-30,123.312500,317.03129077
1998-12-31,123.312500,317.03129077
1999-01-04,123.031250,316.30825715
1999-01-05,124.437500,319.92342526
1999-01-06,127.437500,327.63645887
1999-01-07,126.812500,326.02962960
1999-01-08,127.750000,328.43982605
1999-01-11,126.531250,325.30656434
1999-01-12,124.250000,319.44155050
1999-01-13,123.375000,317.19186296
1999-01-14,121.218750,311.64830989
1999-01-15,124.375000,319.76301127
1999-01-19,125.187500,321.85168366
1999-01-20,126.187500,324.42286361
1999-01-21,122.843750,315.82593943
1999-01-22,122.562500,315.10300073
1999-01-25,123.812500,318.31675419
1999-01-26,126.062500,324.10133956
1999-01-27,124.593750,320.32547271
1999-01-28,126.687500,325.70826375
1999-01-29,127.656250,328.19885703
1999-02-01,126.906250,326.27069354
1999-02-02,126.125000,324.26200667
1999-02-03,127.406250,327.55603040
1999-02-04,125.500000,322.65511412
1999-02-05,124.062500,318.95932770
1999-02-08,124.312500,319.60218596
1999-02-09,121.531250,312.45167707
1999-02-10,122.312500,314.46020574
1999-02-11,125.125000,321.69120639
1999-02-12,123.625000,317.83475287
1999-02-16,122.875000,315.90636791
1999-02-17,122.750000,315.58516025
1999-02-18,123.718750,318.07562697
1999-02-19,124.250000,319.44155050
1999-02-22,127.562500,327.95779309
1999-02-23,127.500000,327.79709434
1999-02-24,125.250000,322.01257225
1999-02-25,124.062500,318.95932770
1999-02-26,123.562500,317.67389592
1999-03-01,123.906250,318.55775485
1999-03-02,122.812500,315.74579572
1999-03-03,123.468750,317.43302182
1999-03-04,125.031250,321.45007917
1999-03-05,127.546875,327.91761049
1999-03-08,128.375000,330.04668696
1999-03-09,128.062500,329.24328814
1999-03-10,129.187500,332.13554919
1999-03-11,130.625000,335.83149381
1999-03-12,129.375000,332.61758215
1999-03-15,131.218750,337.35786296
1999-03-16,130.718750,336.07239955
1999-03-17,130.156250,334.62617411
1999-03-18,132.250000,340.00909171
1999-03-19,129.687500,334.22969527
1999-03-22,129.937500,334.87413553
1999-03-23,126.187500,325.20965151
1999-03-24,126.906250,327.06203758
1999-03-25,129.500000,333.74658656
1999-03-26,128.562500,331.33050510
1999-03-29,131.156250,338.01502244
1999-03-30,130.468750,336.24325468
1999-03-31,128.375000,330.84714327
1999-04-01,129.343750,333.34387467
1999-04-05,132.406250,341.23659094
1999-04-06,132.093750,340.43104061
1999-04-07,133.156250,343.16940548
1999-04-08,134.843750,347.51845967
1999-04-09,134.875000,347.59904634
1999-04-12,136.312500,351.30381848
1999-04-13,135.437500,349.04859397
1999-04-14,133.156250,343.16940548
1999-04-15,132.656250,341.88077808
1999-04-16,131.531250,338.98142971
1999-04-19,129.500000,333.74658656
1999-04-20,131.125000,337.93443577
1999-04-21,134.875000,347.59904634
1999-04-22,136.156250,350.90094840
1999-04-23,135.812500,350.01500124
1999-04-26,136.593750,352.02840245
1999-04-27,137.250000,353.71989993
1999-04-28,135.375000,348.88770538
1999-04-29,134.343750,346.22989555
1999-04-30,133.250000,343.41100729
1999-05-03,135.687500,349.69287603
1999-05-04,133.750000,344.69982453
1999-05-05,134.812500,347.43790464
1999-05-06,133.984375,345.30370252
1999-05-07,135.000000,347.92110827
1999-05-10,134.328125,346.18958640
1999-05-11,135.687500,349.69287603
1999-05-12,136.750000,352.43124089
1999-05-13,137.343750,353.96153339
1999-05-14,133.781250,344.78037957
1999-05-17,134.187500,345.82715203
1999-05-18,133.937500,345.18290161
1999-05-19,134.906250,347.67947482
1999-05-20,134.093750,345.58561349
1999-05-21,133.343750,343.65270403
1999-05-24,131.125000,337.93443577
1999-05-25,129.000000,332.45799080
1999-05-26,130.437500,336.16273129
1999-05-27,128.562500,331.33050510
1999-05-28,130.203125,335.55863183
1999-06-01,129.750000,334.39099518
1999-06-02,129.875000,334.71305711
1999-06-03,130.593750,336.56550645
1999-06-04,133.218750,343.33048390
1999-06-07,133.562500,344.21652598
1999-06-08,132.250000,340.83387905
1999-06-09,132.125000,340.51153237
1999-06-10,130.906250,337.37083530
1999-06-11,129.812500,334.55207360
1999-06-14,129.937500,334.87413553
1999-06-15,130.812500,337.12926512
1999-06-16,133.312500,343.57211736
1999-06-17,134.562500,346.79352766
1999-06-18,134.312500,347.19418295
1999-06-21,134.625000,348.00210626
1999-06-22,133.687500,345.57887421
1999-06-23,133.031250,343.88234599
1999-06-24,132.031250,341.29724451
1999-06-25,131.703125,340.44907532
1999-06-28,133.312500,344.60923967
1999-06-29,134.562500,347.84045832
1999-06-30,137.000000,354.14150080
1999-07-01,138.031250,356.80715731
1999-07-02,139.406250,360.36154529
1999-07-06,139.375000,360.28064222
1999-07-07,139.562500,360.76542784
1999-07-08,139.671875,361.04816145
1999-07-09,140.500000,363.18875482
1999-07-12,139.875000,361.57328788
1999-07-13,139.375000,360.28064222
1999-07-14,140.156250,362.30033976
1999-07-15,141.046875,364.60245451
1999-07-16,141.812500,366.58152649
1999-07-19,140.875000,364.15823116
1999-07-20,137.984375,356.68594508
1999-07-21,137.828125,356.28206253
1999-07-22,136.015625,351.59689831
1999-07-23,135.750000,350.91018723
1999-07-26,134.750000,348.32540215
1999-07-27,135.875000,351.23335655
1999-07-28,136.312500,352.36432263
1999-07-29,134.406250,347.43657577
1999-07-30,132.750000,343.15516755
1999-08-02,133.062500,343.96302758
1999-08-03,132.437500,342.34749736
1999-08-04,130.625000,337.66223822
1999-08-05,131.812500,340.73199877
1999-08-06,130.375000,337.01605777
1999-08-09,130.093750,336.28894261
1999-08-10,128.656250,332.57312817
1999-08-11,130.218750,336.61198538
1999-08-12,130.140625,336.41005992
1999-08-13,133.156250,344.20545203
1999-08-16,133.750000,345.74036395
1999-08-17,134.625000,348.00210626
1999-08-18,133.656250,345.49790786
1999-08-19,132.562500,342.67072996
1999-08-20,133.906250,346.14396175
1999-08-23,136.468750,352.76820519
1999-08-24,136.968750,354.06059773
1999-08-25,138.375000,357.69592041
1999-08-26,136.718750,353.41448056
1999-08-27,135.062500,349.13319890
1999-08-30,132.562500,342.67072996
1999-08-31,132.062500,341.37805266
1999-09-01,133.687500,345.57887421
1999-09-02,132.109375,341.49913833
1999-09-03,135.968750,351.47565445
1999-09-07,135.468750,350.18319863
1999-09-08,134.812500,348.48686025
1999-09-09,134.750000,348.32540215
1999-09-10,135.875000,351.23335655
1999-09-13,134.953125,348.85027545
1999-09-14,134.062500,346.54809742
1999-09-15,131.937500,341.05500990
1999-09-16,132.453125,342.38777487
1999-09-17,133.750000,346.71411166
1999-09-20,133.562500,346.22790224
1999-09-21,130.750000,338.93722885
1999-09-22,130.609375,338.57267462
1999-09-23,127.875000,331.48452784
1999-09-24,127.750000,331.16037768
1999-09-27,128.593750,333.34776637
1999-09-28,128.343750,332.69965589
1999-09-29,126.812500,328.73037470
1999-09-30,128.750000,333.75269304
1999-10-01,128.468750,333.02374277
1999-10-04,130.750000,338.93722885
1999-10-05,130.625000,338.61320525
1999-10-06,132.625000,343.79783598
1999-10-07,131.875000,341.85356782
1999-10-08,133.875000,347.03800870
1999-10-11,133.656250,346.47102277
1999-10-12,131.593750,341.12449098
1999-10-13,128.187500,332.29447610
1999-10-14,128.156250,332.21357303
1999-10-15,124.875000,323.70777159
1999-10-18,125.781250,326.05699806
1999-10-19,127.000000,329.21620444
1999-10-20,128.250000,332.45663028
1999-10-21,129.000000,334.40080353
1999-10-22,130.093750,337.23598630
1999-10-25,129.437500,335.53490195
1999-10-26,127.812500,331.32256350
1999-10-27,130.125000,337.31701593
1999-10-28,134.562500,348.82021760
1999-10-29,137.000000,355.13872527
1999-11-01,135.562500,351.41246969
1999-11-02,134.593750,348.90105740
1999-11-03,135.500000,351.25044207
1999-11-04,136.531250,353.92369214
1999-11-05,137.875000,357.40692212
1999-11-08,138.000000,357.73100900
1999-11-09,136.703125,354.36911781
1999-11-10,137.718750,357.00193217
1999-11-11,138.500000,359.02726160
1999-11-12,139.750000,362.26743432
1999-11-15,140.078125,363.11810306
1999-11-16,141.250000,366.15597065
1999-11-17,141.625000,367.12807309
1999-11-18,142.625000,369.72016697
1999-11-19,142.500000,369.39614337
1999-11-22,142.468750,369.31517702
1999-11-23,141.218750,366.07497266
1999-11-24,141.968750,368.01895606
1999-11-26,141.437500,366.64199023
1999-11-29,140.937500,365.34570599
1999-11-30,139.281250,361.05233791
1999-12-01,140.406250,363.96867687
1999-12-02,141.250000,366.15597065
1999-12-03,143.843750,372.87956319
1999-12-06,142.781250,370.12537840
1999-12-07,141.625000,367.12807309
1999-12-08,140.718750,364.77884662
1999-12-09,141.406250,366.56086568
1999-12-10,141.875000,367.77596209
1999-12-13,142.125000,368.42435733
1999-12-14,140.750000,364.85968641
1999-12-15,141.500000,366.80411277
1999-12-16,142.125000,368.42435733
1999-12-17,142.687500,370.79013144
1999-12-20,141.656250,368.11042684
1999-12-21,143.812500,373.71362101
1999-12-22,144.187500,374.68834955
1999-12-23,146.484375,380.65673076
1999-12-27,146.281250,380.12897823
1999-12-28,146.187500,379.88531982
1999-12-29,146.812500,381.50961428
1999-12-30,146.640625,381.06298630
1999-12-31,146.875000,381.67205322
2000-01-03,145.437500,377.93633732
2000-01-04,139.750000,363.15686186
2000-01-05,140.000000,363.80636450
2000-01-06,137.750000,357.95963848
2000-01-07,145.750000,378.74872185
2000-01-10,146.250000,380.04772712
2000-01-11,144.500000,375.50029113
2000-01-12,143.062500,371.76473343
2000-01-13,145.000000,376.79948623
2000-01-14,146.968750,381.91533195
2000-01-18,145.812500,378.91084439
2000-01-19,147.000000,381.99664634
2000-01-20,144.750000,376.14998360
2000-01-21,144.437500,375.33766235
2000-01-24,140.343750,364.69962046
2000-01-25,141.937500,368.84130714
2000-01-26,140.812500,365.91765937
2000-01-27,140.250000,364.45612025
2000-01-28,135.875000,353.08716641
2000-01-31,139.562500,362.66945013
2000-02-01,140.937500,366.24253725
2000-02-02,141.062500,366.56738349
2000-02-03,143.187500,372.08951638
2000-02-04,142.593750,370.54663123
2000-02-07,142.375000,369.97812659
2000-02-08,144.312500,375.01291103
2000-02-09,141.281250,367.13604633
2000-02-10,141.562500,367.86664187
2000-02-11,138.687500,360.39571631
2000-02-14,139.500000,362.50701119
2000-02-15,141.078125,366.60791412
2000-02-16,139.000000,361.20765789
2000-02-17,138.281250,359.34005306
2000-02-18,135.312500,351.62540581
2000-02-22,134.968750,350.73208657
2000-02-23,136.562500,354.87370997
2000-02-24,133.812500,347.72740917
2000-02-25,133.328125,346.46861814
2000-02-28,136.125000,353.73692217
2000-02-29,137.437500,357.14744379
2000-03-01,138.437500,359.74599220
2000-03-02,138.531250,359.98980881
2000-03-03,141.125000,366.72979078
2000-03-06,139.750000,363.15686186
2000-03-07,137.046875,356.13234281
2000-03-08,136.875000,355.68558827
2000-03-09,140.875000,366.08025651
2000-03-10,140.125000,364.13117909
2000-03-13,138.593750,360.15202627
2000-03-14,136.625000,355.03602235
2000-03-15,139.812500,363.31926916
2000-03-16,146.343750,380.29125896
2000-03-17,146.937500,382.80485441
2000-03-20,146.187500,380.85077789
2000-03-21,149.187500,388.66645115
2000-03-22,150.093750,391.02757420
2000-03-23,152.656250,397.70313746
2000-03-24,153.562500,400.06419724
2000-03-27,151.937500,395.83100813
2000-03-28,151.062500,393.55116783
2000-03-29,151.218750,393.95837257
2000-03-30,148.687500,387.36383894
2000-03-31,150.375000,391.76025797
2000-04-03,151.250000,394.03997172
2000-04-04,150.125000,391.10888859
2000-04-05,149.187500,388.66645115
2000-04-06,150.484375,392.04517473
2000-04-07,151.437500,394.52823773
2000-04-10,150.843750,392.98142923
2000-04-11,150.406250,391.84144580
2000-04-12,146.281250,381.09487926
2000-04-13,144.250000,375.80308439
2000-04-14,136.000000,354.31001459
2000-04-17,140.750000,366.68508369
2000-04-18,144.468750,376.37313939
2000-04-19,143.125000,372.87222274
2000-04-20,143.812500,374.66325916
2000-04-24,142.250000,370.59279376
2000-04-25,148.156250,385.97988070
2000-04-26,146.484375,381.62430870
2000-04-27,146.000000,380.36251188
2000-04-28,145.093750,378.00132555
2000-05-01,147.062500,383.13039672
2000-05-02,144.125000,375.47751044
2000-05-03,140.750000,366.68508369
2000-05-04,141.812500,369.45277869
2000-05-05,143.531250,373.93067031
2000-05-08,142.453125,371.12203336
2000-05-09,141.312500,368.15038796
2000-05-10,138.125000,359.84629049
2000-05-11,141.281250,368.06888373
2000-05-12,142.812500,372.05825622
2000-05-15,145.281250,378.48990796
2000-05-16,146.687500,382.15348502
2000-05-17,145.156250,378.16427073
2000-05-18,143.375000,373.52378197
2000-05-19,141.125000,367.66174227
2000-05-22,140.062500,364.89392071
2000-05-23,138.000000,359.52062162
2000-05-24,140.250000,365.38237656
2000-05-25,137.843750,359.11363836
2000-05-26,138.000000,359.52062162
2000-05-30,142.500000,371.24400494
2000-05-31,142.812500,372.05825622
2000-06-01,145.312500,378.57125399
2000-06-02,147.843750,385.16562942
2000-06-05,147.125000,383.29321533
2000-06-06,146.468750,381.58349331
2000-06-07,147.484375,384.22950148
2000-06-08,146.906250,382.72354002
2000-06-09,146.593750,381.90925710
2000-06-12,144.875000,377.43158695
2000-06-13,147.593750,384.51438660
2000-06-14,147.843750,385.16562942
2000-06-15,148.156250,385.97988070
2000-06-16,146.593750,382.80842971
2000-06-19,148.468750,387.70460001
2000-06-20,147.937500,386.31735123
2000-06-21,147.875000,386.15415294
2000-06-22,145.625000,380.27860303
2000-06-23,144.375000,377.01460550
2000-06-26,146.234375,381.86980222
2000-06-27,145.156250,379.05471074
2000-06-28,145.562500,380.11546801
2000-06-29,144.187500,376.52494734
2000-06-30,145.281250,379.38104405
2000-07-03,147.281250,384.60367422
2000-07-05,144.625000,377.66739868
2000-07-06,145.750000,380.60487306
2000-07-07,148.093750,386.72544189
2000-07-10,147.843750,386.07252215
2000-07-11,148.156250,386.88864018
2000-07-12,149.125000,389.41834030
2000-07-13,149.781250,391.13192239
2000-07-14,151.250000,394.96765182
2000-07-17,151.000000,394.31454225
2000-07-18,149.765625,391.09132848
2000-07-19,148.562500,387.94939745
2000-07-20,150.625000,393.33525756
2000-07-21,147.687500,385.66455806
2000-07-24,146.843750,383.46115960
2000-07-25,147.312500,384.68521009
2000-07-26,145.875000,380.93164932
2000-07-27,145.375000,379.62596805
2000-07-28,142.093750,371.05723497
2000-07-31,143.000000,373.42373679
2000-08-01,143.875000,375.70867111
2000-08-02,144.593750,377.58579953
2000-08-03,145.593750,380.19697224
2000-08-04,146.375000,382.23723568
2000-08-07,148.125000,386.80723087
2000-08-08,148.687500,388.27579404
2000-08-09,147.437500,385.01154340
2000-08-10,146.718750,383.13485794
2000-08-11,147.406250,384.93022901
2000-08-14,149.281250,389.82639932
2000-08-15,149.156250,389.49990781
2000-08-16,148.625000,388.11272231
2000-08-17,150.187500,392.19296442
2000-08-18,149.687500,390.88715659
2000-08-21,150.500000,393.00908245
2000-08-22,150.250000,392.35606780
2000-08-23,150.843750,393.90676799
2000-08-24,151.312500,395.13075520
2000-08-25,151.250000,394.96765182
2000-08-28,151.765625,396.31405357
2000-08-29,151.796875,396.39568436
2000-08-30,150.343750,392.60083360
2000-08-31,152.343750,397.82374853
2000-09-01,152.500000,398.23168099
2000-09-05,151.281250,395.04896621
2000-09-06,149.562500,390.56082328
2000-09-07,150.843750,393.90676799
2000-09-08,149.812500,391.21355318
2000-09-11,149.593750,390.64239079
2000-09-12,148.500000,387.78626244
2000-09-13,148.890625,388.80633088
2000-09-14,149.640625,390.76483697
2000-09-15,146.000000,382.21587879
2000-09-18,144.656250,378.69793991
2000-09-19,145.968750,382.13402652
2000-09-20,144.890625,379.31159460
2000-09-21,142.687500,373.54387327
2000-09-22,145.281250,380.33409931
2000-09-25,144.250000,377.63424013
2000-09-26,142.406250,372.80761419
2000-09-27,143.156250,374.77108774
2000-09-28,145.000000,379.59774531
2000-09-29,143.625000,375.99814401
2000-10-02,143.843750,376.57079347
2000-10-03,142.500000,373.05294951
2000-10-04,143.687500,376.16181690
2000-10-05,144.187500,377.47088364
2000-10-06,141.062500,369.28970695
2000-10-09,140.000000,366.50818535
2000-10-10,137.687500,360.45428166
2000-10-11,136.531250,357.42729817
2000-10-12,133.125000,348.50995733
2000-10-13,137.562500,360.12703079
2000-10-16,138.187500,361.76312691
2000-10-17,134.750000,352.76421857
2000-10-18,134.250000,351.45515183
2000-10-19,139.312500,364.70844797
2000-10-20,139.906250,366.26285003
2000-10-23,140.531250,367.89894615
2000-10-24,139.593750,365.44473869
2000-10-25,136.312500,356.85487019
2000-10-26,136.687500,357.83640130
2000-10-27,139.281250,364.62650079
2000-10-30,140.531250,367.89894615
2000-10-31,142.953125,374.23928531
2000-11-01,142.468750,372.97116052
2000-11-02,142.703125,373.58481522
2000-11-03,142.781250,373.78939842
2000-11-06,143.781250,376.40731042
2000-11-07,143.750000,376.32545815
2000-11-08,140.562500,367.98092497
2000-11-09,140.031250,366.59016417
2000-11-10,136.625000,357.67285497
2000-11-13,135.562500,354.89127009
2000-11-14,139.125000,364.21746094
2000-11-15,139.562500,365.36279150
2000-11-16,137.375000,359.63613868
2000-11-17,136.640625,357.71360708
2000-11-20,134.687500,352.60060896
2000-11-21,135.375000,354.40047289
2000-11-22,132.140625,345.93292401
2000-11-24,134.843750,353.00952225
2000-11-27,136.031250,356.11826308
2000-11-28,133.687500,349.98263368
2000-11-29,133.437500,349.32806867
2000-11-30,132.281250,346.30114847
2000-12-01,132.218750,346.13753886
2000-12-04,133.343750,349.08285992
2000-12-05,137.718750,360.53619720
2000-12-06,135.515625,354.76844423
2000-12-07,133.656250,349.90081306
2000-12-08,133.968750,350.71892440
2000-12-11,138.625000,362.90848912
2000-12-12,138.031250,361.35424526
2000-12-13,136.140625,356.40501495
2000-12-14,134.406250,351.86425496
2000-12-15,130.968750,343.91661194
2000-12-18,132.718750,348.51239360
2000-12-19,130.015625,341.41393224
2000-12-20,126.250000,331.52569127
2000-12-21,127.125000,333.82334481
2000-12-22,130.937500,343.83479131
2000-12-26,132.343750,347.52735047
2000-12-27,133.312500,350.07147835
2000-12-28,133.718750,351.13818392
2000-12-29,131.187500,344.49128635
2001-01-02,128.812500,338.25459931
2001-01-03,135.000000,354.50273285
2001-01-04,133.546875,350.68690488
2001-01-05,129.187500,339.23932604
2001-01-08,130.187500,341.86527456
2001-01-09,129.843750,340.96265320
2001-01-10,132.125000,346.95311901
2001-01-11,132.250000,347.28128743
2001-01-12,132.000000,346.62476075
2001-01-16,132.843750,348.84043546
2001-01-17,133.453125,350.44055709
2001-01-18,134.781250,353.92831156
2001-01-19,134.015625,351.91772629
2001-01-22,134.906250,354.25638506
2001-01-23,135.968750,357.04657598
2001-01-24,136.375000,358.11331318
2001-01-25,136.031250,357.21062855
2001-01-26,135.875000,356.80041803
2001-01-29,136.600006,358.70431375
2001-01-30,137.800003,361.85535705
2001-01-31,137.020004,359.80708873
2001-02-01,137.929993,362.19671928
2001-02-02,134.800003,353.97754315
2001-02-05,135.789993,356.57713568
2001-02-06,135.389999,355.52672463
2001-02-07,134.690002,353.68851321
2001-02-08,133.119995,349.56581043
2001-02-09,131.839996,346.20471024
2001-02-12,133.350006,350.16978334
2001-02-13,132.259995,347.30758014
2001-02-14,132.059998,346.78239044
2001-02-15,133.339996,350.14361719
2001-02-16,130.399994,342.42336969
2001-02-20,128.389999,337.14514832
2001-02-21,125.620003,329.87130732
2001-02-22,125.809998,330.37036252
2001-02-23,124.959999,328.13814017
2001-02-26,127.620003,335.12320435
2001-02-27,126.440002,332.02455663
2001-02-28,123.949997,325.48599387
2001-03-01,124.599998,327.19277340
2001-03-02,123.610001,324.59314923
2001-03-05,124.739998,327.56033342
2001-03-06,126.080002,331.07915821
2001-03-07,126.980003,333.44252769
2001-03-08,127.120003,333.81027755
2001-03-09,123.360001,323.93665419
2001-03-12,118.080002,310.07166503
2001-03-13,120.019997,315.16596401
2001-03-14,117.650002,308.94253406
2001-03-15,117.680000,309.02115906
2001-03-16,115.010002,302.82323082
2001-03-19,117.349998,308.98445685
2001-03-20,114.199997,300.69045250
2001-03-21,112.260002,295.58248510
2001-03-22,111.120003,292.58075021
2001-03-23,114.480003,301.42769241
2001-03-26,115.940002,305.27196459
2001-03-27,118.309998,311.51219530
2001-03-28,115.040001,302.90217223
2001-03-29,115.480003,304.06063332
2001-03-30,116.690002,307.24660700
2001-04-02,114.199997,300.69045250
2001-04-03,110.389999,290.65869322
2001-04-04,110.849998,291.86983465
2001-04-05,115.050003,302.92837001
2001-04-06,113.300003,298.32081833
2001-04-09,114.559998,301.63825554
2001-04-10,116.650002,307.14127798
2001-04-11,116.730003,307.35209423
2001-04-12,118.849998,312.93399479
2001-04-16,117.599998,309.64247060
2001-04-17,119.260002,314.01354612
2001-04-18,124.000000,326.49381769
2001-04-19,125.650002,330.83853723
2001-04-20,124.500000,327.81050963
2001-04-23,122.239998,321.85994166
2001-04-24,121.580002,320.12209181
2001-04-25,123.169998,324.30861215
2001-04-26,123.720001,325.75692582
2001-04-27,125.779999,331.18072210
2001-04-30,126.660004,333.49783413
2001-05-01,127.050003,334.52470514
2001-05-02,126.820000,333.91905532
2001-05-03,125.209999,329.67988629
2001-05-04,127.339996,335.28820612
2001-05-07,126.239998,332.39202173
2001-05-08,126.180000,332.23404401
2001-05-09,125.650002,330.83853723
2001-05-10,126.019997,331.81266462
2001-05-11,125.150002,329.52197185
2001-05-14,125.400002,330.18014380
2001-05-15,125.980003,331.70736723
2001-05-16,128.949997,339.52747006
2001-05-17,129.149994,340.05402028
2001-05-18,129.740005,341.60753642
2001-05-21,131.649994,346.63659405
2001-05-22,131.479996,346.18898524
2001-05-23,129.250000,340.31729539
2001-05-24,129.630005,341.31793697
2001-05-25,128.100006,337.28936271
2001-05-29,127.080002,334.60358326
2001-05-30,125.300003,329.91690033
2001-05-31,125.949997,331.62829927
2001-06-01,126.730003,333.68223112
2001-06-04,127.339996,335.28820612
2001-06-05,128.800003,339.13228846
2001-06-06,127.730003,336.31520368
2001-06-07,128.190002,337.52631347
2001-06-08,127.000000,334.39295685
2001-06-11,126.099998,332.02332268
2001-06-12,125.879997,331.44409213
2001-06-13,124.800003,328.60046151
2001-06-14,122.000000,321.22796750
2001-06-15,121.849998,321.74553200
2001-06-18,121.260002,320.18768120
2001-06-19,121.790001,321.58711132
2001-06-20,122.430000,323.27696353
2001-06-21,123.820000,326.94731152
2001-06-22,122.849998,324.38597156
2001-06-25,121.720001,321.40230302
2001-06-26,121.550003,320.95339697
2001-06-27,121.480003,320.76865194
2001-06-28,122.150002,322.53773031
2001-06-29,122.599998,323.72577466
2001-07-02,124.129997,327.76577090
2001-07-03,124.099998,327.68660802
2001-07-05,121.680000,321.29659431
2001-07-06,119.050003,314.35215569
2001-07-09,119.699997,316.06836389
2001-07-10,118.260002,312.26620432
2001-07-11,118.379997,312.58298240
2001-07-12,121.190002,320.00287290
2001-07-13,122.239998,322.77534551
2001-07-16,120.709999,318.73538091
2001-07-17,121.839996,321.71908109
2001-07-18,121.010002,319.52745266
2001-07-19,122.070000,322.32640782
2001-07-20,121.339996,320.39875057
2001-07-23,118.949997,314.08796303
2001-07-24,117.800003,311.05148759
2001-07-25,119.099998,314.48403054
2001-07-26,120.349998,317.78473028
2001-07-27,120.809998,318.99928882
2001-07-30,120.849998,319.10499752
2001-07-31,121.349998,320.42510656
2001-08-01,122.110001,322.43208489
2001-08-02,122.610001,323.75219393
2001-08-03,121.940002,321.98311556
2001-08-06,120.300003,317.65285543
2001-08-07,120.769997,318.89370667
2001-08-08,118.529999,312.97895500
2001-08-09,118.879997,313.90318636
2001-08-10,119.290001,314.98590168
2001-08-13,119.320000,315.06493800
2001-08-14,119.269997,314.93293659
2001-08-15,118.239998,312.21349235
2001-08-16,118.650002,313.29592291
2001-08-17,116.750000,308.27888842
2001-08-20,117.830002,311.13071375
2001-08-21,115.820000,305.82325716
2001-08-22,117.019997,308.99179729
2001-08-23,116.599998,307.88285254
2001-08-24,119.019997,314.27296117
2001-08-27,118.309998,312.39804754
2001-08-28,116.580002,307.82991909
2001-08-29,115.540001,305.08386575
2001-08-30,113.320000,299.22201589
2001-08-31,114.150002,301.41361268
2001-09-04,113.419998,299.48605035
2001-09-05,113.699997,300.22531521
2001-09-06,110.769997,292.48858336
2001-09-07,108.720001,287.07570283
2001-09-10,110.050003,290.58737702
2001-09-17,104.300003,275.40471508
2001-09-18,104.050003,274.74454982
2001-09-19,101.949997,269.19941476
2001-09-20,98.709999,260.64427099
2001-09-21,97.279999,257.83220111
2001-09-24,100.699997,266.89647737
2001-09-25,101.750000,269.67939113
2001-09-26,101.389999,268.72516520
2001-09-27,102.269997,271.05768584
2001-09-28,104.440002,276.80904937
2001-10-01,104.269997,276.35840313
2001-10-02,105.580002,279.83043261
2001-10-03,107.349998,284.52182987
2001-10-04,107.440002,284.76033098
2001-10-05,107.230003,284.20378620
2001-10-08,106.529999,282.34845763
2001-10-09,105.959999,280.83778183
2001-10-10,108.320000,287.09269342
2001-10-11,110.000000,291.54527317
2001-10-12,109.500000,290.22013340
2001-10-15,109.300003,289.69007116
2001-10-16,109.989998,291.51882226
2001-10-17,107.650002,285.31684413
2001-10-18,107.419998,284.70739753
2001-10-19,107.349998,284.52182987
2001-10-22,109.470001,290.14065412
2001-10-23,108.910004,288.65636595
2001-10-24,108.620003,287.88770768
2001-10-25,110.570000,293.05601225
2001-10-26,110.320000,292.39356892
2001-10-29,107.449997,284.78671861
2001-10-30,106.160004,281.36787571
2001-10-31,105.800003,280.41368141
2001-11-01,108.510002,287.59620983
2001-11-02,109.250000,289.55756351
2001-11-05,110.680000,293.34785813
2001-11-06,112.400002,297.90636806
2001-11-07,112.250000,297.50862364
2001-11-08,112.599998,298.43652522
2001-11-09,112.720001,298.75450561
2001-11-12,112.029999,296.92572287
2001-11-13,114.550003,303.60476651
2001-11-14,114.660004,303.89629600
2001-11-15,114.870003,304.45290406
2001-11-16,114.360001,303.10106026
2001-11-19,115.769997,306.83819995
2001-11-20,114.800003,304.26739968
2001-11-21,114.040001,302.25308091
2001-11-23,115.680000,306.59976212
2001-11-26,115.930000,307.26230036
2001-11-27,115.430000,305.93697075
2001-11-28,113.339996,300.39765742
2001-11-29,114.870003,304.45290406
2001-11-30,114.050003,302.27959510
2001-12-03,113.370003,300.47726326
2001-12-04,115.290001,305.56586707
2001-12-05,117.400002,311.15830369
2001-12-06,117.339996,310.99934513
2001-12-07,116.559998,308.93215619
2001-12-10,114.379997,303.15431011
2001-12-11,114.150002,302.54454711
2001-12-12,114.279999,302.88910497
2001-12-13,112.059998,297.00517050
2001-12-14,113.129997,299.84114427
2001-12-17,114.300003,302.94222826
2001-12-18,114.980003,304.74446518
2001-12-19,115.790001,306.89129160
2001-12-20,114.650002,303.86978181
2001-12-21,114.949997,305.71273920
2001-12-24,114.730003,305.12775020
2001-12-26,115.360001,306.80323793
2001-12-27,116.059998,308.66489447
2001-12-28,116.000000,308.50539803
2001-12-31,114.300003,303.98415983
2002-01-02,115.529999,307.25533960
2002-01-03,116.839996,310.73929729
2002-01-04,117.620003,312.81382667
2002-01-07,116.790001,310.60647324
2002-01-08,116.519997,309.88828052
2002-01-09,115.570000,307.36164946
2002-01-10,116.080002,308.71811268
2002-01-11,114.940002,305.68622502
2002-01-14,114.220001,303.77138191
2002-01-15,115.150002,306.24469983
2002-01-16,112.820000,300.04803719
2002-01-17,113.669998,302.30867211
2002-01-18,113.150002,300.92569471
2002-01-22,112.370003,298.85116532
2002-01-23,113.230003,301.13844099
2002-01-24,113.580002,302.06925344
2002-01-25,113.550003,301.98939448
2002-01-28,113.860001,302.81402363
2002-01-29,110.279999,293.29299465
2002-01-30,111.870003,297.52146941
2002-01-31,113.180000,301.00545874
2002-02-01,112.650002,299.59587223
2002-02-04,109.849998,292.14915115
2002-02-05,109.169998,290.34077610
2002-02-06,108.699997,289.09090751
2002-02-07,108.019997,287.28237426
2002-02-08,110.089996,292.78742164
2002-02-11,111.440002,296.37791068
2002-02-12,111.089996,295.44712987
2002-02-13,112.269997,298.58529575
2002-02-14,112.059998,298.02675765
2002-02-15,110.889999,294.91523252
2002-02-19,108.760002,289.25021410
2002-02-20,110.589996,294.11724412
2002-02-21,108.300003,288.02698625
2002-02-22,109.639999,291.59077126
2002-02-25,111.449997,296.40455142
2002-02-26,111.220001,295.79285840
2002-02-27,111.650002,296.93638549
2002-02-28,111.150002,295.60678450
2002-03-01,113.739998,302.49455617
2002-03-04,115.750000,307.84055008
2002-03-05,115.379997,306.85642450
2002-03-06,116.750000,310.50003682
2002-03-07,116.500000,309.83515723
2002-03-08,116.989998,311.13808583
2002-03-11,117.239998,311.80315527
2002-03-12,117.169998,311.61698645
2002-03-13,116.040001,308.61177118
2002-03-14,115.879997,308.18618369
2002-03-15,116.650002,311.12286707
2002-03-18,116.669998,311.17602200
2002-03-19,117.449997,313.25630983
2002-03-20,115.239998,307.36209242
2002-03-21,115.290001,307.49539106
2002-03-22,115.040001,306.82864472
2002-03-25,113.610001,303.01471514
2002-03-26,114.269997,304.77477615
2002-03-27,114.570000,305.57497934
2002-03-28,114.519997,305.44164906
2002-04-01,114.570000,305.57497934
2002-04-02,113.940002,303.89477728
2002-04-03,113.139999,301.76114468
2002-04-04,112.669998,300.50747930
2002-04-05,112.690002,300.56076079
2002-04-08,112.930000,301.20099295
2002-04-09,112.139999,299.09381126
2002-04-10,113.410004,302.48129907
2002-04-11,110.589996,294.95981305
2002-04-12,111.419998,297.17355773
2002-04-15,110.570000,294.90646828
2002-04-16,113.199997,301.92105243
2002-04-17,112.959999,301.28091519
2002-04-18,112.470001,299.97412652
2002-04-19,112.879997,301.06756775
2002-04-22,111.000000,296.05328592
2002-04-23,110.519997,294.77320128
2002-04-24,109.410004,291.81253490
2002-04-25,109.470001,291.97256921
2002-04-26,107.389999,286.42499788
2002-04-29,106.860001,285.01136147
2002-04-30,107.860001,287.67844178
2002-05-01,109.180000,291.19922824
2002-05-02,108.760002,290.07886151
2002-05-03,107.580002,286.93164663
2002-05-06,105.470001,281.30399487
2002-05-07,105.099998,280.31724318
2002-05-08,109.010002,290.74579770
2002-05-09,107.750000,287.38517210
2002-05-10,105.720001,281.97080450
2002-05-13,107.870003,287.70530400
2002-05-14,110.220001,293.97296645
2002-05-15,109.790001,292.82611717
2002-05-16,110.360001,294.34634820
2002-05-17,110.900002,295.78668863
2002-05-20,109.699997,292.58603406
2002-05-21,108.699997,289.91895376
2002-05-22,108.940002,290.55899608
2002-05-23,110.099998,293.65289783
2002-05-24,108.690002,289.89234465
2002-05-28,108.099998,288.31861066
2002-05-29,107.300003,286.18478821
2002-05-30,107.000000,285.38483814
2002-05-31,107.220001,285.97156733
2002-06-03,104.370003,278.37034891
2002-06-04,104.629997,279.06364109
2002-06-05,105.610001,281.67740826
2002-06-06,103.459999,275.94300368
2002-06-07,103.339996,275.62290342
2002-06-10,103.739998,276.68979882
2002-06-11,101.959999,271.94220920
2002-06-12,102.580002,273.59589707
2002-06-13,101.550003,270.84883125
2002-06-14,101.400002,270.44874548
2002-06-17,104.120003,277.70341273
2002-06-18,104.970001,279.97040726
2002-06-19,102.519997,273.43589440
2002-06-20,101.209999,269.94200180
2002-06-21,99.279999,265.72121552
2002-06-24,99.800003,267.11286224
2002-06-25,97.559998,261.11758717
2002-06-26,97.720001,261.54578494
2002-06-27,99.430000,266.12256689
2002-06-28,98.959999,264.86470923
2002-07-01,97.029999,259.69901495
2002-07-02,94.970001,254.18561465
2002-07-03,95.510002,255.63081179
2002-07-05,99.309998,265.80142251
2002-07-08,98.070000,262.48273552
2002-07-09,95.599998,255.87165426
2002-07-10,92.120003,246.55756564
2002-07-11,92.870003,248.56486037
2002-07-12,91.849998,245.83486424
2002-07-15,92.339996,247.14639888
2002-07-16,90.559998,242.38224581
2002-07-17,90.739998,242.86391491
2002-07-18,87.800003,234.99516583
2002-07-19,84.709999,226.72471734
2002-07-22,82.199997,220.00683579
2002-07-23,79.949997,213.98476178
2002-07-24,84.720001,226.75153210
2002-07-25,84.000000,224.82449183
2002-07-26,85.599998,229.10691252
2002-07-29,89.769997,240.26770785
2002-07-30,90.940002,243.39930846
2002-07-31,91.160004,243.98811006
2002-08-01,88.779999,237.61806110
2002-08-02,86.790001,232.29188955
2002-08-05,83.769997,224.20879637
2002-08-06,86.589996,231.75655927
2002-08-07,88.099998,235.79812169
2002-08-08,90.949997,243.42601249
2002-08-09,91.290001,244.33605338
2002-08-12,90.620003,242.54288128
2002-08-13,88.970001,238.12668734
2002-08-14,92.220001,246.82511213
2002-08-15,93.500000,250.25118473
2002-08-16,93.220001,249.50173185
2002-08-19,95.400002,255.33638726
2002-08-20,94.389999,252.63319008
2002-08-21,95.750000,256.27306890
2002-08-22,96.680000,258.76233331
2002-08-23,94.599998,253.19525602
2002-08-26,95.260002,254.96178738
2002-08-27,94.160004,252.01747880
2002-08-28,92.099998,246.50406267
2002-08-29,92.139999,246.61110025
2002-08-30,91.779999,245.64749311
2002-09-03,88.279999,236.27991735
2002-09-04,89.540001,239.65220222
2002-09-05,88.779999,237.61806110
2002-09-06,90.000000,240.88348241
2002-09-09,90.660004,242.65001378
2002-09-10,91.699997,245.43338631
2002-09-11,91.129997,243.90776069
2002-09-12,89.449997,239.41132812
2002-09-13,89.669998,240.00024046
2002-09-16,89.889999,240.58896296
2002-09-17,87.830002,235.07546774
2002-09-18,86.949997,232.72013478
2002-09-19,84.699997,226.69806077
2002-09-20,84.349998,226.77326867
2002-09-23,83.660004,224.91830396
2002-09-24,82.309998,221.28885046
2002-09-25,84.349998,226.77326867
2002-09-26,85.730003,230.48349868
2002-09-27,82.750000,222.47178498
2002-09-30,81.790001,219.89079667
2002-10-01,85.720001,230.45646243
2002-10-02,83.150002,223.54717567
2002-10-03,82.309998,221.28885046
2002-10-04,80.800003,217.22931662
2002-10-07,79.129997,212.73943350
2002-10-08,80.370003,216.07314941
2002-10-09,78.099998,209.97034635
2002-10-10,80.629997,216.77224749
2002-10-11,84.160004,226.26252255
2002-10-14,84.629997,227.52601210
2002-10-15,88.699997,238.46819195
2002-10-16,86.550003,232.68794124
2002-10-17,88.269997,237.31218294
2002-10-18,88.639999,238.30693951
2002-10-21,90.169998,242.42032436
2002-10-22,89.519997,240.67271362
2002-10-23,90.199997,242.50103759
2002-10-24,88.360001,237.55413280
2002-10-25,90.199997,242.50103759
2002-10-28,89.610001,240.91466348
2002-10-29,88.570000,238.11885648
2002-10-30,89.430000,240.43087450
2002-10-31,88.519997,237.98432388
2002-11-01,90.269997,242.68908898
2002-11-04,91.129997,245.00117028
2002-11-05,91.849998,246.93691150
2002-11-06,93.040001,250.13623720
2002-11-07,90.760002,244.00650863
2002-11-08,89.650002,241.02220729
2002-11-11,88.260002,237.28533654
2002-11-12,88.959999,239.16722676
2002-11-13,89.050003,239.40925571
2002-11-14,90.730003,243.92587450
2002-11-15,91.400002,245.72711477
2002-11-18,90.480003,243.25386012
2002-11-19,90.360001,242.93100719
2002-11-20,92.370003,248.33501275
2002-11-21,94.089996,252.95914371
2002-11-22,93.419998,251.15780853
2002-11-25,93.480003,251.31912425
2002-11-26,91.699997,246.53363010
2002-11-27,94.279999,253.46987401
2002-11-29,93.980003,252.66345359
2002-12-02,94.129997,253.06673499
2002-12-03,92.870003,249.67915225
2002-12-04,92.449997,248.55003710
2002-12-05,91.430000,245.80785964
2002-12-06,92.029999,247.42089032
2002-12-09,89.500000,240.61902081
2002-12-10,90.699997,243.84527201
2002-12-11,90.779999,244.06023308
2002-12-12,90.769997,244.03333922
2002-12-13,89.339996,240.18894047
2002-12-16,91.650002,246.39931898
2002-12-17,90.849998,244.24855341
2002-12-18,89.800003,241.42563107
2002-12-19,89.160004,239.70486674
2002-12-20,89.989998,243.12527581
2002-12-23,90.019997,243.20624216
2002-12-24,89.349998,241.39614274
2002-12-26,89.389999,241.50422443
2002-12-27,87.379997,236.07386289
2002-12-30,88.110001,238.04617977
2002-12-31,88.230003,238.37025083
2003-01-02,91.070000,246.04308603
2003-01-03,91.349998,246.79957878
2003-01-06,92.959999,251.14924995
2003-01-07,92.730003,250.52798587
2003-01-08,91.389999,246.90772375
2003-01-09,92.809998,250.74389614
2003-01-10,93.059998,251.41940672
2003-01-13,93.029999,251.33839291
2003-01-14,93.330002,252.14886323
2003-01-15,92.400002,249.63639100
2003-01-16,92.019997,248.60967820
2003-01-17,90.660004,244.93547015
2003-01-21,89.250000,241.12601761
2003-01-22,88.169998,238.20822321
2003-01-23,88.709999,239.66712041
2003-01-24,86.379997,233.37213696
2003-01-27,85.199997,230.18413833
2003-01-28,85.830002,231.88626680
2003-01-29,86.480003,233.64230955
2003-01-30,84.430000,228.10381886
2003-01-31,86.059998,232.50770489
2003-02-03,86.230003,232.96690971
2003-02-04,85.379997,230.67044267
2003-02-05,84.849998,229.23867664
2003-02-06,84.449997,228.15784388
2003-02-07,83.419998,225.37500922
2003-02-10,84.010002,226.96905600
2003-02-11,83.430000,225.40209293
2003-02-12,82.099998,221.80893033
2003-02-13,82.349998,222.48437763
2003-02-14,84.150002,227.34737357
2003-02-18,85.629997,231.34598489
2003-02-19,85.180000,230.13009748
2003-02-20,84.330002,227.83370954
2003-02-21,85.180000,230.13009748
2003-02-24,83.800003,226.40183277
2003-02-25,84.470001,228.21193219
2003-02-26,83.239998,224.88878399
2003-02-27,84.339996,227.86071415
2003-02-28,84.900002,229.37379457
2003-03-03,84.089996,227.18533012
2003-03-04,82.750000,223.56503636
2003-03-05,83.449997,225.45621287
2003-03-06,82.750000,223.56503636
2003-03-07,83.320000,225.10499483
2003-03-10,81.320000,219.70157461
2003-03-11,80.519997,217.54033625
2003-03-12,81.059998,218.99912271
2003-03-13,83.860001,226.56387621
2003-03-14,84.129997,227.29338018
2003-03-17,86.779999,234.45289061
2003-03-18,87.290001,235.83069490
2003-03-19,87.959999,237.64085760
2003-03-20,88.150002,238.15415072
2003-03-21,89.669998,243.23748650
2003-03-24,86.690002,235.15398200
2003-03-25,87.519997,237.40544137
2003-03-26,87.080002,236.21200243
2003-03-27,87.150002,236.40174655
2003-03-28,86.709999,235.20830761
2003-03-31,84.739998,229.86451267
2003-04-01,86.040001,233.39091521
2003-04-02,88.120003,239.03304220
2003-04-03,87.699997,237.89370738
2003-04-04,88.220001,239.30443292
2003-04-07,88.050003,238.84312406
2003-04-08,88.190002,239.22297616
2003-04-09,87.029999,236.07634662
2003-04-10,87.510002,237.37840513
2003-04-11,87.150002,236.40174655
2003-04-14,88.949997,241.28451738
2003-04-15,89.779999,243.53597675
2003-04-16,88.250000,239.38566821
2003-04-17,89.559998,242.93917027
2003-04-21,89.650002,243.18328746
2003-04-22,91.339996,247.76756804
2003-04-23,92.180000,250.04609529
2003-04-24,91.360001,247.82179873
2003-04-25,90.230003,244.75664178
2003-04-28,91.790001,248.98812232
2003-04-29,92.110001,249.85627207
2003-04-30,91.910004,249.31364882
2003-05-01,91.900002,249.28656511
2003-05-02,93.209999,252.84000389
2003-05-05,93.029999,252.35191190
2003-05-06,93.910004,254.73890053
2003-05-07,93.389999,253.32825408
2003-05-08,92.449997,250.77855759
2003-05-09,93.730003,254.25065034
2003-05-12,94.879997,257.37006961
2003-05-13,94.709999,256.90898223
2003-05-14,94.510002,256.36648553
2003-05-15,95.110001,257.99403890
2003-05-16,94.870003,257.34289099
2003-05-19,92.650002,251.32108592
2003-05-20,92.459999,250.80564129
2003-05-21,92.650002,251.32108592
2003-05-22,93.570000,253.81661501
2003-05-23,93.760002,254.33202801
2003-05-27,95.400002,258.78071606
2003-05-28,95.669998,259.51303597
2003-05-29,95.419998,258.83489928
2003-05-30,96.949997,262.98525528
2003-06-02,97.349998,264.07018539
2003-06-03,97.750000,265.15521042
2003-06-04,99.160004,268.97999247
2003-06-05,99.650002,270.30915050
2003-06-06,99.260002,269.25130410
2003-06-09,98.250000,266.51148380
2003-06-10,99.250000,269.22390399
2003-06-11,100.300003,272.07234386
2003-06-12,100.610001,272.91320425
2003-06-13,99.559998,270.06508078
2003-06-16,101.660004,275.76145427
2003-06-17,101.660004,275.76145427
2003-06-18,101.570000,275.51728963
2003-06-19,100.019997,271.31279786
2003-06-20,99.440002,270.71385569
2003-06-23,98.419998,267.93695351
2003-06-24,98.519997,268.20921433
2003-06-25,97.529999,265.51413277
2003-06-26,98.800003,268.97154463
2003-06-27,97.660004,265.86805601
2003-06-30,97.629997,265.78633031
2003-07-01,98.529999,268.23648787
2003-07-02,99.769997,271.61226895
2003-07-03,98.739998,268.80815650
2003-07-07,100.699997,274.14408894
2003-07-08,101.150002,275.36908862
2003-07-09,100.580002,273.81743923
2003-07-10,99.300003,270.33281710
2003-07-11,100.239998,272.89172080
2003-07-14,100.730003,274.22587792
2003-07-15,100.510002,273.62687248
2003-07-16,99.919998,272.02051780
2003-07-17,98.500000,268.15501528
2003-07-18,99.510002,270.90445409
2003-07-21,98.279999,267.55591491
2003-07-22,99.169998,269.97886221
2003-07-23,99.239998,270.16936569
2003-07-24,98.489998,268.12761518
2003-07-25,100.230003,272.86441561
2003-07-28,99.860001,271.85731951
2003-07-29,99.400002,270.60488809
2003-07-30,99.160004,269.95152539
2003-07-31,99.389999,270.57783602
2003-08-01,98.510002,268.18213063
2003-08-04,98.510002,268.18213063
2003-08-05,96.419998,262.49233822
2003-08-06,96.980003,264.01682480
2003-08-07,98.000000,266.79352133
2003-08-08,98.279999,267.55591491
2003-08-11,98.650002,268.56313758
2003-08-12,99.550003,271.01329514
2003-08-13,99.040001,269.62484405
2003-08-14,99.309998,270.35990081
2003-08-15,99.620003,271.20392518
2003-08-18,100.480003,273.54514677
2003-08-19,100.860001,274.57951642
2003-08-20,100.449997,273.46351598
2003-08-21,100.769997,274.33462405
2003-08-22,99.769997,271.61226895
2003-08-25,99.930000,272.04801282
2003-08-26,100.110001,272.53786083
2003-08-27,100.139999,272.61958653
2003-08-28,100.760002,274.30741379
2003-08-29,101.440002,276.15881902
2003-09-02,102.800003,279.86105997
2003-09-03,103.360001,281.38572058
2003-09-04,103.410004,281.52183517
2003-09-05,102.830002,279.94281732
2003-09-08,103.680000,282.25689193
2003-09-09,103.000000,280.40554998
2003-09-10,101.959999,277.57441710
2003-09-11,102.260002,278.39107301
2003-09-12,102.449997,278.90835275
2003-09-15,102.089996,277.92824543
2003-09-16,103.580002,281.98453619
2003-09-17,103.379997,281.44001454
2003-09-18,104.599998,284.76140674
2003-09-19,103.669998,283.31299814
2003-09-22,102.550003,280.25244479
2003-09-23,102.940002,281.31791640
2003-09-24,101.110001,276.31692330
2003-09-25,100.279999,274.04869482
2003-09-26,99.949997,273.14676954
2003-09-29,100.930000,275.82489215
2003-09-30,99.949997,273.14676954
2003-10-01,102.080002,278.96783565
2003-10-02,102.449997,279.97904493
2003-10-03,103.389999,282.54788354
2003-10-06,103.860001,283.83220792
2003-10-07,104.260002,284.92545931
2003-10-08,104.000000,284.21479686
2003-10-09,104.279999,284.98000639
2003-10-10,104.570000,285.77242618
2003-10-13,104.900002,286.67435146
2003-10-14,105.269997,287.68549746
2003-10-15,104.989998,286.92041449
2003-10-16,105.410004,288.06811804
2003-10-17,104.260002,284.92545931
2003-10-20,105.040001,287.05703532
2003-10-21,104.860001,286.56503581
2003-10-22,103.540001,282.95765110
2003-10-23,103.349998,282.43856789
2003-10-24,103.580002,283.06709331
2003-10-27,103.629997,283.20355594
2003-10-28,105.040001,287.05703532
2003-10-29,105.180000,287.43949770
2003-10-30,105.400002,288.04081286
2003-10-31,105.300003,287.76744465
2003-11-03,105.989998,289.65317910
2003-11-04,105.760002,289.02462204
2003-11-05,105.839996,289.24328498
2003-11-06,106.400002,290.77370403
2003-11-07,105.610001,288.61479120
2003-11-10,105.180000,287.43949770
2003-11-11,105.150002,287.35758216
2003-11-12,106.330002,290.58234628
2003-11-13,106.360001,290.66435675
2003-11-14,105.459999,288.20470723
2003-11-17,104.930000,286.75648848
2003-11-18,103.839996,283.77753427
2003-11-19,104.720001,286.18257342
2003-11-20,103.779999,283.61360826
2003-11-21,104.209999,284.78880684
2003-11-24,105.589996,288.56005427
2003-11-25,105.989998,289.65317910
2003-11-26,106.370003,290.69175685
2003-11-28,106.449997,290.91022994
2003-12-01,107.599998,294.05292032
2003-12-02,107.330002,293.31511089
2003-12-03,107.160004,292.85060641
2003-12-04,107.599998,294.05292032
2003-12-05,106.849998,292.00344969
2003-12-08,107.570000,293.97097314
2003-12-09,106.739998,291.70280793
2003-12-10,106.730003,291.67534455
2003-12-11,107.930000,294.95481396
2003-12-12,108.139999,295.52872901
2003-12-15,107.599998,294.05292032
2003-12-16,108.160004,295.58343430
2003-12-17,108.500000,296.51250656
2003-12-18,109.720001,299.84661797
2003-12-19,108.900002,299.01199063
2003-12-22,109.660004,301.09860643
2003-12-23,109.730003,301.29091338
2003-12-24,109.620003,300.98884783
2003-12-26,109.699997,301.20845996
2003-12-29,111.160004,305.21732259
2003-12-30,111.180000,305.27224935
2003-12-31,111.279999,305.54675660
2004-01-02,111.230003,305.40956626
2004-01-05,112.440002,308.73178109
2004-01-06,112.550003,309.03387828
2004-01-07,112.930000,310.07732856
2004-01-08,113.379997,311.31283267
2004-01-09,112.389999,308.59462238
2004-01-12,113.220001,310.87345021
2004-01-13,112.559998,309.06127838
2004-01-14,113.500000,311.64236160
2004-01-15,113.779999,312.41120971
2004-01-16,114.230003,313.64671382
2004-01-20,114.199997,313.56416548
2004-01-21,115.099998,316.03555337
2004-01-22,114.800003,315.21177850
2004-01-23,114.430000,314.19594980
2004-01-26,115.870003,318.14966419
2004-01-27,114.680000,314.88237613
2004-01-28,113.370003,311.28546421
2004-01-29,113.480003,311.58737156
2004-01-30,113.480003,311.58737156
2004-02-02,113.970001,312.93285575
2004-02-03,113.779999,312.41120971
2004-02-04,112.849998,309.85758987
2004-02-05,113.180000,310.76365997
2004-02-06,114.449997,314.25071836
2004-02-09,114.480003,314.33310851
2004-02-10,114.849998,315.34919032
2004-02-11,116.070000,318.69902673
2004-02-12,115.650002,317.54569129
2004-02-13,115.129997,316.11797515
2004-02-17,116.169998,318.97337579
2004-02-18,115.660004,317.57309139
2004-02-19,115.230003,316.39248241
2004-02-20,114.879997,315.43158047
2004-02-23,114.589996,314.63523734
2004-02-24,114.389999,314.08619120
2004-02-25,114.870003,315.40402217
2004-02-26,114.940002,315.59620255
2004-02-27,115.019997,315.81584632
2004-03-01,116.160004,318.94594405
2004-03-02,115.480003,317.07897201
2004-03-03,115.690002,317.65548154
2004-03-04,115.989998,318.47922477
2004-03-05,116.379997,319.54998023
2004-03-08,114.959999,315.65116096
2004-03-09,114.500000,314.38809855
2004-03-10,112.580002,309.11636334
2004-03-11,111.120003,305.10746907
2004-03-12,112.580002,309.11636334
2004-03-15,111.199997,305.32720775
2004-03-16,111.790001,306.94719920
2004-03-17,113.040001,310.37933083
2004-03-18,113.070000,310.46168933
2004-03-19,111.059998,306.01183061
2004-03-22,109.650002,302.12674303
2004-03-23,109.459999,301.60316696
2004-03-24,109.550003,301.85116002
2004-03-25,111.000000,305.84644917
2004-03-26,111.029999,305.92909243
2004-03-29,112.589996,310.22752288
2004-03-30,112.970001,311.27445354
2004-03-31,113.099998,311.63274309
2004-04-01,113.779999,313.50648605
2004-04-02,114.639999,315.87596202
2004-04-05,115.269997,317.61194512
2004-04-06,114.900002,316.59235127
2004-04-07,114.629997,315.84843536
2004-04-08,114.370003,315.13204610
2004-04-12,114.820000,316.37188487
2004-04-13,113.209999,311.93585276
2004-04-14,113.389999,312.43174397
2004-04-15,112.959999,311.24699016
2004-04-16,113.830002,313.64411935
2004-04-19,113.830002,313.64411935
2004-04-20,111.919998,308.38130658
2004-04-21,112.669998,310.44789436
2004-04-22,114.250000,314.80147306
2004-04-23,114.360001,315.10455108
2004-04-26,114.199997,314.66346007
2004-04-27,114.300003,314.93920128
2004-04-28,112.820000,310.86126887
2004-04-29,111.830002,308.13325024
2004-04-30,110.959999,305.73631088
2004-05-03,112.150002,309.01508421
2004-05-04,112.059998,308.76724935
2004-05-05,112.779999,310.75090911
2004-05-06,111.809998,308.07841839
2004-05-07,109.959999,302.98089215
2004-05-10,108.830002,299.86715222
2004-05-11,109.750000,302.40219948
2004-05-12,110.449997,304.33096412
2004-05-13,109.989998,303.06347213
2004-05-14,110.040001,303.20132691
2004-05-17,109.099998,300.61119470
2004-05-18,109.650002,302.12674303
2004-05-19,109.269997,301.07959089
2004-05-20,109.620003,302.04400485
2004-05-21,109.809998,302.56754928
2004-05-24,110.269997,303.83507290
2004-05-25,111.849998,308.18849340
2004-05-26,112.239998,309.26307728
2004-05-27,112.870003,310.99893382
2004-05-28,112.860001,310.97147044
2004-06-01,112.709999,310.55815921
2004-06-02,113.129997,311.71544963
2004-06-03,112.089996,308.84989261
2004-06-04,112.980003,311.30217004
2004-06-07,114.699997,316.04124854
2004-06-08,114.860001,316.48208643
2004-06-09,113.790001,313.53394943
2004-06-10,114.349998,315.07699278
2004-06-14,113.220001,311.96325286
2004-06-15,114.019997,314.16763214
2004-06-16,114.000000,314.11251554
2004-06-17,113.830002,313.64411935
2004-06-18,113.629997,314.23603748
2004-06-21,113.199997,313.04682245
2004-06-22,113.769997,314.62318256
2004-06-23,114.750000,317.33316649
2004-06-24,114.389999,316.33761892
2004-06-25,113.839996,314.81666018
2004-06-28,113.449997,313.73802640
2004-06-29,113.919998,315.03794922
2004-06-30,114.529999,316.72489056
2004-07-01,112.940002,312.32787037
2004-07-02,112.879997,312.16195105
2004-07-06,111.889999,309.42402915
2004-07-07,112.220001,310.33677525
2004-07-08,111.440002,308.17963424
2004-07-09,111.730003,308.98170418
2004-07-12,111.779999,309.11981208
2004-07-13,111.860001,309.34122768
2004-07-14,111.519997,308.40095492
2004-07-15,110.800003,306.40985980
2004-07-16,110.709999,306.16088590
2004-07-19,110.239998,304.86118455
2004-07-20,111.639999,308.73260372
2004-07-21,109.580002,303.03600875
2004-07-22,109.879997,303.86566863
2004-07-23,108.959999,301.32138254
2004-07-26,108.750000,300.74075984
2004-07-27,109.769997,303.56138829
2004-07-28,110.099998,304.47394455
2004-07-29,110.570000,305.77364590
2004-07-30,110.839996,306.52037776
2004-08-02,111.070000,307.15646510
2004-08-03,110.209999,304.77825653
2004-08-04,110.199997,304.75063495
2004-08-05,108.400002,299.77286550
2004-08-06,106.849998,295.48645819
2004-08-09,107.000000,295.90112993
2004-08-10,108.379997,299.71755906
2004-08-11,108.160004,299.10906166
2004-08-12,106.980003,295.84579185
2004-08-13,107.190002,296.42657275
2004-08-16,108.300003,299.49617510
2004-08-17,108.910004,301.18308480
2004-08-18,110.029999,304.28040365
2004-08-19,109.709999,303.39546897
2004-08-20,110.480003,305.52489347
2004-08-23,110.199997,304.75063495
2004-08-24,110.349998,305.16518013
2004-08-25,111.099998,307.23939312
2004-08-26,111.099998,307.23939312
2004-08-27,111.449997,308.20731910
2004-08-30,110.529999,305.66309630
2004-08-31,111.110001,307.26710962
2004-09-01,111.320000,307.84779560
2004-09-02,112.580002,311.33216461
2004-09-03,112.120003,310.06017977
2004-09-07,112.860001,312.10651805
2004-09-08,112.580002,311.33216461
2004-09-09,112.480003,311.05563241
2004-09-10,113.059998,312.65967737
2004-09-13,113.430000,313.68281488
2004-09-14,113.660004,314.31893386
2004-09-15,112.800003,311.94069365
2004-09-16,113.139999,312.88093477
2004-09-17,113.150002,314.21097872
2004-09-20,112.470001,312.32287128
2004-09-21,112.959999,313.68351095
2004-09-22,111.550003,309.76795421
2004-09-23,110.949997,308.10176860
2004-09-24,111.459999,309.51799947
2004-09-27,110.750000,307.54629957
2004-09-28,111.279999,309.01818492
2004-09-29,111.839996,310.57325141
2004-09-30,111.760002,310.35110809
2004-10-01,113.650002,315.59949310
2004-10-04,113.839996,316.12708743
2004-10-05,113.900002,316.29386102
2004-10-06,114.680000,318.45979791
2004-10-07,113.449997,315.04418227
2004-10-08,112.510002,312.43367400
2004-10-11,112.970001,313.71119581
2004-10-12,112.529999,312.48939175
2004-10-13,111.540001,309.74026935
2004-10-14,110.639999,307.24088019
2004-10-15,111.260002,308.96256208
2004-10-18,111.680000,310.12890150
2004-10-19,110.739998,307.51855143
2004-10-20,110.519997,306.90764940
2004-10-21,111.239998,308.90712908
2004-10-22,109.989998,305.43592224
2004-10-25,109.860001,305.07494331
2004-10-26,111.540001,309.74026935
2004-10-27,112.879997,313.46117780
2004-10-28,113.220001,314.40553210
2004-10-29,113.199997,314.34987762
2004-11-01,113.510002,315.21073439
2004-11-02,113.550003,315.32175858
2004-11-03,114.980003,319.29293817
2004-11-04,116.550003,323.65274991
2004-11-05,117.279999,325.67975625
2004-11-08,117.110001,325.20768984
2004-11-09,116.879997,324.56907131
2004-11-10,116.970001,324.81899441
2004-11-11,117.860001,327.29044558
2004-11-12,118.790001,329.87298424
2004-11-15,118.730003,330.68334382
2004-11-16,117.879997,328.31614591
2004-11-17,118.580002,330.26563465
2004-11-18,118.739998,330.71118687
2004-11-19,117.419998,327.03501716
2004-11-22,117.980003,328.59479798
2004-11-23,118.160004,329.09600469
2004-11-24,118.440002,329.87580018
2004-11-26,118.349998,329.62518101
2004-11-29,117.809998,328.12130778
2004-11-30,117.889999,328.34395733
2004-12-01,119.230003,332.07612957
2004-12-02,119.330002,332.35471836
2004-12-03,119.250000,332.13181569
2004-12-06,119.209999,332.02031689
2004-12-07,118.099998,328.92875649
2004-12-08,118.790001,330.85065529
2004-12-09,119.209999,332.02031689
2004-12-10,119.330002,332.35471836
2004-12-13,120.370003,335.25118750
2004-12-14,120.790001,336.42094402
2004-12-15,120.879997,336.67159484
2004-12-16,120.809998,336.47669342
2004-12-17,119.440002,334.23238466
2004-12-20,119.470001,334.31635679
2004-12-21,120.389999,336.89060581
2004-12-22,120.680000,337.70226262
2004-12-23,120.769997,337.95411575
2004-12-27,120.519997,337.25452725
2004-12-28,121.180000,339.10143962
2004-12-29,121.360001,339.60511423
2004-12-30,121.129997,338.96152825
2004-12-31,120.870003,338.23397013
2005-01-03,120.300003,336.63894252
2005-01-04,118.830002,332.52544693
2005-01-05,118.010002,330.23076755
2005-01-06,118.610001,331.90973565
2005-01-07,118.440002,331.43406230
2005-01-10,119.000000,333.00121521
2005-01-11,118.180000,330.70656746
2005-01-12,118.570000,331.79788882
2005-01-13,117.620003,329.13944619
2005-01-14,118.239998,330.87432189
2005-01-18,119.470001,334.31635679
2005-01-19,118.220001,330.81847757
2005-01-20,117.500000,328.80352601
2005-01-21,116.779999,326.78889084
2005-01-24,116.550003,326.14527322
2005-01-25,116.879997,327.06877686
2005-01-26,117.230003,328.04812483
2005-01-27,117.430000,328.60777032
2005-01-28,117.430000,328.60777032
2005-01-31,118.160004,330.65050166
2005-02-01,118.910004,332.74939372
2005-02-02,119.269997,333.75658475
2005-02-03,118.959999,332.88927345
2005-02-04,120.230003,336.44315519
2005-02-07,120.070000,335.99538818
2005-02-08,120.209999,336.38699448
2005-02-09,119.309998,333.86865306
2005-02-10,119.739998,335.07197945
2005-02-11,120.769997,337.95411575
2005-02-14,120.680000,337.70226262
2005-02-15,121.129997,338.96152825
2005-02-16,121.209999,339.18534848
2005-02-17,120.230003,336.44315519
2005-02-18,120.389999,336.89060581
2005-02-22,118.599998,331.88182931
2005-02-23,119.449997,334.26025936
2005-02-24,120.239998,336.47096661
2005-02-25,121.430000,339.80105976
2005-02-28,120.629997,337.56238289
2005-03-01,121.230003,339.24128771
2005-03-02,121.169998,339.07359656
2005-03-03,121.220001,339.21338137
2005-03-04,122.730003,343.43891363
2005-03-07,122.790001,343.60682626
2005-03-08,122.330002,342.31959102
2005-03-09,120.970001,338.51388779
2005-03-10,121.239998,339.26932061
2005-03-11,120.389999,336.89060581
2005-03-14,121.139999,338.98956115
2005-03-15,120.139999,336.19133371
2005-03-16,119.120003,333.33694555
2005-03-17,119.360001,334.00843787
2005-03-18,118.540001,333.01687693
2005-03-21,118.099998,331.78061346
2005-03-22,116.900002,328.40954672
2005-03-23,117.000000,328.69054014
2005-03-24,117.139999,329.08379171
2005-03-28,117.309998,329.56136345
2005-03-29,116.529999,327.37017798
2005-03-30,118.180000,332.00547781
2005-03-31,117.959999,331.38745681
2005-04-01,117.430000,329.89851759
2005-04-04,117.629997,330.46037786
2005-04-05,118.190002,332.03351070
2005-04-06,118.599998,333.18535908
2005-04-07,119.239998,334.98329298
2005-04-08,118.000000,331.49977824
2005-04-11,118.089996,331.75245401
2005-04-12,118.699997,333.46632085
2005-04-13,117.300003,329.53336219
2005-04-14,115.769997,325.23508994
2005-04-15,114.150002,320.68388881
2005-04-18,114.500000,321.66709684
2005-04-19,115.410004,324.22365918
2005-04-20,113.800003,319.70064915
2005-04-21,116.010002,325.90930329
2005-04-22,115.570000,324.67307147
2005-04-25,116.330002,326.80822278
2005-04-26,115.199997,323.63357617
2005-04-27,115.650002,324.89796745
2005-04-28,114.199997,320.82436970
2005-04-29,115.750000,325.17883431
2005-05-02,116.400002,327.00489603
2005-05-03,116.599998,327.56681958
2005-05-04,117.500000,330.09506427
2005-05-05,117.459999,329.98277448
2005-05-06,117.089996,328.94334246
2005-05-09,117.820000,330.99420524
2005-05-10,116.599998,327.56681958
2005-05-11,117.239998,329.36478513
2005-05-12,115.949997,325.74069458
2005-05-13,115.720001,325.09454577
2005-05-16,116.800003,328.12864822
2005-05-17,117.580002,330.31992861
2005-05-18,118.790001,333.71902826
2005-05-19,119.290001,335.12383715
2005-05-20,119.120003,334.64636032
2005-05-23,119.779999,336.50036002
2005-05-24,119.500000,335.71376196
2005-05-25,119.410004,335.46108620
2005-05-26,120.050003,337.25886190
2005-05-27,120.250000,337.82078546
2005-05-31,119.480003,335.65763289
2005-06-01,120.500000,338.52315827
2005-06-02,120.760002,339.25346905
2005-06-03,120.150002,337.53988696
2005-06-06,120.040001,337.23082901
2005-06-07,120.129997,337.48359969
2005-06-08,119.910004,336.86557869
2005-06-09,120.480003,338.46699755
2005-06-10,120.199997,337.68039949
2005-06-13,120.580002,338.74789605
2005-06-14,120.860001,339.53436755
2005-06-15,121.089996,340.18057964
2005-06-16,121.400002,341.05146623
2005-06-17,121.360001,342.31509816
2005-06-20,121.400002,342.42798911
2005-06-21,121.470001,342.62542171
2005-06-22,121.570000,342.90749088
2005-06-23,119.860001,338.08421877
2005-06-24,118.980003,335.60191513
2005-06-27,119.150002,336.08163838
2005-06-28,120.150002,338.90214027
2005-06-29,119.830002,337.99974040
2005-06-30,119.180000,336.16611675
2005-07-01,119.529999,337.15340632
2005-07-05,120.489998,339.86111218
2005-07-06,119.480003,337.01216607
2005-07-07,119.949997,338.33803356
2005-07-08,121.320000,342.20233377
2005-07-11,121.940002,343.95116264
2005-07-12,122.260002,344.85372071
2005-07-13,122.430000,345.33331741
2005-07-14,122.910004,346.68705960
2005-07-15,122.839996,346.48972192
2005-07-18,122.349998,345.10766207
2005-07-19,123.019997,346.99738315
2005-07-20,123.440002,348.18210531
2005-07-21,122.720001,346.15120727
2005-07-22,123.540001,348.46420613
2005-07-25,123.190002,347.47707476
2005-07-26,123.339996,347.90009942
2005-07-27,123.790001,349.16936324
2005-07-28,124.570000,351.36950279
2005-07-29,123.739998,349.02831283
2005-08-01,123.650002,348.77446640
2005-08-02,124.389999,350.86184155
2005-08-03,124.720001,351.79255908
2005-08-04,123.720001,348.97199392
2005-08-05,122.879997,346.60242303
2005-08-08,122.650002,345.95380631
2005-08-09,123.389999,348.04124475
2005-08-10,123.330002,347.87197160
2005-08-11,123.820000,349.25393653
2005-08-12,123.059998,347.11011590
2005-08-15,123.820000,349.25393653
2005-08-16,122.209999,344.71276523
2005-08-17,122.199997,344.68444757
2005-08-18,122.190002,344.65628811
2005-08-19,122.470001,345.44608180
2005-08-22,122.470001,345.44608180
2005-08-23,122.239998,344.79730688
2005-08-24,121.150002,341.72283200
2005-08-25,121.589996,342.96384144
2005-08-26,120.760002,340.62271476
2005-08-29,121.690002,343.24603717
2005-08-30,121.050003,341.44079446
2005-08-31,122.580002,345.75640535
2005-09-01,122.489998,345.50249563
2005-09-02,122.269997,344.88184853
2005-09-06,123.699997,348.91554844
2005-09-07,123.910004,349.50781461
2005-09-08,123.500000,348.35131518
2005-09-09,124.599998,351.45401280
2005-09-12,124.349998,350.74907716
2005-09-13,123.660004,348.80268913
2005-09-14,123.209999,347.53329876
2005-09-15,123.150002,347.36386741
2005-09-16,123.500000,349.83421119
2005-09-19,123.089996,348.67277595
2005-09-20,122.050003,345.72675882
2005-09-21,120.910004,342.49769168
2005-09-22,121.339996,343.71560403
2005-09-23,121.440002,343.99897044
2005-09-26,121.580002,344.39548091
2005-09-27,121.550003,344.31062286
2005-09-28,121.669998,344.65043474
2005-09-29,122.660004,347.45473703
2005-09-30,123.040001,348.53121931
2005-10-03,122.599998,347.28479945
2005-10-04,121.220001,343.37569723
2005-10-05,119.629997,338.87182930
2005-10-06,119.199997,337.65366383
2005-10-07,119.610001,338.81516235
2005-10-10,118.599998,335.95422475
2005-10-11,118.430000,335.47276130
2005-10-12,117.500000,332.83827003
2005-10-13,117.430000,332.63991988
2005-10-14,118.669998,336.15238506
2005-10-17,119.110001,337.39877328
2005-10-18,117.820000,333.74468817
2005-10-19,119.779999,339.29672071
2005-10-20,117.669998,333.31973348
2005-10-21,118.129997,334.62275700
2005-10-24,119.959999,339.80656509
2005-10-25,119.720001,339.12675149
2005-10-26,119.370003,338.13538039
2005-10-27,118.099998,334.53774075
2005-10-28,119.800003,339.35338767
2005-10-31,120.129997,340.28799690
2005-11-01,120.489998,341.30781222
2005-11-02,121.750000,344.87713420
2005-11-03,122.269997,346.34993710
2005-11-04,122.110001,345.89685460
2005-11-07,122.230003,346.23676140
2005-11-08,122.230003,346.23676140
2005-11-09,122.389999,346.69003374
2005-11-10,123.339996,349.38100213
2005-11-11,123.760002,350.57066011
2005-11-14,123.690002,350.37240487
2005-11-15,123.239998,349.09757244
2005-11-16,123.489998,349.80592518
2005-11-17,124.639999,353.06340489
2005-11-18,125.129997,354.45144467
2005-11-21,125.760002,356.23599492
2005-11-22,126.300003,357.76559134
2005-11-23,127.029999,359.83357128
2005-11-25,127.129997,360.11684276
2005-11-28,126.230003,357.56736774
2005-11-29,126.089996,357.17076235
2005-11-30,125.410004,355.24468710
2005-12-01,126.690002,358.87061275
2005-12-02,126.849998,359.32360034
2005-12-05,126.580002,358.55886541
2005-12-06,126.820000,359.23867901
2005-12-07,126.080002,357.14253961
2005-12-08,126.000000,356.91593508
2005-12-09,126.330002,357.85067087
2005-12-12,126.449997,358.19048275
2005-12-13,127.309998,360.62671878
2005-12-14,127.809998,362.04298130
2005-12-15,127.440002,360.99484832
2005-12-16,126.360001,359.83309668
2005-12-19,125.709999,357.98213441
2005-12-20,125.830002,358.32368648
2005-12-21,126.029999,358.89342508
2005-12-22,126.690002,360.77295812
2005-12-23,126.760002,360.97216256
2005-12-27,125.470001,357.29855567
2005-12-28,125.750000,358.09600619
2005-12-29,125.190002,356.50132662
2005-12-30,124.510002,354.56471530
2006-01-03,126.699997,360.80121250
2006-01-04,127.300003,362.50992206
2006-01-05,127.379997,362.73769726
2006-01-06,128.440002,365.75623291
2006-01-09,128.770004,366.69593616
2006-01-10,128.899994,367.06609064
2006-01-11,129.309998,368.23385385
2006-01-12,128.800003,366.78142700
2006-01-13,128.679993,366.43952689
2006-01-17,128.330002,365.44299849
2006-01-18,127.820000,363.99066656
2006-01-19,128.309998,365.38611006
2006-01-20,125.970001,358.72244338
2006-01-23,126.419998,360.00388854
2006-01-24,126.550003,360.37397974
2006-01-25,126.660004,360.68734072
2006-01-26,127.360001,362.68080883
2006-01-27,128.539993,366.04099147
2006-01-30,128.440002,365.75623291
2006-01-31,127.500000,363.07931261
2006-02-01,128.389999,365.61385363
2006-02-02,126.900002,361.37079290
2006-02-03,126.269997,359.57675070
2006-02-06,126.599998,360.51658050
2006-02-07,125.480003,357.32712644
2006-02-08,126.620003,360.57343729
2006-02-09,126.410004,359.97544432
2006-02-10,126.639999,360.63032573
2006-02-13,126.410004,359.97544432
2006-02-14,127.750000,363.79130393
2006-02-15,128.199997,365.07284401
2006-02-16,129.160004,367.80658946
2006-02-17,128.809998,366.80980794
2006-02-21,128.490005,365.89870711
2006-02-22,129.270004,368.11998207
2006-02-23,129.080002,367.57871933
2006-02-24,129.410004,368.51851749
2006-02-27,129.460007,368.66108661
2006-02-28,128.229996,365.15817666
2006-03-01,129.369995,368.40455079
2006-03-02,129.360001,368.37598001
2006-03-03,128.759995,366.66749194
2006-03-06,128.169998,364.98747972
2006-03-07,127.970001,364.41777276
2006-03-08,128.240005,365.18658923
2006-03-09,127.379997,362.73769726
2006-03-10,128.589996,366.18340239
2006-03-13,128.830002,366.86669637
2006-03-14,130.179993,370.71112676
2006-03-15,130.759995,372.36294788
2006-03-16,131.029999,373.13166943
2006-03-17,130.619995,373.44338513
2006-03-20,130.410004,372.84301917
2006-03-21,129.589996,370.49844375
2006-03-22,130.380005,372.75711701
2006-03-23,130.110001,371.98526311
2006-03-24,130.210007,372.27119234
2006-03-27,130.020004,371.72799957
2006-03-28,129.220001,369.44078719
2006-03-29,130.029999,371.75657035
2006-03-30,129.800003,371.09893628
2006-03-31,129.830002,371.18477516
2006-04-03,129.729996,370.89878265
2006-04-04,130.559998,373.27170736
2006-04-05,131.009995,374.55821489
2006-04-06,130.869995,374.15809748
2006-04-07,129.539993,370.35562152
2006-04-10,129.740005,370.92751162
2006-04-11,128.639999,367.78260646
2006-04-12,128.880005,368.46874802
2006-04-13,128.710007,367.98266516
2006-04-17,128.660004,367.83962145
2006-04-18,130.699997,373.67220446
2006-04-19,130.949997,374.38688516
2006-04-20,131.130005,374.90144388
2006-04-21,131.149994,374.95858543
2006-04-24,130.910004,374.27238058
2006-04-25,130.369995,372.72857787
2006-04-26,130.399994,372.81438512
2006-04-27,131.029999,374.61551464
2006-04-28,131.470001,375.87345140
2006-05-01,130.399994,372.81438512
2006-05-02,131.380005,375.61612458
2006-05-03,130.889999,374.21536559
2006-05-04,131.360001,375.55904631
2006-05-05,132.520004,378.87537613
2006-05-08,132.360001,378.41799060
2006-05-09,132.619995,379.16136864
2006-05-10,132.550003,378.96105681
2006-05-11,130.949997,374.38688516
2006-05-12,129.240005,369.49796038
2006-05-15,129.500000,370.24124350
2006-05-16,129.309998,369.69820892
2006-05-17,126.849998,362.66489399
2006-05-18,126.209999,360.83519369
2006-05-19,127.099998,363.37976453
2006-05-22,126.129997,360.60640601
2006-05-23,125.169998,357.86168154
2006-05-24,126.169998,360.72087895
2006-05-25,127.730003,365.18073586
2006-05-26,128.380005,367.03919678
2006-05-30,126.099998,360.52059876
2006-05-31,127.510002,364.55192568
2006-06-01,128.729996,368.03980672
2006-06-02,129.000000,368.81175553
2006-06-05,127.120003,363.43690609
2006-06-06,126.809998,362.55048433
2006-06-07,125.860001,359.83445719
2006-06-08,125.750000,359.52005210
2006-06-09,125.349998,358.37646173
2006-06-12,123.989998,354.48814689
2006-06-13,122.550003,350.37120256
2006-06-14,123.500000,353.08722969
2006-06-15,126.120003,360.57777195
2006-06-16,124.650002,357.95014653
2006-06-19,123.669998,355.13600425
2006-06-20,124.089996,356.34202003
2006-06-21,125.010002,358.98400994
2006-06-22,124.459999,357.40473897
2006-06-23,124.440002,357.34737594
2006-06-26,124.989998,358.92661527
2006-06-27,123.910004,355.82524652
2006-06-28,124.750000,358.23743627
2006-06-29,127.269997,365.47397390
2006-06-30,127.279999,365.50267123
2006-07-03,127.800003,366.99594512
2006-07-05,127.070000,364.89980572
2006-07-06,127.440002,365.96217663
2006-07-07,126.610001,363.57868421
2006-07-10,126.849998,364.26792648
2006-07-11,127.410004,365.87611626
2006-07-12,126.050003,361.97052607
2006-07-13,124.000000,356.08368073
2006-07-14,123.519997,354.70525947
2006-07-17,123.339996,354.18842268
2006-07-18,123.970001,355.99743053
2006-07-19,125.690002,360.93675758
2006-07-20,124.830002,358.46714151
2006-07-21,123.949997,355.94000422
2006-07-24,126.209999,362.42993654
2006-07-25,126.660004,363.72226580
2006-07-26,126.830002,364.21040525
2006-07-27,126.709999,363.86568920
2006-07-28,127.980003,367.51278190
2006-07-31,127.849998,367.13958999
2006-08-01,127.220001,365.33042394
2006-08-02,128.080002,367.80010329
2006-08-03,128.419998,368.77638219
2006-08-04,128.199997,368.14459787
2006-08-07,127.900002,367.28307666
2006-08-08,127.410004,365.87611626
2006-08-09,126.980003,364.64111839
2006-08-10,127.370003,365.76120036
2006-08-11,127.010002,364.72740024
2006-08-14,127.110001,365.01459506
2006-08-15,128.630005,369.37943754
2006-08-16,129.699997,372.45195075
2006-08-17,130.029999,373.39981707
2006-08-18,130.690002,375.29498020
2006-08-21,130.130005,373.68688534
2006-08-22,130.119995,373.65812473
2006-08-23,129.759995,372.62438788
2006-08-24,129.649994,372.30846408
2006-08-25,129.809998,372.76800111
2006-08-28,130.429993,374.54827998
2006-08-29,130.580002,374.97908804
2006-08-30,130.660004,375.20885656
2006-08-31,130.639999,375.15133533
2006-09-01,131.419998,377.39121452
2006-09-05,131.669998,378.10909085
2006-09-06,130.509995,374.77808014
2006-09-07,129.910004,373.05522758
2006-09-08,130.279999,374.11759848
2006-09-11,130.410004,374.49094859
2006-09-12,131.690002,378.16677027
2006-09-13,132.220001,379.68861493
2006-09-14,132.229996,379.71724899
2006-09-15,131.960007,380.60848000
2006-09-18,132.139999,381.12772141
2006-09-19,131.809998,380.17590011
2006-09-20,132.509995,382.19493321
2006-09-21,131.869995,380.34893839
2006-09-22,131.470001,379.19525491
2006-09-25,132.479996,382.10846153
2006-09-26,133.580002,385.28105156
2006-09-27,133.740005,385.74251862
2006-09-28,133.690002,385.59833587
2006-09-29,133.580002,385.28105156
2006-10-02,133.080002,383.83893929
2006-10-03,133.360001,384.64651457
2006-10-04,134.919998,389.14592128
2006-10-05,135.179993,389.89600697
2006-10-06,135.009995,389.40562109
2006-10-09,135.089996,389.63627552
2006-10-10,135.270004,390.15548529
2006-10-11,135.110001,389.69392331
2006-10-12,136.279999,393.06847043
2006-10-13,136.630005,394.07822428
2006-10-16,136.839996,394.68374754
2006-10-17,136.410004,393.44343418
2006-10-18,136.589996,393.96277051
2006-10-19,136.809998,394.59718094
2006-10-20,136.839996,394.68374754
2006-10-23,137.470001,396.50079191
2006-10-24,137.880005,397.68342584
2006-10-25,138.350006,399.03922462
2006-10-26,138.779999,400.27937979
2006-10-27,137.910004,397.77002408
2006-10-30,137.809998,397.48153202
2006-10-31,137.789993,397.42372604
2006-11-01,136.860001,394.74161681
2006-11-02,136.779999,394.51070926
2006-11-03,136.539993,393.81858776
2006-11-06,138.080002,398.26025176
2006-11-07,138.610001,399.78899391
2006-11-08,138.910004,400.65428025
2006-11-09,138.179993,398.54864890
2006-11-10,138.240005,398.72184539
2006-11-13,138.580002,399.70236403
2006-11-14,139.619995,402.70207397
2006-11-15,140.020004,403.85569417
2006-11-16,140.380005,404.89424028
2006-11-17,140.419998,405.00950421
2006-11-20,140.500000,405.24031684
2006-11-21,140.639999,405.64410448
2006-11-22,140.919998,406.45142664
2006-11-24,140.350006,404.80767367
2006-11-27,138.419998,399.24105516
2006-11-28,139.020004,400.97159620
2006-11-29,140.470001,405.15365532
2006-11-30,140.529999,405.32666197
2006-12-01,140.220001,404.43258337
2006-12-04,141.289993,407.51863844
2006-12-05,141.899994,409.27825649
2006-12-06,141.779999,408.93214828
2006-12-07,141.160004,407.14380125
2006-12-08,141.419998,407.89366546
2006-12-11,141.830002,409.07633103
2006-12-12,141.720001,408.75914164
2006-12-13,141.869995,409.19175317
2006-12-14,143.119995,412.79698637
2006-12-15,142.339996,412.83479598
2006-12-18,141.949997,411.70348186
2006-12-19,142.220001,412.48666282
2006-12-20,142.139999,412.25464787
2006-12-21,141.619995,410.74653490
2006-12-22,140.750000,408.22335259
2006-12-26,141.580002,410.63044833
2006-12-27,142.509995,413.32787124
2006-12-28,142.210007,412.45752253
2006-12-29,141.619995,410.74653490
2007-01-03,141.369995,410.02138141
2007-01-04,141.669998,410.89169849
2007-01-05,140.539993,407.61415911
2007-01-08,141.190002,409.49948225
2007-01-09,141.070007,409.15134910
2007-01-10,141.539993,410.51439340
2007-01-11,142.160004,412.31251714
2007-01-12,143.240005,415.44505113
2007-01-16,142.960007,414.63282480
2007-01-17,143.020004,414.80697048
2007-01-18,142.539993,413.41469096
2007-01-19,142.820007,414.22698057
2007-01-22,142.380005,412.95085091
2007-01-23,142.800003,414.16885819
2007-01-24,143.949997,417.50410863
2007-01-25,142.259995,412.60271775
2007-01-26,142.130005,412.22563414
2007-01-29,142.050003,411.99358755
2007-01-30,142.789993,414.14006593
2007-01-31,143.750000,416.92437184
2007-02-01,144.610001,419.41850878
2007-02-02,144.809998,419.99843541
2007-02-05,144.850006,420.11458526
2007-02-06,144.889999,420.23057692
2007-02-07,145.210007,421.15860506
2007-02-08,145.020004,420.60756561
2007-02-09,143.940002,417.47528474
2007-02-12,143.449997,416.05414969
2007-02-13,144.660004,419.56351417
2007-02-14,145.610001,422.31877471
2007-02-15,145.800003,422.86990908
2007-02-16,145.729996,422.66700279
2007-02-20,146.039993,423.56601720
2007-02-21,145.979996,423.39199808
2007-02-22,145.869995,423.07281537
2007-02-23,145.300003,421.41969702
2007-02-26,145.169998,421.04283489
2007-02-27,139.500000,404.59764842
2007-02-28,140.929993,408.74512519
2007-03-01,140.509995,407.52699135
2007-03-02,138.669998,402.19052104
2007-03-05,137.350006,398.36203713
2007-03-06,139.699997,405.17785980
2007-03-07,139.559998,404.77182574
2007-03-08,140.740005,408.19399082
2007-03-09,140.779999,408.31039379
2007-03-12,140.990005,408.91923923
2007-03-13,138.250000,400.97235556
2007-03-14,139.279999,403.95959940
2007-03-15,139.470001,404.51086034
2007-03-16,138.529999,403.37805915
2007-03-19,140.199997,408.24081778
2007-03-20,140.970001,410.48300668
2007-03-21,143.289993,417.23842890
2007-03-22,143.179993,416.91807552
2007-03-23,143.389999,417.52964198
2007-03-26,143.199997,416.97641938
2007-03-27,142.860001,415.98644043
2007-03-28,141.820007,412.95796987
2007-03-29,141.970001,413.39475786
2007-03-30,142.000000,413.48217874
2007-04-02,142.160004,413.94798046
2007-04-03,143.690002,418.40315468
2007-04-04,143.850006,418.86911460
2007-04-05,144.240005,420.00463682
2007-04-09,144.440002,420.58709463
2007-04-10,144.610001,421.08213157
2007-04-11,144.020004,419.36389842
2007-04-12,144.660004,421.22770647
2007-04-13,145.320007,423.14932051
2007-04-16,146.699997,427.16773837
2007-04-17,147.089996,428.30335551
2007-04-18,147.270004,428.82737454
2007-04-19,147.229996,428.71103485
2007-04-20,148.619995,432.75846645
2007-04-23,148.059998,431.12806550
2007-04-24,148.119995,431.30271741
2007-04-25,149.479996,435.26282305
2007-04-26,149.649994,435.75767015
2007-04-27,149.529999,435.40839796
2007-04-30,148.289993,431.79781763
2007-05-01,148.669998,432.90423119
2007-05-02,149.539993,435.43753825
2007-05-03,150.350006,437.79594028
2007-05-04,150.919998,439.45595612
2007-05-07,150.949997,439.54312388
2007-05-08,150.750000,438.96069770
2007-05-09,151.160004,440.15459542
2007-05-10,149.580002,435.55375138
2007-05-11,150.860001,439.28114600
2007-05-14,150.529999,438.32008586
2007-05-15,150.570007,438.43661539
2007-05-16,151.600006,441.43604058
2007-05-17,151.300003,440.56227476
2007-05-18,152.619995,444.40591415
2007-05-21,152.539993,444.17298165
2007-05-22,152.419998,443.82345634
2007-05-23,152.440002,443.88189512
2007-05-24,151.059998,439.86335070
2007-05-25,151.690002,441.69779697
2007-05-29,152.240005,443.29937403
2007-05-30,153.479996,446.91008092
2007-05-31,153.320007,446.44421592
2007-06-01,154.080002,448.65707468
2007-06-04,154.100006,448.71532363
2007-06-05,153.490005,446.93925285
2007-06-06,151.839996,442.13461660
2007-06-07,149.100006,434.15634621
2007-06-08,151.039993,439.80525995
2007-06-11,151.300003,440.56227476
2007-06-12,149.649994,435.75767015
2007-06-13,151.889999,442.28034971
2007-06-14,152.860001,445.10493313
2007-06-15,153.070007,447.63735428
2007-06-18,152.889999,447.11096226
2007-06-19,153.270004,448.22205852
2007-06-20,151.139999,441.99312324
2007-06-21,151.979996,444.44973533
2007-06-22,150.550003,440.26786605
2007-06-25,149.830002,438.16210814
2007-06-26,148.289993,433.65880973
2007-06-27,150.399994,439.82917967
2007-06-28,150.380005,439.77077252
2007-06-29,150.429993,439.91701186
2007-07-02,151.789993,443.89417138
2007-07-03,152.339996,445.50255100
2007-07-05,152.179993,445.03462941
2007-07-06,152.979996,447.37420573
2007-07-09,153.100006,447.72518648
2007-07-10,150.919998,441.34991693
2007-07-11,151.990005,444.47897054
2007-07-12,154.389999,451.49750967
2007-07-13,154.850006,452.84270910
2007-07-16,154.830002,452.78439688
2007-07-17,154.750000,452.55029370
2007-07-18,154.470001,451.73135972
2007-07-19,155.070007,453.48623181
2007-07-20,153.500000,448.89491136
2007-07-23,153.970001,450.26912452
2007-07-24,151.300003,442.46091827
2007-07-25,151.610001,443.36777936
2007-07-26,148.020004,432.86917425
2007-07-27,145.110001,424.35897487
2007-07-30,147.380005,430.99745624
2007-07-31,145.720001,426.14295560
2007-08-01,146.429993,428.21938337
2007-08-02,147.600006,431.64097894
2007-08-03,143.800003,420.52814961
2007-08-06,146.210007,427.57605051
2007-08-07,147.770004,432.13794591
2007-08-08,149.830002,438.16210814
2007-08-09,145.389999,425.17800376
2007-08-10,144.710007,423.18947146
2007-08-13,145.229996,424.71008217
2007-08-14,143.009995,418.21777686
2007-08-15,141.039993,412.45682645
2007-08-16,142.100006,415.55673976
2007-08-17,144.710007,423.18947146
2007-08-20,144.639999,422.98485662
2007-08-21,144.929993,423.83280433
2007-08-22,146.649994,428.86265296
2007-08-23,146.520004,428.48262684
2007-08-24,148.330002,433.77571894
2007-08-27,146.949997,429.73993080
2007-08-28,143.720001,420.29426791
2007-08-29,146.539993,428.54097071
2007-08-30,146.149994,427.40070252
2007-08-31,147.589996,431.61164881
2007-09-04,149.080002,435.96905592
2007-09-05,147.789993,432.19660617
2007-09-06,148.130005,433.19050846
2007-09-07,146.070007,427.16659934
2007-09-10,145.789993,426.34772864
2007-09-11,147.490005,431.31920177
2007-09-12,147.869995,432.43051950
2007-09-13,148.910004,435.47177256
2007-09-14,148.899994,435.44244242
2007-09-17,148.100006,433.10302430
2007-09-18,152.460007,445.85340519
2007-09-19,153.360001,448.48539691
2007-09-20,152.279999,445.32707645
2007-09-21,151.970001,446.52882085
2007-09-24,151.690002,445.70627993
2007-09-25,151.389999,444.82450923
2007-09-26,152.190002,447.17509622
2007-09-27,153.089996,449.81974388
2007-09-28,152.580002,448.32093302
2007-10-01,154.300003,453.37504941
2007-10-02,154.089996,452.75807253
2007-10-03,153.779999,451.84709826
2007-10-04,154.020004,452.55222373
2007-10-05,155.850006,457.92906648
2007-10-08,155.020004,455.49074222
2007-10-09,156.479996,459.78047172
2007-10-10,156.220001,459.01630630
2007-10-11,155.470001,456.81287621
2007-10-12,156.330002,459.33972875
2007-10-15,155.009995,455.46103241
2007-10-16,153.779999,451.84709826
2007-10-17,154.250000,453.22798743
2007-10-18,153.690002,451.58268412
2007-10-19,149.669998,439.77086744
2007-10-22,150.539993,442.32708175
2007-10-23,151.759995,445.91174905
2007-10-24,151.479996,445.08914485
2007-10-25,151.839996,446.14676978
2007-10-26,153.619995,451.37702516
2007-10-29,154.130005,452.87548798
2007-10-30,153.059998,449.73150036
2007-10-31,154.649994,454.40350240
2007-11-01,151.029999,443.76694758
2007-11-02,151.199997,444.26628754
2007-11-05,150.050003,440.88721591
2007-11-06,152.070007,446.82275496
2007-11-07,147.910004,434.59939889
2007-11-08,147.160004,432.39568404
2007-11-09,145.139999,426.46055631
2007-11-12,143.699997,422.22920232
2007-11-13,148.080002,435.09886540
2007-11-14,147.669998,433.89433670
2007-11-15,145.539993,427.63591309
2007-11-16,145.789993,428.37030541
2007-11-19,143.759995,422.40572099
2007-11-20,144.639999,424.99145527
2007-11-21,141.679993,416.29391639
2007-11-23,144.130005,423.49283425
2007-11-26,140.949997,414.14889345
2007-11-27,142.570007,418.90920228
2007-11-28,147.130005,432.30766201
2007-11-29,147.179993,432.45443922
2007-11-30,148.660004,436.80327194
2007-12-03,147.679993,433.92341371
2007-12-04,146.360001,430.04519197
2007-12-05,148.809998,437.24379343
2007-12-06,150.940002,443.50256508
2007-12-07,150.910004,443.41422665
2007-12-10,152.080002,446.85199017
2007-12-11,147.910004,434.59939889
2007-12-12,149.369995,438.88931822
2007-12-13,149.059998,437.97850215
2007-12-14,147.169998,432.42514073
2007-12-17,145.070007,426.25473915
2007-12-18,145.880005,428.63484611
2007-12-19,145.880005,428.63484611
2007-12-20,146.800003,431.33796419
2007-12-21,148.130005,437.55560405
2007-12-24,149.229996,440.80504725
2007-12-26,149.550003,441.75019255
2007-12-27,147.669998,436.19695769
2007-12-28,147.300003,435.10421254
2007-12-31,146.210007,431.88447915
2008-01-02,144.929993,428.10358156
2008-01-03,144.860001,427.89668865
2008-01-04,141.309998,417.41042307
2008-01-07,141.190002,417.05602522
2008-01-08,138.910004,410.32120054
2008-01-09,140.369995,414.63383727
2008-01-10,141.289993,417.35122492
2008-01-11,140.149994,413.98411316
2008-01-14,141.279999,417.32173659
2008-01-15,138.169998,408.13542548
2008-01-16,136.979996,404.62023926
2008-01-17,133.429993,394.13413188
2008-01-18,132.059998,390.08726980
2008-01-22,130.720001,386.12912583
2008-01-23,133.860001,395.40428161
2008-01-24,134.990005,398.74206325
2008-01-25,133.039993,392.98196711
2008-01-28,135.240005,399.48060039
2008-01-29,135.910004,401.45964073
2008-01-30,134.910004,398.50584020
2008-01-31,137.369995,405.77224583
2008-02-01,139.580002,412.30027252
2008-02-04,137.820007,407.10156207
2008-02-05,134.130005,396.20166886
2008-02-06,133.050003,393.01161364
2008-02-07,133.929993,395.61101633
2008-02-08,133.070007,393.07081178
2008-02-11,133.750000,395.07934046
2008-02-12,134.990005,398.74206325
2008-02-13,136.369995,402.81831874
2008-02-14,135.169998,399.27380239
2008-02-15,135.139999,399.18521084
2008-02-19,135.520004,400.30753924
2008-02-20,135.919998,401.48925562
2008-02-21,134.789993,398.15131579
2008-02-22,135.619995,400.60292879
2008-02-25,137.330002,405.65419759
2008-02-26,138.360001,408.69662132
2008-02-27,138.220001,408.28299369
2008-02-28,136.869995,404.29536139
2008-02-29,133.820007,395.28607517
2008-03-03,133.500000,394.34096151
2008-03-04,132.990005,392.83439890
2008-03-05,133.830002,395.31569006
2008-03-06,131.059998,387.13340598
2008-03-07,129.710007,383.14571040
2008-03-10,128.000000,378.09459980
2008-03-11,132.600006,391.68236069
2008-03-12,131.360001,388.01957462
2008-03-13,131.649994,388.87606509
2008-03-14,129.610001,382.85032086
2008-03-17,128.300003,378.98083171
2008-03-18,133.630005,394.72478441
2008-03-19,130.320007,384.94747272
2008-03-20,132.080002,392.07795360
2008-03-24,134.720001,399.91473063
2008-03-25,134.850006,400.30061012
2008-03-26,133.199997,395.40266798
2008-03-27,132.779999,394.15574189
2008-03-28,131.509995,390.38588661
2008-03-31,131.970001,391.75120898
2008-04-01,136.610001,405.52507540
2008-04-02,136.699997,405.79217893
2008-04-03,137.039993,406.80155310
2008-04-04,136.889999,406.35625400
2008-04-07,136.960007,406.56422267
2008-04-08,136.820007,406.14869665
2008-04-09,135.830002,403.20948208
2008-04-10,136.020004,403.77368371
2008-04-11,133.380005,395.93684340
2008-04-14,132.929993,394.60116756
2008-04-15,133.240005,395.52122246
2008-04-16,136.850006,406.23760460
2008-04-17,137.050003,406.83119963
2008-04-18,138.479996,411.07609548
2008-04-21,138.550003,411.28387430
2008-04-22,137.940002,409.47328447
2008-04-23,137.720001,408.82014325
2008-04-24,138.320007,410.60111820
2008-04-25,139.600006,414.40074657
2008-04-28,139.630005,414.49000256
2008-04-29,139.080002,412.85726026
2008-04-30,138.259995,410.42314410
2008-05-01,141.119995,418.91306234
2008-05-02,141.509995,420.07070080
2008-05-05,140.830002,418.05217394
2008-05-06,142.050003,421.67348017
2008-05-07,139.520004,414.16351105
2008-05-08,139.160004,413.09487546
2008-05-09,138.899994,412.32295829
2008-05-12,140.460007,416.95386018
2008-05-13,140.479996,417.01315324
2008-05-14,140.770004,417.87404164
2008-05-15,142.529999,423.09850692
2008-05-16,142.660004,423.48444969
2008-05-19,143.050003,424.64205651
2008-05-20,141.889999,421.19866110
2008-05-21,139.490005,414.07425507
2008-05-22,139.509995,414.13364305
2008-05-23,137.639999,408.58281281
2008-05-27,138.660004,411.61052401
2008-05-28,139.300003,413.51040148
2008-05-29,140.000000,415.58825304
2008-05-30,140.350006,416.62721047
2008-06-02,138.899994,412.32295829
2008-06-03,138.089996,409.91842537
2008-06-04,138.020004,409.71070982
2008-06-05,140.779999,417.90362489
2008-06-06,136.289993,404.57527905
2008-06-09,136.619995,405.55478521
2008-06-10,135.940002,403.53635327
2008-06-11,133.940002,397.59916895
2008-06-12,134.449997,399.11316693
2008-06-13,136.149994,404.15953155
2008-06-16,136.229996,404.39698855
2008-06-17,135.570007,402.43781802
2008-06-18,134.250000,398.51941369
2008-06-19,134.419998,399.02406914
2008-06-20,131.580002,392.54736227
2008-06-23,131.449997,392.15939455
2008-06-24,131.190002,391.38390208
2008-06-25,131.809998,393.23337728
2008-06-26,128.229996,382.55312784
2008-06-27,127.529999,380.46474021
2008-06-30,127.980003,381.80734517
2008-07-01,128.380005,383.00067337
2008-07-02,126.180000,376.43724171
2008-07-03,126.309998,376.82505122
2008-07-07,125.019997,372.97666586
2008-07-08,127.239998,379.59964370
2008-07-09,124.790001,372.29046101
2008-07-10,125.300003,373.81208419
2008-07-11,123.839996,369.45635399
2008-07-14,122.720001,366.11506033
2008-07-15,120.989998,360.95374817
2008-07-16,123.959999,369.81432714
2008-07-17,125.199997,373.51359394
2008-07-18,125.980003,375.84064088
2008-07-21,126.050003,376.04943219
2008-07-22,127.480003,380.31552672
2008-07-23,128.169998,382.37410963
2008-07-24,125.510002,374.43833154
2008-07-25,125.480003,374.34891735
2008-07-28,123.639999,368.85962661
2008-07-29,126.279999,376.73554212
2008-07-30,128.529999,383.44802907
2008-07-31,126.830002,378.37644749
2008-08-01,126.160004,376.37753733
2008-08-04,124.989998,372.88709347
2008-08-05,128.360001,382.94087408
2008-08-06,128.929993,384.64142055
2008-08-07,127.010002,378.91334394
2008-08-08,129.369995,385.95409423
2008-08-11,130.710007,389.95185128
2008-08-12,129.350006,385.89464297
2008-08-13,128.570007,383.56743783
2008-08-14,129.539993,386.46140742
2008-08-15,130.169998,388.34084555
2008-08-18,128.389999,383.03044646
2008-08-19,126.989998,378.85379776
2008-08-20,127.580002,380.61395369
2008-08-21,127.800003,381.27022725
2008-08-22,129.649994,386.78941764
2008-08-25,127.019997,378.94327522
2008-08-26,127.389999,380.04703104
2008-08-27,128.630005,383.74636112
2008-08-28,130.190002,388.40045501
2008-08-29,128.789993,384.22374303
2008-09-02,127.989998,381.83721318
2008-09-03,127.879997,381.50904476
2008-09-04,124.029999,370.02305516
2008-09-05,124.419998,371.18648371
2008-09-08,126.989998,378.85379776
2008-09-09,123.220001,367.60662567
2008-09-10,123.720001,369.09834920
2008-09-11,125.510002,374.43833154
2008-09-12,126.089996,376.16874602
2008-09-15,120.089996,358.26875972
2008-09-16,122.099998,364.26523709
2008-09-17,116.610001,347.88681069
2008-09-18,120.070000,358.20905534
2008-09-19,124.120003,372.43492852
2008-09-22,121.309998,364.00322758
2008-09-23,118.550003,355.72162604
2008-09-24,118.930000,356.86179931
2008-09-25,120.790001,362.44268740
2008-09-26,120.849998,362.62293956
2008-09-29,111.379997,334.20726262
2008-09-30,115.989998,348.04001079
2008-10-01,116.059998,348.24997277
2008-10-02,111.849998,335.61754521
2008-10-03,110.339996,331.08662521
2008-10-06,104.720001,314.22312842
2008-10-07,100.029999,300.15039207
2008-10-08,97.510002,292.58891329
2008-10-09,90.699997,272.15476564
2008-10-10,88.500000,265.55339781
2008-10-13,101.349998,304.11116215
2008-10-14,99.849998,299.61036328
2008-10-15,90.019997,270.11428073
2008-10-16,93.769997,281.36654683
2008-10-17,93.209999,279.68624986
2008-10-20,98.809998,296.48963095
2008-10-21,95.860001,287.63787950
2008-10-22,90.639999,271.97460840
2008-10-23,91.690002,275.12539857
2008-10-24,87.040001,261.17259303
2008-10-27,83.949997,251.90064869
2008-10-28,93.760002,281.33658391
2008-10-29,93.080002,279.29613063
2008-10-30,96.300003,288.95817838
2008-10-31,96.830002,290.54858657
2008-11-03,97.110001,291.38865596
2008-11-04,100.410004,301.29075518
2008-11-05,96.190002,288.62811157
2008-11-06,90.860001,272.63486857
2008-11-07,93.860001,281.63659287
2008-11-10,92.629997,277.94602702
2008-11-11,89.769997,269.36422668
2008-11-12,85.820000,257.51180028
2008-11-13,91.169998,273.56492167
2008-11-14,86.620003,259.91237821
2008-11-17,85.470001,256.46159489
2008-11-18,87.080002,261.29252385
2008-11-19,81.500000,244.54919517
2008-11-20,75.449997,226.39548898
2008-11-21,79.519997,238.60800841
2008-11-24,85.029999,255.14131183
2008-11-25,85.660004,257.03180808
2008-11-26,88.970001,266.96364875
2008-11-28,90.089996,270.32443255
2008-12-01,82.110001,246.37957572
2008-12-02,85.269997,255.86148205
2008-12-03,87.320000,262.01274152
2008-12-04,85.300003,255.95133919
2008-12-05,87.930000,263.84304298
2008-12-08,91.000000,273.05485581
2008-12-09,89.500000,268.55405694
2008-12-10,90.110001,270.38448496
2008-12-11,87.940002,263.87314829
2008-12-12,88.989998,267.02363789
2008-12-15,87.750000,263.30295091
2008-12-16,91.879997,275.69545357
2008-12-17,90.989998,273.02495616
2008-12-18,89.290001,267.92401281
2008-12-19,88.190002,266.77140508
2008-12-22,87.059998,263.35324244
2008-12-23,86.160004,260.63082405
2008-12-24,86.660004,262.14335078
2008-12-26,87.160004,263.65571931
2008-12-29,86.910004,262.89941640
2008-12-30,88.970001,269.13075631
2008-12-31,90.239998,272.97256059
2009-01-02,92.959999,281.20050095
2009-01-05,92.849998,280.86764984
2009-01-06,93.470001,282.74319627
2009-01-07,90.669998,274.27324276
2009-01-08,91.040001,275.39240718
2009-01-09,89.089996,269.49388675
2009-01-12,86.949997,263.02040714
2009-01-13,87.110001,263.50446505
2009-01-14,84.370003,255.21604513
2009-01-15,84.400002,255.30689893
2009-01-16,85.059998,257.30330955
2009-01-20,80.570000,243.72116474
2009-01-21,84.050003,254.24807169
2009-01-22,82.750000,250.31569837
2009-01-23,83.110001,251.40456764
2009-01-26,83.680000,253.12893891
2009-01-27,84.529999,255.70005558
2009-01-28,87.389999,264.35135283
2009-01-29,84.550003,255.76053514
2009-01-30,82.830002,250.55752166
2009-02-02,82.580002,249.80142441
2009-02-03,83.739998,253.31034593
2009-02-04,83.330002,252.07017495
2009-02-05,84.570000,255.82106215
2009-02-06,86.980003,263.11124512
2009-02-09,87.099998,263.47413827
2009-02-10,83.110001,251.40456764
2009-02-11,83.599998,252.88694160
2009-02-12,83.660004,253.06836444
2009-02-13,82.760002,250.34585114
2009-02-17,79.220001,239.63750552
2009-02-18,79.029999,239.06279947
2009-02-19,78.180000,236.49154042
2009-02-20,77.419998,234.19255801
2009-02-23,74.650002,225.81341085
2009-02-24,77.480003,234.37405995
2009-02-25,76.870003,232.52880867
2009-02-26,75.620003,228.74756304
2009-02-27,73.930000,223.63541919
2009-03-02,70.599998,213.56236992
2009-03-03,70.070000,211.95905267
2009-03-04,71.730003,216.98050092
2009-03-05,68.800003,208.11743823
2009-03-06,68.919998,208.48039465
2009-03-09,68.110001,206.03017381
2009-03-10,72.169998,218.31155735
2009-03-11,72.639999,219.73324609
2009-03-12,75.500000,228.38454334
2009-03-13,76.089996,230.16929925
2009-03-16,75.860001,229.47360245
2009-03-17,78.180000,236.49154042
2009-03-18,79.930000,241.78518621
2009-03-19,78.940002,238.79060192
2009-03-20,76.709999,233.70573161
2009-03-23,82.220001,250.49256507
2009-03-24,80.599998,245.55695571
2009-03-25,81.449997,248.14667660
2009-03-26,83.110001,253.20406771
2009-03-27,81.610001,248.63397760
2009-03-30,78.790001,240.04262203
2009-03-31,79.519997,242.26664965
2009-04-01,81.059998,246.95839496
2009-04-02,83.430000,254.17892282
2009-04-03,84.260002,256.70754719
2009-04-06,83.599998,254.69683536
2009-04-07,81.650002,248.75590172
2009-04-08,82.529999,251.43703011
2009-04-09,85.809998,261.42979329
2009-04-13,85.830002,261.49076326
2009-04-14,84.349998,256.98180132
2009-04-15,85.250000,259.72380476
2009-04-16,86.500000,263.53200753
2009-04-17,87.080002,265.29914005
2009-04-20,83.430000,254.17892282
2009-04-21,85.059998,259.14485897
2009-04-22,84.540001,257.56076293
2009-04-23,85.370003,260.08946639
2009-04-24,86.660004,264.01957747
2009-04-27,85.839996,261.52120079
2009-04-28,85.570000,260.69869151
2009-04-29,87.389999,266.24343107
2009-04-30,87.419998,266.33477529
2009-05-01,87.889999,267.76688937
2009-05-04,90.879997,276.87625239
2009-05-05,90.570000,275.93173989
2009-05-06,92.139999,280.71489269
2009-05-07,90.860001,276.81537734
2009-05-08,92.980003,283.27411278
2009-05-11,91.239998,277.97292088
2009-05-12,90.970001,277.15037997
2009-05-13,88.680000,270.17363707
2009-05-14,89.440002,272.48907219
2009-05-15,88.709999,270.26501293
2009-05-18,91.230003,277.94254664
2009-05-19,91.120003,277.60735417
2009-05-20,90.510002,275.74895654
2009-05-21,89.209999,271.78831302
2009-05-22,89.019997,271.20949379
2009-05-26,91.300003,278.15579916
2009-05-27,89.669998,273.18983137
2009-05-28,90.919998,276.99793922
2009-05-29,92.529999,281.90319016
2009-06-01,94.769997,288.72752395
2009-06-02,94.849998,288.97134055
2009-06-03,93.650002,285.31529377
2009-06-04,94.529999,287.99639053
2009-06-05,94.550003,288.05723394
2009-06-08,94.160004,286.86915795
2009-06-09,94.639999,288.33148807
2009-06-10,94.400002,287.60029137
2009-06-11,94.820000,288.87993306
2009-06-12,95.080002,289.67203645
2009-06-15,92.900002,283.03048601
2009-06-16,91.639999,279.19162424
2009-06-17,91.550003,278.91749667
2009-06-18,92.220001,280.95870930
2009-06-19,92.040001,281.99424962
2009-06-22,89.279999,273.53809108
2009-06-23,89.349998,273.75264084
2009-06-24,90.120003,276.11167566
2009-06-25,92.080002,282.11672744
2009-06-26,91.839996,281.38154412
2009-06-29,92.699997,284.01650998
2009-06-30,91.949997,281.71847677
2009-07-01,92.330002,282.88279124
2009-07-02,89.809998,275.16187931
2009-07-06,89.800003,275.13134686
2009-07-07,88.059998,269.80028696
2009-07-08,88.000000,269.61633293
2009-07-09,88.169998,270.13715633
2009-07-10,87.959999,269.49379183
2009-07-13,90.099998,276.05032601
2009-07-14,90.610001,277.61285951
2009-07-15,93.260002,285.73202210
2009-07-16,93.110001,285.27261163
2009-07-17,94.129997,288.39755206
2009-07-20,95.129997,291.46149087
2009-07-21,95.570000,292.80956953
2009-07-22,95.550003,292.74828316
2009-07-23,97.660004,299.21293525
2009-07-24,98.059998,300.43844117
2009-07-27,98.349998,301.32691952
2009-07-28,97.889999,299.91761777
2009-07-29,97.650002,299.18230789
2009-07-30,98.669998,302.30734324
2009-07-31,98.809998,302.73625290
2009-08-03,100.440002,307.73038016
2009-08-04,100.699997,308.52691312
2009-08-05,100.410004,307.63846642
2009-08-06,99.889999,306.04533720
2009-08-07,101.199997,310.05891417
2009-08-10,100.989998,309.41551803
2009-08-11,99.730003,305.55501460
2009-08-12,100.800003,308.83340825
2009-08-13,101.570000,311.19241144
2009-08-14,100.790001,308.80278089
2009-08-17,98.309998,301.20431514
2009-08-18,99.089996,303.59419880
2009-08-19,99.959999,306.25963384
2009-08-20,100.989998,309.41551803
2009-08-21,102.970001,315.48182453
2009-08-24,102.959999,315.45110225
2009-08-25,103.160004,316.06402923
2009-08-26,103.169998,316.09465659
2009-08-27,103.400002,316.79924419
2009-08-28,103.379997,316.73808438
2009-08-31,102.459999,313.91919612
2009-09-01,100.199997,306.99503864
2009-09-02,99.820000,305.83075581
2009-09-03,100.650002,308.37383958
2009-09-04,102.059998,312.69372184
2009-09-08,102.940002,315.38987916
2009-09-09,103.730003,317.81023199
2009-09-10,104.790001,321.05806156
2009-09-11,104.769997,320.99658535
2009-09-14,105.279999,322.55934032
2009-09-15,105.720001,323.90735570
2009-09-16,107.320000,328.80950594
2009-09-17,107.160004,328.31930990
2009-09-18,106.720001,328.52863908
2009-09-21,106.449997,327.69746048
2009-09-22,107.070000,329.60600727
2009-09-23,106.180000,326.86628189
2009-09-24,105.010002,323.26459235
2009-09-25,104.449997,321.54056912
2009-09-28,106.320000,327.29727979
2009-09-29,106.000000,326.31214173
2009-09-30,105.589996,325.05006016
2009-10-01,102.970001,316.98455873
2009-10-02,102.489998,315.50694657
2009-10-05,104.019997,320.21688477
2009-10-06,105.510002,324.80377565
2009-10-07,105.800003,325.69646209
2009-10-08,106.610001,328.18990295
2009-10-09,107.260002,330.19083807
2009-10-12,107.680000,331.48386340
2009-10-13,107.459999,330.80661263
2009-10-14,109.309998,336.50165726
2009-10-15,109.709999,337.73301654
2009-10-16,108.889999,335.20882176
2009-10-19,109.790001,337.97936434
2009-10-20,109.209999,336.19373833
2009-10-21,108.230003,333.17694288
2009-10-22,109.330002,336.56322838
2009-10-23,108.080002,332.71522269
2009-10-26,106.910004,329.11350152
2009-10-27,106.419998,327.60510379
2009-10-28,104.410004,321.41749014
2009-10-29,106.650002,328.31317177
2009-10-30,103.559998,318.80071718
2009-11-02,104.320000,321.14035678
2009-11-03,104.650002,322.15637532
2009-11-04,104.919998,322.98742736
2009-11-05,106.849998,328.92875649
2009-11-06,107.129997,329.79084721
2009-11-09,109.570000,337.30214520
2009-11-10,109.589996,337.36352649
2009-11-11,110.150002,339.08751809
2009-11-12,109.029999,335.63981966
2009-11-13,109.620003,337.45597811
2009-11-16,111.209999,342.35069298
2009-11-17,111.339996,342.75081040
2009-11-18,111.269997,342.53540637
2009-11-19,109.820000,338.07168939
2009-11-20,109.430000,336.87105239
2009-11-23,110.820000,341.15005597
2009-11-24,110.989998,341.67344221
2009-11-25,111.379997,342.87398429
2009-11-27,109.570000,337.30214520
2009-11-30,109.940002,338.44111616
2009-12-01,111.300003,342.62763650
2009-12-02,111.250000,342.47386688
2009-12-03,110.379997,339.79555443
2009-12-04,111.010002,341.73495006
2009-12-07,110.839996,341.21156382
2009-12-08,109.610001,337.42503434
2009-12-09,110.019997,338.68727412
2009-12-10,110.639999,340.59604238
2009-12-11,111.110001,342.04283734
2009-12-14,111.870003,344.38241366
2009-12-15,111.349998,342.78165924
2009-12-16,111.519997,343.30491891
2009-12-17,110.180000,339.17990642
2009-12-18,110.209999,341.09883107
2009-12-21,111.330002,344.56516537
2009-12-22,111.730003,345.80320067
2009-12-23,111.949997,346.48402675
2009-12-24,112.480003,348.12436261
2009-12-28,112.720001,348.86720277
2009-12-29,112.559998,348.37203927
2009-12-30,112.519997,348.24829586
2009-12-31,111.440002,344.90557841
2010-01-04,113.330002,350.75512037
2010-01-05,113.629997,351.68365476
2010-01-06,113.709999,351.93117322
2010-01-07,114.190002,353.41682191
2010-01-08,114.570000,354.59290640
2010-01-11,114.730003,355.08816481
2010-01-12,113.660004,351.77654933
2010-01-13,114.620003,354.74762521
2010-01-14,114.930000,355.70719828
2010-01-15,113.639999,351.71463016
2010-01-19,115.059998,356.10953048
2010-01-20,113.889999,352.48841408
2010-01-21,111.699997,345.71040102
2010-01-22,109.209999,338.00369538
2010-01-25,109.769997,339.73689417
2010-01-26,109.309998,338.31329121
2010-01-27,109.830002,339.92258839
2010-01-28,108.570000,336.02297812
2010-01-29,107.389999,332.37085468
2010-02-01,109.059998,337.53947564
2010-02-02,110.379997,341.62490669
2010-02-03,109.830002,339.92258839
2010-02-04,106.440002,329.43072255
2010-02-05,106.660004,330.11167519
2010-02-08,105.889999,327.72840425
2010-02-09,107.220001,331.84471578
2010-02-10,107.010002,331.19489675
2010-02-11,108.129997,334.66113613
2010-02-12,108.040001,334.38270554
2010-02-16,109.739998,339.64415779
2010-02-17,110.260002,341.25367645
2010-02-18,110.910004,343.26540075
2010-02-19,111.139999,343.97717059
2010-02-22,111.160004,344.03912140
2010-02-23,109.809998,339.86070086
2010-02-24,110.820000,342.98668540
2010-02-25,110.669998,342.52252895
2010-02-26,110.739998,342.73910365
2010-03-01,111.889999,346.29836416
2010-03-02,112.199997,347.25784231
2010-03-03,112.300003,347.56737486
2010-03-04,112.639999,348.61977922
2010-03-05,114.250000,353.60254777
2010-03-08,114.269997,353.66443529
2010-03-09,114.459999,354.25246172
2010-03-10,114.970001,355.83100497
2010-03-11,115.449997,357.31659037
2010-03-12,115.459999,357.34756578
2010-03-15,115.489998,357.44027051
2010-03-16,116.410004,360.28779282
2010-03-17,117.099998,362.42322889
2010-03-18,117.040001,362.23759795
2010-03-19,115.970001,360.40406923
2010-03-22,116.589996,362.33068236
2010-03-23,117.410004,364.87930311
2010-03-24,116.839996,363.10782011
2010-03-25,116.650002,362.51729414
2010-03-26,116.580002,362.29977024
2010-03-29,117.320000,364.59948036
2010-03-30,117.400002,364.84807459
2010-03-31,117.000000,363.60488200
2010-04-01,117.800003,366.09123553
2010-04-05,118.760002,369.07465096
2010-04-06,119.040001,369.94484148
2010-04-07,118.360001,367.83149001
2010-04-08,118.769997,369.10568964
2010-04-09,119.550003,371.52964942
2010-04-12,119.739998,372.12014375
2010-04-13,119.830002,372.39999813
2010-04-14,121.190002,376.62641631
2010-04-15,121.290001,376.93718282
2010-04-16,119.360001,370.93925000
2010-04-19,119.809998,372.33769929
2010-04-20,120.879997,375.66304646
2010-04-21,120.660004,374.97940444
2010-04-22,121.019997,376.09796770
2010-04-23,121.809998,378.55321928
2010-04-26,121.349998,377.12366803
2010-04-27,118.480003,368.20452372
2010-04-28,119.379997,371.00148557
2010-04-29,120.860001,375.60084254
2010-04-30,118.809998,369.22997093
2010-05-03,120.349998,374.01593968
2010-05-04,117.519997,365.22107666
2010-05-05,116.820000,363.04561619
2010-05-06,112.940002,350.98757828
2010-05-07,111.260002,345.76653010
2010-05-10,116.160004,360.99462684
2010-05-11,115.830002,359.96889487
2010-05-12,117.449997,365.00336292
2010-05-13,115.989998,360.46608332
2010-05-14,113.889999,353.93998666
2010-05-17,113.949997,354.12647188
2010-05-18,112.400002,349.30936953
2010-05-19,111.760002,347.32048919
2010-05-20,107.540001,334.20577555
2010-05-21,109.110001,339.08492362
2010-05-24,107.709999,334.73419252
2010-05-25,107.820000,335.07602935
2010-05-26,107.169998,333.05592049
2010-05-27,110.760002,344.21263428
2010-05-28,109.370003,339.89297350
2010-06-01,107.529999,334.17486343
2010-06-02,110.330002,342.87651548
2010-06-03,110.709999,344.05731430
2010-06-04,106.820000,331.96820607
2010-06-07,105.489998,327.83496723
2010-06-08,106.620003,331.34664142
2010-06-09,106.050003,329.57525334
2010-06-10,109.150002,339.20917328
2010-06-11,109.680000,340.85637498
2010-06-14,109.510002,340.32808457
2010-06-15,112.000000,348.06620858
2010-06-16,111.959999,347.94195893
2010-06-17,112.139999,348.50138294
2010-06-18,111.730003,348.87922591
2010-06-21,111.410004,347.88003976
2010-06-22,109.570000,342.13465615
2010-06-23,109.230003,341.07288641
2010-06-24,107.419998,335.42109344
2010-06-25,107.870003,336.82628201
2010-06-28,107.529999,335.76473374
2010-06-29,104.209999,325.39778200
2010-06-30,103.220001,322.30669620
2010-07-01,102.760002,320.87027911
2010-07-02,102.199997,319.12154516
2010-07-06,102.870003,321.21376121
2010-07-07,106.110001,331.33063166
2010-07-08,107.160004,334.60934171
2010-07-09,107.959999,337.10724379
2010-07-12,108.029999,337.32584344
2010-07-13,109.660004,342.41561793
2010-07-14,109.650002,342.38429449
2010-07-15,109.680000,342.47807498
2010-07-16,106.660004,333.04797889
2010-07-19,107.290001,335.01518594
2010-07-20,108.480003,338.73103201
2010-07-21,107.070000,334.32831665
2010-07-22,109.459999,341.79114241
2010-07-23,110.410004,344.75747232
2010-07-26,111.559998,348.34849923
2010-07-27,111.550003,348.31720743
2010-07-28,110.830002,346.06903861
2010-07-29,110.290001,344.38285662
2010-07-30,110.269997,344.32039957
2010-08-02,112.760002,352.09538399
2010-08-03,112.220001,350.40923364
2010-08-04,112.970001,352.75124623
2010-08-05,112.849998,352.37644069
2010-08-06,112.389999,350.94008688
2010-08-09,112.989998,352.81370328
2010-08-10,112.379997,350.90898492
2010-08-11,109.300003,341.29158098
2010-08-12,108.629997,339.19939656
2010-08-13,108.309998,338.20005222
2010-08-16,108.260002,338.04403617
2010-08-17,109.589996,342.19698664
2010-08-18,109.790001,342.82152544
2010-08-19,107.879997,336.85751053
2010-08-20,107.529999,335.76473374
2010-08-23,107.120003,334.48439598
2010-08-24,105.529999,329.51953558
2010-08-25,105.940002,330.79987335
2010-08-26,105.230003,328.58280648
2010-08-27,106.860001,333.67251769
2010-08-30,105.309998,328.83263466
2010-08-31,105.309998,328.83263466
2010-09-01,108.459999,338.66848005
2010-09-02,109.470001,341.82240257
2010-09-03,110.889999,346.25625154
2010-09-07,109.639999,342.35319253
2010-09-08,110.410004,344.75747232
2010-09-09,110.919998,346.34996874
2010-09-10,111.480003,348.09857614
2010-09-13,112.720001,351.97050154
2010-09-14,112.650002,351.75199681
2010-09-15,113.080002,353.09466506
2010-09-16,113.050003,353.00104277
2010-09-17,112.489998,353.13269614
2010-09-20,114.209999,358.53225630
2010-09-21,113.980003,357.81036172
2010-09-22,113.419998,356.05229401
2010-09-23,112.500000,353.16414614
2010-09-24,114.820000,360.44709941
2010-09-27,114.269997,358.72060827
2010-09-28,114.669998,359.97629860
2010-09-29,114.470001,359.34850089
2010-09-30,114.129997,358.28122581
2010-10-01,114.610001,359.78788335
2010-10-04,113.750000,357.08818237
2010-10-05,116.040001,364.27713367
2010-10-06,116.029999,364.24565203
2010-10-07,115.889999,363.80623794
2010-10-08,116.540001,365.84669121
2010-10-11,116.650002,366.19213498
2010-10-12,117.010002,367.32227843
2010-10-13,117.919998,370.17884973
2010-10-14,117.459999,368.73474416
2010-10-15,117.699997,369.48821531
2010-10-18,118.279999,371.30899317
2010-10-19,116.730003,366.44310219
2010-10-20,117.870003,370.02194777
2010-10-21,118.129997,370.83816072
2010-10-22,118.349998,371.52873186
2010-10-25,118.699997,372.62742530
2010-10-26,118.720001,372.69016711
2010-10-27,118.379997,371.62279711
2010-10-28,118.400002,371.68566547
2010-10-29,118.489998,371.96833580
2010-11-01,118.529999,372.09394596
2010-11-02,119.470001,375.04477235
2010-11-03,119.949997,376.55146153
2010-11-04,122.260002,383.80312299
2010-11-05,122.720001,385.24722857
2010-11-08,122.489998,384.52501758
2010-11-09,121.610001,381.76270136
2010-11-10,122.099998,383.30093546
2010-11-11,121.639999,381.85689316
2010-11-12,120.199997,377.33631940
2010-11-15,120.029999,376.80271350
2010-11-16,118.160004,370.93222596
2010-11-17,118.220001,371.12060957
2010-11-18,119.959999,376.58284825
2010-11-19,120.290001,377.61879989
2010-11-22,120.190002,377.30502759
2010-11-23,118.449997,371.84272563
2010-11-24,120.199997,377.33631940
2010-11-26,118.800003,372.94135579
2010-11-29,119.160004,374.07156252
2010-11-30,118.489998,371.96833580
2010-12-01,121.010002,379.87918169
2010-12-02,122.559998,384.74488283
2010-12-03,122.889999,385.78089775
2010-12-06,122.760002,385.37274381
2010-12-07,122.830002,385.59257742
2010-12-08,123.279999,387.00523299
2010-12-09,123.760002,388.51201709
2010-12-10,124.480003,390.77236725
2010-12-13,124.559998,391.02339774
2010-12-14,124.669998,391.36868331
2010-12-15,124.099998,389.57938709
2010-12-16,124.820000,391.83957905
2010-12-17,124.300003,392.25931317
2010-12-20,124.599998,393.20616702
2010-12-21,125.389999,395.69910164
2010-12-22,125.779999,396.92995469
2010-12-23,125.599998,396.36170317
2010-12-27,125.650002,396.51958597
2010-12-28,125.830002,397.08758438
2010-12-29,125.919998,397.37158358
2010-12-30,125.720001,396.74049533
2010-12-31,125.750000,396.83519337
2011-01-03,127.050003,400.93755174
2011-01-04,126.980003,400.71667401
2011-01-05,127.639999,402.79958795
2011-01-06,127.389999,402.01074347
2011-01-07,127.139999,401.22164586
2011-01-10,126.980003,400.71667401
2011-01-11,127.430000,402.13679659
2011-01-12,128.580002,405.76588623
2011-01-13,128.369995,405.10328470
2011-01-14,129.300003,408.03819625
2011-01-18,129.520004,408.73224778
2011-01-19,128.250000,404.72446089
2011-01-20,128.080002,404.18800741
2011-01-21,128.369995,405.10328470
2011-01-24,129.100006,407.40704472
2011-01-25,129.169998,407.62773260
2011-01-26,129.669998,409.20564306
2011-01-27,129.990005,410.21555511
2011-01-28,127.720001,403.05201060
2011-01-31,128.679993,406.08149363
2011-02-01,130.740005,412.58234169
2011-02-02,130.490005,411.79343393
2011-02-03,130.779999,412.70855302
2011-02-04,131.149994,413.87618967
2011-02-07,131.970001,416.46385397
2011-02-08,132.570007,418.35734019
2011-02-09,132.270004,417.41058126
2011-02-10,132.320007,417.56830587
2011-02-11,133.110001,420.06146197
2011-02-14,133.429993,421.07127910
2011-02-15,133.009995,419.74572801
2011-02-16,133.850006,422.39667200
2011-02-17,134.250000,423.65900669
2011-02-18,134.529999,424.54258086
2011-02-22,131.830002,416.02209853
2011-02-23,131.020004,413.46604242
2011-02-24,130.929993,413.18194830
2011-02-25,132.330002,417.59997735
2011-02-28,133.149994,420.18770493
2011-03-01,130.929993,413.18194830
2011-03-02,131.210007,414.06564903
2011-03-03,133.470001,421.19755370
2011-03-04,132.470001,418.04179607
2011-03-07,131.429993,414.75976384
2011-03-08,132.580002,418.38879019
2011-03-09,132.389999,417.78943671
2011-03-10,129.940002,410.05779887
2011-03-11,130.839996,412.89794910
2011-03-14,130.050003,410.40498283
2011-03-15,128.559998,405.70279638
2011-03-16,126.180000,398.19216283
2011-03-17,127.849998,403.46225276
2011-03-18,127.760002,404.92967690
2011-03-21,129.740005,411.20518602
2011-03-22,129.289993,409.77876712
2011-03-23,129.660004,410.95168763
2011-03-24,130.899994,414.88170378
2011-03-25,131.300003,416.14951217
2011-03-28,130.979996,415.13526546
2011-03-29,131.860001,417.92438062
2011-03-30,132.770004,420.80873171
2011-03-31,132.589996,420.23820212
2011-04-01,133.149994,422.01319714
2011-04-04,133.259995,422.36170997
2011-04-05,133.240005,422.29830373
2011-04-06,133.660004,423.62936016
2011-04-07,133.320007,422.55186541
2011-04-08,132.860001,421.09399651
2011-04-11,132.460007,419.82621976
2011-04-12,131.470001,416.68830700
2011-04-13,131.460007,416.65666716
2011-04-14,131.559998,416.97360344
2011-04-15,132.039993,418.49487858
2011-04-18,130.559998,413.80411411
2011-04-19,131.309998,416.18124692
2011-04-20,133.100006,421.85455498
2011-04-21,133.779999,424.00976595
2011-04-25,133.639999,423.56604884
2011-04-26,134.789993,427.21086348
2011-04-27,135.669998,430.00010520
2011-04-28,136.110001,431.39472607
2011-04-29,136.429993,432.40887785
2011-05-02,136.220001,431.74336546
2011-05-03,135.729996,430.19016572
2011-05-04,134.830002,427.33770759
2011-05-05,133.610001,423.47097112
2011-05-06,134.199997,425.34094894
2011-05-09,134.720001,426.98916312
2011-05-10,135.869995,430.63404103
2011-05-11,134.440002,426.10172889
2011-05-12,135.080002,428.13012738
2011-05-13,134.039993,424.83382558
2011-05-16,133.190002,422.13981977
2011-05-17,133.169998,422.07650846
2011-05-18,134.360001,425.84819885
2011-05-19,134.679993,426.86231900
2011-05-20,133.610001,423.47097112
2011-05-23,132.059998,418.55828482
2011-05-24,131.949997,418.20967706
2011-05-25,132.389999,419.60426628
2011-05-26,133.000000,421.53752378
2011-05-27,133.509995,423.15403484
2011-05-31,134.899994,427.55950287
2011-06-01,131.869995,417.95627358
2011-06-02,131.729996,417.51258811
2011-06-03,130.419998,413.36039700
2011-06-06,129.039993,408.98663209
2011-06-07,128.960007,408.73291221
2011-06-08,128.419998,407.02154491
2011-06-09,129.399994,410.12743816
2011-06-10,127.599998,404.42249026
2011-06-13,127.699997,404.73958474
2011-06-14,129.320007,409.87403468
2011-06-15,127.019997,402.58424720
2011-06-16,127.300003,403.47174471
2011-06-17,127.050003,404.67576718
2011-06-20,127.699997,406.74608847
2011-06-21,129.449997,412.32007906
2011-06-22,128.669998,409.83568719
2011-06-23,128.300003,408.65726136
2011-06-24,126.809998,403.91122209
2011-06-27,127.940002,407.51057028
2011-06-28,129.610001,412.82986016
2011-06-29,130.720001,416.36526423
2011-06-30,131.970001,420.34679005
2011-07-01,133.919998,426.55775390
2011-07-05,133.809998,426.20746923
2011-07-06,133.970001,426.71709213
2011-07-07,135.360001,431.14445493
2011-07-08,134.399994,428.08659096
2011-07-11,131.970001,420.34679005
2011-07-12,131.399994,418.53126439
2011-07-13,131.839996,419.93268782
2011-07-14,130.929993,417.03425701
2011-07-15,131.690002,419.45486296
2011-07-18,130.610001,416.01491629
2011-07-19,132.729996,422.76749092
2011-07-20,132.649994,422.51266365
2011-07-21,134.490005,428.37337447
2011-07-22,134.580002,428.66018962
2011-07-25,133.830002,426.27128679
2011-07-26,133.330002,424.67856889
2011-07-27,130.600006,415.98321317
2011-07-28,130.220001,414.77264125
2011-07-29,129.330002,411.93793308
2011-08-01,128.779999,410.18613006
2011-08-02,125.489998,399.70685688
2011-08-03,126.169998,401.87282540
2011-08-04,120.260002,383.04844953
2011-08-05,120.080002,382.47507235
2011-08-08,112.260002,357.56714627
2011-08-09,117.480003,374.19362902
2011-08-10,112.290001,357.66263530
2011-08-11,117.330002,373.71586744
2011-08-12,118.120003,376.23215226
2011-08-15,120.620003,384.19501405
2011-08-16,119.589996,380.91443725
2011-08-17,119.669998,381.16926452
2011-08-18,114.510002,364.73366492
2011-08-19,112.639999,358.77737014
2011-08-22,112.730003,359.06421693
2011-08-23,116.440002,370.88109598
2011-08-24,118.080002,376.10477027
2011-08-25,116.279999,370.37144144
2011-08-26,117.970001,375.75439068
2011-08-29,121.360001,386.55218212
2011-08-30,121.680000,387.57130137
2011-08-31,122.220001,389.29136962
2011-09-01,120.940002,385.21441805
2011-09-02,117.849998,375.37208649
2011-09-06,116.989998,372.63286735
2011-09-07,120.290001,383.14406513
2011-09-08,119.040001,379.16250768
2011-09-09,115.919998,369.22484528
2011-09-12,116.669998,371.61365319
2011-09-13,117.739998,375.02183347
2011-09-14,119.370003,380.21361480
2011-09-15,121.430000,386.77505316
2011-09-16,121.519997,389.06422721
2011-09-19,120.309998,385.19027686
2011-09-20,120.169998,384.74206688
2011-09-21,116.629997,373.40826491
2011-09-22,112.860001,361.33798239
2011-09-23,113.540001,363.51508813
2011-09-26,116.239998,372.15940879
2011-09-27,117.540001,376.32172465
2011-09-28,115.139999,368.63783133
2011-09-29,116.050003,371.55119615
2011-09-30,113.150002,362.26639021
2011-10-03,109.930000,351.95711789
2011-10-04,112.339996,359.67325221
2011-10-05,114.419998,366.33255259
2011-10-06,116.489998,372.95996002
2011-10-07,115.709999,370.46259582
2011-10-10,119.580002,382.85304188
2011-10-11,119.699997,383.23727610
2011-10-12,120.750000,386.59881925
2011-10-13,120.510002,385.83047738
2011-10-14,122.570000,392.42602348
2011-10-17,120.230003,384.93412071
2011-10-18,122.580002,392.45807464
2011-10-19,121.129997,387.81568749
2011-10-20,121.660004,389.51250047
2011-10-21,123.970001,396.90824976
2011-10-24,125.489998,401.77480518
2011-10-25,123.050003,393.96277051
2011-10-26,124.300003,397.96479894
2011-10-27,128.630005,411.82795299
2011-10-28,128.600006,411.73198936
2011-10-31,125.500000,401.80676142
2011-11-01,122.000000,390.60097424
2011-11-02,123.989998,396.97232044
2011-11-03,126.250000,404.20803543
2011-11-04,125.480003,401.74269074
2011-11-07,126.260002,404.24011823
2011-11-08,127.879997,409.42671062
2011-11-09,123.160004,394.31489029
2011-11-10,124.320000,398.02877469
2011-11-11,126.660004,405.52067747
2011-11-14,125.459999,401.67884155
2011-11-15,126.080002,403.66383018
2011-11-16,124.080002,397.26046446
2011-11-17,122.110001,390.95322058
2011-11-18,121.980003,390.53696684
2011-11-21,119.660004,383.10922967
2011-11-22,119.190002,381.60450216
2011-11-23,116.559998,373.18409665
2011-11-25,116.339996,372.47973053
2011-11-28,119.709999,383.26920070
2011-11-29,120.050003,384.35780103
2011-11-30,124.989998,400.17392420
2011-12-01,124.970001,400.10991680
2011-12-02,124.860001,399.75763883
2011-12-05,126.220001,404.11200851
2011-12-06,126.260002,404.24011823
2011-12-07,126.730003,405.74478245
2011-12-08,123.949997,396.84427401
2011-12-09,126.050003,403.56761343
2011-12-12,124.209999,397.67659164
2011-12-13,123.050003,393.96277051
2011-12-14,121.739998,389.76859333
2011-12-15,122.180000,391.17735720
2011-12-16,121.589996,391.75731547
2011-12-19,120.290001,387.56883346
2011-12-20,123.930000,399.29664636
2011-12-21,124.169998,400.06998733
2011-12-22,125.269997,403.61402907
2011-12-23,126.389999,407.22267937
2011-12-27,126.489998,407.54486786
2011-12-28,124.830002,402.19646933
2011-12-29,126.120003,406.35277362
2011-12-30,125.500000,404.35522396
2012-01-03,127.500000,410.79899376
2012-01-04,127.699997,411.44340238
2012-01-05,128.039993,412.53883691
2012-01-06,127.709999,411.47554845
2012-01-09,128.020004,412.47444984
2012-01-10,129.130005,416.05085914
2012-01-11,129.199997,416.27629300
2012-01-12,129.509995,417.27509947
2012-01-13,128.839996,415.11647139
2012-01-17,129.339996,416.72750876
2012-01-18,130.770004,421.33487061
2012-01-19,131.460007,423.55794904
2012-01-20,131.949997,425.13671377
2012-01-23,131.610001,424.04137415
2012-01-24,131.460007,423.55794904
2012-01-25,132.559998,427.10208571
2012-01-26,131.880005,424.91118499
2012-01-27,131.820007,424.71799213
2012-01-30,131.369995,423.26793827
2012-01-31,131.320007,423.10679656
2012-02-01,132.470001,426.81213821
2012-02-02,132.679993,427.48859799
2012-02-03,134.539993,433.48150007
2012-02-06,134.449997,433.19155257
2012-02-07,134.789993,434.28711367
2012-02-08,135.190002,435.57583599
2012-02-09,135.360001,436.12352162
2012-02-10,134.360001,432.90154180
2012-02-13,135.360001,436.12352162
2012-02-14,135.190002,435.57583599
2012-02-15,134.559998,433.54598206
2012-02-16,136.050003,438.34663169
2012-02-17,136.410004,439.50661150
2012-02-21,136.470001,439.69986764
2012-02-22,136.029999,438.28230790
2012-02-23,136.630005,440.21540719
2012-02-24,136.929993,441.18194102
2012-02-27,137.160004,441.92300935
2012-02-28,137.559998,443.21192151
2012-02-29,137.020004,441.47201508
2012-03-01,137.729996,443.75954386
2012-03-02,137.309998,442.40646611
2012-03-05,136.750000,440.60220424
2012-03-06,134.750000,434.15811804
2012-03-07,135.690002,437.18687336
2012-03-08,137.039993,441.53652871
2012-03-09,137.570007,443.24419415
2012-03-12,137.580002,443.27611875
2012-03-13,140.059998,451.26691851
2012-03-14,139.910004,450.78349340
2012-03-15,140.720001,453.39311576
2012-03-16,140.300003,454.02100838
2012-03-19,140.850006,455.80090757
2012-03-20,140.440002,454.47412253
2012-03-21,140.210007,453.72979529
2012-03-22,139.199997,450.46139983
2012-03-23,139.649994,451.91756018
2012-03-26,141.610001,458.26030397
2012-03-27,141.169998,456.83635297
2012-03-28,140.470001,454.57119356
2012-03-29,140.229996,453.79443549
2012-03-30,140.809998,455.67153227
2012-04-02,141.839996,459.00459956
2012-04-03,141.259995,457.12772426
2012-04-04,139.860001,452.59727886
2012-04-05,139.789993,452.37083253
2012-04-09,138.220001,447.28998048
2012-04-10,135.899994,439.78235271
2012-04-11,137.000000,443.34192961
2012-04-12,138.789993,449.13467806
2012-04-13,137.139999,443.79494884
2012-04-16,137.050003,443.50383067
2012-04-17,139.080002,450.07305244
2012-04-18,138.610001,448.55209369
2012-04-19,137.720001,445.67201398
2012-04-20,137.949997,446.41627794
2012-04-23,136.789993,442.66246405
2012-04-24,137.309998,444.34526058
2012-04-25,139.190002,450.42912719
2012-04-26,140.160004,453.56821063
2012-04-27,140.389999,454.31244294
2012-04-30,139.869995,452.62942494
2012-05-01,140.740005,455.44495937
2012-05-02,140.320007,454.08587005
2012-05-03,139.250000,450.62323761
2012-05-04,137.000000,443.34192961
2012-05-07,137.100006,443.66579502
2012-05-08,136.550003,441.88576926
2012-05-09,135.740005,439.26469328
2012-05-10,136.020004,440.17082666
2012-05-11,135.610001,438.84375685
2012-05-14,134.110001,433.98963590
2012-05-15,133.339996,431.49793522
2012-05-16,132.830002,429.84766445
2012-05-17,130.860001,423.47252147
2012-05-18,129.740005,419.84808289
2012-05-21,131.970001,427.06452922
2012-05-22,132.199997,427.80885645
2012-05-23,132.270004,428.03546098
2012-05-24,132.529999,428.87679597
2012-05-25,132.100006,427.48521253
2012-05-29,133.699997,432.66300905
2012-05-30,131.759995,426.38496873
2012-05-31,131.470001,425.44662600
2012-06-01,128.160004,414.73511640
2012-06-04,128.100006,414.54097434
2012-06-05,129.070007,417.67989958
2012-06-06,131.970001,427.06452922
2012-06-07,132.050003,427.32356459
2012-06-08,133.100006,430.72139863
2012-06-11,131.410004,425.25242067
2012-06-12,132.919998,430.13881426
2012-06-13,132.070007,427.38820478
2012-06-14,133.470001,431.91861853
2012-06-15,134.139999,436.33607806
2012-06-18,134.399994,437.18171606
2012-06-19,135.699997,441.41066543
2012-06-20,135.479996,440.69481405
2012-06-21,132.440002,430.80619340
2012-06-22,133.460007,434.12410522
2012-06-25,131.320007,427.16302404
2012-06-26,131.979996,429.30991373
2012-06-27,133.169998,433.18085831
2012-06-28,132.789993,431.94462648
2012-06-29,136.100006,442.71166400
2012-07-02,136.509995,444.04544145
2012-07-03,137.410004,446.97298092
2012-07-05,136.789993,444.95609933
2012-07-06,135.490005,440.72737144
2012-07-09,135.320007,440.17430704
2012-07-10,134.139999,436.33607806
2012-07-11,134.160004,436.40109793
2012-07-12,133.509995,434.28667071
2012-07-13,135.750000,441.57300944
2012-07-16,135.429993,440.53218527
2012-07-17,136.360001,443.55730200
2012-07-18,137.369995,446.84275134
2012-07-19,137.729996,448.01361526
2012-07-20,136.470001,443.91518023
2012-07-23,135.089996,439.42615139
2012-07-24,133.929993,435.65297392
2012-07-25,133.960007,435.75058283
2012-07-26,136.169998,442.93940757
2012-07-27,138.679993,451.10381514
2012-07-30,138.679993,451.10381514
2012-07-31,137.710007,447.94865866
2012-08-01,137.589996,447.55834960
2012-08-02,136.639999,444.46821300
2012-08-03,139.350006,453.28332551
2012-08-06,139.619995,454.16155255
2012-08-07,140.320007,456.43867183
2012-08-08,140.490005,456.99151475
2012-08-09,140.610001,457.38207693
2012-08-10,140.839996,458.13001111
2012-08-13,140.770004,457.90229918
2012-08-14,140.789993,457.96744561
2012-08-15,140.949997,458.48788934
2012-08-16,141.990005,461.87091594
2012-08-17,142.179993,462.48893693
2012-08-20,142.190002,462.52127285
2012-08-21,141.759995,461.12266537
2012-08-22,141.820007,461.31791482
2012-08-23,140.660004,457.54448423
2012-08-24,141.509995,460.30936328
2012-08-27,141.539993,460.40703547
2012-08-28,141.399994,459.95167489
2012-08-29,141.509995,460.30936328
2012-08-30,140.490005,456.99151475
2012-08-31,141.160004,459.17089856
2012-09-04,141.029999,458.74809538
2012-09-05,140.910004,458.35769140
2012-09-06,143.770004,467.66094336
2012-09-07,144.330002,469.48244895
2012-09-10,143.509995,466.81521044
2012-09-11,143.910004,468.11658870
2012-09-12,144.389999,469.67744528
2012-09-13,146.589996,476.83380755
2012-09-14,147.240005,478.94839297
2012-09-17,146.740005,477.32185208
2012-09-18,146.619995,476.93166957
2012-09-19,146.699997,477.19162250
2012-09-20,146.710007,477.22417989
2012-09-21,145.869995,477.02472234
2012-09-24,145.649994,476.30520074
2012-09-25,144.100006,471.23646675
2012-09-26,143.289993,468.58773755
2012-09-27,144.639999,473.00247605
2012-09-28,143.970001,470.81141714
2012-10-01,144.350006,472.05404021
2012-10-02,144.500000,472.54461593
2012-10-03,145.089996,474.47391845
2012-10-04,146.130005,477.87488484
2012-10-05,146.139999,477.90769535
2012-10-08,145.639999,476.27254843
2012-10-09,144.199997,471.56355942
2012-10-10,143.279999,468.55499032
2012-10-11,143.360001,468.81671507
2012-10-12,142.889999,467.27968329
2012-10-15,144.080002,471.17097228
2012-10-16,145.539993,475.94564560
2012-10-17,146.199997,478.10395728
2012-10-18,145.820007,476.86130257
2012-10-19,143.389999,468.91457710
2012-10-22,143.410004,468.98010321
2012-10-23,141.419998,462.47245258
2012-10-24,141.020004,461.16433503
2012-10-25,141.429993,462.50519981
2012-10-26,141.350006,462.24347505
2012-10-31,141.350006,462.24347505
2012-11-01,142.830002,467.08351628
2012-11-02,141.559998,462.93005958
2012-11-05,141.850006,463.87855870
2012-11-06,142.960007,467.50847097
2012-11-07,139.720001,456.91298467
2012-11-08,138.039993,451.41904286
2012-11-09,138.160004,451.81159836
2012-11-12,138.270004,452.17115350
2012-11-13,137.789993,450.60153268
2012-11-14,135.929993,444.51890002
2012-11-15,135.699997,443.76672610
2012-11-16,136.369995,445.95778502
2012-11-19,139.130005,454.98368215
2012-11-20,139.190002,455.17972260
2012-11-21,139.449997,456.02998001
2012-11-23,141.350006,462.24347505
2012-11-26,141.050003,461.26241854
2012-11-27,140.330002,458.90784493
2012-11-28,141.460007,462.60322003
2012-11-29,142.119995,464.76156335
2012-11-30,142.149994,464.85964686
2012-12-03,141.449997,462.57047280
2012-12-04,141.250000,461.91647731
2012-12-05,141.500000,462.73382929
2012-12-06,141.979996,464.30370323
2012-12-07,142.410004,465.70987263
2012-12-10,142.470001,465.90594472
2012-12-11,143.440002,469.07815507
2012-12-12,143.509995,469.30703767
2012-12-13,142.630005,466.42945751
2012-12-14,142.100006,464.69625872
2012-12-17,143.770004,470.15729509
2012-12-18,145.369995,475.38982854
2012-12-19,144.289993,471.85790485
2012-12-20,145.119995,474.57206523
2012-12-21,142.789993,470.26455415
2012-12-24,142.350006,468.81535456
2012-12-26,141.750000,466.83922508
2012-12-27,141.559998,466.21345233
2012-12-28,140.029999,461.17452306
2012-12-31,142.410004,469.01294536
2013-01-02,146.059998,481.03383810
2013-01-03,145.729996,479.94691468
2013-01-04,146.369995,482.05466589
2013-01-07,145.970001,480.73721460
2013-01-08,145.550003,479.35407900
2013-01-09,145.919998,480.57278235
2013-01-10,147.080002,484.39297662
2013-01-11,147.070007,484.36029267
2013-01-14,146.970001,484.03079537
2013-01-15,147.070007,484.36029267
2013-01-16,147.050003,484.29432360
2013-01-17,148.000000,487.42287097
2013-01-18,148.330002,488.50985767
2013-01-22,149.130005,491.14441222
2013-01-23,149.369995,491.93506018
2013-01-24,149.410004,492.06655535
2013-01-25,150.250000,494.83323787
2013-01-28,150.070007,494.24024399
2013-01-29,150.660004,496.18337312
2013-01-30,150.070007,494.24024399
2013-01-31,149.699997,493.02182540
2013-02-01,151.240005,498.09378666
2013-02-04,149.539993,492.49473731
2013-02-05,151.050003,497.46782406
2013-02-06,151.160004,497.83029007
2013-02-07,150.960007,497.17135876
2013-02-08,151.800003,499.93766161
2013-02-11,151.770004,499.83894530
2013-02-12,152.020004,500.66259362
2013-02-13,152.149994,501.09052245
2013-02-14,152.289993,501.55173640
2013-02-15,152.110001,500.95902728
2013-02-19,153.250000,504.71337904
2013-02-20,151.339996,498.42290427
2013-02-21,150.419998,495.39300992
2013-02-22,151.889999,500.23431674
2013-02-25,149.000000,490.71638846
2013-02-26,150.020004,494.07568519
2013-02-27,151.910004,500.30019089
2013-02-28,151.610001,499.31220525
2013-03-01,152.110001,500.95902728
2013-03-04,152.919998,503.62636070
2013-03-05,154.289993,508.13839171
2013-03-06,154.500000,508.83010189
2013-03-07,154.779999,509.75202355
2013-03-08,155.440002,511.92580711
2013-03-11,156.029999,513.86890459
2013-03-12,155.679993,512.71629687
2013-03-13,155.899994,513.44075428
2013-03-14,156.729996,516.17437317
2013-03-15,155.830002,515.49304086
2013-03-18,154.970001,512.64798645
2013-03-19,154.610001,511.45709452
2013-03-20,155.690002,515.02954884
2013-03-21,154.360001,510.63006074
2013-03-22,155.600006,514.73213435
2013-03-25,154.949997,512.58160607
2013-03-26,156.190002,516.68377459
2013-03-27,156.190002,516.68377459
2013-03-28,156.669998,518.27155668
2013-04-01,156.050003,516.22088373
2013-04-02,156.820007,518.76785921
2013-04-03,155.229996,513.50792566
2013-04-04,155.860001,515.59229503
2013-04-05,155.160004,513.27660679
2013-04-08,156.210007,516.74993350
2013-04-09,156.750000,518.53625558
2013-04-10,158.669998,524.88760540
2013-04-11,159.190002,526.60786350
2013-04-12,158.800003,525.31784394
2013-04-15,155.119995,513.14400422
2013-04-16,157.410004,520.71953109
2013-04-17,155.110001,513.11122535
2013-04-18,154.139999,509.90228115
2013-04-19,155.479996,514.33495944
2013-04-22,156.169998,516.61758405
2013-04-23,157.779999,521.94361322
2013-04-24,157.880005,522.27428118
2013-04-25,158.520004,524.39158763
2013-04-26,158.240005,523.46539460
2013-04-29,159.300003,526.97178494
2013-04-30,159.679993,528.22886741
2013-05-01,158.279999,523.59768077
2013-05-02,159.750000,528.46047104
2013-05-03,161.369995,533.81959549
2013-05-06,161.779999,535.17580558
2013-05-07,162.600006,537.88847890
2013-05-08,163.339996,540.33645331
2013-05-09,162.880005,538.81464029
2013-05-10,163.410004,540.56799366
2013-05-13,163.539993,540.99810564
2013-05-14,165.229996,546.58861224
2013-05-15,166.119995,549.53282590
2013-05-16,165.339996,546.95240712
2013-05-17,166.940002,552.24530937
2013-05-20,166.929993,552.21202426
2013-05-21,167.169998,553.00612096
2013-05-22,165.929993,548.90414228
2013-05-23,165.449997,547.31639183
2013-05-24,165.309998,546.85305802
2013-05-28,166.300003,550.12809785
2013-05-29,165.220001,546.55558024
2013-05-30,165.830002,548.57350595
2013-05-31,163.449997,540.70012163
2013-06-03,164.350006,543.67749385
2013-06-04,163.559998,541.06410635
2013-06-05,161.270004,533.48864276
2013-06-06,162.729996,538.31833776
2013-06-07,164.800003,545.16602175
2013-06-10,164.800003,545.16602175
2013-06-11,163.100006,539.54260973
2013-06-12,161.750000,535.07651977
2013-06-13,164.210007,543.21428659
2013-06-14,163.179993,539.80711879
2013-06-17,164.440002,543.97497162
2013-06-18,165.740005,548.27558522
2013-06-19,163.449997,540.70012163
2013-06-20,159.399994,527.30251618
2013-06-21,159.070007,528.99508942
2013-06-24,157.059998,522.31092012
2013-06-25,158.570007,527.33247911
2013-06-26,160.139999,532.55374877
2013-06-27,161.080002,535.67970167
2013-06-28,160.419998,533.48478270
2013-07-01,161.360001,536.61067232
2013-07-02,161.210007,536.11196517
2013-07-03,161.279999,536.34464455
2013-07-05,163.020004,542.13119159
2013-07-08,163.949997,545.22411250
2013-07-09,165.130005,549.14814873
2013-07-10,165.190002,549.34766956
2013-07-11,167.440002,556.83017529
2013-07-12,167.509995,557.06304452
2013-07-15,168.149994,559.19132999
2013-07-16,167.520004,557.09639291
2013-07-17,167.949997,558.52619727
2013-07-18,168.869995,561.58557995
2013-07-19,169.169998,562.58350050
2013-07-22,169.500000,563.68095999
2013-07-23,169.139999,562.48364517
2013-07-24,168.520004,560.42174008
2013-07-25,168.929993,561.78529062
2013-07-26,169.110001,562.38385311
2013-07-29,168.589996,560.65479914
2013-07-30,168.589996,560.65479914
2013-07-31,168.710007,561.05371424
2013-08-01,170.660004,567.53836271
2013-08-02,170.949997,568.50293487
2013-08-05,170.699997,567.67150316
2013-08-06,169.729996,564.44575820
2013-08-07,169.179993,562.61672234
2013-08-08,169.800003,564.67856414
2013-08-09,169.309998,563.04892255
2013-08-12,169.110001,562.38385311
2013-08-13,169.610001,564.04646342
2013-08-14,168.740005,561.15344302
2013-08-15,166.380005,553.30518073
2013-08-16,165.830002,551.47614487
2013-08-19,164.770004,547.95070734
2013-08-20,165.580002,550.64471315
2013-08-21,164.559998,547.25260592
2013-08-22,166.059998,552.24100636
2013-08-23,166.619995,554.10320077
2013-08-26,166.000000,552.04135897
2013-08-27,163.330002,543.16208085
2013-08-28,163.910004,545.09103533
2013-08-29,164.169998,545.95562560
2013-08-30,163.649994,544.22625523
2013-09-03,164.389999,546.68720198
2013-09-04,165.750000,551.20992725
2013-09-05,165.960007,551.90828180
2013-09-06,166.039993,552.17443613
2013-09-09,167.630005,557.46214946
2013-09-10,168.869995,561.58557995
2013-09-11,169.399994,563.34817215
2013-09-12,168.949997,561.85198741
2013-09-13,169.330002,563.11542949
2013-09-16,170.309998,566.37439628
2013-09-17,171.070007,568.90191325
2013-09-18,173.050003,575.48654362
2013-09-19,172.759995,574.52203474
2013-09-20,170.720001,570.50529378
2013-09-23,169.929993,567.86513898
2013-09-24,169.529999,566.52854558
2013-09-25,169.039993,564.89124715
2013-09-26,169.690002,567.06332216
2013-09-27,168.910004,564.45683214
2013-09-30,168.009995,561.44933880
2013-10-01,169.339996,565.89372383
2013-10-02,169.179993,565.35888398
2013-10-03,167.619995,560.14577740
2013-10-04,168.889999,564.38962912
2013-10-07,167.429993,559.51082909
2013-10-08,165.479996,552.99466734
2013-10-09,165.600006,553.39548083
2013-10-10,169.169998,565.32547231
2013-10-11,170.259995,568.96791396
2013-10-14,170.940002,571.24028726
2013-10-15,169.699997,567.09667055
2013-10-16,172.070007,575.01669199
2013-10-17,173.220001,578.85992007
2013-10-18,174.389999,582.76971836
2013-10-21,174.399994,582.80287692
2013-10-22,175.410004,586.17815176
2013-10-23,174.570007,583.37131828
2013-10-24,175.149994,585.30925847
2013-10-25,175.949997,587.98269839
2013-10-28,176.229996,588.91828845
2013-10-29,177.169998,592.05949176
2013-10-30,176.289993,589.11913816
2013-10-31,175.789993,587.44817493
2013-11-01,176.210007,588.85171823
2013-11-04,176.830002,590.92349495
2013-11-05,176.270004,589.05199842
2013-11-06,177.169998,592.05949176
2013-11-07,174.929993,584.57407515
2013-11-08,177.289993,592.46055837
2013-11-11,177.320007,592.56091994
2013-11-12,176.960007,591.35778339
2013-11-13,178.380005,596.10331642
2013-11-14,179.270004,599.07739809
2013-11-15,180.050003,601.68401466
2013-11-18,179.419998,599.57869971
2013-11-19,179.029999,598.27526487
2013-11-20,178.470001,596.40402146
2013-11-21,179.910004,601.21618799
2013-11-22,180.809998,604.22380789
2013-11-25,180.630005,603.62208141
2013-11-26,180.679993,603.78920305
2013-11-27,181.119995,605.25969625
2013-11-29,181.000000,604.85862964
2013-12-02,180.529999,603.28809126
2013-12-03,179.750000,600.68166453
2013-12-04,179.729996,600.61458807
2013-12-05,178.940002,597.97443327
2013-12-06,180.940002,604.65796977
2013-12-09,181.399994,606.19534959
2013-12-10,180.750000,604.02302146
2013-12-11,178.720001,597.23931323
2013-12-12,178.130005,595.26783480
2013-12-13,178.110001,595.20107474
2013-12-16,179.220001,598.91052957
2013-12-17,178.649994,597.00543153
2013-12-18,181.699997,607.19782628
2013-12-19,181.490005,606.49605463
2013-12-20,181.559998,610.02396006
2013-12-23,182.529999,613.28305341
2013-12-24,182.929993,614.62692397
2013-12-26,183.860001,617.75173784
2013-12-27,183.850006,617.71819961
2013-12-30,183.820007,617.61733180
2013-12-31,184.690002,620.54059989
2014-01-02,182.919998,614.59319590
2014-01-03,182.889999,614.49251793
2014-01-06,182.360001,612.71195430
2014-01-07,183.479996,616.47475390
2014-01-08,183.520004,616.60934978
2014-01-09,183.639999,617.01244134
2014-01-10,184.139999,618.69245356
2014-01-13,181.690002,610.46058985
2014-01-14,183.669998,617.11330915
2014-01-15,184.660004,620.43960552
2014-01-16,184.419998,619.63329584
2014-01-17,183.639999,617.01244134
2014-01-21,184.179993,618.82679632
2014-01-22,184.300003,619.23014100
2014-01-23,182.789993,614.15669267
2014-01-24,178.889999,601.05298969
2014-01-27,178.009995,598.09624665
2014-01-28,179.070007,601.65775359
2014-01-29,177.350006,595.87867355
2014-01-30,179.229996,602.19537775
2014-01-31,178.179993,598.66747232
2014-02-03,174.169998,585.19421602
2014-02-04,175.389999,589.29353695
2014-02-05,175.169998,588.55424045
2014-02-06,177.479996,596.31568302
2014-02-07,179.679993,603.70750898
2014-02-10,180.009995,604.81597913
2014-02-11,181.979996,611.43522348
2014-02-12,182.070007,611.73738395
2014-02-13,183.009995,614.89586261
2014-02-14,184.020004,618.28942528
2014-02-18,184.240005,619.02840538
2014-02-19,183.020004,614.92971724
2014-02-20,184.100006,618.55823736
2014-02-21,183.889999,617.85235253
2014-02-24,184.910004,621.27951671
2014-02-25,184.839996,621.04449598
2014-02-26,184.850006,621.07809749
2014-02-27,185.820007,624.33731740
2014-02-28,186.289993,625.91620869
2014-03-03,184.979996,621.51491712
2014-03-04,187.580002,630.25080347
2014-03-05,187.750000,630.82183930
2014-03-06,188.179993,632.26657767
2014-03-07,188.259995,632.53526319
2014-03-10,188.160004,632.19931137
2014-03-11,187.229996,629.07475062
2014-03-12,187.279999,629.24256834
2014-03-13,185.179993,622.18694732
2014-03-14,184.660004,620.43960552
2014-03-17,186.330002,626.05067801
2014-03-18,187.660004,630.51936244
2014-03-19,186.660004,627.15971767
2014-03-20,187.750000,630.82183930
2014-03-21,186.199997,628.37513048
2014-03-24,185.429993,625.77648715
2014-03-25,186.309998,628.74632909
2014-03-26,184.970001,624.22404677
2014-03-27,184.580002,622.90808255
2014-03-28,185.490005,625.97910869
2014-03-31,187.009995,631.10868609
2014-04-01,188.250000,635.29337132
2014-04-02,188.880005,637.41937872
2014-04-03,188.630005,636.57567075
2014-04-04,186.399994,629.05026139
2014-04-07,184.339996,622.09797609
2014-04-08,185.100006,624.66282807
2014-04-09,187.089996,631.37857393
2014-04-10,183.160004,618.11591240
2014-04-11,181.509995,612.54749041
2014-04-14,182.940002,617.37345191
2014-04-15,184.199997,621.62553000
2014-04-16,186.130005,628.13890744
2014-04-17,186.389999,629.01634348
2014-04-21,187.039993,631.20980702
2014-04-22,187.889999,634.07840147
2014-04-23,187.449997,632.59360706
2014-04-24,187.830002,633.87590649
2014-04-25,186.289993,628.67868311
2014-04-28,186.880005,630.67003135
2014-04-29,187.750000,633.60601866
2014-04-30,188.309998,635.49592957
2014-05-01,188.330002,635.56338571
2014-05-02,188.059998,634.65209504
2014-05-05,188.419998,635.86712818
2014-05-06,186.779999,630.33249754
2014-05-07,187.880005,634.04467340
2014-05-08,187.679993,633.36979561
2014-05-09,187.960007,634.31487763
2014-05-12,189.789993,640.49027830
2014-05-13,189.960007,641.06416172
2014-05-14,189.059998,638.02692693
2014-05-15,187.399994,632.42484015
2014-05-16,188.050003,634.61849353
2014-05-19,188.740005,636.94686935
2014-05-20,187.550003,632.93101431
2014-05-21,189.130005,638.26314997
2014-05-22,189.589996,639.81546380
2014-05-23,190.350006,642.38006266
2014-05-27,191.520004,646.32858812
2014-05-28,191.380005,645.85620531
2014-05-29,192.369995,649.19718257
2014-05-30,192.679993,650.24325895
2014-06-02,192.899994,650.98584600
2014-06-03,192.800003,650.64812235
2014-06-04,193.190002,651.96459280
2014-06-05,194.449997,656.21648105
2014-06-06,195.380005,659.35496333
2014-06-09,195.580002,660.03015751
2014-06-10,195.600006,660.09774021
2014-06-11,194.919998,657.80277606
2014-06-12,193.539993,653.14551819
2014-06-13,194.130005,655.13661331
2014-06-16,194.289993,655.67657882
2014-06-17,194.830002,657.49903360
2014-06-18,196.259995,662.32499510
2014-06-19,196.479996,663.06745558
2014-06-20,195.940002,664.41379405
2014-06-23,195.880005,664.21003348
2014-06-24,194.699997,660.20879605
2014-06-25,195.580002,663.19300247
2014-06-26,195.440002,662.71789863
2014-06-27,195.820007,664.00684243
2014-06-30,195.720001,663.66728367
2014-07-01,197.029999,668.10958047
2014-07-02,197.229996,668.78781208
2014-07-03,198.199997,672.07696328
2014-07-07,197.509995,669.73719712
2014-07-08,196.240005,665.43076179
2014-07-09,197.119995,668.41446197
2014-07-10,196.339996,665.77006743
2014-07-11,196.610001,666.68534472
2014-07-14,197.600006,670.04233173
2014-07-15,197.229996,668.78781208
2014-07-16,197.960007,671.26318660
2014-07-17,195.710007,663.63368216
2014-07-18,197.710007,670.41549200
2014-07-21,197.339996,669.16084579
2014-07-22,198.199997,672.07696328
2014-07-23,198.639999,673.56884501
2014-07-24,198.649994,673.60276292
2014-07-25,197.720001,670.44940991
2014-07-28,197.800003,670.72056334
2014-07-29,196.949997,667.83836376
2014-07-30,196.979996,667.94018077
2014-07-31,193.089996,654.74934167
2014-08-01,192.500000,652.74894444
2014-08-04,193.889999,657.46214155
2014-08-05,192.009995,651.08728332
2014-08-06,192.070007,651.29085405
2014-08-07,191.029999,647.76408766
2014-08-08,193.240005,655.25804702
2014-08-11,193.800003,657.15700693
2014-08-12,193.529999,656.24166636
2014-08-13,194.839996,660.68371005
2014-08-14,195.759995,663.80327170
2014-08-15,195.720001,663.66728367
2014-08-18,197.360001,669.22842849
2014-08-19,198.389999,672.72115042
2014-08-20,198.919998,674.51835660
2014-08-21,199.500000,676.48521561
2014-08-22,199.190002,675.43382373
2014-08-25,200.199997,678.85864656
2014-08-26,200.330002,679.29938953
2014-08-27,200.250000,679.02842594
2014-08-28,200.139999,678.65532895
2014-08-29,200.710007,680.58808021
2014-09-02,200.610001,680.24890113
2014-09-03,200.500000,679.87612053
2014-09-04,200.210007,678.89275431
2014-09-05,201.110001,681.94435359
2014-09-08,200.589996,680.18106531
2014-09-09,199.320007,675.87469326
2014-09-10,200.070007,678.41790359
2014-09-11,200.300003,679.19788893
2014-09-12,199.130005,675.23044284
2014-09-15,198.979996,674.72199061
2014-09-16,200.479996,679.80822144
2014-09-17,200.750000,680.72368857
2014-09-18,201.820007,684.35220869
2014-09-19,200.699997,683.73561149
2014-09-22,199.149994,678.45485893
2014-09-23,198.009995,674.57125842
2014-09-24,199.559998,679.85156802
2014-09-25,196.339996,668.88209880
2014-09-26,197.899994,674.19651615
2014-09-29,197.539993,672.97009268
2014-09-30,197.020004,671.19857804
2014-10-01,194.350006,662.10256703
2014-10-02,194.380005,662.20476371
2014-10-03,196.520004,669.49521562
2014-10-06,196.289993,668.71181319
2014-10-07,193.259995,658.38899902
2014-10-08,196.639999,669.90406563
2014-10-09,192.740005,656.61773750
2014-10-10,190.539993,649.12276566
2014-10-13,187.410004,638.45975994
2014-10-14,187.699997,639.44774558
2014-10-15,186.429993,635.12099747
2014-10-16,186.270004,634.57590631
2014-10-17,188.470001,642.07062503
2014-10-20,190.300003,648.30519220
2014-10-21,194.070007,661.14868913
2014-10-22,192.690002,656.44732532
2014-10-23,194.929993,664.07853831
2014-10-24,196.429993,669.18830917
2014-10-27,196.160004,668.26904527
2014-10-28,198.410004,675.93398632
2014-10-29,198.110001,674.91195621
2014-10-30,199.380005,679.23857776
2014-10-31,201.660004,687.00584206
2014-11-03,201.770004,687.38083744
2014-11-04,201.070007,684.99601615
2014-11-05,202.339996,689.32244786
2014-11-06,203.149994,692.08194813
2014-11-07,203.339996,692.72948910
2014-11-10,203.979996,694.90947407
2014-11-11,204.179993,695.59080638
2014-11-12,203.960007,694.84144841
2014-11-13,204.190002,695.62497741
2014-11-14,204.240005,695.79526303
2014-11-17,204.369995,696.23796767
2014-11-18,205.550003,700.25812572
2014-11-19,205.220001,699.13389893
2014-11-20,205.580002,700.36044897
2014-11-21,206.679993,704.10761849
2014-11-24,207.259995,706.08377961
2014-11-25,207.110001,705.57273291
2014-11-26,207.639999,707.37810218
2014-11-28,207.199997,705.87925968
2014-12-01,205.759995,700.97362906
2014-12-02,207.089996,705.50458070
2014-12-03,207.889999,708.23009979
2014-12-04,207.660004,707.44631767
2014-12-05,208.000000,708.60477877
2014-12-08,206.610001,703.86949705
2014-12-09,206.470001,703.39255810
2014-12-10,203.160004,692.11605588
2014-12-11,204.190002,695.62497741
2014-12-12,200.889999,684.38258293
2014-12-15,199.509995,679.68134568
2014-12-16,197.910004,674.23049734
2014-12-17,201.789993,687.44892638
2014-12-18,206.779999,704.44825300
2014-12-19,206.520004,707.44587471
2014-12-22,207.470001,710.70009553
2014-12-23,207.750000,711.65928892
2014-12-24,207.770004,711.72769425
2014-12-26,208.440002,714.02291152
2014-12-29,208.720001,714.98197834
2014-12-30,207.600006,711.14533136
2014-12-31,205.539993,704.08895098
2015-01-02,205.429993,703.71193065
2015-01-05,201.720001,691.00334599
2015-01-06,199.820007,684.49465125
2015-01-07,202.309998,693.02418257
2015-01-08,205.899994,705.32208210
2015-01-09,204.250000,699.66981454
2015-01-12,202.649994,694.18884507
2015-01-13,202.080002,692.23635055
2015-01-14,200.860001,688.05717066
2015-01-15,199.020004,681.75419815
2015-01-16,201.630005,690.69485755
2015-01-20,202.059998,692.16788194
2015-01-21,203.080002,695.66193274
2015-01-22,206.100006,706.00708463
2015-01-23,204.970001,702.13651974
2015-01-26,205.449997,703.78039926
2015-01-27,202.740005,694.49720695
2015-01-28,200.139999,685.59071858
2015-01-29,201.990005,691.92798867
2015-01-30,199.449997,683.22684286
2015-02-02,201.919998,691.68847509
2015-02-03,204.839996,701.69103079
2015-02-04,204.059998,699.01898303
2015-02-05,206.119995,706.07548997
2015-02-06,205.550003,704.12299545
2015-02-09,204.630005,700.97160411
2015-02-10,206.809998,708.43911257
2015-02-11,206.929993,708.85030393
2015-02-12,208.919998,715.66723400
2015-02-13,209.779999,718.61315621
2015-02-17,210.110001,719.74352113
2015-02-18,210.130005,719.81224286
2015-02-19,209.979996,719.29841186
2015-02-20,211.240005,723.61446570
2015-02-23,211.210007,723.51169950
2015-02-24,211.809998,725.56715006
2015-02-25,211.630005,724.95042630
2015-02-26,211.380005,724.09393584
2015-02-27,210.660004,721.62767360
2015-03-02,211.990005,726.18374726
2015-03-03,211.119995,723.20314778
2015-03-04,210.229996,720.15464921
2015-03-05,210.460007,720.94229138
2015-03-06,207.500000,710.80286173
2015-03-09,208.360001,713.74891050
2015-03-10,204.979996,702.17043765
2015-03-11,204.500000,700.52636829
2015-03-12,207.100006,709.43266682
2015-03-13,205.830002,705.08218883
2015-03-16,208.580002,714.50231837
2015-03-17,207.960007,712.37865232
2015-03-18,210.460007,720.94229138
2015-03-19,209.500000,717.65408938
2015-03-20,210.410004,723.98870173
2015-03-23,210.000000,722.57775471
2015-03-24,208.820007,718.51760389
2015-03-25,205.759995,707.98862453
2015-03-26,205.270004,706.30266402
2015-03-27,205.740005,707.91990280
2015-03-30,208.250000,716.55644006
2015-03-31,206.429993,710.29390326
2015-04-01,205.699997,707.78226949
2015-04-02,206.440002,710.32845397
2015-04-06,207.830002,715.11132201
2015-04-07,207.279999,713.21887990
2015-04-08,207.979996,715.62717796
2015-04-09,208.899994,718.79268066
2015-04-10,210.039993,722.71545129
2015-04-13,209.089996,719.44654959
2015-04-14,209.490005,720.82300919
2015-04-15,210.429993,724.05742346
2015-04-16,210.369995,723.85094187
2015-04-17,207.949997,715.52415864
2015-04-20,209.850006,722.06177220
2015-04-21,209.600006,721.20148495
2015-04-22,210.630005,724.74533686
2015-04-23,211.160004,726.56937363
2015-04-24,211.649994,728.25520758
2015-04-27,210.770004,725.22733818
2015-04-28,211.440002,727.53280676
2015-04-29,210.570007,724.53910838
2015-04-30,208.460007,717.27890416
2015-05-01,210.720001,725.05528073
2015-05-04,211.320007,727.11984357
2015-05-05,208.899994,718.79268066
2015-05-06,208.039993,715.83384939
2015-05-07,208.869995,718.68978790
2015-05-08,211.619995,728.15199842
2015-05-11,210.610001,724.67674169
2015-05-12,209.979996,722.50896970
2015-05-13,210.020004,722.64666628
2015-05-14,212.210007,730.18226367
2015-05-15,212.440002,730.97344951
2015-05-18,213.100006,733.24455722
2015-05-19,213.029999,733.00333508
2015-05-20,212.880005,732.48760569
2015-05-21,213.500000,734.62076369
2015-05-22,212.990005,732.86608145
2015-05-26,210.699997,724.98636916
2015-05-27,212.699997,731.86816090
2015-05-28,212.460007,731.04255092
2015-05-29,211.139999,726.50039878
2015-06-01,211.570007,727.98006753
2015-06-02,211.360001,727.25747687
2015-06-03,211.919998,729.18434312
2015-06-04,210.130005,723.02507877
2015-06-05,209.770004,721.78644231
2015-06-08,208.479996,717.34775245
2015-06-09,208.449997,717.24435346
2015-06-10,210.949997,725.84659313
2015-06-11,211.630005,728.18648585
2015-06-12,210.009995,722.61224213
2015-06-15,209.110001,719.51539788
2015-06-16,210.250000,723.43816852
2015-06-17,210.589996,724.60789340
2015-06-18,212.779999,732.14355407
2015-06-19,210.809998,728.89344643
2015-06-22,211.889999,732.62758034
2015-06-23,212.039993,733.14596747
2015-06-24,210.500000,727.82142538
2015-06-25,209.860001,725.60847169
2015-06-26,209.820007,725.47039543
2015-06-29,205.419998,710.25694793
2015-06-30,205.850006,711.74364073
2015-07-01,207.500000,717.44868354
2015-07-02,207.309998,716.79190374
2015-07-06,206.720001,714.75183015
2015-07-07,208.020004,719.24664908
2015-07-08,204.529999,707.17959382
2015-07-09,204.899994,708.45885583
2015-07-10,207.479996,717.37951885
2015-07-13,209.770004,725.29745207
2015-07-14,210.679993,728.44378103
2015-07-15,210.610001,728.20192609
2015-07-16,212.300003,734.04504517
2015-07-17,212.479996,734.66740082
2015-07-20,212.589996,735.04764841
2015-07-21,211.750000,732.14361735
2015-07-22,211.369995,730.82974135
2015-07-23,210.179993,726.71491690
2015-07-24,208.000000,719.17742111
2015-07-27,206.789993,714.99368508
2015-07-28,209.330002,723.77627184
2015-07-29,210.770004,728.75518033
2015-07-30,210.820007,728.92787058
2015-07-31,210.500000,727.82142538
2015-08-03,209.789993,725.36668004
2015-08-04,209.380005,723.94883553
2015-08-05,210.070007,726.33466930
2015-08-06,208.350006,720.38758171
2015-08-07,207.949997,719.00447775
2015-08-10,210.570007,728.06321703
2015-08-11,208.669998,721.49396363
2015-08-12,208.919998,722.35861718
2015-08-13,208.660004,721.45941293
2015-08-14,209.419998,724.08741803
2015-08-17,210.589996,728.13250828
2015-08-18,209.979996,726.02345983
2015-08-19,208.320007,720.28399288
2015-08-20,203.970001,705.24348874
2015-08-21,197.830002,684.01378896
2015-08-24,189.500000,655.21216925
2015-08-25,187.270004,647.50166683
2015-08-26,194.460007,672.36191168
2015-08-27,199.270004,688.99288728
2015-08-28,199.279999,689.02724815
2015-08-31,197.669998,683.46047144
2015-09-01,191.770004,663.06087450
2015-09-02,195.410004,675.64657002
2015-09-03,195.550003,676.13065957
2015-09-04,192.589996,665.89624711
2015-09-08,197.429993,682.63068500
2015-09-09,194.789993,673.50278102
2015-09-10,195.850006,677.16787680
2015-09-11,196.740005,680.24504107
2015-09-14,196.009995,677.72100448
2015-09-15,198.460007,686.19200210
2015-09-16,200.179993,692.13921624
2015-09-17,199.729996,690.58329548
2015-09-18,195.449997,679.29812394
2015-09-21,196.460007,682.80843762
2015-09-22,193.910004,673.94580206
2015-09-23,193.600006,672.86827567
2015-09-24,192.899994,670.43536182
2015-09-25,192.850006,670.26172238
2015-09-28,188.009995,653.43995854
2015-09-29,188.119995,653.82223108
2015-09-30,191.630005,666.02154088
2015-10-01,192.130005,667.75920089
2015-10-02,195.000000,677.73404009
2015-10-05,198.470001,689.79426115
2015-10-06,197.789993,687.43095495
2015-10-07,199.410004,693.06132774
2015-10-08,201.210007,699.31734672
2015-10-09,201.330002,699.73448637
2015-10-12,201.520004,700.39480983
2015-10-13,200.250000,695.98079905
2015-10-14,199.289993,692.64425137
2015-10-15,202.350006,703.27947732
2015-10-16,203.270004,706.47712610
2015-10-19,203.369995,706.82459482
2015-10-20,203.110001,705.92096099
2015-10-21,201.850006,701.54169075
2015-10-22,205.259995,713.39321542
2015-10-23,207.509995,721.21319169
2015-10-26,207.000000,719.44072786
2015-10-27,206.600006,718.05072642
2015-10-28,208.949997,726.21791829
2015-10-29,208.830002,725.80103176
2015-10-30,207.929993,722.67292735
2015-11-02,210.389999,731.22302456
2015-11-03,211.000000,733.34321024
2015-11-04,210.360001,731.11867637
2015-11-05,210.149994,730.38893511
2015-11-06,210.039993,730.00647272
2015-11-09,208.080002,723.19473159
2015-11-10,208.559998,724.86272067
2015-11-11,207.740005,722.01279373
2015-11-12,204.839996,711.93354305
2015-11-13,202.539993,703.93973750
2015-11-16,205.619995,714.64444453
2015-11-17,205.470001,714.12301997
2015-11-18,208.729996,725.45343648
2015-11-19,208.550003,724.82791684
2015-11-20,209.309998,727.46908412
2015-11-23,209.070007,726.63518450
2015-11-24,209.350006,727.60836269
2015-11-25,209.320007,727.50420434
2015-11-27,209.559998,728.33804068
2015-11-30,208.690002,725.31428446
2015-12-01,210.679993,732.23100658
2015-12-02,208.529999,724.75837248
2015-12-03,205.610001,714.60964071
2015-12-04,209.619995,728.54680035
2015-12-07,208.350006,724.13291612
2015-12-08,206.949997,719.26689858
2015-12-09,205.339996,713.67139289
2015-12-10,205.869995,715.51340109
2015-12-11,201.880005,701.64591238
2015-12-14,202.899994,705.19109316
2015-12-15,205.029999,712.59386651
2015-12-16,208.029999,723.02064919
2015-12-17,204.860001,712.00315070
2015-12-18,200.020004,699.31867560
2015-12-21,201.669998,705.08744105
2015-12-22,203.500000,711.48558619
2015-12-23,206.020004,720.29620585
2015-12-24,205.679993,719.10743379
2015-12-28,205.210007,717.46431362
2015-12-29,207.399994,725.12102832
2015-12-30,205.929993,719.98157929
2015-12-31,203.869995,712.77927597
2016-01-04,201.020004,702.81500447
2016-01-05,201.360001,704.00371325
2016-01-06,198.820007,695.12348594
2016-01-07,194.050003,678.44618961
2016-01-08,191.919998,670.99912049
2016-01-11,192.110001,671.66330401
2016-01-12,193.660004,677.08257579
2016-01-13,188.830002,660.19569716
2016-01-14,191.929993,671.03405087
2016-01-15,187.809998,656.62950752
2016-01-19,188.059998,657.50371630
2016-01-20,185.649994,649.07771053
2016-01-21,186.690002,652.71376093
2016-01-22,190.520004,666.10443726
2016-01-25,187.639999,656.03524805
2016-01-26,190.199997,664.98558924
2016-01-27,188.130005,657.74829226
2016-01-28,189.110001,661.17476036
2016-01-29,193.720001,677.29253777
2016-02-01,193.649994,677.04758213
2016-02-02,190.160004,664.84567787
2016-02-03,191.300003,668.83141178
2016-02-04,191.600006,669.88058887
2016-02-05,187.949997,657.11897584
2016-02-08,185.419998,648.27374220
2016-02-09,185.429993,648.30841946
2016-02-10,185.270004,647.74909037
2016-02-11,182.860001,639.32308461
2016-02-12,186.630005,652.50392552
2016-02-16,189.779999,663.51724755
2016-02-17,192.880005,674.35579111
2016-02-18,192.089996,671.59337996
2016-02-19,192.000000,671.27881668
2016-02-22,194.779999,680.99851222
2016-02-23,192.320007,672.39779125
2016-02-24,193.199997,675.47444929
2016-02-25,195.539993,683.65556269
2016-02-26,195.089996,682.08230329
2016-02-29,193.559998,676.73314540
2016-03-01,198.110001,692.64077099
2016-03-02,199.000000,695.75261252
2016-03-03,199.779999,698.47958704
2016-03-04,200.429993,700.75215018
2016-03-07,200.589996,701.31141599
2016-03-08,198.399994,693.65501769
2016-03-09,199.380005,697.08123268
2016-03-10,199.539993,697.64037193
2016-03-11,202.759995,708.89852304
2016-03-14,202.500000,707.98944716
2016-03-15,202.169998,706.83554220
2016-03-16,203.339996,710.92638366
2016-03-17,204.630005,715.43638972
2016-03-18,204.380005,718.24784262
2016-03-21,204.669998,719.26689858
2016-03-22,204.559998,718.88044958
2016-03-23,203.210007,714.13618214
2016-03-24,203.119995,713.81984702
2016-03-28,203.240005,714.24141625
2016-03-29,205.119995,720.84844762
2016-03-30,206.020004,724.01135585
2016-03-31,205.520004,722.25401587
2016-04-01,206.919998,727.17413753
2016-04-04,206.250000,724.81950065
2016-04-05,204.190002,717.58011544
2016-04-06,206.419998,725.41698738
2016-04-07,203.949997,716.73640747
2016-04-08,204.500000,718.66922201
2016-04-11,204.020004,716.98281854
2016-04-12,205.919998,723.65983723
2016-04-13,208.000000,730.96952617
2016-04-14,208.009995,731.00445655
2016-04-15,207.779999,730.19631176
2016-04-18,209.240005,735.32715476
2016-04-19,209.899994,737.64648158
2016-04-20,210.100006,738.34951883
2016-04-21,208.970001,734.37840252
2016-04-22,208.970001,734.37840252
2016-04-25,208.610001,733.11318860
2016-04-26,208.919998,734.20254829
2016-04-27,209.350006,735.71379360
2016-04-28,207.449997,729.03658507
2016-04-29,206.330002,725.10058898
2016-05-02,207.970001,730.86422878
2016-05-03,206.160004,724.50335537
2016-05-04,205.009995,720.46187205
2016-05-05,204.970001,720.32126461
2016-05-06,205.720001,722.95698983
2016-05-09,205.889999,723.55447657
2016-05-10,208.449997,732.55082209
2016-05-11,206.500000,725.69820228
2016-05-12,206.559998,725.90886033
2016-05-13,204.759995,719.58323370
2016-05-16,206.779999,726.68213802
2016-05-17,204.850006,719.89963210
2016-05-18,204.910004,720.11047999
2016-05-19,204.199997,717.61523566
2016-05-20,205.490005,722.14871848
2016-05-23,205.210007,721.16459290
2016-05-24,207.869995,730.51271016
2016-05-25,209.279999,735.46776221
2016-05-26,209.339996,735.67867338
2016-05-27,210.240005,738.84151834
2016-05-31,209.839996,737.43576025
2016-06-01,210.270004,738.94687900
2016-06-02,210.910004,741.19590210
2016-06-03,210.279999,738.98206250
2016-06-06,211.350006,742.74214108
2016-06-07,211.679993,743.90199433
2016-06-08,212.369995,746.32693494
2016-06-09,212.080002,745.30775242
2016-06-10,210.070007,738.24422144
2016-06-13,208.449997,732.55082209
2016-06-14,208.039993,731.11000706
2016-06-15,207.750000,730.09095109
2016-06-16,208.369995,732.26967047
2016-06-17,206.520004,729.54256939
2016-06-20,207.850006,734.24095905
2016-06-21,208.440002,736.32507531
2016-06-22,208.100006,735.12421682
2016-06-23,210.809998,744.69723007
2016-06-24,203.240005,717.95574362
2016-06-27,199.600006,705.09737596
2016-06-28,203.199997,717.81462993
2016-06-29,206.660004,730.03722664
2016-06-30,209.479996,739.99890368
2016-07-01,209.919998,741.55349557
2016-07-05,208.410004,736.21927168
2016-07-06,209.660004,740.63499102
2016-07-07,209.529999,740.17564383
2016-07-08,212.649994,751.19731878
2016-07-11,213.399994,753.84664913
2016-07-12,214.949997,759.32204999
2016-07-13,214.919998,759.21599324
2016-07-14,216.119995,763.45503571
2016-07-15,215.830002,762.43072754
2016-07-18,216.410004,764.47959701
2016-07-19,216.190002,763.70233270
2016-07-20,217.089996,766.88156710
2016-07-21,216.270004,763.98512959
2016-07-22,217.240005,767.41172425
2016-07-25,216.649994,765.32716504
2016-07-26,216.750000,765.68077189
2016-07-27,216.520004,764.86819752
2016-07-28,216.770004,765.75132873
2016-07-29,217.119995,766.98762384
2016-08-01,216.940002,766.35185290
2016-08-02,215.550003,761.44153958
2016-08-03,216.179993,763.66721248
2016-08-04,216.410004,764.47959701
2016-08-05,218.179993,770.73219889
2016-08-08,218.050003,770.27297826
2016-08-09,218.179993,770.73219889
2016-08-10,217.639999,768.82482278
2016-08-11,218.649994,772.39253113
2016-08-12,218.460007,771.72145013
2016-08-15,219.089996,773.94699647
2016-08-16,217.960007,769.95493459
2016-08-17,218.369995,771.40340646
2016-08-18,218.860001,773.13435882
2016-08-19,218.539993,772.00386734
2016-08-22,218.529999,771.96862056
2016-08-23,218.970001,773.52289605
2016-08-24,217.850006,769.56658719
2016-08-25,217.699997,769.03649331
2016-08-26,217.289993,767.58827456
2016-08-29,218.360001,771.36809639
2016-08-30,218.000000,770.09649123
2016-08-31,217.380005,767.90606511
2016-09-01,217.389999,767.94181813
2016-09-02,218.369995,771.40340646
2016-09-06,219.029999,773.73488298
2016-09-07,219.009995,773.66432614
2016-09-08,218.509995,771.89812699
2016-09-09,213.279999,753.42267528
2016-09-12,216.339996,764.23211018
2016-09-13,213.229996,753.24625153
2016-09-14,213.149994,752.96320152
2016-09-15,215.279999,760.48797809
2016-09-16,213.369995,757.54800416
2016-09-19,213.410004,757.69019360
2016-09-20,213.419998,757.72550366
2016-09-21,215.820007,766.24668207
2016-09-22,217.179993,771.07511148
2016-09-23,215.990005,766.85030693
2016-09-26,214.240005,760.63687517
2016-09-27,215.570007,765.35893144
2016-09-28,216.639999,769.15811686
2016-09-29,214.679993,762.19912391
2016-09-30,216.300003,767.95080385
2016-10-03,215.779999,766.10442935
2016-10-04,214.679993,762.19912391
2016-10-05,215.630005,765.57186756
2016-10-06,215.779999,766.10442935
2016-10-07,215.039993,763.47718360
2016-10-10,216.160004,767.45380524
2016-10-11,213.429993,757.76113012
2016-10-12,213.710007,758.75512733
2016-10-13,213.009995,756.26994447
2016-10-14,213.119995,756.66050665
2016-10-17,212.380005,754.03307107
2016-10-18,213.710007,758.75512733
2016-10-19,214.279999,760.77906461
2016-10-20,213.880005,759.35894204
2016-10-21,213.979996,759.71387776
2016-10-24,214.889999,762.94455854
2016-10-25,214.169998,760.38824931
2016-10-26,213.740005,758.86175360
2016-10-27,213.169998,756.83813271
2016-10-28,212.539993,754.60113275
2016-10-31,212.550003,754.63675921
2016-11-01,211.009995,749.16920504
2016-11-02,209.740005,744.66014817
2016-11-03,208.779999,741.25196790
2016-11-04,208.550003,740.43509051
2016-11-07,213.149994,756.76687980
2016-11-08,214.110001,760.17531319
2016-11-09,216.380005,768.23499289
2016-11-10,216.919998,770.15205079
2016-11-11,216.419998,768.37680265
2016-11-14,216.589996,768.98030096
2016-11-15,218.279999,774.98060676
2016-11-16,217.869995,773.52485772
2016-11-17,218.990005,777.50122624
2016-11-18,218.500000,775.76154128
2016-11-21,220.149994,781.62010060
2016-11-22,220.580002,783.14646976
2016-11-23,220.699997,783.57253184
2016-11-25,221.520004,786.48377679
2016-11-28,220.479996,782.79134419
2016-11-29,220.910004,784.31783991
2016-11-30,220.380005,782.43621863
2016-12-01,219.570007,779.56060014
2016-12-02,219.679993,779.95103577
2016-12-05,221.000000,784.63759213
2016-12-06,221.699997,787.12296484
2016-12-07,224.600006,797.41882186
2016-12-08,225.149994,799.37163278
2016-12-09,226.509995,804.20025203
2016-12-12,226.250000,803.27731790
2016-12-13,227.759995,808.63818253
2016-12-14,225.880005,801.96356846
2016-12-15,226.809998,805.26543888
2016-12-16,225.039993,803.69053421
2016-12-19,225.529999,805.44053375
2016-12-20,226.399994,808.54737619
2016-12-21,225.770004,806.29772029
2016-12-22,225.380005,804.90474470
2016-12-23,225.710007,806.08332874
2016-12-27,226.270004,808.08302990
2016-12-28,224.399994,801.40493545
2016-12-29,224.350006,801.22636019
2016-12-30,223.529999,798.29777661
2017-01-03,225.240005,804.40508835
2017-01-04,226.580002,809.19004462
2017-01-05,226.399994,808.54737619
2017-01-06,227.210007,811.44033331
2017-01-09,226.460007,808.76170447
2017-01-10,226.460007,808.76170447
2017-01-11,227.100006,811.04730322
2017-01-12,226.529999,809.01172248
2017-01-13,227.050003,810.86885452
2017-01-17,226.250000,808.01177698
2017-01-18,226.750000,809.79759283
2017-01-19,225.910004,806.79743993
2017-01-20,226.740005,809.76177653
2017-01-23,226.149994,807.65456319
2017-01-24,227.600006,812.83318235
2017-01-25,229.570007,819.86861715
2017-01-26,229.330002,819.01143060
2017-01-27,228.970001,817.72577735
2017-01-30,227.550003,812.65441725
2017-01-31,227.529999,812.58310105
2017-02-01,227.619995,812.90443526
2017-02-02,227.770004,813.44022431
2017-02-03,229.339996,819.04712034
2017-02-06,228.929993,817.58270199
2017-02-07,228.940002,817.61858157
2017-02-08,229.240005,818.68996983
2017-02-09,230.600006,823.54706493
2017-02-10,231.509995,826.79672961
2017-02-13,232.770004,831.29673748
2017-02-14,233.699997,834.61809804
2017-02-15,234.919998,838.97503055
2017-02-16,234.720001,838.26085608
2017-02-17,235.089996,839.58226236
2017-02-21,236.490005,844.58224298
2017-02-22,236.279999,843.83231549
2017-02-23,236.440002,844.40360444
2017-02-24,236.740005,845.47511926
2017-02-27,237.110001,846.79639897
2017-02-28,236.470001,844.51061038
2017-03-01,239.779999,856.33182409
2017-03-02,238.270004,850.93906649
2017-03-03,238.419998,851.47466570
2017-03-06,237.710007,848.93930205
2017-03-07,237.000000,846.40343216
2017-03-08,236.559998,844.83207115
2017-03-09,236.860001,845.90326957
2017-03-10,237.690002,848.86766945
2017-03-13,237.809998,849.29613617
2017-03-14,236.899994,846.04621837
2017-03-15,238.949997,853.36774060
2017-03-16,238.479996,851.68912054
2017-03-17,237.029999,850.19337875
2017-03-20,236.770004,849.26076283
2017-03-21,233.729996,838.35685136
2017-03-22,234.279999,840.32946882
2017-03-23,234.029999,839.43266919
2017-03-24,233.860001,838.82309604
2017-03-27,233.619995,837.96211272
2017-03-28,235.320007,844.05999578
2017-03-29,235.539993,844.84871371
2017-03-30,236.289993,847.53904930
2017-03-31,235.740005,845.56643184
2017-04-03,235.330002,844.09581208
2017-04-04,235.479996,844.63356280
2017-04-05,234.779999,842.12275166
2017-04-06,235.440002,844.49042416
2017-04-07,235.199997,843.62912444
2017-04-10,235.339996,844.13150182
2017-04-11,235.059998,843.12731658
2017-04-12,234.029999,839.43266919
2017-04-13,232.509995,833.98074510
2017-04-17,234.570007,841.36953363
2017-04-18,233.869995,838.85891234
2017-04-19,233.440002,837.31640686
2017-04-20,235.339996,844.13150182
2017-04-21,234.589996,841.44148263
2017-04-24,237.169998,850.69569284
2017-04-25,238.550003,855.64517628
2017-04-26,238.399994,855.10729900
2017-04-27,238.600006,855.82470073
2017-04-28,238.080002,853.95953217
2017-05-01,238.679993,856.11167408
2017-05-02,238.770004,856.43452701
2017-05-03,238.479996,855.39420907
2017-05-04,238.759995,856.39839431
2017-05-05,239.699997,859.77006221
2017-05-08,239.660004,859.62679701
2017-05-09,239.440002,858.83782597
2017-05-10,239.869995,860.38014160
2017-05-11,239.380005,858.62261178
2017-05-12,238.979996,857.18774504
2017-05-15,240.300003,861.92239396
2017-05-16,240.080002,861.13335963
2017-05-17,235.820007,845.85327863
2017-05-18,236.770004,849.26076283
2017-05-19,238.309998,854.78438280
2017-05-22,239.520004,859.12460948
2017-05-23,240.050003,861.02565762
2017-05-24,240.610001,863.03440777
2017-05-25,241.759995,867.15897730
2017-05-26,241.710007,866.97976925
2017-05-30,241.500000,866.22667778
2017-05-31,241.440002,866.01133703
2017-06-01,243.360001,872.89831770
2017-06-02,244.169998,875.80348780
2017-06-05,243.990005,875.15778195
2017-06-06,243.210007,872.36012403
2017-06-07,243.660004,873.97438866
2017-06-08,243.779999,874.40450064
2017-06-09,243.410004,873.07752576
2017-06-12,243.360001,872.89831770
2017-06-13,244.550003,877.16678522
2017-06-14,244.240005,876.05458157
2017-06-15,243.770004,874.36887418
2017-06-16,242.639999,874.55991553
2017-06-19,244.660004,881.84055909
2017-06-20,243.009995,875.89340823
2017-06-21,242.949997,875.67724484
2017-06-22,242.839996,875.28054453
2017-06-23,243.130005,876.32592484
2017-06-26,243.289993,876.90265584
2017-06-27,241.330002,869.83811239
2017-06-28,243.490005,877.62341139
2017-06-29,241.350006,869.91012466
2017-06-30,241.800003,871.53217269
2017-07-03,242.210007,873.01006962
2017-07-05,242.770004,875.02837500
2017-07-06,240.550003,867.02684933
2017-07-07,242.110001,872.64950200
2017-07-10,242.369995,873.58648422
2017-07-11,242.190002,872.93767766
2017-07-12,244.009995,879.49775551
2017-07-13,244.419998,880.97558915
2017-07-14,245.559998,885.08452860
2017-07-17,245.529999,884.97638363
2017-07-18,245.660004,885.44484310
2017-07-19,246.990005,890.23878508
2017-07-20,247.100006,890.63529555
2017-07-21,246.880005,889.84227461
2017-07-24,246.820007,889.62617450
2017-07-25,247.419998,891.78863100
2017-07-26,247.429993,891.82463714
2017-07-27,247.199997,890.99573661
2017-07-28,246.910004,889.95035630
2017-07-31,246.770004,889.44576413
2017-08-01,247.320007,891.42806338
2017-08-02,247.440002,891.86083311
2017-08-03,246.960007,890.13070339
2017-08-04,247.410004,891.75243502
2017-08-07,247.869995,893.41048919
2017-08-08,247.259995,891.21196328
2017-08-09,247.250000,891.17589386
2017-08-10,243.759995,878.59684271
2017-08-11,244.119995,879.89420270
2017-08-14,246.539993,888.61692689
2017-08-15,246.509995,888.50871863
2017-08-16,246.940002,890.05856455
2017-08-17,243.089996,876.18171045
2017-08-18,242.710007,874.81208506
2017-08-21,242.899994,875.49708759
2017-08-22,245.440002,884.65188543
2017-08-23,244.559998,881.47999148
2017-08-24,243.990005,879.42574323
2017-08-25,244.559998,881.47999148
2017-08-28,244.570007,881.51631402
2017-08-29,244.850006,882.52537179
2017-08-30,246.009995,886.70651335
2017-08-31,247.490005,892.04124348
2017-09-01,247.839996,893.30240750
2017-09-05,246.059998,886.88667060
2017-09-06,246.899994,889.91416032
2017-09-07,246.869995,889.80614191
2017-09-08,246.580002,888.76107800
2017-09-11,249.210007,898.24024747
2017-09-12,250.050003,901.26818015
2017-09-13,250.169998,901.70050693
2017-09-14,250.089996,901.41201487
2017-09-15,249.190002,902.62571912
2017-09-18,249.720001,904.54537149
2017-09-19,249.970001,905.45090371
2017-09-20,250.059998,905.77704718
2017-09-21,249.389999,903.35001834
2017-09-22,249.440002,903.53137790
2017-09-25,248.929993,901.68392765
2017-09-26,249.080002,902.22712042
2017-09-27,250.050003,905.74085120
2017-09-28,250.350006,906.82761642
2017-09-29,251.229996,910.01507717
2017-10-02,252.320007,913.96322296
2017-10-03,252.860001,915.91926114
2017-10-04,253.160004,917.00608964
2017-10-05,254.660004,922.43940951
2017-10-06,254.369995,921.38896682
2017-10-09,253.949997,919.86753348
2017-10-10,254.619995,922.29443576
2017-10-11,255.020004,923.74341387
2017-10-12,254.639999,922.36689100
2017-10-13,254.949997,923.48985219
2017-10-16,255.289993,924.72146460
2017-10-17,255.470001,925.37330858
2017-10-18,255.720001,926.27896736
2017-10-19,255.789993,926.53221264
2017-10-20,257.109985,931.31387836
2017-10-23,256.109985,927.69155965
2017-10-24,256.559998,929.32139109
2017-10-25,255.289993,924.72146460
2017-10-26,255.619995,925.91669119
2017-10-27,257.709991,933.48715569
2017-10-30,256.750000,930.00968416
2017-10-31,257.149994,931.45866227
2017-11-01,257.489990,932.69021140
2017-11-02,257.589996,933.05248757
2017-11-03,258.450012,936.16774620
2017-11-06,258.850006,937.61647119
2017-11-07,258.670013,936.96456393
2017-11-08,259.109985,938.55838923
2017-11-09,258.170013,935.15349950
2017-11-10,258.089996,934.86348872
2017-11-13,258.329987,935.73282497
2017-11-14,257.730011,933.55967420
2017-11-15,256.440002,928.88684953
2017-11-16,258.619995,936.78326765
2017-11-17,257.859985,934.03034846
2017-11-20,258.299988,935.62423703
2017-11-21,259.989990,941.74591326
2017-11-22,259.760010,940.91264644
2017-11-24,260.359985,943.08586048
2017-11-27,260.230011,942.61537606
2017-11-28,262.869995,952.17794815
2017-11-29,262.709991,951.59836957
2017-11-30,265.010010,959.92964565
2017-12-01,264.459991,957.93722165
2017-12-04,264.140015,956.77787464
2017-12-05,263.190002,953.33710533
2017-12-06,263.239990,953.51795865
2017-12-07,264.070007,956.52481920
2017-12-08,265.510010,961.74058353
2017-12-11,266.309998,964.63841319
2017-12-12,266.779999,966.34082641
2017-12-13,266.750000,966.23223848
2017-12-14,265.660004,962.28390286
2017-12-15,266.510010,970.29726183
2017-12-18,268.200012,976.45000838
2017-12-19,267.170013,972.70024439
2017-12-20,267.029999,972.19046329
2017-12-21,267.579987,974.19263236
2017-12-22,267.510010,973.93793165
2017-12-26,267.190002,972.77288947
2017-12-27,267.320007,973.24641131
2017-12-28,267.869995,975.24870694
2017-12-29,266.859985,971.57120835
2018-01-02,268.769989,978.52513892
2018-01-03,270.470001,984.71503064
2018-01-04,271.609985,988.86529172
2018-01-05,273.420013,995.45523758
2018-01-08,273.920013,997.27535101
2018-01-09,274.540009,999.53241063
2018-01-10,274.119995,998.00319388
2018-01-11,276.119995,1005.28522960
2018-01-12,277.920013,1011.83822012
2018-01-16,276.970001,1008.37947938
2018-01-17,279.609985,1017.99090339
2018-01-18,279.140015,1016.28026380
2018-01-19,280.410004,1020.90366705
2018-01-22,282.690002,1029.20456889
2018-01-23,283.290009,1031.38917327
2018-01-24,283.179993,1030.98867618
2018-01-25,283.299988,1031.42581221
2018-01-26,286.579987,1043.36706747
2018-01-29,284.679993,1036.44952271
2018-01-30,281.760010,1025.81910602
2018-01-31,281.899994,1026.32838088
2018-02-01,281.579987,1025.16327542
2018-02-02,275.450012,1002.84573466
2018-02-05,263.929993,960.90415272
2018-02-06,269.130005,979.83566109
2018-02-07,267.670013,974.52061094
2018-02-08,257.630005,937.96742030
2018-02-09,261.500000,952.05695741
2018-02-12,265.339996,966.03771675
2018-02-13,266.000000,968.44050947
2018-02-14,269.589996,981.51086405
2018-02-15,273.029999,994.03492516
2018-02-16,273.109985,994.32632809
2018-02-20,271.399994,988.10068335
2018-02-21,270.049988,983.18556078
2018-02-22,270.399994,984.45982369
2018-02-23,274.709991,1000.15128589
2018-02-26,277.899994,1011.76532193
2018-02-27,274.429993,999.13191353
2018-02-28,271.649994,989.01064515
2018-03-01,267.700012,974.62995823
2018-03-02,269.079987,979.65379529
2018-03-05,272.190002,990.97693464
2018-03-06,272.880005,993.48863169
2018-03-07,272.779999,993.12471025
2018-03-08,274.100006,997.93054881
2018-03-09,278.869995,1015.29702414
2018-03-12,278.519989,1014.02282451
2018-03-13,276.720001,1007.46913791
2018-03-14,275.299988,1002.29982086
2018-03-15,275.000000,1001.20748703
2018-03-16,274.200012,1002.29286010
2018-03-19,270.489990,988.73177160
2018-03-20,270.950012,990.41298613
2018-03-21,270.429993,988.51206455
2018-03-22,263.670013,963.80223550
2018-03-23,258.049988,943.25924680
2018-03-26,265.109985,969.06583926
2018-03-27,260.600006,952.58034364
2018-03-28,259.829987,949.76579004
2018-03-29,263.149994,961.90156703
2018-04-02,257.470001,941.13906113
2018-04-03,260.769989,953.20149698
2018-04-04,263.559998,963.40009313
2018-04-05,265.640015,971.00308338
2018-04-06,259.720001,949.36364767
2018-04-09,261.000000,954.04248392
2018-04-10,265.149994,969.21226844
2018-04-11,263.760010,964.13122655
2018-04-12,265.929993,972.06339770
2018-04-13,265.149994,969.21226844
2018-04-16,267.329987,977.18076212
2018-04-17,270.190002,987.63475507
2018-04-18,270.390015,988.36595177
2018-04-19,268.890015,982.88333703
2018-04-20,266.609985,974.54877040
2018-04-23,266.570007,974.40297402
2018-04-24,262.980011,961.28003402
2018-04-25,263.630005,963.65612272
2018-04-26,266.309998,973.45244995
2018-04-27,266.559998,974.36620852
2018-04-30,264.510010,966.87262884
2018-05-01,264.980011,968.59079871
2018-05-02,263.200012,962.08412891
2018-05-03,262.619995,959.96419636
2018-05-04,266.019989,972.39232547
2018-05-07,266.920013,975.68204619
2018-05-08,266.920013,975.68204619
2018-05-09,269.500000,985.11268015
2018-05-10,272.019989,994.32430314
2018-05-11,272.850006,997.35818411
2018-05-14,272.980011,997.83328794
2018-05-15,271.100006,990.96143111
2018-05-16,272.239990,995.12839803
2018-05-17,272.010010,994.28798060
2018-05-18,271.329987,991.80203838
2018-05-21,273.369995,999.25904241
2018-05-22,272.609985,996.48074807
2018-05-23,273.359985,999.22253003
2018-05-24,272.799988,997.17543239
2018-05-25,272.149994,994.79934369
2018-05-29,269.019989,983.35837758
2018-05-30,272.609985,996.48074807
2018-05-31,270.940002,990.37634719
2018-06-01,273.600006,1000.09977624
2018-06-04,274.899994,1004.85119427
2018-06-05,275.100006,1005.58296049
2018-06-06,277.399994,1013.99010891
2018-06-07,277.369995,1013.88038195
2018-06-08,278.190002,1016.87768726
2018-06-11,278.559998,1018.23016386
2018-06-12,278.920013,1019.54587496
2018-06-13,278.029999,1016.29279318
2018-06-14,278.730011,1018.85163359
2018-06-15,277.130005,1017.55193225
2018-06-18,276.559998,1015.45870372
2018-06-19,275.500000,1011.56675029
2018-06-20,275.970001,1013.29289340
2018-06-21,274.239990,1006.94056274
2018-06-22,274.739990,1008.77636953
2018-06-25,271.000000,995.04410950
2018-06-26,271.600006,997.24706499
2018-06-27,269.350006,988.98577623
2018-06-28,270.890015,994.64019530
2018-06-29,271.279999,996.07215117
2018-07-02,271.859985,998.20170224
2018-07-03,270.899994,994.67651784
2018-07-05,273.109985,1002.79118758
2018-07-06,275.420013,1011.27313258
2018-07-09,277.899994,1020.37895194
2018-07-10,278.899994,1024.05075537
2018-07-11,276.859985,1016.56040295
2018-07-12,279.369995,1025.77651879
2018-07-13,279.589996,1026.58447375
2018-07-16,279.339996,1025.66628559
2018-07-17,280.470001,1029.81553420
2018-07-18,281.059998,1031.98147108
2018-07-19,280.000000,1028.08996061
2018-07-20,279.679993,1026.91447728
2018-07-23,280.200012,1028.82400489
2018-07-24,281.609985,1034.00123190
2018-07-25,284.010010,1042.81343355
2018-07-26,283.339996,1040.35324616
2018-07-27,281.420013,1033.30388983
2018-07-30,279.950012,1027.90588002
2018-07-31,281.329987,1032.97274726
2018-08-01,280.859985,1031.24742679
2018-08-02,282.390015,1036.86552332
2018-08-03,283.600006,1041.30838964
2018-08-06,284.640015,1045.12655896
2018-08-07,285.579987,1048.57808582
2018-08-08,285.459991,1048.13746941
2018-08-09,285.070007,1046.70551353
2018-08-10,283.160004,1039.69279614
2018-08-13,282.100006,1035.80065287
2018-08-14,283.899994,1042.40951935
2018-08-15,281.779999,1034.62548594
2018-08-16,284.059998,1042.99719774
2018-08-17,285.059998,1046.66862148
2018-08-20,285.670013,1048.90834247
2018-08-21,286.339996,1051.36897282
2018-08-22,286.170013,1050.74446566
2018-08-23,285.790009,1049.34927528
2018-08-24,287.510010,1055.66452404
2018-08-27,289.779999,1063.99934379
2018-08-28,289.920013,1064.51355447
2018-08-29,291.480011,1070.24163108
2018-08-30,290.299988,1065.90861829
2018-08-31,290.309998,1065.94544706
2018-09-04,289.809998,1064.10983011
2018-09-05,289.029999,1061.24541212
2018-09-06,288.160004,1058.05111717
2018-09-07,287.600006,1055.99509709
2018-09-10,288.100006,1057.83084060
2018-09-11,289.049988,1061.31919623
2018-09-12,289.119995,1061.57636485
2018-09-13,290.829987,1067.85510124
2018-09-14,290.880005,1068.03823263
2018-09-17,289.339996,1062.38356045
2018-09-18,290.910004,1068.14846584
2018-09-19,291.220001,1069.28661416
2018-09-20,293.579987,1077.95226007
2018-09-21,291.989990,1076.96724857
2018-09-24,291.019989,1073.38954204
2018-09-25,290.750000,1072.39389955
2018-09-26,289.880005,1069.18473387
2018-09-27,290.690002,1072.17216756
2018-09-28,290.720001,1072.28316011
2018-10-01,291.730011,1076.00843486
2018-10-02,291.559998,1075.38120668
2018-10-03,291.720001,1075.97135297
2018-10-04,289.440002,1067.56173664
2018-10-05,287.820007,1061.58693256
2018-10-08,287.820007,1061.58693256
2018-10-09,287.399994,1060.03771944
2018-10-10,278.299988,1026.47335463
2018-10-11,272.170013,1003.86377815
2018-10-12,275.950012,1017.80562049
2018-10-15,274.399994,1012.08887093
2018-10-16,280.399994,1034.21910383
2018-10-17,280.450012,1034.40337426
2018-10-18,276.399994,1019.46544649
2018-10-19,276.250000,1018.91238209
2018-10-22,275.010010,1014.33884323
2018-10-23,273.609985,1009.17515807
2018-10-24,265.320007,978.59835351
2018-10-25,270.079987,996.15523739
2018-10-26,265.329987,978.63505572
2018-10-29,263.859985,973.21337932
2018-10-30,267.769989,987.63494491
2018-10-31,270.630005,998.18385737
2018-11-01,273.510010,1008.80592114
2018-11-02,271.890015,1002.83118033
2018-11-05,273.390015,1008.36378602
2018-11-06,275.119995,1014.74471909
2018-11-07,281.010010,1036.46913941
2018-11-08,280.500000,1034.58783453
2018-11-09,277.760010,1024.48181654
2018-11-12,272.570007,1005.33895405
2018-11-13,272.059998,1003.45796556
2018-11-14,270.200012,996.59768892
2018-11-15,273.019989,1006.99878005
2018-11-16,273.730011,1009.61735648
2018-11-19,269.100006,992.54051224
2018-11-20,264.119995,974.17238287
2018-11-21,265.019989,977.49178175
2018-11-23,263.250000,970.96347030
2018-11-26,267.500000,986.63904931
2018-11-27,268.399994,989.95857475
2018-11-28,274.579987,1012.75286461
2018-11-29,273.980011,1010.53991093
2018-11-30,275.649994,1016.69923856
2018-12-03,279.299988,1030.16161077
2018-12-04,270.250000,996.78189606
2018-12-06,269.839996,995.27001795
2018-12-07,263.570007,972.14395273
2018-12-10,264.070007,973.98804916
2018-12-11,264.130005,974.20946476
2018-12-12,265.459991,979.11477898
2018-12-13,265.369995,978.78268722
2018-12-14,260.470001,960.70982082
2018-12-17,255.360001,941.86222131
2018-12-18,255.080002,940.82956022
2018-12-19,251.259995,926.73995983
2018-12-20,247.169998,911.65446384
2018-12-21,240.699997,892.97499844
2018-12-24,234.339996,869.37996750
2018-12-26,246.179993,913.30530413
2018-12-27,248.070007,920.31713561
2018-12-28,247.750000,919.12994553
2018-12-31,249.919998,927.18051296
2019-01-02,250.179993,928.14502184
2019-01-03,244.210007,905.99681751
2019-01-04,252.389999,936.34385355
2019-01-07,254.380005,943.72656724
2019-01-08,256.769989,952.59337925
2019-01-09,257.970001,957.04535785
2019-01-10,258.880005,960.42120220
2019-01-11,258.980011,960.79227425
2019-01-14,257.399994,954.93055095
2019-01-15,260.350006,965.87477157
2019-01-16,260.980011,968.21206982
2019-01-17,262.959991,975.55763834
2019-01-18,266.459991,988.54224896
2019-01-22,262.859985,975.18643973
2019-01-23,263.410004,977.22720941
2019-01-24,263.549988,977.74648246
2019-01-25,265.779999,986.01960452
2019-01-28,263.760010,978.52564516
2019-01-29,263.410004,977.22720941
2019-01-30,267.579987,992.69763569
2019-01-31,269.929993,1001.41574046
2019-02-01,270.059998,1001.89799490
2019-02-04,271.959991,1008.94697155
2019-02-05,273.100006,1013.17607911
2019-02-06,272.739990,1011.84062475
2019-02-07,270.140015,1002.19483987
2019-02-08,270.470001,1003.41930168
2019-02-11,270.619995,1003.97571990
2019-02-12,274.100006,1016.88635658
2019-02-13,274.989990,1020.18753091
2019-02-14,274.380005,1017.92528236
2019-02-15,277.369995,1029.01751415
2019-02-19,277.850006,1030.79833090
2019-02-20,278.410004,1032.87567623
2019-02-21,277.420013,1029.20292362
2019-02-22,279.140015,1035.58429965
2019-02-25,279.519989,1036.99398107
2019-02-26,279.320007,1036.25202683
2019-02-27,279.200012,1035.80647460
2019-02-28,278.679993,1033.87733028
2019-03-01,280.420013,1040.33236386
2019-03-04,279.399994,1036.54874525
2019-03-05,279.019989,1035.13900054
2019-03-06,277.329987,1028.86918658
2019-03-07,275.010010,1020.26220094
2019-03-08,274.459991,1018.22149454
2019-03-11,278.440002,1032.98692191
2019-03-12,279.489990,1036.88229244
2019-03-13,281.339996,1043.74566979
2019-03-14,281.160004,1043.07806917
2019-03-15,281.309998,1048.23150301
2019-03-18,282.329987,1052.03220714
2019-03-19,282.399994,1052.29304598
2019-03-20,281.549988,1049.12570817
2019-03-21,284.730011,1060.97501805
2019-03-22,279.250000,1040.55548801
2019-03-25,279.040009,1039.77297149
2019-03-26,281.119995,1047.52327684
2019-03-27,279.649994,1042.04572447
2019-03-28,280.709991,1045.99532569
2019-03-29,282.480011,1052.59115655
2019-04-01,285.829987,1065.07421243
2019-04-02,285.970001,1065.59601667
2019-04-03,286.420013,1067.27254851
2019-04-04,287.179993,1070.10444074
2019-04-05,288.570007,1075.28388253
2019-04-08,288.790009,1076.10373406
2019-04-09,287.309998,1070.58916309
2019-04-10,288.290009,1074.24052717
2019-04-11,288.209991,1073.94247988
2019-04-12,290.160004,1081.20875895
2019-04-15,289.970001,1080.50091245
2019-04-16,290.160004,1081.20875895
2019-04-17,289.450012,1078.56316210
2019-04-18,290.019989,1080.68733439
2019-04-22,290.269989,1081.61881128
2019-04-23,292.880005,1091.34401215
2019-04-24,292.230011,1088.92255192
2019-04-25,292.049988,1088.25166076
2019-04-26,293.410004,1093.31947719
2019-04-29,293.869995,1095.03296436
2019-04-30,294.019989,1095.59210361
2019-05-01,291.809998,1087.35688608
2019-05-02,291.179993,1085.00946308
2019-05-03,294.029999,1095.62956518
2019-05-06,292.820007,1091.12063488
2019-05-07,287.929993,1072.89899796
2019-05-08,287.529999,1071.40901462
2019-05-09,286.660004,1068.16707006
2019-05-10,288.100006,1073.53280723
2019-05-13,280.859985,1046.55484462
2019-05-14,283.399994,1056.01914337
2019-05-15,285.059998,1062.20460551
2019-05-16,287.700012,1072.04193797
2019-05-17,285.839996,1065.11116776
2019-05-20,283.950012,1058.06877220
2019-05-21,286.510010,1067.60793081
2019-05-22,285.630005,1064.32877780
2019-05-23,282.140015,1051.32436064
2019-05-24,282.779999,1053.70930850
2019-05-28,280.149994,1043.90905792
2019-05-29,278.269989,1036.90368097
2019-05-30,279.029999,1039.73588960
2019-05-31,275.269989,1025.72475602
2019-06-03,274.570007,1023.11687385
2019-06-04,280.529999,1045.32513060
2019-06-05,282.959991,1054.37969342
2019-06-06,284.799988,1061.23592017
2019-06-07,287.649994,1071.85576916
2019-06-10,288.970001,1076.77449867
2019-06-11,288.899994,1076.51365983
2019-06-12,288.390015,1074.61362416
2019-06-13,289.579987,1079.04725165
2019-06-14,289.260010,1077.85518904
2019-06-17,289.369995,1078.26486169
2019-06-18,292.399994,1089.55547528
2019-06-19,293.059998,1092.01515643
2019-06-20,295.859985,1102.44807724
2019-06-21,294.000000,1100.84570919
2019-06-24,293.640015,1099.49759889
2019-06-25,290.760010,1088.71398210
2019-06-26,290.470001,1087.62784967
2019-06-27,291.500000,1091.48474616
2019-06-28,293.000000,1097.10170366
2019-07-01,295.660004,1107.06179870
2019-07-02,296.429993,1109.94444123
2019-07-03,298.799988,1118.81891009
2019-07-05,298.459991,1117.54572293
2019-07-08,296.820007,1111.40493624
2019-07-09,297.190002,1112.79050811
2019-07-10,298.609985,1118.10714025
2019-07-11,299.309998,1120.72831115
2019-07-12,300.649994,1125.74588352
2019-07-15,300.750000,1126.11999299
2019-07-16,299.779999,1122.48849872
2019-07-17,297.739990,1114.85000857
2019-07-18,298.829987,1118.93116824
2019-07-19,297.170013,1112.71571153
2019-07-22,297.899994,1115.44914058
2019-07-23,300.029999,1123.42440518
2019-07-24,301.440002,1128.70408199
2019-07-25,300.000000,1123.31214703
2019-07-26,302.010010,1130.83837903
2019-07-29,301.459991,1128.77887857
2019-07-30,300.720001,1126.00824107
2019-07-31,297.429993,1113.68933268
2019-08-01,294.839996,1103.99108896
2019-08-02,292.619995,1095.67867022
2019-08-05,283.820007,1062.72830814
2019-08-06,287.799988,1077.63067274
2019-08-07,287.970001,1078.26701320
2019-08-08,293.619995,1099.42267575
2019-08-09,291.619995,1091.93415844
2019-08-12,288.070007,1078.64175546
2019-08-13,292.549988,1095.41669234
2019-08-14,283.899994,1063.02762103
2019-08-15,284.649994,1065.83572010
2019-08-16,288.850006,1081.56236580
2019-08-19,292.329987,1094.59241123
2019-08-20,290.089996,1086.20519591
2019-08-21,292.450012,1095.04207664
2019-08-22,292.359985,1094.70504906
2019-08-23,284.850006,1066.58469839
2019-08-26,288.000000,1078.37952447
2019-08-27,286.869995,1074.14801228
2019-08-28,288.890015,1081.71157929
2019-08-29,292.579987,1095.52857081
2019-08-30,292.450012,1095.04207664
2019-09-03,290.739990,1088.63918551
2019-09-04,294.040009,1100.99568203
2019-09-05,297.820007,1115.14957457
2019-09-06,298.049988,1116.01030478
2019-09-09,298.200012,1116.57235490
2019-09-10,298.130005,1116.31012390
2019-09-11,300.250000,1124.24818006
2019-09-12,301.290009,1128.14215843
2019-09-13,301.089996,1127.39305358
2019-09-16,300.160004,1123.91127904
2019-09-17,300.920013,1126.75658656
2019-09-18,301.100006,1127.43089483
2019-09-19,301.079987,1127.35584513
2019-09-20,298.279999,1122.02972104
2019-09-23,298.209991,1121.76597134
2019-09-24,295.869995,1112.96338820
2019-09-25,297.619995,1119.54675297
2019-09-26,297.000000,1117.21477020
2019-09-27,295.399994,1111.19611330
2019-09-30,296.769989,1116.34948386
2019-10-01,293.239990,1103.07074929
2019-10-02,288.059998,1083.58516405
2019-10-03,290.420013,1092.46279689
2019-10-04,294.350006,1107.24619568
2019-10-07,293.079987,1102.46895954
2019-10-08,288.529999,1085.35332486
2019-10-09,291.269989,1095.66019255
2019-10-10,293.239990,1103.07074929
2019-10-11,296.279999,1114.50614679
2019-10-14,295.950012,1113.26459947
2019-10-15,298.880005,1124.28652754
2019-10-16,298.399994,1122.48077860
2019-10-17,299.279999,1125.79081209
2019-10-18,297.970001,1120.86334998
2019-10-21,299.989990,1128.46172082
2019-10-22,299.010010,1124.77555291
2019-10-23,299.880005,1128.04774515
2019-10-24,300.369995,1129.89133534
2019-10-25,301.600006,1134.51796585
2019-10-28,303.299988,1140.91288373
2019-10-29,303.209991,1140.57433745
2019-10-30,304.140015,1144.07269127
2019-10-31,303.329987,1141.02590124
2019-11-01,306.140015,1151.59639208
2019-11-04,307.369995,1156.22302259
2019-11-05,307.029999,1154.94388714
2019-11-06,307.100006,1155.20738373
2019-11-07,308.179993,1159.27019229
2019-11-08,308.940002,1162.12891510
2019-11-11,308.350006,1159.90944361
2019-11-12,309.000000,1162.35431732
2019-11-13,309.100006,1162.73057830
2019-11-14,309.549988,1164.42330973
2019-11-15,311.790009,1172.84950534
2019-11-18,312.019989,1173.71415888
2019-11-19,311.929993,1173.37611883
2019-11-20,310.769989,1169.01260523
2019-11-21,310.269989,1167.13155347
2019-11-22,310.959991,1169.72715938
2019-11-25,313.369995,1178.79285943
2019-11-26,314.079987,1181.46351503
2019-11-27,315.480011,1186.73015622
2019-11-29,314.309998,1182.32892793
2019-12-02,311.640015,1172.28505059
2019-12-03,309.549988,1164.42330973
2019-12-04,311.459991,1171.60846426
2019-12-05,312.019989,1173.71415888
2019-12-06,314.869995,1184.43550847
2019-12-09,313.880005,1180.71111964
2019-12-10,313.529999,1179.39490230
2019-12-11,314.420013,1182.74290360
2019-12-12,317.130005,1192.93675378
2019-12-13,317.320007,1193.65181416
2019-12-16,319.500000,1201.85184819
2019-12-17,319.570007,1202.11521822
2019-12-18,319.589996,1202.19014136
2019-12-19,320.899994,1207.11848938
2019-12-20,320.730011,1212.41044244
2019-12-23,321.220001,1214.26289179
2019-12-24,321.230011,1214.30060648
2019-12-26,322.940002,1220.76487889
2019-12-27,322.859985,1220.46214890
2019-12-30,321.079987,1213.73362055
2019-12-31,321.859985,1216.68220051
2020-01-02,324.869995,1228.06026662
2020-01-03,322.410004,1218.76093799
2020-01-06,323.640015,1223.41085542
2020-01-07,322.730011,1219.97084547
2020-01-08,324.450012,1226.47270601
2020-01-09,326.649994,1234.78866841
2020-01-10,325.709991,1231.23551439
2020-01-13,327.950012,1239.70284179
2020-01-14,327.450012,1237.81331055
2020-01-15,328.190002,1240.61027240
2020-01-16,330.920013,1250.93042882
2020-01-17,331.950012,1254.82428063
2020-01-21,331.299988,1252.36687755
2020-01-22,331.339996,1252.51798942
2020-01-23,331.720001,1253.95456472
2020-01-24,328.769989,1242.80303986
2020-01-27,323.500000,1222.88120450
2020-01-28,326.890015,1235.69647870
2020-01-29,326.619995,1234.67552435
2020-01-30,327.679993,1238.68239367
2020-01-31,321.730011,1216.19064396
2020-02-03,324.119995,1225.22546352
2020-02-04,329.059998,1243.89929703
2020-02-05,332.859985,1258.26391091
2020-02-06,333.980011,1262.49770117
2020-02-07,332.200012,1255.76917281
2020-02-10,334.679993,1265.14393082
2020-02-11,335.260010,1267.33619205
2020-02-12,337.420013,1275.50154881
2020-02-13,337.059998,1274.14040290
2020-02-14,337.600006,1276.18193193
2020-02-18,336.730011,1272.89316041
2020-02-19,338.339996,1278.97864066
2020-02-20,336.950012,1273.72465540
2020-02-21,333.480011,1260.60741057
2020-02-24,322.420013,1218.79890580
2020-02-25,312.649994,1181.86685971
2020-02-26,311.500000,1177.51967227
2020-02-27,297.510010,1124.63519858
2020-02-28,296.260010,1119.90997833
2020-03-02,309.089996,1168.40929677
2020-03-03,300.239990,1134.95497532
2020-03-04,312.859985,1182.66076657
2020-03-05,302.459991,1143.34687334
2020-03-06,297.459991,1124.44611890
2020-03-09,274.230011,1036.63316034
2020-03-10,288.420013,1090.27331997
2020-03-11,274.359985,1037.12465361
2020-03-12,248.110001,937.89534474
2020-03-13,269.320007,1018.07266073
2020-03-16,239.850006,906.67112577
2020-03-17,252.800003,955.62428608
2020-03-18,240.000000,907.23836482
2020-03-19,240.509995,909.16611699
2020-03-20,228.800003,869.98631340
2020-03-23,222.949997,847.74230363
2020-03-24,243.149994,924.55060947
2020-03-25,246.789993,938.39133087
2020-03-26,261.200012,993.18375019
2020-03-27,253.419998,963.60119595
2020-03-30,261.649994,994.89470617
2020-03-31,257.750000,980.06542961
2020-04-01,246.149994,935.95772095
2020-04-02,251.830002,957.55539207
2020-04-03,248.190002,943.71467066
2020-04-06,264.859985,1007.10021737
2020-04-07,265.130005,1008.12718330
2020-04-08,274.029999,1041.96801703
2020-04-09,278.200012,1057.82457591
2020-04-13,275.660004,1048.16638822
2020-04-14,283.790009,1079.07965084
2020-04-15,277.760010,1056.15120806
2020-04-16,279.100006,1061.24629804
2020-04-17,286.640015,1089.91616945
2020-04-20,281.589996,1070.71433029
2020-04-21,273.040009,1038.20407839
2020-04-22,279.100006,1061.24629804
2020-04-23,279.079987,1061.17029914
2020-04-24,282.970001,1075.96160790
2020-04-27,287.049988,1091.47550732
2020-04-28,285.730011,1086.45603656
2020-04-29,293.209991,1114.89784801
2020-04-30,290.480011,1104.51757589
2020-05-01,282.790009,1075.27742800
2020-05-04,283.570007,1078.24309348
2020-05-05,286.190002,1088.20521347
2020-05-06,284.250000,1080.82870119
2020-05-07,287.679993,1093.87076976
2020-05-08,292.440002,1111.97015034
2020-05-11,292.500000,1112.19833687
2020-05-12,286.670013,1090.03057911
2020-05-13,281.600006,1070.75229810
2020-05-14,284.970001,1083.56655982
2020-05-15,286.279999,1088.54768310
2020-05-18,295.000000,1121.70446349
2020-05-19,291.970001,1110.18325874
2020-05-20,296.929993,1129.04300796
2020-05-21,294.880005,1121.24821700
2020-05-22,295.440002,1123.37757822
2020-05-26,299.079987,1137.21810979
2020-05-27,303.529999,1154.13871649
2020-05-28,302.970001,1152.00986151
2020-05-29,304.320007,1157.14272945
2020-06-01,305.549988,1161.81947747
2020-06-02,308.079987,1171.43938095
2020-06-03,312.179993,1187.02946911
2020-06-04,311.359985,1183.91155273
2020-06-05,319.339996,1214.25415920
2020-06-08,323.200012,1228.93162781
2020-06-09,320.790009,1219.76797082
2020-06-10,319.000000,1212.96186157
2020-06-11,300.609985,1143.03566387
2020-06-12,304.209991,1156.72432421
2020-06-15,307.049988,1167.52287501
2020-06-16,312.959991,1189.99538770
2020-06-17,311.660004,1185.05235879
2020-06-18,311.779999,1185.50847873
2020-06-19,308.640015,1178.73337653
2020-06-22,310.619995,1186.29504515
2020-06-23,312.049988,1191.75620807
2020-06-24,304.089996,1161.35639677
2020-06-25,307.350006,1173.80680033
2020-06-26,300.049988,1145.92691244
2020-06-29,304.459991,1162.76930546
2020-06-30,308.359985,1177.66369682
2020-07-01,310.519989,1185.91321556
2020-07-02,312.230011,1192.44393163
2020-07-06,317.049988,1210.85224361
2020-07-07,313.779999,1198.36349256
2020-07-08,316.179993,1207.52955418
2020-07-09,314.380005,1200.65497633
2020-07-10,317.589996,1212.91452837
2020-07-13,314.839996,1202.41174680
2020-07-14,318.920013,1217.99424139
2020-07-15,321.850006,1229.18424029
2020-07-16,320.790009,1225.13560638
2020-07-17,321.720001,1228.68711513
2020-07-20,324.320007,1238.61721560
2020-07-21,325.010010,1241.25218147
2020-07-22,326.859985,1248.31761084
2020-07-23,322.959991,1233.42283980
2020-07-24,320.880005,1225.47972128
2020-07-27,323.220001,1234.41607766
2020-07-28,321.170013,1226.58660943
2020-07-29,325.119995,1241.67248510
2020-07-30,323.959991,1237.24227472
2020-07-31,326.519989,1247.01936493
2020-08-03,328.790009,1255.68868106
2020-08-04,330.059998,1260.53868884
2020-08-05,332.109985,1268.36815706
2020-08-06,334.329987,1276.84636857
2020-08-07,334.570007,1277.76303801
2020-08-10,335.570007,1281.58196668
2020-08-11,332.799988,1271.00312293
2020-08-12,337.440002,1288.72383791
2020-08-13,336.829987,1286.39463945
2020-08-14,336.839996,1286.43260726
2020-08-17,337.910004,1290.51882930
2020-08-18,338.640015,1293.30680544
2020-08-19,337.230011,1287.92221092
2020-08-20,338.279999,1291.93186455
2020-08-21,339.480011,1296.51483208
2020-08-24,342.920013,1309.65245297
2020-08-25,344.119995,1314.23554706
2020-08-26,347.570007,1327.41151543
2020-08-27,348.329987,1330.31402778
2020-08-28,350.579987,1338.90740830
2020-08-31,349.309998,1334.05676773
2020-09-01,352.600006,1346.62170751
2020-09-02,357.700012,1366.09957263
2020-09-03,345.390015,1319.08580796
2020-09-04,342.570007,1308.31623925
2020-09-08,333.209991,1272.56904189
2020-09-09,339.790009,1297.69917457
2020-09-10,333.890015,1275.16629307
2020-09-11,334.059998,1275.81554258
2020-09-14,338.459991,1292.61946155
2020-09-15,340.170013,1299.15055731
2020-09-16,338.820007,1293.99427588
2020-09-17,335.839996,1282.61342546
2020-09-18,330.649994,1267.84685906
2020-09-21,326.970001,1253.73662950
2020-09-22,330.299988,1266.50495017
2020-09-23,322.640015,1237.13343367
2020-09-24,323.500000,1240.43106434
2020-09-25,328.730011,1260.48528079
2020-09-28,334.190002,1281.42073006
2020-09-29,332.369995,1274.44237353
2020-09-30,334.890015,1284.10505408
2020-10-01,337.040009,1292.34925732
2020-10-02,333.839996,1280.07894773
2020-10-05,339.760010,1302.77888759
2020-10-06,334.929993,1284.25844402
2020-10-07,340.760010,1306.61300339
2020-10-08,343.779999,1318.19267856
2020-10-09,346.850006,1329.96459739
2020-10-12,352.429993,1351.36046961
2020-10-13,350.130005,1342.54130720
2020-10-14,347.929993,1334.10574620
2020-10-15,347.500000,1332.45705742
2020-10-16,347.290009,1331.65150710
2020-10-19,342.010010,1311.40605946
2020-10-20,343.380005,1316.65877912
2020-10-21,342.730011,1314.16682533
2020-10-22,344.609985,1321.37577301
2020-10-23,345.779999,1325.86166951
2020-10-26,339.390015,1301.35990405
2020-10-27,338.220001,1296.87350131
2020-10-28,326.660004,1252.54760431
2020-10-29,329.980011,1265.27808374
2020-10-30,326.540009,1252.08781416
2020-11-02,330.200012,1266.12147531
2020-11-03,336.029999,1288.47628780
2020-11-04,343.540009,1317.27246545
2020-11-05,350.239990,1342.96325610
2020-11-06,350.160004,1342.65622309
2020-11-09,354.559998,1359.52810444
2020-11-10,354.040009,1357.53378205
2020-11-11,356.670013,1367.61841151
2020-11-12,353.209991,1354.35144696
2020-11-13,358.100006,1373.10172232
2020-11-16,362.570007,1390.24165640
2020-11-17,360.619995,1382.76414975
2020-11-18,356.279999,1366.12273300
2020-11-19,357.779999,1371.87460277
2020-11-20,355.329987,1362.48010151
2020-11-23,357.459991,1370.64773634
2020-11-24,363.220001,1392.73361019
2020-11-25,362.660004,1390.58665721
2020-11-27,363.670013,1394.45962673
2020-11-30,362.059998,1388.28568149
2020-12-01,366.019989,1403.47002034
2020-12-02,366.790009,1406.42265020
2020-12-03,366.690002,1406.03917534
2020-12-04,369.850006,1418.15558875
2020-12-07,369.089996,1415.24193918
2020-12-08,370.170013,1419.38283486
2020-12-09,366.850006,1406.65260856
2020-12-10,366.730011,1406.19256529
2020-12-11,366.299988,1404.54337027
2020-12-14,364.660004,1398.25514193
2020-12-15,369.589996,1417.15880724
2020-12-16,370.170013,1419.38283486
2020-12-17,372.239990,1427.32025822
2020-12-18,369.179993,1421.62078402
2020-12-21,367.859985,1416.53790702
2020-12-22,367.239990,1414.15023814
2020-12-23,367.570007,1415.42114723
2020-12-24,369.000000,1420.92799809
2020-12-28,372.170013,1433.13452176
2020-12-29,371.459991,1430.40058648
2020-12-30,371.989990,1432.44148271
2020-12-31,373.880005,1439.71991148
2021-01-04,368.790009,1420.11941034
2021-01-05,371.329987,1429.90017077
2021-01-06,373.549988,1438.44862271
2021-01-07,379.100006,1459.82044865
2021-01-08,381.260010,1468.13805633
2021-01-11,378.690002,1458.24149408
2021-01-12,378.769989,1458.54915989
2021-01-13,379.790009,1462.47768897
2021-01-14,378.459991,1457.35608480
2021-01-15,375.700012,1446.72813602
2021-01-19,378.649994,1458.08747134
2021-01-20,383.890015,1478.26546284
2021-01-21,384.239990,1479.61344658
2021-01-22,382.880005,1474.37629372
2021-01-25,384.390015,1480.19093694
2021-01-26,383.790009,1477.88021615
2021-01-27,374.410004,1441.76017492
2021-01-28,377.630005,1454.15982818
2021-01-29,370.070007,1425.04839116
2021-02-01,376.230011,1448.76890569
2021-02-02,381.549988,1469.25481612
2021-02-03,381.850006,1470.40992339
2021-02-04,386.190002,1487.12233995
2021-02-05,387.709991,1492.97558377
2021-02-08,390.510010,1503.75755530
2021-02-09,390.250000,1502.75659732
2021-02-10,390.079987,1502.10177920
2021-02-11,390.709991,1504.52754244
2021-02-12,392.640015,1511.95974083
2021-02-16,392.299988,1510.65023114
2021-02-17,392.390015,1510.99725690
2021-02-18,390.720001,1504.56614305
2021-02-19,390.029999,1501.90928241
2021-02-22,387.029999,1490.35681750
2021-02-23,387.500000,1492.16674291
2021-02-24,391.769989,1508.60958803
2021-02-25,382.329987,1472.25857596
2021-02-26,380.359985,1464.67235482
2021-03-01,389.579987,1500.17617854
2021-03-02,386.540009,1488.47019713
2021-03-03,381.420013,1468.75402073
2021-03-04,376.700012,1450.57857798
2021-03-05,383.630005,1477.26437831
2021-03-08,381.720001,1469.90963424
2021-03-09,387.170013,1490.89608693
2021-03-10,389.579987,1500.17617854
2021-03-11,393.529999,1515.38696829
2021-03-12,394.059998,1517.42786453
2021-03-15,396.410004,1526.47723842
2021-03-16,395.910004,1524.55151120
2021-03-17,397.260010,1529.75044314
2021-03-18,391.480011,1507.49295480
2021-03-19,389.480011,1504.70358651
2021-03-22,392.589996,1516.71887899
2021-03-23,389.500000,1504.78104084
2021-03-24,387.519989,1497.13116035
2021-03-25,389.700012,1505.55330605
2021-03-26,395.980011,1529.81536809
2021-03-29,395.779999,1529.04272320
2021-03-30,394.730011,1524.98624260
2021-03-31,396.329987,1531.16765484
2021-04-01,400.609985,1547.70263518
2021-04-05,406.359985,1569.91696678
2021-04-06,406.119995,1568.98991947
2021-04-07,406.589996,1570.80566660
2021-04-08,408.519989,1578.26191127
2021-04-09,411.489990,1589.73616249
2021-04-12,411.640015,1590.31593092
2021-04-13,412.859985,1595.02912803
2021-04-14,411.450012,1589.58138040
2021-04-15,415.869995,1606.65765511
2021-04-16,417.260010,1612.02782186
2021-04-19,415.209991,1604.10761058
2021-04-20,412.170013,1592.36290200
2021-04-21,416.070007,1607.43042656
2021-04-22,412.269989,1592.74941429
2021-04-23,416.739990,1610.01881859
2021-04-26,417.609985,1613.37998206
2021-04-27,417.519989,1613.03219694
2021-04-28,417.399994,1612.56848344
2021-04-29,420.059998,1622.84497689
2021-04-30,417.299988,1612.18209772
2021-05-03,418.200012,1615.65931613
2021-05-04,415.619995,1605.69175408
2021-05-05,415.750000,1606.19394162
2021-05-06,419.070007,1619.02035304
2021-05-07,422.119995,1630.80353566
2021-05-10,417.940002,1614.65519417
2021-05-11,414.209991,1600.24413300
2021-05-12,405.410004,1566.24699847
2021-05-13,410.279999,1585.06156599
2021-05-14,416.579987,1609.40070267
2021-05-17,415.519989,1605.30549491
2021-05-18,411.940002,1591.47445530
2021-05-19,410.859985,1587.30217289
2021-05-20,415.279999,1604.37832105
2021-05-21,414.940002,1603.06463489
2021-05-24,419.170013,1619.40686532
2021-05-25,418.239990,1615.81384510
2021-05-26,419.070007,1619.02035304
2021-05-27,419.290009,1619.87032570
2021-05-28,420.040009,1622.76777568
2021-06-01,419.670013,1621.33828771
2021-06-02,420.329987,1623.88807913
2021-06-03,418.769989,1617.86157554
2021-06-04,422.600006,1632.65800995
2021-06-07,422.190002,1631.07399301
2021-06-08,422.279999,1631.42177813
2021-06-09,421.649994,1628.98778852
2021-06-10,423.609985,1636.55996157
2021-06-11,424.309998,1639.26453509
2021-06-14,425.260010,1642.93462996
2021-06-15,424.480011,1639.92112504
2021-06-16,422.109985,1630.76455537
2021-06-17,421.970001,1630.22414691
2021-06-18,414.920013,1608.23154731
2021-06-21,420.859985,1631.25522601
2021-06-22,423.109985,1639.97630492
2021-06-23,422.600006,1637.99919461
2021-06-24,425.100006,1647.68984477
2021-06-25,426.609985,1653.54220268
2021-06-28,427.470001,1656.87539654
2021-06-29,427.700012,1657.76713378
2021-06-30,428.059998,1659.16232416
2021-07-01,430.429993,1668.34838216
2021-07-02,433.720001,1681.10062980
2021-07-06,432.929993,1678.03827297
2021-07-07,434.459991,1683.96897113
2021-07-08,430.920013,1670.24765847
2021-07-09,435.519989,1688.07734106
2021-07-12,437.079987,1694.12422070
2021-07-13,435.589996,1688.34855777
2021-07-14,436.239990,1690.86797494
2021-07-15,434.750000,1685.09281824
2021-07-16,431.339996,1671.87533840
2021-07-19,424.970001,1647.18525261
2021-07-20,431.059998,1670.79034501
2021-07-21,434.549988,1684.31776872
2021-07-22,435.459991,1687.84485151
2021-07-23,439.940002,1705.20955501
2021-07-26,441.019989,1709.39537927
2021-07-27,439.010010,1701.60476477
2021-07-28,438.829987,1700.90704302
2021-07-29,440.649994,1707.96146173
2021-07-30,438.510010,1699.66663474
2021-08-02,437.589996,1696.10107790
2021-08-03,441.149994,1709.89959176
2021-08-04,438.980011,1701.48858328
2021-08-05,441.760010,1712.26372060
2021-08-06,442.489990,1715.09308164
2021-08-09,442.130005,1713.69776470
2021-08-10,442.679993,1715.82978367
2021-08-11,443.779999,1720.09344194
2021-08-12,445.109985,1725.24807810
2021-08-13,445.920013,1728.38788925
2021-08-16,446.970001,1732.45778514
2021-08-17,444.040009,1721.10085444
2021-08-18,439.179993,1702.26337968
2021-08-19,439.859985,1704.89923146
2021-08-20,443.359985,1718.46538234
2021-08-23,447.260010,1733.58188537
2021-08-24,447.970001,1736.33391864
2021-08-25,448.910004,1739.97705637
2021-08-26,446.260010,1729.70549874
2021-08-27,450.250000,1745.17092593
2021-08-30,452.230011,1752.84561206
2021-08-31,451.559998,1750.24848744
2021-09-01,451.799988,1751.17895185
2021-09-02,453.190002,1756.56633067
2021-09-03,453.079987,1756.13969907
2021-09-07,451.459991,1749.86070956
2021-09-08,450.910004,1747.72907027
2021-09-09,448.980011,1740.24852620
2021-09-10,445.440002,1726.52746666
2021-09-13,446.579987,1730.94590703
2021-09-14,444.170013,1721.60481381
2021-09-15,447.880005,1735.98474137
2021-09-16,447.170013,1733.23308777
2021-09-17,441.399994,1716.34968952
2021-09-20,434.040009,1687.73069497
2021-09-21,433.630005,1686.13642672
2021-09-22,437.859985,1702.58446077
2021-09-23,443.179993,1723.27084122
2021-09-24,443.910004,1726.10893486
2021-09-27,442.640015,1721.17109489
2021-09-28,433.720001,1686.48636335
2021-09-29,434.450012,1689.32508978
2021-09-30,429.140015,1668.67756306
2021-10-01,434.239990,1688.50827568
2021-10-04,428.640015,1666.73323162
2021-10-05,433.100006,1684.07566067
2021-10-06,434.899994,1691.07464637
2021-10-07,438.660004,1705.69503671
2021-10-08,437.859985,1702.58446077
2021-10-11,434.690002,1690.25808538
2021-10-12,433.619995,1686.09795267
2021-10-13,435.179993,1692.16305686
2021-10-14,442.500000,1720.62663652
2021-10-15,445.869995,1733.73084574
2021-10-18,447.190002,1738.86346056
2021-10-19,450.640015,1752.27849957
2021-10-20,452.410004,1759.16092410
2021-10-21,453.589996,1763.74908057
2021-10-22,453.119995,1761.92156341
2021-10-25,455.549988,1771.37073832
2021-10-26,455.959991,1772.96475346
2021-10-27,453.940002,1765.11009992
2021-10-28,458.320007,1782.14144606
2021-10-29,459.250000,1785.75775320
2021-11-01,460.040009,1788.82960198
2021-11-02,461.899994,1796.06208971
2021-11-03,464.720001,1807.02731918
2021-11-04,466.910004,1815.54299225
2021-11-05,468.529999,1821.84235782
2021-11-08,468.929993,1823.39777235
2021-11-09,467.380005,1817.37025629
2021-11-10,463.619995,1802.75024562
2021-11-11,463.769989,1803.33330459
2021-11-12,467.269989,1816.94286533
2021-11-15,467.429993,1817.56503114
2021-11-16,469.279999,1824.75853858
2021-11-17,468.140015,1820.32592357
2021-11-18,469.730011,1826.50860141
2021-11-19,468.890015,1823.24197778
2021-11-22,467.570007,1818.10936295
2021-11-23,468.190002,1820.52019219
2021-11-24,469.440002,1825.38070440
2021-11-26,458.970001,1784.66896303
2021-11-29,464.600006,1806.56056826
2021-11-30,455.559998,1771.40971860
2021-12-01,450.500000,1751.73416776
2021-12-02,457.399994,1778.56437232
2021-12-03,453.420013,1763.08856727
2021-12-06,458.790009,1783.96896322
2021-12-07,468.279999,1820.87012882
2021-12-08,469.519989,1825.69178730
2021-12-09,466.350006,1813.36579159
2021-12-10,470.739990,1830.43535866
2021-12-13,466.570007,1814.22133286
2021-12-14,463.359985,1801.73890978
2021-12-15,470.600006,1829.89127997
2021-12-16,466.450012,1813.75470850
2021-12-17,459.869995,1794.45073594
2021-12-20,454.980011,1775.36963441
2021-12-21,463.059998,1806.89848175
2021-12-22,467.690002,1824.96508346
2021-12-23,470.600006,1836.32024232
2021-12-27,477.260010,1862.30768811
2021-12-28,476.869995,1860.78644461
2021-12-29,477.480011,1863.16664648
2021-12-30,476.160004,1858.01580711
2021-12-31,474.959991,1853.33336392
2022-01-03,477.709991,1864.06420546
2022-01-04,477.549988,1863.43938190
2022-01-05,468.380005,1827.65763384
2022-01-06,467.940002,1825.94085612
2022-01-07,466.089996,1818.72178369
2022-01-10,465.510010,1816.45864922
2022-01-11,469.750000,1833.00350119
2022-01-12,471.019989,1837.95893291
2022-01-13,464.529999,1812.63440505
2022-01-14,464.720001,1813.37591634
2022-01-18,456.489990,1781.26173195
2022-01-19,451.750000,1762.76571434
2022-01-20,446.750000,1743.25570314
2022-01-21,437.980011,1709.03405230
2022-01-24,439.839996,1716.29210501
2022-01-25,434.470001,1695.33805152
2022-01-26,433.380005,1691.08451800
2022-01-27,431.239990,1682.73425801
2022-01-28,441.950012,1724.52567727
2022-01-31,449.910004,1755.58574875
2022-02-01,452.950012,1767.44853721
2022-02-02,457.350006,1784.61745337
2022-02-03,446.600006,1742.67023954
2022-02-04,448.700012,1750.86483152
2022-02-07,447.260010,1745.24559595
2022-02-08,450.940002,1759.60502089
2022-02-09,457.540009,1785.35896466
2022-02-10,449.320007,1753.28376056
2022-02-11,440.459991,1718.71103405
2022-02-14,439.019989,1713.09205161
2022-02-15,446.100006,1740.71920045
2022-02-16,446.600006,1742.67023954
2022-02-17,437.059998,1705.44432262
2022-02-18,434.230011,1694.40138570
2022-02-22,429.570007,1676.21784315
2022-02-23,421.950012,1646.48386064
2022-02-24,428.299988,1671.26177862
2022-02-25,437.750000,1708.13674644
2022-02-28,436.630005,1703.76652519
2022-03-01,429.980011,1677.81780657
2022-03-02,437.890015,1708.68297664
2022-03-03,435.709991,1700.17628928
2022-03-04,432.170013,1686.36309453
2022-03-07,419.429993,1636.65057807
2022-03-08,416.250000,1624.24206566
2022-03-09,427.410004,1667.78911635
2022-03-10,425.480011,1660.25794854
2022-03-11,420.070007,1639.14797392
2022-03-14,417.000000,1627.16837117
2022-03-15,426.170013,1662.95075204
2022-03-16,435.619995,1699.82534017
2022-03-17,441.070007,1721.09148905
2022-03-18,444.519989,1739.94237911
2022-03-21,444.390015,1739.43335736
2022-03-22,449.589996,1759.78739293
2022-03-23,443.799988,1737.12415529
2022-03-24,450.489990,1763.31017271
2022-03-25,452.690002,1771.92165121
2022-03-28,455.910004,1784.52506504
2022-03-29,461.549988,1806.60132038
2022-03-30,458.700012,1795.44587218
2022-03-31,451.640015,1767.81150945
2022-04-01,452.920013,1772.82186794
2022-04-04,456.799988,1788.00886453
2022-04-05,451.029999,1765.42396713
2022-04-06,446.519989,1747.77096141
2022-04-07,448.769989,1756.57797413
2022-04-08,447.570007,1751.88085006
2022-04-11,439.920013,1721.93715869
2022-04-12,438.290009,1715.55666857
2022-04-13,443.309998,1735.20589507
2022-04-14,437.790009,1713.59993432
2022-04-18,437.970001,1714.30449027
2022-04-19,445.040009,1741.97808641
2022-04-20,444.709991,1740.68591534
2022-04-21,438.059998,1714.65695809
2022-04-22,426.040009,1667.60800991
2022-04-25,428.510010,1677.27600595
2022-04-26,416.100006,1628.70075190
2022-04-27,417.269989,1633.28042888
2022-04-28,427.809998,1674.53612237
2022-04-29,412.000000,1612.65251886
2022-05-02,414.480011,1622.36000142
2022-05-03,416.380005,1629.79662939
2022-05-04,429.059998,1679.42878066
2022-05-05,413.809998,1619.73731181
2022-05-06,411.339996,1610.06893609
2022-05-09,398.170013,1558.51928397
2022-05-10,399.089996,1562.12002431
2022-05-11,392.750000,1537.30401196
2022-05-12,392.339996,1535.69949239
2022-05-13,401.720001,1572.41461574
2022-05-16,400.089996,1566.03437874
2022-05-17,408.320007,1598.24803878
2022-05-18,391.859985,1533.82046558
2022-05-19,389.459991,1524.42647055
2022-05-20,389.630005,1525.09153999
2022-05-23,396.920013,1553.62624601
2022-05-24,393.890015,1541.76636842
2022-05-25,397.369995,1555.38757261
2022-05-26,405.309998,1586.46637488
2022-05-27,415.260010,1625.41273973
2022-05-31,412.929993,1616.29274572
2022-06-01,409.589996,1603.21916387
2022-06-02,417.390015,1633.75021723
2022-06-03,410.540009,1606.93785754
2022-06-06,411.790009,1611.83076894
2022-06-07,415.739990,1627.29151343
2022-06-08,411.220001,1609.59952743
2022-06-09,401.440002,1571.31835857
2022-06-10,389.799988,1525.75724222
2022-06-13,375.000000,1467.82684686
2022-06-14,373.869995,1463.40397692
2022-06-15,379.200012,1484.26665456
2022-06-16,366.649994,1435.14314536
2022-06-17,365.859985,1438.23726858
2022-06-21,375.070007,1474.44261083
2022-06-22,374.390015,1471.76967715
2022-06-23,378.059998,1486.19681135
2022-06-24,390.079987,1533.44838106
2022-06-27,388.589996,1527.59108734
2022-06-28,380.649994,1496.37838528
2022-06-29,380.339996,1495.15974520
2022-06-30,377.250000,1483.01245131
2022-07-01,381.239990,1498.69758554
2022-07-05,381.959991,1501.52808562
2022-07-06,383.250000,1506.59931916
2022-07-07,388.989990,1529.16358739
2022-07-08,388.670013,1527.90558735
2022-07-11,384.230011,1510.45165951
2022-07-12,380.829987,1497.08597865
2022-07-13,378.829987,1489.22385812
2022-07-14,377.910004,1485.60717130
2022-07-15,385.130005,1513.98962640
2022-07-18,381.950012,1501.48885222
2022-07-19,392.269989,1542.05758150
2022-07-20,394.769989,1551.88554857
2022-07-21,398.790009,1567.68863613
2022-07-22,395.089996,1553.14342205
2022-07-25,395.570007,1555.03080178
2022-07-26,390.890015,1536.63299423
2022-07-27,401.040009,1576.53349010
2022-07-28,406.070007,1596.30712445
2022-07-29,411.989990,1619.57923917
2022-08-01,410.769989,1614.78327224
2022-08-02,408.059998,1604.13001158
2022-08-03,414.450012,1629.25001952
2022-08-04,414.170013,1628.14933277
2022-08-05,413.470001,1625.39729949
2022-08-08,412.989990,1623.51042600
2022-08-09,411.350006,1617.06336566
2022-08-10,419.989990,1651.02835412
2022-08-11,419.989990,1651.02835412
2022-08-12,427.100006,1678.97873558
2022-08-15,428.859985,1685.89710297
2022-08-16,429.700012,1689.19941634
2022-08-17,426.649994,1677.20930917
2022-08-18,427.890015,1682.08424914
2022-08-19,422.140015,1659.47998816
2022-08-22,413.350006,1624.92586588
2022-08-23,412.350006,1620.99455249
2022-08-24,413.670013,1626.18361279
2022-08-25,419.510010,1649.14135407
2022-08-26,405.309998,1593.31943764
2022-08-29,402.630005,1582.78425687
2022-08-30,398.209991,1565.40866927
2022-08-31,395.179993,1553.49728202
2022-09-01,396.420013,1558.37184231
2022-09-02,392.239990,1541.94000786
2022-09-06,390.760010,1536.12169442
2022-09-07,397.779999,1563.71834246
2022-09-08,400.380005,1573.93940290
2022-09-09,406.600006,1598.39067118
2022-09-12,410.970001,1615.56971210
2022-09-13,393.100006,1545.32053491
2022-09-14,394.600006,1551.21731516
2022-09-15,390.119995,1533.60594747
2022-09-16,385.559998,1521.90616747
2022-09-19,388.549988,1533.70846055
2022-09-20,384.089996,1516.10367395
2022-09-21,377.390015,1489.65707080
2022-09-22,374.220001,1477.14427348
2022-09-23,367.950012,1452.39508447
2022-09-26,364.309998,1438.02680037
2022-09-27,363.380005,1434.35607270
2022-09-28,370.529999,1462.57893646
2022-09-29,362.790009,1432.02712737
2022-09-30,357.179993,1409.88290965
2022-10-03,366.609985,1447.10566259
2022-10-04,377.970001,1491.94652962
2022-10-05,377.089996,1488.47310799
2022-10-06,373.200012,1473.11829369
2022-10-07,362.790009,1432.02712737
2022-10-10,360.019989,1421.09341117
2022-10-11,357.739990,1412.09326887
2022-10-12,356.559998,1407.43575788
2022-10-13,365.970001,1444.57941121
2022-10-14,357.630005,1411.65917027
2022-10-17,366.820007,1447.93475295
2022-10-18,371.130005,1464.94711519
2022-10-19,368.500000,1454.56608372
2022-10-20,365.410004,1442.36892544
2022-10-21,374.290009,1477.42055256
2022-10-24,378.869995,1495.49905084
2022-10-25,384.920013,1519.38029577
2022-10-26,382.019989,1507.93300169
2022-10-27,379.980011,1499.88028276
2022-10-28,389.019989,1535.56382076
2022-10-31,386.209991,1524.47203192
2022-11-01,384.519989,1517.80134120
2022-11-02,374.869995,1479.71013793
2022-11-03,371.010010,1464.47353007
2022-11-04,376.350006,1485.55186486
2022-11-07,379.950012,1499.76207631
2022-11-08,382.000000,1507.85390209
2022-11-09,374.130005,1476.78902136
2022-11-10,394.690002,1557.94457792
2022-11-11,398.510010,1573.02349282
2022-11-14,395.119995,1559.64224517
2022-11-15,398.489990,1572.94414010
2022-11-16,395.450012,1560.94441442
2022-11-17,394.239990,1556.16844386
2022-11-18,396.029999,1563.23387323
2022-11-21,394.589996,1557.54983927
2022-11-22,399.899994,1578.50984106
2022-11-23,402.420013,1588.45677393
2022-11-25,402.329987,1588.10190148
2022-11-28,395.910004,1562.76054123
2022-11-29,395.230011,1560.07634377
2022-11-30,407.679993,1609.21946967
2022-12-01,407.380005,1608.03538030
2022-12-02,406.910004,1606.18014665
2022-12-05,399.589996,1577.28601205
2022-12-06,393.829987,1554.55000277
2022-12-07,393.160004,1551.90516528
2022-12-08,396.239990,1564.06309016
2022-12-09,393.279999,1552.37900352
2022-12-12,398.950012,1574.76001379
2022-12-13,401.970001,1586.68076643
2022-12-14,399.399994,1576.53614784
2022-12-15,389.630005,1537.97148602
2022-12-16,383.269989,1519.81401469
2022-12-19,380.019989,1506.92660166
2022-12-20,380.540009,1508.98863331
2022-12-21,386.230011,1531.55176250
2022-12-22,380.720001,1509.70230154
2022-12-23,382.910004,1518.38642512
2022-12-27,381.399994,1512.39877525
2022-12-28,376.660004,1493.60293852
2022-12-29,383.440002,1520.48832296
2022-12-30,382.429993,1516.48335203
2023-01-03,380.820007,1510.09881201
2023-01-04,383.760010,1521.75695398
2023-01-05,379.380005,1504.38883338
2023-01-06,388.079987,1538.88752266
2023-01-09,387.859985,1538.01514900
2023-01-10,390.579987,1548.80117042
2023-01-11,395.519989,1568.39002810
2023-01-12,396.959991,1574.10025985
2023-01-13,398.500000,1580.20700207
2023-01-17,397.769989,1577.31233640
2023-01-18,391.489990,1552.40950432
2023-01-19,388.640015,1541.10813319
2023-01-20,395.880005,1569.81787080
2023-01-23,400.630005,1588.65319405
2023-01-24,400.200012,1586.94805980
2023-01-25,400.350006,1587.54314191
2023-01-26,404.750000,1604.99036211
2023-01-27,405.679993,1608.67842841
2023-01-30,400.589996,1588.49448862
2023-01-31,406.480011,1611.85051220
2023-02-01,410.799988,1628.98108088
2023-02-02,416.779999,1652.69425497
2023-02-03,412.350006,1635.12730962
2023-02-06,409.829987,1625.13481538
2023-02-07,415.190002,1646.38906768
2023-02-08,410.649994,1628.38650501
2023-02-09,407.089996,1614.26944124
2023-02-10,408.040009,1618.03673370
2023-02-13,412.829987,1637.03088895
2023-02-14,412.640015,1636.27760764
2023-02-15,413.980011,1641.59120235
2023-02-16,408.279999,1618.98833352
2023-02-17,407.260010,1614.94374951
2023-02-21,399.089996,1582.54670495
2023-02-22,398.540009,1580.36545439
2023-02-23,400.660004,1588.77215985
2023-02-24,396.380005,1571.80042317
2023-02-27,397.730011,1577.15363096
2023-02-28,396.260010,1571.32443342
2023-03-01,394.739990,1565.29691735
2023-03-02,397.809998,1577.47066216
2023-03-03,404.190002,1602.77000470
2023-03-06,404.470001,1603.88018341
2023-03-07,398.269989,1579.29463565
2023-03-08,398.920013,1581.87239668
2023-03-09,391.559998,1552.68704900
2023-03-10,385.910004,1530.28262524
2023-03-13,385.359985,1528.10162780
2023-03-14,391.730011,1553.36123071
2023-03-15,389.279999,1543.64602803
2023-03-16,396.109985,1570.72960443
2023-03-17,389.989990,1552.36356328
2023-03-20,393.739990,1567.29060695
2023-03-21,398.910004,1587.86991818
2023-03-22,392.109985,1560.80216170
2023-03-23,393.170013,1565.02177731
2023-03-24,395.750000,1575.29130998
2023-03-27,396.489990,1578.23672596
2023-03-28,395.600006,1574.69470916
2023-03-29,401.350006,1597.58208343
2023-03-30,403.700012,1606.93659194
2023-03-31,409.390015,1629.58578150
2023-04-03,410.950012,1635.79528992
2023-04-04,408.670013,1626.71971824
2023-04-05,407.600006,1622.46048955
2023-04-06,409.190002,1628.78947001
2023-04-10,409.609985,1630.46119259
2023-04-11,409.720001,1630.89896141
2023-04-12,408.049988,1624.25155761
2023-04-13,413.470001,1645.82587853
2023-04-14,412.459991,1641.80597359
2023-04-17,413.940002,1647.69705866
2023-04-18,414.209991,1648.77180074
2023-04-19,414.140015,1648.49311703
2023-04-20,411.880005,1639.49702463
2023-04-21,412.200012,1640.77084458
2023-04-24,412.630005,1642.48243336
2023-04-25,406.079987,1616.41006625
2023-04-26,404.359985,1609.56345801
2023-04-27,412.410004,1641.60714883
2023-04-28,415.929993,1655.61853554
2023-05-01,415.510010,1653.94655984
2023-05-02,410.839996,1635.35739454
2023-05-03,408.019989,1624.13233869
2023-05-04,405.130005,1612.62872570
2023-05-05,412.630005,1642.48243336
2023-05-08,412.739990,1642.92045531
2023-05-09,410.929993,1635.71581064
2023-05-10,412.850006,1643.35835069
2023-05-11,412.130005,1640.49228743
2023-05-12,411.589996,1638.34280327
2023-05-15,413.010010,1643.99507083
2023-05-16,410.250000,1633.00883250
2023-05-17,415.230011,1652.83195156
2023-05-18,419.230011,1668.75425803
2023-05-19,418.619995,1666.32596360
2023-05-22,418.790009,1667.00280305
2023-05-23,414.089996,1648.29403916
2023-05-24,411.089996,1636.35253078
2023-05-25,414.649994,1650.52338228
2023-05-26,420.019989,1671.89862532
2023-05-30,420.179993,1672.53521890
2023-05-31,417.850006,1663.26069591
2023-06-01,421.820007,1679.06365691
2023-06-02,427.920013,1703.34470285
2023-06-05,427.100006,1700.08086352
2023-06-06,428.029999,1703.78259823
2023-06-07,426.549988,1697.89138660
2023-06-08,429.130005,1708.16129895
2023-06-09,429.899994,1711.22606041
2023-06-12,433.799988,1726.75046426
2023-06-13,436.660004,1738.13460521
2023-06-14,437.179993,1740.20435698
2023-06-15,442.600006,1761.77893101
2023-06-16,439.459991,1755.77786586
2023-06-20,437.179993,1746.66862939
2023-06-21,434.940002,1737.71923739
2023-06-22,436.510010,1743.99177238
2023-06-23,433.209991,1730.80719797
2023-06-26,431.440002,1723.73544063
2023-06-27,436.170013,1742.63328421
2023-06-28,436.390015,1743.51249208
2023-06-29,438.109985,1750.38403251
2023-06-30,443.279999,1771.04016527
2023-07-03,443.790009,1773.07751785
2023-07-05,443.130005,1770.44078015
2023-07-06,439.660004,1756.57658198
2023-07-07,438.549988,1752.14219514
2023-07-10,439.660004,1756.57658198
2023-07-11,442.459991,1767.76379657
2023-07-12,446.019989,1781.98691708
2023-07-13,449.559998,1796.13043176
2023-07-14,449.279999,1795.01190014
2023-07-17,450.839996,1801.24444236
2023-07-18,454.190002,1814.62872744
2023-07-19,455.200012,1818.66407262
2023-07-20,452.179993,1806.59815639
2023-07-21,452.179993,1806.59815639
2023-07-24,454.200012,1814.66872020
2023-07-25,455.440002,1819.62301289
2023-07-26,455.510010,1819.90245596
2023-07-27,452.489990,1807.83666629
2023-07-28,456.920013,1825.53599273
2023-07-31,457.790009,1829.01194554
2023-08-01,456.480011,1823.77808323
2023-08-02,450.130005,1798.40774088
2023-08-03,448.839996,1793.25386407
2023-08-04,446.809998,1785.14318095
2023-08-07,450.709991,1800.72491619
2023-08-08,448.750000,1792.89405582
2023-08-09,445.750000,1780.90812510
2023-08-10,445.910004,1781.54750299
2023-08-11,445.649994,1780.50883032
2023-08-14,448.109985,1790.33743019
2023-08-15,442.890015,1769.48183988
2023-08-16,439.640015,1756.49697614
2023-08-17,436.290009,1743.11269106
2023-08-18,436.500000,1743.95177962
2023-08-21,439.339996,1755.29833245
2023-08-22,438.149994,1750.54362386
2023-08-23,443.029999,1770.04110569
2023-08-24,436.890015,1745.50985189
2023-08-25,439.970001,1757.81534499
2023-08-28,442.760010,1768.96231371
2023-08-29,449.160004,1794.53261984
2023-08-30,451.010010,1801.92368645
2023-08-31,450.350006,1799.28707531
2023-09-01,451.190002,1802.64279673
2023-09-05,449.239990,1794.85192911
2023-09-06,446.220001,1782.78626600
2023-09-07,444.850006,1777.31270026
2023-09-08,445.519989,1779.98917759
2023-09-11,448.450012,1791.69579180
2023-09-12,445.989990,1781.86719193
2023-09-13,446.510010,1783.94479038
2023-09-14,450.359985,1799.32694151
2023-09-15,443.369995,1777.64770288
2023-09-18,443.630005,1778.69042544
2023-09-19,442.709991,1775.00159979
2023-09-20,438.640015,1758.68341564
2023-09-21,431.390015,1729.61526192
2023-09-22,430.420013,1725.72621936
2023-09-25,432.230011,1732.98325960
2023-09-26,425.880005,1707.52343978
2023-09-27,426.049988,1708.20496193
2023-09-28,428.519989,1718.10797871
2023-09-29,427.480011,1713.93848060
2023-10-02,427.309998,1713.25683189
2023-10-03,421.589996,1690.32288378
2023-10-04,424.660004,1702.63192053
2023-10-05,424.500000,1701.99026458
2023-10-06,429.540009,1722.19787097
2023-10-09,432.290009,1733.22359582
2023-10-10,434.540009,1742.24487354
2023-10-11,436.320007,1749.38142926
2023-10-12,433.660004,1738.71652515
2023-10-13,431.500000,1730.05619473
2023-10-16,436.040009,1748.25884775
2023-10-17,436.019989,1748.17873567
2023-10-18,430.209991,1724.88434650
2023-10-19,426.429993,1709.72861006
2023-10-20,421.190002,1688.71925013
2023-10-23,420.459991,1685.79256494
2023-10-24,423.630005,1698.50228863
2023-10-25,417.549988,1674.12493102
2023-10-26,412.549988,1654.07805501
2023-10-27,410.679993,1646.58067855
2023-10-30,415.589996,1666.26686038
2023-10-31,418.200012,1676.73116791
2023-11-01,422.660004,1694.61349919
2023-11-02,430.760010,1727.08913710
2023-11-03,434.690002,1742.84653673
2023-11-06,435.690002,1746.85555757
2023-11-07,436.929993,1751.82718889
2023-11-08,437.250000,1753.11024768
2023-11-09,433.839996,1739.43841974
2023-11-10,440.609985,1766.58185871
2023-11-13,440.190002,1764.89785987
2023-11-14,448.730011,1799.13811494
2023-11-15,449.679993,1802.94729855
2023-11-16,450.230011,1805.15246883
2023-11-17,450.790009,1807.39763187
2023-11-20,454.260010,1821.31004915
2023-11-21,453.269989,1817.34089452
2023-11-22,455.019989,1824.35721885
2023-11-24,455.299988,1825.48018005
2023-11-27,454.480011,1822.19216789
2023-11-28,454.929993,1823.99652468
2023-11-29,454.609985,1822.71321277
2023-11-30,456.399994,1829.89039406
2023-12-01,459.100006,1840.71564888
2023-12-04,456.690002,1831.05322145
2023-12-05,456.600006,1830.69227416
2023-12-06,454.760010,1823.31487597
2023-12-07,458.230011,1837.22716669
2023-12-08,460.200012,1845.12636913
2023-12-11,461.989990,1852.30266449
2023-12-12,464.100006,1860.76265145
2023-12-13,470.500000,1886.42268817
2023-12-14,472.010010,1892.47716137
2023-12-15,469.329987,1889.36126994
2023-12-18,471.970001,1899.98896561
2023-12-19,474.839996,1911.54256955
2023-12-20,468.260010,1885.05382214
2023-12-21,472.700012,1902.92767394
2023-12-22,473.649994,1906.75204467
2023-12-26,475.649994,1914.80311833
2023-12-27,476.510010,1918.26540273
2023-12-28,476.690002,1918.99008162
2023-12-29,475.309998,1913.43463197
2024-01-02,472.649994,1902.72619144
2024-01-03,468.790009,1887.18761294
2024-01-04,467.279999,1881.10858722
2024-01-05,467.920013,1883.68520922
2024-01-08,474.600006,1910.57641539
2024-01-09,473.880005,1907.67795294
2024-01-10,476.559998,1918.46675867
2024-01-11,476.350006,1917.62134215
2024-01-12,476.679993,1918.94970919
2024-01-16,474.929993,1911.90465587
2024-01-17,472.290009,1901.27721333
2024-01-18,476.489990,1918.18478442
2024-01-19,482.429993,1942.09716294
2024-01-22,483.450012,1946.20350792
2024-01-23,484.859985,1951.87944209
2024-01-24,485.390015,1954.01323289
2024-01-25,488.029999,1964.64092855
2024-01-26,487.410004,1962.14517798
2024-01-29,491.269989,1977.68413616
2024-01-30,490.890015,1976.15441318
2024-01-31,482.880005,1943.90873362
2024-02-01,489.200012,1969.35083512
2024-02-02,494.350006,1990.08303006
2024-02-05,492.549988,1982.83674736
2024-02-06,493.980011,1988.59393263
2024-02-07,498.100006,2005.17928359
2024-02-08,498.320007,2006.06494599
2024-02-09,501.200012,2017.65904893
2024-02-12,500.980011,2016.77300685
2024-02-13,494.079987,1988.99626484
2024-02-14,498.570007,2007.07147258
2024-02-15,502.010010,2020.91985083
2024-02-16,499.510010,2010.85572399
2024-02-20,496.760010,1999.78481745
2024-02-21,497.209991,2001.59651468
2024-02-22,507.500000,2043.02027900
2024-02-23,507.850006,2044.42951747
2024-02-26,505.989990,2036.94163296
2024-02-27,506.929993,2040.72575781
2024-02-28,506.260010,2038.02865130
2024-02-29,508.079987,2045.35542575
2024-03-01,512.849976,2064.55777114
2024-03-04,512.299988,2062.34361515
2024-03-05,507.179993,2041.73215784
2024-03-06,509.750000,2052.07813237
2024-03-07,514.809998,2072.44798786
2024-03-08,511.720001,2060.00884808
2024-03-11,511.279999,2058.23752328
2024-03-12,516.780029,2080.37870357
2024-03-13,515.969971,2077.11777511
2024-03-14,514.950012,2073.01155669
2024-03-15,509.829987,2058.77704583
2024-03-18,512.859985,2071.01267816
2024-03-19,515.710022,2082.52160665
2024-03-20,520.479980,2101.78368806
2024-03-21,522.200012,2108.72926572
2024-03-22,521.210022,2104.73138211
2024-03-25,519.770020,2098.91661233
2024-03-26,518.809998,2095.03984603
2024-03-27,523.169983,2112.64627790
2024-03-28,523.070007,2112.24230043
2024-04-01,522.159973,2108.56739630
2024-04-02,518.840027,2095.16071022
2024-04-03,519.409973,2097.46282497
2024-04-04,513.070007,2071.86087899
2024-04-05,518.429993,2093.50531379
2024-04-08,518.719971,2094.67636755
2024-04-09,519.320007,2097.09909337
2024-04-10,514.119995,2076.10087066
2024-04-11,518.000000,2091.76879282
2024-04-12,510.850006,2062.89604675
2024-04-15,504.450012,2037.05173960
2024-04-16,503.529999,2033.33671616
2024-04-17,500.549988,2021.30294601
2024-04-18,499.519989,2017.14357266
2024-04-19,495.160004,1999.53726734
2024-04-22,499.720001,2017.95152761
2024-04-23,505.649994,2041.89744436
2024-04-24,505.410004,2040.92850591
2024-04-25,503.489990,2033.17522642
2024-04-26,508.260010,2052.43705471
2024-04-29,510.059998,2059.70586497
2024-04-30,501.980011,2027.07746991
2024-05-01,500.350006,2020.49549729
2024-05-02,505.029999,2039.39384711
2024-05-03,511.290009,2064.67306672
2024-05-06,516.570007,2085.99439548
2024-05-07,517.140015,2088.29587743
2024-05-08,517.190002,2088.49811929
2024-05-09,520.169983,2100.53176288
2024-05-10,520.840027,2103.23747543
2024-05-13,520.909973,2103.51982936
2024-05-14,523.299988,2113.17124612
2024-05-15,529.780029,2139.33840620
2024-05-16,528.690002,2134.93667167
2024-05-17,529.450012,2138.00573614
2024-05-20,530.059998,2140.46959376
2024-05-21,531.359985,2145.71902288
2024-05-22,529.830017,2139.54064806
2024-05-23,525.960022,2123.91309833
2024-05-24,529.440002,2137.96574339
2024-05-28,529.809998,2139.45990319
2024-05-29,526.099976,2124.47780619
2024-05-30,522.609985,2110.38466214
2024-05-31,527.369995,2129.60649768
2024-06-03,527.799988,2131.34289210
2024-06-04,528.390015,2133.72524548
2024-06-05,534.669983,2159.08495685
2024-06-06,534.659973,2159.04471097
2024-06-07,534.010010,2156.41986985
2024-06-10,535.659973,2163.08246078
2024-06-11,536.950012,2168.29189714
2024-06-12,541.359985,2186.10057087
2024-06-13,542.450012,2190.50230540
2024-06-14,542.780029,2191.83497545
2024-06-17,547.099976,2209.27941135
2024-06-18,548.489990,2214.89231895
2024-06-20,547.000000,2208.87568699
2024-06-21,544.510010,2205.91419797
2024-06-24,542.739990,2198.74359778
2024-06-25,544.830017,2207.21067205
2024-06-26,545.510010,2209.96536308
2024-06-27,546.369995,2213.44928913
2024-06-28,544.219971,2204.73922088
2024-07-01,545.340027,2209.27713328
2024-07-02,549.010010,2224.14482061
2024-07-03,551.460022,2234.07011183
2024-07-05,554.640015,2246.95258904
2024-07-08,555.280029,2249.54604344
2024-07-09,555.820007,2251.73324229
2024-07-10,561.320007,2274.01503003
2024-07-11,556.479980,2254.40693533
2024-07-12,559.989990,2268.62663874
2024-07-15,561.530029,2274.86550893
2024-07-16,564.859985,2288.35572419
2024-07-17,556.940002,2256.27039534
2024-07-18,552.659973,2238.93150995
2024-07-19,548.989990,2224.06356950
2024-07-22,554.650024,2246.99384740
2024-07-23,553.780029,2243.46916923
2024-07-24,541.229980,2192.62622457
2024-07-25,538.409973,2181.20196430
2024-07-26,544.440002,2205.63070501
2024-07-29,544.760010,2206.92667285
2024-07-30,542.000000,2195.74540655
2024-07-31,550.809998,2231.43691779
2024-08-01,543.010010,2199.83783000
2024-08-02,532.900024,2158.88018380
2024-08-05,517.380005,2096.00574706
2024-08-06,522.150024,2115.32958944
2024-08-07,518.659973,2101.19088402
2024-08-08,530.650024,2149.76461937
2024-08-09,532.989990,2159.24442164
2024-08-12,533.270020,2160.37915286
2024-08-13,542.039978,2195.90790877
2024-08-14,543.750000,2202.83551499
2024-08-15,553.070007,2240.59272810
2024-08-16,554.309998,2245.61561597
2024-08-19,559.609985,2267.08717069
2024-08-20,558.700012,2263.40074966
2024-08-21,560.619995,2271.17908790
2024-08-22,556.219971,2253.35345522
2024-08-23,562.130005,2277.29620799
2024-08-26,560.789978,2271.86731770
2024-08-27,561.559998,2274.98700591
2024-08-28,558.299988,2261.78028362
2024-08-29,558.349976,2261.98252547
2024-08-30,563.679993,2283.57557718
2024-09-03,552.080017,2236.58180888
2024-09-04,550.950012,2232.00365060
2024-09-05,549.609985,2226.57551967
2024-09-06,540.359985,2189.10230576
2024-09-09,546.409973,2213.61153823
2024-09-10,548.789978,2223.25384272
2024-09-11,554.419983,2246.06135803
2024-09-12,559.090027,2264.98046359
2024-09-13,562.010010,2276.80971381
2024-09-16,562.840027,2280.17239600
2024-09-17,563.070007,2281.10437912
2024-09-18,561.400024,2274.33902199
2024-09-19,570.979980,2313.14920898
2024-09-20,568.250000,2309.15043945
2024-09-23,569.669983,2314.92104001
2024-09-24,571.299988,2321.54490377
2024-09-25,570.039978,2316.42456520
2024-09-26,572.299988,2325.60847169
2024-09-27,571.469971,2322.23541164
2024-09-30,573.760010,2331.54081512
2024-10-01,568.619995,2310.65421776
2024-10-02,568.859985,2311.62923107
2024-10-03,567.820007,2307.40341405
2024-10-04,572.979980,2328.37151563
2024-10-07,567.799988,2307.32190982
2024-10-08,573.169983,2329.14378085
2024-10-09,577.140015,2345.27655554
2024-10-10,576.130005,2341.17198238
2024-10-11,579.580017,2355.19146889
2024-10-14,584.320007,2374.45329718
2024-10-15,579.780029,2356.00423309
2024-10-16,582.299988,2366.24491024
2024-10-17,582.349976,2366.44740521
2024-10-18,584.590027,2375.55056683
2024-10-21,583.630005,2371.64950113
2024-10-22,583.320007,2370.38947615
2024-10-23,577.989990,2348.73010734
2024-10-24,579.239990,2353.80969380
2024-10-25,579.039978,2352.99692959
2024-10-28,580.830017,2360.27105534
2024-10-29,581.770020,2364.09112306
2024-10-30,580.010010,2356.93900052
2024-10-31,568.640015,2310.73546887
2024-11-01,571.039978,2320.48863936
2024-11-04,569.809998,2315.48979777
2024-11-05,576.700012,2343.48801866
2024-11-06,591.039978,2401.76050397
2024-11-07,595.609985,2420.33131817
2024-11-08,598.190002,2430.81524240
2024-11-11,598.760010,2433.13178492
2024-11-12,596.900024,2425.57340684
2024-11-13,597.190002,2426.75167448
2024-11-14,593.349976,2411.14741168
2024-11-15,585.750000,2380.26414362
2024-11-18,588.150024,2390.01680787
2024-11-19,590.299988,2398.75345359
2024-11-20,590.500000,2399.56596468
2024-11-21,593.669983,2412.44793565
2024-11-22,595.510010,2419.92506262
2024-11-25,597.530029,2428.13370269
2024-11-26,600.650024,2440.81191310
2024-11-27,598.830017,2433.41603724
2024-11-29,602.549988,2448.53304651
2024-12-02,603.630005,2452.92136574
2024-12-03,603.909973,2454.05913439
2024-12-04,607.659973,2469.29764064
2024-12-05,606.659973,2465.23381960
2024-12-06,607.809998,2469.90740364
2024-12-09,604.679993,2457.18818799
2024-12-10,602.799988,2449.54906505
2024-12-11,607.460022,2468.48538267
2024-12-12,604.330017,2455.76642015
2024-12-13,604.210022,2455.27815414
2024-12-16,606.789978,2465.76233149
2024-12-17,604.289978,2455.60341169
2024-12-18,586.280029,2382.41793080
2024-12-19,586.099976,2381.68667082
2024-12-20,591.150024,2410.29262976
2024-12-23,594.690002,2424.72647161
2024-12-24,601.299988,2451.67703412
2024-12-26,601.340027,2451.84004257
2024-12-27,595.010010,2426.03079237
2024-12-30,588.219971,2398.34618557
2024-12-31,586.080017,2389.62093020
2025-01-02,584.640015,2383.74933527
2025-01-03,591.950012,2413.55431758
2025-01-06,595.359985,2427.45812882
2025-01-07,588.630005,2400.01803471
2025-01-08,589.489990,2403.52448833
2025-01-10,580.489990,2366.82860200
2025-01-13,581.390015,2370.49831720
2025-01-14,582.190002,2373.76025813
2025-01-15,592.780029,2416.93876797
2025-01-16,591.640015,2412.29049581
2025-01-17,597.580017,2436.50990734
2025-01-21,603.049988,2458.81194458
2025-01-22,606.440002,2472.63450472
2025-01-23,609.750000,2486.13003547
2025-01-24,607.969971,2478.87261555
2025-01-27,599.369995,2443.80807938
2025-01-28,604.520020,2464.80604897
2025-01-29,601.809998,2453.75665752
2025-01-30,605.039978,2466.92617136
2025-01-31,601.820007,2453.79715651
2025-02-03,597.770020,2437.28419751
2025-02-04,601.780029,2453.63414806
2025-02-05,604.219971,2463.58297932
2025-02-06,606.320007,2472.14522623
2025-02-07,600.770020,2449.51641273
2025-02-10,604.849976,2466.15137496
2025-02-11,605.309998,2468.02723779
2025-02-12,603.359985,2460.07627258
2025-02-13,609.729980,2486.04853124
2025-02-14,609.700012,2485.92652802
2025-02-18,611.489990,2493.22470005
2025-02-19,612.929993,2499.09604186
2025-02-20,610.380005,2488.69893735
2025-02-21,599.940002,2446.13221546
2025-02-24,597.210022,2435.00081354
2025-02-25,594.239990,2422.89136089
2025-02-26,594.539978,2424.11417742
2025-02-27,585.049988,2385.42093129
2025-02-28,594.179993,2422.64684821
2025-03-03,583.770020,2380.20238265
2025-03-04,576.859985,2352.02799113
2025-03-05,583.059998,2377.30695762
2025-03-06,572.710022,2335.10725787
2025-03-07,575.919983,2348.19501437
2025-03-10,560.580017,2285.64988508
2025-03-11,555.919983,2266.64952842
2025-03-12,558.869995,2278.67747684
2025-03-13,551.419983,2248.30171182
2025-03-14,562.809998,2294.74216259
2025-03-17,567.150024,2312.43743914
2025-03-18,561.020020,2287.44373744
2025-03-19,567.130005,2312.35593491
2025-03-20,565.489990,2305.66929770
2025-03-21,563.979980,2306.42966634
2025-03-24,574.080017,2347.73459142
2025-03-25,575.460022,2353.37837950
2025-03-26,568.590027,2325.28270790
2025-03-27,567.080017,2319.10737051
2025-03-28,555.659973,2272.40468874
2025-03-31,559.390015,2287.65863524
2025-04-01,560.969971,2294.12024990
2025-04-02,564.520020,2308.63812716
2025-04-03,536.700012,2194.86657835
2025-04-04,505.279999,2066.37288548
2025-04-07,504.380005,2062.69228618
2025-04-08,496.480011,2030.38471910
2025-04-09,548.619995,2243.61445938
2025-04-10,524.580017,2145.30137699
2025-04-11,533.940002,2183.57950843
2025-04-14,539.119995,2204.76352028
2025-04-15,537.609985,2198.58818288
2025-04-16,525.659973,2149.71804552
2025-04-17,526.409973,2152.78508504
2025-04-21,513.880005,2101.54309872
2025-04-22,527.250000,2156.22041230
2025-04-23,535.419983,2189.63183012
2025-04-24,546.690002,2235.72145835
2025-04-25,550.640015,2251.87524190
2025-04-28,550.849976,2252.73382059
2025-04-29,554.320007,2266.92492159
2025-04-30,554.539978,2267.82450551
2025-05-01,558.469971,2283.89602547
2025-05-02,566.760010,2317.79899985
2025-05-05,563.510010,2304.50773590
2025-05-06,558.799988,2285.24590760
2025-05-07,561.150024,2294.85657226
2025-05-08,565.059998,2310.84658799
2025-05-09,564.340027,2307.90231105
2025-05-12,582.989990,2384.17254977
2025-05-13,586.840027,2399.91729346
2025-05-14,587.590027,2402.98458610
2025-05-15,590.460022,2414.72119487
2025-05-16,594.200012,2430.01639972
2025-05-19,594.849976,2432.67439939
2025-05-20,592.849976,2424.49537422
2025-05-21,582.859985,2383.64049422
2025-05-22,583.090027,2384.58133650
2025-05-23,579.109985,2368.30504349
2025-05-27,591.150024,2417.54346859
2025-05-28,587.729980,2403.55688752
2025-05-29,590.049988,2413.04453648
2025-05-30,589.390015,2410.34603781
2025-06-02,592.710022,2423.92307279
2025-06-03,596.090027,2437.74563293
2025-06-04,595.929993,2437.09106792
2025-06-05,593.049988,2425.31320080
2025-06-06,599.140015,2450.21881718
2025-06-09,599.679993,2452.42702488
2025-06-10,603.080017,2466.33184861
2025-06-11,601.359985,2459.29767940
2025-06-12,603.750000,2469.07185874
2025-06-13,597.000000,2441.46723746
2025-06-16,602.679993,2464.69568921
2025-06-17,597.530029,2443.63469305
2025-06-18,597.440002,2443.26640532
2025-06-20,594.280029,2437.52871019
2025-06-23,600.150024,2461.60510964
2025-06-24,606.780029,2488.79891925
2025-06-25,607.119995,2490.19360339
2025-06-26,611.869995,2509.67640433
2025-06-27,614.909973,2522.14528556
2025-06-30,617.849976,2534.20411446
2025-07-01,617.650024,2533.38400981
2025-07-02,620.450012,2544.86876546
2025-07-03,625.340027,2564.92589277
2025-07-07,620.679993,2545.81163269
2025-07-08,620.340027,2544.41745478
2025-07-09,624.059998,2559.67545118
2025-07-10,625.820007,2566.89414393
2025-07-11,623.619995,2557.87096783
2025-07-14,624.809998,2562.75160297
2025-07-15,622.140015,2551.80042159
2025-07-16,624.219971,2560.33153490
2025-07-17,628.039978,2576.00008986
2025-07-18,627.580017,2574.11334292
2025-07-21,628.770020,2578.99423119
2025-07-22,628.859985,2579.36327828
2025-07-23,634.210022,2601.30715253
2025-07-24,634.419983,2602.16851553
2025-07-25,637.099976,2613.16095527
2025-07-28,636.940002,2612.50487155
2025-07-29,635.260010,2605.61396753
2025-07-30,634.460022,2602.33278958
2025-07-31,632.080017,2592.57075993
2025-08-01,621.719971,2550.07718934
2025-08-04,631.169983,2588.83827130
2025-08-05,627.969971,2575.71280011
2025-08-06,632.780029,2595.44188556
2025-08-07,632.250000,2593.26810200
2025-08-08,637.179993,2613.48899713
2025-08-11,635.919983,2608.32107224
2025-08-12,642.690002,2636.08920821
2025-08-13,644.890015,2645.11289055
2025-08-14,644.950012,2645.35892195
2025-08-15,643.440002,2639.16536001
2025-08-18,643.299988,2638.59128675
2025-08-19,639.809998,2624.27641070
2025-08-20,638.109985,2617.30349623
2025-08-21,635.549988,2606.80362551
2025-08-22,645.309998,2646.83586968
2025-08-25,642.469971,2635.18683998
2025-08-26,645.159973,2646.22028495
2025-08-27,646.630005,2652.24957284
2025-08-28,648.919983,2661.64230228
2025-08-29,645.049988,2645.76897427
2025-09-02,640.270020,2626.16341076
2025-09-03,643.739990,2640.39577010
2025-09-04,649.119995,2662.46291316
2025-09-05,647.239990,2654.75165138
2025-09-08,648.830017,2661.27350830
2025-09-09,650.330017,2667.42581189
2025-09-10,652.210022,2675.13682056
2025-09-11,657.630005,2697.36798455
2025-09-12,657.409973,2696.46511008
2025-09-15,660.909973,2710.82099136
2025-09-16,660.000000,2707.08875584
2025-09-17,659.179993,2703.72556742
2025-09-18,662.260010,2716.35821646
2025-09-19,663.700012,2729.81223574
2025-09-22,666.840027,2742.72711216
2025-09-23,663.210022,2727.79715762
2025-09-24,661.099976,2719.11822297
2025-09-25,658.049988,2706.57365925
2025-09-26,661.820007,2722.07996511
2025-09-29,663.679993,2729.72997216
2025-09-30,666.179993,2740.01241389
2025-10-01,668.450012,2749.34920409
2025-10-02,669.219971,2752.51571927
2025-10-03,669.210022,2752.47496715
2025-10-06,671.609985,2762.34609097
2025-10-07,669.119995,2752.10465447
2025-10-08,673.109985,2768.51560663
2025-10-09,671.159973,2760.49528689
2025-10-10,653.020020,2685.88500073
2025-10-13,663.039978,2727.09753748
2025-10-14,662.229980,2723.76598890
2025-10-15,665.169983,2735.85848259
2025-10-16,660.640015,2717.22641367
2025-10-17,664.390015,2732.65020282
2025-10-20,671.299988,2761.07113198
2025-10-21,671.289978,2761.02962051
2025-10-22,667.799988,2746.67551106
2025-10-23,671.760010,2762.96319440
2025-10-24,677.250000,2785.54366223
2025-10-27,685.239990,2818.40657178
2025-10-28,687.059998,2825.89230479
2025-10-29,687.390015,2827.24952736
2025-10-30,679.830017,2796.15515829
2025-10-31,682.059998,2805.32716821
2025-11-03,683.340027,2810.59203757
2025-11-04,675.239990,2777.27655174
2025-11-05,677.580017,2786.90088480
2025-11-06,670.309998,2756.99921114
2025-11-07,670.969971,2759.71365628
2025-11-10,681.440002,2802.77725023
2025-11-11,683.000000,2809.19330352
2025-11-12,683.380005,2810.75631161
2025-11-13,672.039978,2764.11463146
2025-11-14,671.929993,2763.66256142
2025-11-17,665.669983,2737.91481906
2025-11-18,660.080017,2714.92328644
2025-11-19,662.630005,2725.41151369
2025-11-20,652.530029,2683.86992261
2025-11-21,659.030029,2710.60457485
2025-11-24,668.729980,2750.50038802
2025-11-25,675.020020,2776.37139920
2025-11-26,679.679993,2795.53830798
2025-11-28,683.390015,2810.79756997
2025-12-01,680.270020,2797.96495714
2025-12-02,681.530029,2803.14756291
2025-12-03,683.890015,2812.85415956
2025-12-04,684.390015,2814.91049603
2025-12-05,685.690002,2820.25737586
2025-12-08,683.630005,2811.78473297
2025-12-09,683.039978,2809.35757757
2025-12-10,687.570007,2827.99015273
2025-12-11,689.169983,2834.57073320
2025-12-12,681.760010,2804.09321445
2025-12-15,680.729980,2799.85676644
2025-12-16,678.869995,2792.20675939
2025-12-17,671.400024,2761.48244989
2025-12-18,676.469971,2782.33512934
2025-12-19,680.590027,2807.55284110
2025-12-22,684.830017,2825.04359772
2025-12-23,687.960022,2837.95518359
2025-12-24,690.380005,2847.93818588
2025-12-26,690.309998,2847.64937742
2025-12-29,687.849976,2837.50134173
2025-12-30,687.010010,2834.03639958
2025-12-31,681.919983,2813.03918934
2026-01-02,683.169983,2818.19547077
2026-01-05,687.719971,2836.96498316
2026-01-06,691.809998,2853.83711763
2026-01-07,689.580017,2844.63802402
2026-01-08,689.510010,2844.34921556
2026-01-09,694.070007,2863.15998630
2026-01-12,695.159973,2867.65638723
2026-01-13,693.770020,2861.92248888
2026-01-14,690.359985,2847.85566918
2026-01-15,692.239990,2855.61097361
2026-01-16,691.659973,2853.21824236
2026-01-20,677.580017,2795.13584921
2026-01-21,685.400024,2827.39481750
2026-01-22,688.979980,2842.16302918
2026-01-23,689.229980,2843.19398172
2026-01-26,692.729980,2857.63212659
2026-01-27,695.489990,2869.01765970
2026-01-28,695.419983,2868.72885124
2026-01-29,694.039978,2863.03621124
2026-01-30,691.969971,2854.49699813
2026-02-02,695.409973,2868.68784601
2026-02-03,689.530029,2844.43173226
2026-02-04,686.190002,2830.65372102
2026-02-05,677.619995,2795.30088262
2026-02-06,690.619995,2848.92813319
2026-02-09,693.950012,2862.66513920
2026-02-10,692.119995,2855.11587340
2026-02-11,691.960022,2854.45599290
2026-02-12,681.270020,2810.35790275
2026-02-13,681.750000,2812.33779737
2026-02-17,682.849976,2816.87545665
2026-02-18,686.289978,2831.06605141
2026-02-19,684.479980,2823.59930231
2026-02-20,689.429993,2844.01940187
2026-02-23,682.390015,2814.97807873
2026-02-24,687.349976,2835.43867728
2026-02-25,693.150024,2859.36497734
2026-02-26,689.299988,2843.48279018
2026-02-27,685.989990,2829.82855399
2026-03-02,686.380005,2831.43762969
2026-03-03,680.330017,2806.48037709
2026-03-04,685.130005,2826.28084202
2026-03-05,681.309998,2810.52293615
2026-03-06,672.380005,2773.68505023
2026-03-09,678.270020,2797.98242233
2026-03-10,677.179993,2793.48576828
2026-03-11,676.330017,2789.97956778
2026-03-12,666.059998,2747.61382215
2026-03-13,662.289978,2732.06195492
2026-03-16,669.030029,2759.86578064
2026-03-17,670.789978,2767.12573174
2026-03-18,661.429993,2728.51424295
2026-03-19,659.799988,2721.79039729
2026-03-20,648.570007,2682.77138737
2026-03-23,655.380005,2710.94046339
2026-03-24,653.179993,2701.84033920
2026-03-25,656.820007,2716.89685309
2026-03-26,645.090027,2668.37652580
2026-03-27,634.090027,2622.87565171
2026-03-30,631.969971,2614.10635368
2026-03-31,650.340027,2690.09284632
2026-04-01,655.239990,2710.36132776
2026-04-02,655.830017,2712.80189845
2026-04-06,658.929993,2725.62489277
2026-04-07,659.219971,2726.82416926
2026-04-08,676.010010,2796.27538969
2026-04-09,679.909973,2812.40715190
2026-04-10,679.460022,2810.54596996
2026-04-13,686.099976,2838.01188218
2026-04-14,694.460022,2872.59270849
2026-04-15,699.940002,2895.26024915
2026-04-16,701.659973,2902.37491011
2026-04-17,710.140015,2937.45210223
2026-04-20,708.719971,2931.57797611
2026-04-21,704.080017,2912.38524922
2026-04-22,711.210022,2941.87813615
2026-04-23,708.450012,2930.46146944
2026-04-24,713.940002,2953.17052157
2026-04-27,715.169983,2958.25820783
2026-04-28,711.690002,2943.86334627
2026-04-29,711.580017,2943.40849193
2026-04-30,718.659973,2972.69432774
2026-05-01,720.650024,2980.92600161
2026-05-04,718.010010,2970.00570071
2026-05-05,723.770020,2993.83176575
2026-05-06,733.830017,3035.44423008
2026-05-07,731.580017,3026.13730789
2026-05-08,737.619995,3051.12139107
2026-05-11,739.299988,3058.07051239
2026-05-12,738.179993,3053.43768047
2026-05-13,742.309998,3070.52116907
2026-05-14,748.169983,3094.76083010
2026-05-15,739.169983,3057.53288823
2026-05-18,738.650024,3055.38188535
2026-05-19,733.729980,3035.03063409
2026-05-20,741.250000,3066.13664662
2026-05-21,742.719971,3072.21706449
2026-05-22,745.640015,3084.29563665
2026-05-26,750.590027,3104.77116921
2026-05-27,750.460022,3104.23329193
2026-05-28,754.599976,3121.35803888
2026-05-29,756.479980,3129.13460529
2026-06-01,758.539978,3137.65559386
2026-06-02,759.570007,3141.91634126
2026-06-03,754.239990,3119.86894146
2026-06-04,757.090027,3131.65794580
2026-06-05,737.549988,3050.83182326
2026-06-08,739.219971,3057.73943310
2026-06-09,737.049988,3048.76359020
2026-06-10,725.429993,3000.69811725
2026-06-11,737.760010,3051.70052670
2026-06-12,741.750000,3068.20487967
2026-06-15,754.830017,3122.30951215
2026-06-16,750.330017,3103.69566777
2026-06-17,740.960022,3064.93711700
2026-06-18,746.739990,3096.80324505
2026-06-22,744.390015,3087.05766812
2026-06-23,733.580017,3042.22755863
2026-06-24,733.239990,3040.81743425
2026-06-25,734.299988,3045.21334704
2026-06-26,728.989990,3023.19227159
2026-06-29,741.000000,3072.99894821
2026-06-30,746.770020,3096.92777946
2026-07-01,745.760010,3092.73917089
2026-07-02,744.780029,3088.67509673
2026-07-06,751.280029,3115.63122786
2026-07-07,747.710022,3100.82606085
2026-07-08,745.400024,3091.24627668
2026-07-09,751.710022,3117.41444923
2026-07-10,754.950012,3130.85100333
2026-07-13,749.169983,3106.88066061
2026-07-14,751.830017,3117.91208064
2026-07-15,754.809998,3130.27034899
2026-07-16,750.719971,3113.30861049
2026-07-17,743.289978,3082.49570944
2026-07-20,742.090027,3077.51939542
2026-07-21,748.280029,3103.18993657
2026-07-22,747.409973,3099.58172923
2026-07-23,738.179993,3061.30410403
2026-07-24,738.929993,3064.41442685
2026-07-27,739.090027,3065.07810413
2026-07-28,740.859985,3072.41829387
2026-07-29,729.460022,3025.14153885
2026-07-30,741.690002,3075.86045533
2026-07-31,747.030029,3098.00606520
2026-08-03,757.669983,3142.13098593
2026-08-04,771.330017,3198.78047401
2026-08-05,769.789978,3192.39378249
2026-08-06,768.559998,3187.29293406
2026-08-07,773.260010,3206.78434103
2026-08-10,773.030029,3205.83058970
2026-08-11,770.559998,3195.58712825
2026-08-12,772.489990,3203.59099527
2026-08-13,777.880005,3225.94390937
2026-08-14,776.340027,3219.55747096
2026-08-17,772.669983,3204.33744237
2026-08-18,767.450012,3182.68971703
2026-08-19,769.059998,3189.36648260
2026-08-20,762.599976,3162.57614424
2026-08-21,765.719971,3175.51506693
2026-08-24,763.469971,3166.18409847
2026-08-25,765.909973,3176.30302550
2026-08-26,766.080017,3177.00821426
2026-08-27,771.099976,3197.82646956
2026-08-28,769.349976,3190.56904964
2026-08-31,767.049988,3181.03077694
2026-09-01,761.780029,3159.17574737
2026-09-02,765.159973,3173.19270268
2026-09-03,773.169983,3206.41099092
2026-09-04,770.190002,3194.05272257
2026-09-08,765.960022,3176.51058285
2026-09-09,762.400024,3161.74692732
