Symbol,Description,Price,Price - Currency,Price Change % 1 day,Volume 1 day,Relative Volume 1 day,Market capitalization,Market capitalization - Currency,Sector,Analyst Rating,Exponential Moving Average (8) 1 week,Exponential Moving Average (13) 1 week,Exponential Moving Average (21) 1 week,Performance % 1 week,Performance % 1 month,Performance % YTD,SMA 5,SMA 20,SMA 50,SMA 200,PE Ratio TTM,EPS Forecast Next FY,EPS Growth YoY TTM
NVDA,NVIDIA Corporation,224.28,USD,-0.6423603420015013,49572100,0.3289872396199996,5405147897695.413,USD,Electronic technology,Strong buy,218.89969613864295,214.9691887607928,209.94444881421748,2.5115981442969146,0.3939122649955217,18.1447046118998,226.64599999999982,220.82999999999993,211.81659999999977,197.09010000000006,28.35183171946502,9.255033,125.14871211043119
AAPL,Apple Inc.,313.45,USD,-0.875972424261602,32191958,0.8837255261659595,4574545640705.572,USD,Electronic technology,Buy,314.12754522774054,310.70519925067515,303.8432579357129,-4.1041408532574675,2.157546524133887,15.131035242695264,320.56200000000035,313.965,316.4343999999999,284.33864999999986,35.93250260795799,8.831753,32.60922440789274
GOOG,Alphabet Inc.,328.15,USD,-2.1557636114258507,11278567,0.7330212384858544,4032818757846.001,USD,Technology services,Strong buy,340.2361327838875,342.9864254860499,341.83789577320545,-0.792091181183301,-7.365063233965682,3.325041720457194,334.34000000000003,339.0495000000001,346.0813999999998,335.21170000000006,16.485559122444773,20.567627,112.01789423230548
MSFT,Microsoft Corporation,492.98,USD,-0.19637615143232526,6191617,0.2970585987546017,3660645466765.145,USD,Technology services,Strong buy,477.6250627450852,461.2573367133925,448.04906322038045,-1.37441232369711,-2.0777053869378634,1.774414979819777,498.7139999999998,494.5624999999999,449.08000000000015,431.0766000000005,27.471106801743066,19.72382,31.54908515130189
AMZN,"Amazon.com, Inc.",252.195,USD,-1.8581935634509998,19533433,0.6256478004079608,2720254586427.669,USD,Retail trade,Strong buy,257.46639188226317,255.40287401930473,251.57848448112554,-0.8102102220212001,-7.961388270501077,9.014869888475832,256.31100000000004,260.13724999999977,254.67610000000016,239.442475,20.284976593793733,12.714129,89.7295812477109
AVGO,Broadcom Inc.,365.16,USD,-0.9225092250922446,11984380,0.43990891267060844,1737277929820.522,USD,Electronic technology,Strong buy,375.5104625928915,379.28279361808694,378.8172701096952,-1.2226790737935462,-14.480432797021003,3.5107363050102895,363.2030000000001,373.08524999999975,383.5862999999995,370.02755000000013,46.60565914921316,11.613046,100.17117163149555
META,"Meta Platforms, Inc.",652.18,USD,6.308274108365379,24872813,1.347394032699998,1661432497556.8364,USD,Technology services,Strong buy,604.5874335376083,602.5462562483856,606.0196998336713,12.68087459073749,8.85450569993156,-1.591157720019627,617.1919999999998,580.4620000000003,598.5478000000003,622.6783000000003,24.56634661383095,31.398658,-3.857269092594742
TSLA,"Tesla, Inc.",368.66,USD,0.13581051716644937,23923774,0.5640432733353005,1456040235435.3538,USD,Consumer durables,Buy,356.908884756516,362.23673444928824,370.74874043228203,2.2890596820288005,12.879866501324269,-19.471384884228918,364.85499999999945,352.09574999999984,356.85310000000027,399.2163,342.52531821982717,1.705422,-37.67083622886263
MU,"Micron Technology, Inc.",1023.62,USD,2.3353927978725544,17284097,0.7087408214806212,1156069341921.8315,USD,Electronic technology,Strong buy,963.4579483189027,928.0297521401278,856.1069846360842,9.969113420890066,18.520491162661454,246.84286319356204,990.9420000000003,958.0217500000005,933.2049,614.3268250000002,23.17345111507037,73.3679,697.287150515315
LLY,Eli Lilly and Company,1120.58,USD,-0.29628706924933085,954548,0.3944921009460515,1054865921516.3065,USD,Health technology,Strong buy,1163.728237118267,1153.4989306286147,1126.7321904676057,-3.7426448481725,-5.4370849191146124,4.104422147900393,1142.7059999999994,1192.4719999999995,1187.6314000000002,1064.1527499999995,38.077277252787205,36.394959,95.1428306190653
BRK.A,Berkshire Hathaway Inc.,764068.84,USD,0.8284395037681851,108,0.690537084398977,981309127496.8818,USD,Finance,Buy,756442.2600710859,751999.7414441248,747022.7946660303,1.1495912680288816,-2.458259343184506,1.875845333333329,760546.3699999998,755708.2420000001,755100.3504000009,738679.4237500003,12.807631453714558,33247.814093,36.30277029708534
JPM,JP Morgan Chase & Co.,354.495,USD,0.27863426777177835,2565365,0.4995184081489867,942313771110.4374,USD,Finance,Buy,352.4003189787164,346.07711008956056,337.4744499263417,-0.8544259544119722,-0.9679852497485684,9.92093023255814,356.98499999999984,357.6522500000001,350.7664999999999,318.8694250000005,15.186351368718674,24.815336,19.772185022704537
AMD,"Advanced Micro Devices, Inc.",523.0941,USD,3.4314272155653134,16716812,1.0162888242032249,853938011637.7834,USD,Electronic technology,Strong buy,493.48006024321387,483.46022217950525,454.6991396778728,13.83737024221454,9.642646041627378,138.9648698035633,483.92482000000035,479.4452049999999,498.62958200000014,343.87277050000006,134.24717053766202,7.630301,124.2848097622748
WMT,Walmart Inc.,105.945,USD,-0.09900990099010276,7522689,0.3211316901016048,840540754090.1841,USD,Retail trade,Strong buy,108.49338736485689,110.8250968131292,113.23852012541299,-0.02359158252336103,-4.618501012829178,-4.91810634956249,106.72899999999997,108.23675000000006,110.51690000000016,118.71922500000001,38.38447882323104,2.890467,4.131140119218296
V,Visa Inc.,368.08,USD,-0.15190972222222285,2079178,0.40771428213416994,687222819023.695,USD,Finance,Strong buy,366.6939710379804,359.86764456186046,351.7103332245174,-1.585519103767281,1.6795580110497195,5.204790350701684,373.78800000000007,372.35550000000023,364.36960000000045,334.52669999999983,31.588613406795222,13.225656,15.026505167767343
XOM,ExxonMobil Holdings Corporation,164.81,USD,2.5830947342213406,6633979,0.5116650514278994,677684250192.8639,USD,Energy minerals,Buy,158.06739971828992,155.39073983950604,152.33355133726596,0.536814493991335,6.6731391585760536,37.23873761345657,162.25999999999988,161.717,154.01780000000028,145.18614999999983,21.208884542132083,11.688016,10.170981370686484
JNJ,Johnson & Johnson,268.56,USD,-0.2080856123662315,2384125,0.38208019256857734,647202312632.4854,USD,Health technology,Strong buy,264.9339008873043,259.83581312458773,252.77287529558097,-2.249399432190437,3.6671041457577394,29.852045256745,273.3100000000004,269.0684999999998,262.2586,236.49927500000013,31.127286214330418,11.583789,-7.724064171122985
INTC,Intel Corporation,106.08,USD,1.5411122810376179,72137205,0.8495923768952129,560750074677.1306,USD,Electronic technology,Buy,99.09771333089712,99.15129729918802,95.3323302226537,19.392234102419813,7.958477508650511,180.857823669579,97.614,94.7137500000001,99.61690000000004,74.86047500000004,nan,1.499376,55.48626858150668
MA,Mastercard Incorporated,568.98,USD,-0.3345653278214662,757734,0.3119058767354073,498432146361.67975,USD,Finance,Strong buy,567.3238580902583,556.1590452964091,545.4681648325682,-2.571917808219175,1.4025770348060103,-0.30313118746824447,578.5860000000002,580.445,560.3375999999992,530.7600999999999,31.30236729035204,19.955542,22.61557038106353
ORCL,Oracle Corporation,164.27,USD,1.0767905488555254,14453815,0.627803875798181,473174974946.2289,USD,Technology services,Strong buy,152.82451604330896,153.88396072600398,158.29459580476373,17.118209040353644,10.798597059220302,-16.81268040715045,157.07200000000006,149.82400000000013,140.44860000000014,168.18884999999997,28.201826672160422,8.068783,34.18415535948765
ABBV,AbbVie Inc.,249.645,USD,0.3476967601897295,1319161,0.34765103943275755,441151998583.2789,USD,Health technology,Strong buy,252.19394706853507,248.1319864044071,242.0554989638313,-4.9695470118005245,1.626297577854673,9.139197341960305,255.363,257.5557499999999,254.29370000000006,228.49742499999996,70.58499208323909,14.030708,68.31485271022699
BAC,Bank of America Corporation,62.645,USD,0.40871934604905047,17527290,0.5757866139300802,438060727699.01904,USD,Finance,Strong buy,61.94231656610701,60.69344960053779,58.90737078134757,0.5860629415542742,-0.8153894870170891,13.837906596401966,62.67099999999988,62.799749999999996,61.80529999999999,54.97947500000009,14.417057902973395,4.635967,27.24983161039038
CSCO,"Cisco Systems, Inc.",109.745,USD,0.5267014747641319,5086481,0.39291624935493785,432679166833.18054,USD,Electronic technology,Strong buy,111.78877249667696,111.44181298955232,108.31798606162234,-0.5167021710556073,-10.812677773262896,43.18611781590451,109.23600000000006,111.34550000000002,114.03199999999994,95.07037500000004,32.96734657093935,5.117928,27.475683541395412
CVX,Chevron Corporation,213.34,USD,1.6873212583412738,4844039,0.6630992106842108,421511042523.17224,USD,Energy minerals,Strong buy,201.40443315783227,196.89393142628464,192.3837946014508,1.3539835621644707,12.95002117746718,40.20306903690074,210.96800000000002,204.81950000000015,192.82539999999958,181.7089500000001,20.453281690410908,16.079147,34.62660368104495
PLTR,Palantir Technologies Inc.,170.615,USD,0.18496770405167218,11437286,0.39998443467513317,410003742535.0156,USD,Technology services,Strong buy,165.16433262257485,158.07389056726404,153.13723500523443,-3.60189841233968,-0.2309806444067492,-5.893546607832323,173.44700000000003,176.45724999999993,152.13469999999998,151.41272500000002,145.8123237330143,1.602179,288.8667331339315
COST,Costco Wholesale Corporation,899.51,USD,-1.1722955898833154,1152674,0.6270379396701588,398913630888.13715,USD,Retail trade,Strong buy,932.9676445206475,942.3810523475021,951.1995858497778,-4.153480591162401,-4.558235275393385,4.455721485472746,915.8640000000007,942.8222500000005,941.7829,960.3824500000001,45.2428854530274,20.516729,12.777024612434968
LRCX,Lam Research Corporation,315.195,USD,-1.6306722426814875,2322743,0.35457252705010006,394410153282.2954,USD,Producer manufacturing,Strong buy,314.37736166884747,313.7026000360657,303.9726655542015,8.128644939965692,-1.347417840375589,77.2251897666573,304.84899999999993,313.65325000000007,318.7961,262.613125,54.68243090855467,9.489667,38.61340900346286
KO,Coca-Cola Company (The),88.075,USD,-0.32254413761882816,5786901,0.3787221400581889,378946990654.5148,USD,Consumer non-durables,Strong buy,87.40548760898426,85.9740684557698,83.96771713466035,0.20478980601855262,1.10779474227988,26.09162491052256,88.31099999999992,89.01224999999997,86.28889999999988,78.61630000000015,26.535807899731854,3.305443,17.602664493498224
CAT,"Caterpillar, Inc.",817.01,USD,-0.6650617644198068,767434,0.35396563936465936,375558953126.2034,USD,Producer manufacturing,Buy,836.9083778353279,847.2026871502355,838.7196099450547,4.945344311569537,-3.7724959954772417,41.45154867639674,809.1699999999995,821.6350000000002,864.8681999999994,775.9146249999995,35.14354046404391,27.248627,18.21556423399235
AMAT,"Applied Materials, Inc.",467.2301,USD,-1.1759766492523165,1839465,0.31828582992035437,370792604920.67236,USD,Producer manufacturing,Strong buy,490.2782759210252,494.795646177697,480.42540057244815,5.350642615558059,-15.814396396396399,74.94013029803806,453.8200200000004,484.0785050000001,526.089202,409.4617505,40.288181630048626,12.813925,38.26930872499227
MRK,"Merck & Company, Inc.",148.15,USD,-0.20881045399434345,2851493,0.35836017700409606,365511493641.8449,USD,Health technology,Strong buy,141.91907085590879,136.9470573223511,131.25327664270796,-2.2112211221122076,15.480551874658987,40.38661991850658,150.184,146.7915,135.36100000000002,118.93020000000007,118.41579410119094,2.746158,-80.7110590339341
UNH,UnitedHealth Group Incorporated,392.75,USD,-2.0182616505338724,4988804,1.0981284923327304,352530373579.9004,USD,Health services,Strong buy,399.4049369533103,397.85456988045286,389.1419107066196,-1.632980188844637,-3.879099363680867,18.693241058341776,398.26600000000025,396.0449999999999,410.6591999999992,352.34752500000025,25.255610571667418,19.759929,-32.64203819448956
DELL,Dell Technologies Inc.,542.37,USD,1.5902449988761538,5348468,0.45833216396589566,351608192450.51324,USD,Electronic technology,Strong buy,475.2106485244144,442.8094246827088,396.02644602753503,17.383400064928036,18.27162109119456,322.4065420560747,521.7959999999999,474.98450000000014,444.69540000000006,257.62200000000024,31.4849967781822,25.880235,153.3204905738066
MS,Morgan Stanley,215.86,USD,-0.175730669626339,1198622,0.3463875341847675,339022446714.85144,USD,Finance,Buy,215.2437183222805,212.8576544797496,207.4722479589164,1.8351653535877788,-0.21726066657421478,20.91981066016863,215.75800000000018,215.13650000000015,215.75260000000014,191.47390000000004,17.441259170679682,12.900074,40.22978086972287
GE,GE Aerospace,324.41,USD,-3.135170642859275,2738782,0.8625497147218064,336595654305.8635,USD,Electronic technology,Strong buy,343.9568087087498,343.65487269874956,338.35090063738653,-2.684785217182622,-12.680340223944864,4.73284907183213,331.8840000000003,347.2704999999999,355.5468000000003,321.6386499999997,38.237408799990575,7.918383,18.431815961025716
PG,Procter & Gamble Company (The),142.83,USD,-1.8889957411732379,4935144,0.6596308893445534,331747297819.6467,USD,Consumer non-durables,Buy,145.130656156408,145.77066273622702,146.51011462966636,-2.4518508400491568,-1.3127893318593087,-0.19565369296345547,145.8820000000003,144.80750000000026,146.539,147.54274999999984,21.575854620160428,6.975775,1.73974518573163
NFLX,"Netflix, Inc.",76.2553,USD,-0.6704441839260006,11878636,0.45231494621747714,317522475529.87134,USD,Technology services,Strong buy,77.35037729350437,78.05849209698601,80.34758275186704,-5.331719428926123,3.333965715834411,-18.98937639434823,79.33505999999998,79.40726499999991,75.5489059999997,86.52817650000003,24.023470480751058,3.597805,35.26804738770987
HD,"Home Depot, Inc. (The)",311.3776,USD,-0.7403251514185579,1695770,0.48978488162306916,310658216562.65784,USD,Retail trade,Buy,328.52294672870255,331.25110419616755,334.3808581701718,-3.148491446345265,-11.565577960806603,-9.333022741169971,316.5415200000006,330.651380000001,337.6289520000007,343.6749879999997,21.789285114482446,15.006183,-2.9250730249303722
GS,"Goldman Sachs Group, Inc. (The)",1034.23,USD,-0.22189420470222324,939291,0.6343087113442267,301138223359.42883,USD,Finance,Buy,1036.5360162026623,1029.317935632168,1009.083458838823,2.425376829678928,-0.5175017554659808,16.994343891402718,1030.3440000000003,1033.2289999999998,1044.3222,950.6231999999995,15.961768182954646,70.230702,42.76881720430108
PM,Philip Morris International Inc,185.63,USD,0.48719753153251,1243963,0.3512842475617776,289325422026.40704,USD,Consumer non-durables,Strong buy,187.01378758392218,185.83833683665088,183.19377364298472,-0.9233561058924094,-1.260638297872343,15.830525396231128,185.39999999999998,188.53050000000013,188.06180000000012,174.69450000000035,26.682861619399443,8.373648,32.011992637431455
PANW,"Palo Alto Networks, Inc.",334.705,USD,-0.6751142501038738,1862111,0.2678408905342724,272784583893.5502,USD,Technology services,Strong buy,343.5292047682833,330.09637125095674,305.95859071920165,-3.2644508670520276,-8.395369204663641,81.10762404631782,333.0730000000001,358.92525,350.0139,234.42087500000005,659.2574354934015,4.184163,-68.27073307918255
WFC,Wells Fargo & Company,89.61,USD,1.875852660300143,7519341,0.5836383330803236,270980571547.5771,USD,Finance,Strong buy,87.45734224552044,86.39674716800292,85.36996094398125,2.119658119658119,3.1066620642043525,-3.95498392282958,89.19999999999992,87.0055,86.853,85.04125000000003,13.019032398663374,7.289137,18.045551210811553
RTX,RTX Corporation,198.49,USD,-0.1609576983049108,1450583,0.43647146029638306,267516517607.1089,USD,Electronic technology,Strong buy,205.6449848249631,203.49503909553678,199.84129960925594,-4.055491105955136,-11.538461538461533,8.168937329700277,200.2,211.25299999999993,208.1112000000001,193.3343500000001,34.951575981686915,7.24657,24.774794568704138
SNDK,Sandisk Corporation,1769.3685,USD,1.80544767231112,7232616,0.6401434252306105,259069176176.8591,USD,Electronic technology,Strong buy,1611.6019293444022,1568.0150675123384,1459.691474350163,15.522681866259264,47.0295659833307,624.1123388581952,1671.1497000000006,1579.7109249999992,1537.5757700000001,1019.0499925,24.27360352957155,211.821287,nan
GEV,GE Vernova Inc.,952.665,USD,-1.9195725360595466,786751,0.3997111414328383,253726686637.8067,USD,Producer manufacturing,Strong buy,974.5251330414617,984.3302948051067,972.7583741988897,6.024840572935794,-5.106431723327322,44.08339509066984,945.9409999999998,968.0432499999995,1010.9227000000002,889.9878249999997,27.269799741232234,30.686321,735.9407527936638
ANET,"Arista Networks, Inc.",193.48,USD,-0.75913007796472,1619135,0.3714800269388895,244021745824.84753,USD,Electronic technology,Strong buy,188.30113138573577,182.28099945744898,174.11075803342027,2.914893617021271,0.5143124318146297,44.33420365535246,191.95199999999977,194.4645,184.26620000000003,152.64120499999996,61.000063055678154,4.106389,24.726700747149035
TXN,Texas Instruments Incorporated,261.71,USD,1.0775529120963863,1743131,0.36679892249603585,239006062901.1872,USD,Electronic technology,Buy,269.62776648445447,272.4851274830841,268.56429967980927,3.3038604247256558,-9.150553684868266,49.57848712599662,257.53999999999996,264.5025000000001,279.02459999999957,240.41049999999956,39.81409642036724,8.511411,20.161231354197135
KLAC,KLA Corporation,181.84,USD,-3.7781775849296153,4766124,0.5732435905312341,237582456181.00455,USD,Electronic technology,Strong buy,191.29616097235677,194.907891680434,192.39517578774894,5.868653935724274,-11.20226584627405,44.350683887561416,180.324,186.75100000000003,202.63700000000009,172.22500999999994,49.57875507811435,5.488128,20.65993354607363
C,"Citigroup, Inc.",138.11,USD,1.0019014187509174,3184523,0.40689892170967357,231670801276.9009,USD,Finance,Strong buy,135.6613260459388,134.53327343098948,131.84353861699427,3.221225710014949,2.4023133387706745,17.831243067997626,137.00999999999996,134.9665,135.09900000000005,123.56384999999992,14.908407905957537,11.195774,36.96699982257968
TMO,Thermo Fisher Scientific Inc,605.345,USD,0.38555935126530555,1023418,0.6662895823022432,223824676842.99213,USD,Health technology,Strong buy,593.185907108975,573.9586585662804,555.2133475411507,0.6174891544637122,2.857118583589631,4.459879206212257,609.8229999999996,612.1147499999995,574.5119,536.3639750000002,32.56258673924972,25.109719,7.601479432074029
IBM,International Business Machines Corporation,237.56,USD,2.356844327631522,2761775,0.6351920462509001,223813444393.48355,USD,Technology services,Buy,237.67859961236533,241.08447200358455,245.8961503508184,3.0427899108633953,1.0893617021276605,-20.16400053770668,234.1900000000001,234.05949999999993,239.7507999999999,261.7790499999998,21.0866419904313,12.311206,82.7337312658146
AXP,American Express Company,322.445,USD,-1.120821833793324,1206656,0.576592308378564,217750277196.97537,USD,Finance,Buy,331.9321384870674,332.48318174037723,332.0326019595066,-1.1086916518432217,-5.02356406480118,-12.734776725304467,326.9010000000005,333.8822499999997,340.7872999999997,336.9291999999999,19.563463171945152,17.648387,15.718377892608398
LIN,Linde plc,466.32,USD,-0.43981382638029,1038191,0.6028966934354655,214964272119.1364,USD,Process industries,Strong buy,485.9247703289414,491.66193471287266,493.4384335190375,-4.440664767720653,-4.6945574199350135,9.392887304119363,476.3820000000002,482.20324999999974,499.59289999999993,481.0101750000003,30.108082281995323,17.880722,10.101512738853511
CRWD,"CrowdStrike Holdings, Inc.",208.025,USD,-0.9499095324254855,3462641,0.27126031607978285,213004044109.61166,USD,Technology services,Strong buy,204.10665164044988,195.17628374232265,181.400559411748,-2.891886845299222,-3.3825960948966074,75.54852320675106,209.907,209.11025000000004,201.9545,143.2870000000001,5827.03081232493,1.252916,nan
AMGN,Amgen Inc.,390.985,USD,-0.5557392476536873,1350068,0.5582353407443681,211379017185.0451,USD,Health technology,Buy,407.492351739096,396.6706883861751,383.7705317964208,-11.270849880857815,-4.278264701561956,18.923563585485304,421.66899999999976,429.0742499999989,398.3665999999996,358.93537499999957,24.287799726674123,23.076269,31.702528020944104
MRVL,"Marvell Technology, Inc.",236.35,USD,4.853378288452153,15132107,0.6238682753091772,207255324136.9234,USD,Electronic technology,Strong buy,224.2203063435201,219.24042694449423,205.90388610545037,15.152253349573689,3.7669578961232753,172.48097763430945,220.12399999999994,226.62250000000012,219.01009999999994,153.2781000000001,77.82607263986301,4.196998,nan
VZ,Verizon Communications Inc.,49.735,USD,-1.3390200357071953,13253153,0.7701693342404309,206637753426.82297,USD,Communications,Buy,48.60882942676499,47.93252500216377,47.34272055717066,-1.505099514803442,6.41917192682144,21.989207750797146,50.21899999999998,49.49074999999993,46.60209999999996,45.80480000000022,12.951822916666668,4.992403,-10.788960133816568
STX,Seagate Technology Holdings PLC,905.78,USD,0.15480218492226466,1987383,0.6415250854464881,205290070803.10114,USD,Electronic technology,Strong buy,867.3720442429466,848.7997795989984,796.9479384977986,12.399176035539668,12.80652593561242,221.23275525765146,853.3179999999996,862.7775000000001,852.3584,599.9056999999999,65.28614674931526,35.990159,104.84275800974459
CRM,"Salesforce, Inc.",246.945,USD,-0.8730732177264013,4946394,0.23973670921777085,203235731016.0888,USD,Technology services,Strong buy,222.01074788955512,209.3372621225411,202.07527873460256,-4.794124450613001,29.854866698217393,-6.813207547169814,255.331,225.9712499999999,195.24570000000006,200.92017500000028,22.506835581480132,16.643669,59.33315907176673
APH,Amphenol Corporation,81.235,USD,-0.6421232876712398,3953242,0.37665771772677525,200322837810.64252,USD,Electronic technology,Strong buy,80.49728463177564,79.30209394345525,77.33718517379111,1.5056853679870028,-5.226623111474075,18.487456242707115,81.57700000000003,80.79274999999993,80.47039999999996,73.00662500000004,40.67240775046312,2.6411,59.36328093832282
TMUS,"T-Mobile US, Inc.",177.89,USD,-2.0914744895151145,1686836,0.4567654144002977,190817558977.9553,USD,Communications,Strong buy,180.89830945075897,182.49234111114248,185.82800865704095,-3.088908258879939,1.1083323860406893,-12.044499381953035,183.2840000000002,181.72949999999983,181.47639999999973,194.2671500000002,18.616308761354595,10.904366,-9.885985345014564
PEP,"PepsiCo, Inc.",137.155,USD,-0.9353557240881095,3710681,0.5331726713833395,187201686743.0217,USD,Consumer non-durables,Buy,139.60690835033907,140.93329729660573,142.98986612868688,-2.2207171882797527,-0.9818431216835616,-4.234743750872782,138.7549999999997,140.5222499999999,139.55709999999945,148.68112499999972,17.988248717982348,8.553714,39.01002734731084
QCOM,QUALCOMM Incorporated,176.595,USD,1.4389109081509537,7684967,0.6882622957467635,185466049323.89185,USD,Electronic technology,Buy,170.65306629787426,173.16530567534696,174.08564459679275,6.356901951337032,5.019178733906216,1.6093395781309319,171.59100000000004,165.31225,168.76289999999995,167.92572499999997,20.43828989398639,10.542418,-16.66602368735774
SCHW,Charles Schwab Corporation (The),107.06,USD,0.17778609525591627,3634576,0.45220422586432657,185142684089.18256,USD,Finance,Strong buy,107.0152483830628,104.54024360864047,101.81884345348729,-1.3271889400921637,-0.41856571481722893,7.306805653001912,108.36800000000002,109.95900000000003,105.72800000000002,97.57545000000009,19.468286296188538,6.497677,48.05481517378779
ABT,Abbott Laboratories,105.6899,USD,0.16101213040181803,2726904,0.36343620921542685,182884032203.45044,USD,Health technology,Strong buy,107.13502222523786,104.88394706625837,103.69579037788087,-3.320618368093669,-1.6014337584954867,-15.244667201283086,107.75998000000016,111.53699500000012,104.86139799999995,106.08079950000005,34.16183980864955,5.517003,-61.310089540293134
DE,Deere & Company,675.27,USD,-0.80208011987132,563325,0.4479772969169587,182069936425.09985,USD,Producer manufacturing,Buy,643.5114459118452,628.3287620462554,611.3152577774586,-0.41146801168037694,8.718122102009271,44.907725321888414,688.4619999999994,640.9404999999999,621.1358000000001,570.2207999999994,37.53272378623239,18.126497,-5.943518537880851
DIS,Walt Disney Company (The),104.8,USD,-0.24747763182943566,2865642,0.41812540651397323,180956781830.12372,USD,Consumer services,Strong buy,104.27994963189998,103.3706161877472,103.07211789229055,-1.7898978539968107,0.18162699550711953,-7.6163610719323,106.06200000000004,106.7420000000001,101.45859999999979,103.95759999999979,21.616269955859906,6.910397,-23.99034240561896
GILD,"Gilead Sciences, Inc.",145.75,USD,-0.6069285324604381,1709738,0.3488779701691377,180723451884.06473,USD,Health technology,Strong buy,141.88896437425188,139.1472155163323,136.954006745773,-2.8333333333333335,10.743864447990262,18.98930524940812,148.84299999999996,145.52525000000003,137.36769999999987,134.54702499999988,nan,-0.461219,-152.8405474220242
MCD,McDonald's Corporation,255.13,USD,-0.26582228998084784,2445193,0.5671976671435546,180540568939.53845,USD,Consumer services,Buy,264.92780578764587,269.4663866774645,275.9309401690797,-2.607268285234381,-6.93441307361202,-16.430279406465992,257.4419999999999,265.26600000000025,268.9512,295.4603,20.720713403937367,12.919676,5.462051716901772
SCCO,Southern Copper Corporation,211.32,USD,1.3233601841196734,777312,0.7045300318850884,178426706263.26178,USD,Non-energy minerals,Buy,198.66876957589628,193.25142994483005,187.20460160116963,3.3349633251833706,7.384335074741332,48.5274366428066,204.48600000000008,203.15149999999997,188.99503092199996,176.19594485279987,31.650366198870696,7.665838,55.917519032273155
ADI,"Analog Devices, Inc.",364.57,USD,0.37720264317180746,1083010,0.35580588697909005,176658035764.79443,USD,Electronic technology,Strong buy,372.3896533198072,375.60231293945697,372.4890032861662,2.5124073839751437,-7.196314020975456,32.537172356127535,360.44600000000025,370.5154999999999,376.34670000000085,349.62519999999984,43.263160393031754,12.868145,114.37875241681084
WDC,Western Digital Corporation,489.0,USD,2.4512884978001233,2772330,0.5273216839166116,176304507362.77185,USD,Electronic technology,Strong buy,486.9443213211842,489.04916408262346,470.1570316566073,9.904928865214751,12.510785159620362,175.95936794582394,464.8459999999999,468.73100000000005,501.53829999999994,376.1118749999998,20.227424085112368,20.326053,370.6348433819378
BLK,"BlackRock, Inc.",1081.42,USD,-1.2735422733870583,172406,0.2924692468432572,175705000276.85666,USD,Finance,Strong buy,1111.4352973187129,1097.6891215545181,1083.0311332221986,-4.196529026656854,-4.2838682267971775,0.9314567311282029,1106.4620000000002,1147.2379999999998,1097.3113999999998,1059.9770250000004,26.901798063623794,56.253468,-2.840666020529752
NEE,"NextEra Energy, Inc.",83.08,USD,-0.8946677800310152,4275729,0.42668288643401614,173303078580.21518,USD,Utilities,Strong buy,84.55449335451375,85.62592364160197,86.50960233330233,0.6298449612403052,-1.3067236873366697,3.2691112492231142,83.50000000000003,84.28150000000008,86.34740000000009,87.80075000000001,18.640759272139828,4.030254,55.29809401024427
T,AT&T Inc.,25.11,USD,-1.9140625000000078,25180877,0.8453046866799638,172063408550.29453,USD,Communications,Buy,24.76125063969822,24.49898514475803,24.55149814755106,-3.756228440015333,6.488549618320616,1.2908430818878591,25.706,25.4025,23.654400000000038,25.143599999999957,8.303846026654321,2.339237,72.38057234066811
WELL,Welltower Inc.,236.445,USD,-0.3393045310853559,626384,0.24463125348756845,170416535939.06384,USD,Finance,Strong buy,236.00187341878538,232.88496656195917,227.13460724438585,-1.767760697964269,-0.1920641620937157,27.388071763374807,237.91499999999982,237.49725000000018,237.4790999999998,211.3018249999997,nan,2.84054,-145.4237568148026
UNP,Union Pacific Corporation,285.255,USD,-1.1076443057722285,819813,0.39350053785073874,169463014063.61188,USD,Transportation,Strong buy,292.9332613277755,289.2118003678718,282.0912865602089,-2.189343025648056,-2.353404306301989,23.300194510481955,288.4410000000003,298.8152500000001,294.2350999999999,260.937775,23.100002429405524,13.070862,7.263409337676438
BA,Boeing Company (The),208.4,USD,-1.105680254353905,2117347,0.4476975560903552,164713103642.71628,USD,Electronic technology,Strong buy,215.43026297782959,217.2036464960199,218.44219541384615,0.6763285024154617,-11.03521878335112,-4.469401787760715,210.15199999999976,215.5624999999996,219.15460000000013,220.46605000000068,94.90846160852536,-0.989718,nan
SHOP,Shopify Inc.,127.9273,USD,-4.603057419835937,8021020,1.1036528617113477,164596895678.29993,USD,Commercial services,Strong buy,137.71291647330344,133.87590801544422,130.72305182722394,-8.39434300035804,-14.96457059292741,-21.12503853505148,139.0,147.2444999999999,134.77219999999997,131.18199999999996,88.12556487523148,1.9337519,-19.900471515478106
COP,ConocoPhillips,136.78,USD,1.2885071090047462,2823917,0.4995126866419708,164318938419.5511,USD,Energy minerals,Strong buy,128.48811023993585,124.94376495655236,121.44406090824435,1.3485477178423184,14.719449802901952,46.116867855998294,135.79999999999998,131.97850000000025,121.40300000000005,113.20772499999995,18.121596735515837,10.303926,1.262443317502483
ETN,"Eaton Corporation, PLC",416.5,USD,-1.333712363489919,889194,0.5179683875212582,161768599329.06924,USD,Producer manufacturing,Strong buy,416.34686953854833,413.56611446074913,407.0899871071905,6.446872404319219,-8.23970037453183,28.863587141486967,407.4900000000006,419.84300000000013,415.8762000000004,381.80800000000005,42.37762380065728,13.548467,-1.1197633707593861
BX,Blackstone Inc.,129.45,USD,-3.3738896767933193,2079712,0.6784577641681762,160755783777.22882,USD,Finance,Buy,134.426975234695,132.2427460039341,130.59150309501436,-4.9280258519389015,-5.579868708971558,-16.559236818357615,134.81399999999994,141.04449999999997,133.25419999999994,130.76344999999986,29.039639275859745,5.944004,20.325532431775855
PFE,"Pfizer, Inc.",27.915,USD,0.44980208708168407,14058653,0.4434585550119629,159106386522.94998,USD,Health technology,Buy,27.211245868891133,26.773630266865172,26.478594716724025,-3.0392497394928797,5.0028211397404485,11.749399519615688,28.397000000000084,27.896749999999997,26.122900000000044,26.191625000000016,36.96371822033898,2.974273,-59.82765040693653
IBKR,"Interactive Brokers Group, Inc.",91.215,USD,0.2693195558975537,1018725,0.29706339612374877,155184918586.78497,USD,Finance,Strong buy,91.87352141193857,90.5581575595255,87.83769772358097,1.3500000000000039,3.653409090909095,39.451154257758766,91.3749999999999,92.97474999999994,92.08370000000005,79.16895000000001,36.314595111075725,2.700625,31.735459170294224
UBER,"Uber Technologies, Inc.",71.465,USD,-2.276767400519612,12056052,0.8114796685036388,145971557828.92014,USD,Transportation,Strong buy,74.52263262135826,74.24326043047276,74.44021176152688,-6.028928336620636,-5.256529232400905,-12.890053632374453,74.55300000000001,76.48925000000011,73.94750000000018,76.14274999999984,15.708319595559953,3.366418,-22.807404516687306
GLW,Corning Incorporated,168.535,USD,1.5515786936611162,4936033,0.5838342187797418,145174083967.81265,USD,Electronic technology,Strong buy,160.71847252669042,162.86327874816197,161.20233150207375,17.24173913043478,0.387169788843557,89.55685524687887,155.78499999999994,154.96575,162.40029999999993,144.64202500000002,77.30254105127969,3.282196,130.83112758073054
DHR,Danaher Corporation,205.13,USD,-0.04872581981191557,1262255,0.4532120588506624,144203532406.06485,USD,Health technology,Strong buy,205.51117860052557,202.09283265493033,199.59410274126185,-1.2706357992010466,0.9200039358457172,-10.349198024561867,207.79200000000006,209.91199999999964,202.0551999999999,202.63905000000025,36.42158342358978,8.505564,19.62321056879488
TJX,"TJX Companies, Inc. (The)",126.15,USD,-2.1486192987899333,3572610,0.4509760854335107,138761718005.9805,USD,Retail trade,Strong buy,140.84341069664362,145.42684963925865,148.77020988903774,-5.406418716256754,-21.54362833509546,-17.683523654159867,130.12999999999997,139.5069999999999,149.02019999999982,154.53350000000003,23.332161947213645,5.283072,23.37585286265203
NEM,Newmont Corporation,130.2171,USD,2.4605397749626126,3465661,0.4202848891044552,137208746532.62143,USD,Non-energy minerals,Strong buy,120.1115199868309,115.51868936519645,112.04312719785058,4.198687685044402,13.232260869565206,28.940588177047225,128.19742000000002,125.946355,108.48474199999997,108.91683549999999,16.44300632631672,9.446967,42.18029048995494
NOW,"ServiceNow, Inc.",131.4851,USD,-2.03032560912005,6351190,0.3564236016098215,135955600201.05476,USD,Technology services,Strong buy,127.638026053705,122.09340594653955,118.89253099374503,-6.282893799002154,5.424230275817823,-14.106937548994006,137.85301999999996,132.14775500000013,118.36750199999999,118.27702550000024,82.11147192905764,4.072106,0.7740717432347375
VRTX,Vertex Pharmaceuticals Incorporated,521.21,USD,-1.4539610512384082,324981,0.35219847555252876,132106373378.99947,USD,Health technology,Strong buy,518.4135364901546,505.9093604488187,492.0989504718025,-5.649686832482518,-3.390176088971263,14.718052559757025,542.1879999999999,538.6055000000003,509.9465000000003,467.11547500000006,30.32318119673037,18.753533,22.86012451484244
BMY,Bristol-Myers Squibb Company,64.63,USD,-0.09275003864585295,2347518,0.3452471792014281,132020649555.39774,USD,Health technology,Buy,64.52034216814234,63.21295259964672,61.63380093258998,-3.2702237521514665,0.4663454064977416,21.462131178349924,66.37800000000011,66.24349999999994,63.16480000000004,58.319494999999826,14.237564435828524,6.929334,83.16587983698503
PLD,"Prologis, Inc.",135.45,USD,-2.1880415944540736,1328732,0.4638697880752273,130983547883.75432,USD,Finance,Strong buy,139.87407071485933,140.6356880938274,140.24815123488958,-2.251569603810352,-1.926001013684762,6.035697510568337,137.2420000000002,140.25150000000002,141.97459999999995,137.4602,30.160320641282564,3.643333,22.353902738046575
COF,Capital One Financial Corporation,212.39,USD,-0.7337820153299782,1102800,0.4044626593639909,130298041237.25337,USD,Finance,Strong buy,213.96964418739313,210.72846134179773,207.7863197944692,0.31171775374297295,-2.0160546226241025,-13.07959893595253,216.60999999999984,217.93050000000002,212.21719999999988,207.69904999999983,74.86957134799773,20.354026,-76.17936014778739
CB,Chubb Limited,337.405,USD,0.22724572243345603,576321,0.3909201836274376,130170799061.77481,USD,Finance,Buy,342.1861635165192,341.32034746904515,337.7635933340671,-0.5262537221026637,-3.6261068266209793,8.679056883334404,340.6609999999996,341.6992500000002,347.71829999999943,326.76557500000024,11.940538838026548,27.694027,24.675593990602046
BKNG,Booking Holdings Inc. Common Stock,172.21,USD,-4.486966167498615,7595564,1.2640745792225667,129395236918.3933,USD,Consumer services,Strong buy,191.9485086785551,189.83814272322056,187.34380010412238,-12.437077337672234,-19.501706165568176,-19.630039631943756,188.10599999999985,203.13449999999952,194.02299999999977,185.70616999999996,19.046829030902295,10.453019,57.21166385561022
PGR,Progressive Corporation (The),214.69,USD,-0.09771986970684408,676850,0.4075828904428511,124756350215.5925,USD,Finance,Buy,215.81970516187013,214.45928184260072,213.0990444388016,-2.92987294841072,0.821827744904668,0.1632919660352684,218.75800000000032,216.55099999999987,217.21420000000026,210.51007499999977,10.763345766654634,17.928174,12.29942911191433
SPGI,S&P Global Inc.,421.775,USD,-1.7551419720015897,676649,0.37088552290222143,124339264144.60645,USD,Commercial services,Strong buy,427.63583393488904,424.10836938297666,422.6478566028298,-3.704337899543384,3.655689358564758,-14.544193612454844,435.37700000000024,430.3182499999992,427.96951887200026,429.6425349560002,25.684003483196012,17.902241,26.218823258137665
ISRG,"Intuitive Surgical, Inc.",351.74,USD,0.45122229837787975,1141161,0.5986362147733797,124262021077.97119,USD,Health technology,Strong buy,371.58358433688136,382.0693500545821,399.6471916210257,-4.677506775067748,-7.251344794852863,-37.940647164684705,362.06200000000007,377.07450000000006,378.83870000000076,461.7600749999997,40.31357806787315,10.799272,21.753509530853165
CVS,CVS Health Corporation,95.45,USD,-0.6453627563235041,2850078,0.5144167577881378,122077718270.63235,USD,Retail trade,Strong buy,96.91297882974645,96.82290020606042,94.86221978493832,-2.4228174197505528,0.1258785272212363,20.396064581231084,96.53799999999995,94.88100000000004,100.46599999999991,86.7378500000001,25.19865888751023,8.003079,5.683276602868143
LMT,Lockheed Martin Corporation,525.4,USD,-2.0050359041313066,753818,0.7915417727298214,121257468842.59814,USD,Electronic technology,Buy,550.2147952274512,551.7500397245301,552.3830451912712,-3.711170164024558,-11.215506024299982,8.722193481634761,530.2659999999995,565.5800000000003,555.9703999999998,557.4441000000003,19.363588787251135,30.422348,52.76697088614012
PH,Parker-Hannifin Corporation,951.145,USD,-0.4943140803665794,214744,0.35721539534078306,119889420328.85454,USD,Producer manufacturing,Strong buy,981.7025857927769,975.3162857600765,961.4537335253123,-0.5972660577304968,-12.324745356500893,7.887274418393616,956.7010000000006,1004.8132499999999,990.7045000000013,937.4346750000001,33.38698071151517,35.12882,5.019759057463465
MDT,Medtronic plc.,92.53,USD,0.15153155103366228,2724573,0.31066316559210916,118358621460.25014,USD,Health technology,Strong buy,90.150204669456,88.39450310391695,87.4988160791154,0.3035230352303535,6.16108306562644,-3.6547271970012547,92.87400000000011,91.97,87.19619999999999,89.63920000000002,22.779979812403067,5.973635,12.151416422773199
SNOW,Snowflake Inc.,332.968,USD,-0.7546944858420215,2537188,0.37368478446510245,117471106335.90474,USD,Technology services,Strong buy,315.904555627054,295.96045632748684,271.9174876313022,7.222258002189733,1.3755518343735817,51.41791723510687,333.5916,328.22739999999993,300.67876,219.7518900000002,nan,2.211282,23.458070116217392
FTNT,"Fortinet, Inc.",157.32,USD,-0.09525623928367669,1170758,0.2725426816498774,115427828072.68965,USD,Technology services,Buy,156.99517589089558,152.11541065230307,142.45353897848568,-3.0026512115420214,-1.6135084427767432,96.72377141428035,156.39600000000002,158.70150000000004,158.93760000000015,110.8298750000001,55.43340380549682,3.449759,13.261763179949714
SBUX,Starbucks Corporation,100.995,USD,-0.9950004901480252,2821739,0.5471860005471978,115134302410.77174,USD,Consumer services,Buy,104.62105349322671,104.20749199522439,102.85921212251785,-4.883217178376344,-4.247452002844266,19.918071716931852,104.00300000000001,106.1987500000001,105.32790000000008,97.82245000000029,58.233869572738286,2.614173,-24.99351267191419
MO,"Altria Group, Inc.",67.84,USD,-0.4840839078773629,3308673,0.4427596800290863,113275422894.96027,USD,Consumer non-durables,Buy,68.60457111998308,69.025500808131,68.91989109287083,-2.528735632183895,-0.7897045919859492,17.655220256677087,68.78800000000001,67.367,69.5918,66.47895,14.286015119927558,5.678953,-8.228814378200786
MPC,Marathon Petroleum Corporation,401.275,USD,0.8811624808306298,1003961,0.4512485034395775,112687943447.92656,USD,Energy minerals,Buy,355.27210392599625,332.2045277081435,306.09128173603295,5.495964455661586,32.784579748510914,146.40773718145533,392.53099999999984,369.7572499999999,327.69270000000006,243.69252500000005,13.815393090151657,51.890733,330.27183171616923
LOW,"Lowe's Companies, Inc.",199.31,USD,-0.7420318725099646,1227443,0.40732630708453815,111823677651.28426,USD,Retail trade,Strong buy,209.48416437404111,213.09051177240286,218.42323304099915,-0.8407960199004963,-9.507377979568671,-17.469979296066253,201.25999999999996,210.266,212.4953999999998,235.99456000000038,16.854398159893112,12.268732,-2.844326136251599
NET,"Cloudflare, Inc.",313.28,USD,10.193457615195202,2744018,0.9372328933661731,111552648141.61829,USD,Technology services,Strong buy,290.28754636533785,278.3145068419871,262.49695624485014,10.278794705716697,6.016920473773256,57.506284565108075,286.7499999999999,295.28099999999984,282.55939999999987,223.37029999999993,nan,1.261428,-72.17134416543573
VLO,Valero Energy Corporation,386.15,USD,0.861956379783193,1715562,0.6895564055646202,111183190342.21365,USD,Energy minerals,Buy,343.5377610163298,323.0815004936459,299.2091940875715,7.287730606801501,26.876950878922276,136.5390505359877,375.2999999999999,353.9735,319.87239999999997,241.68365000000003,16.018036105395897,44.402481,899.6350970310168
BNY,The Bank of New York Mellon Corporation,163.21,USD,0.22106232729506517,1267952,0.4583432952067405,110738666535.29457,USD,Finance,Strong buy,159.83314196634552,155.82644907701265,149.68097261227658,1.2908831378390198,3.49397590361447,40.68614774588397,163.45400000000004,162.23900000000006,158.15339999999995,133.46505000000002,19.001327217267796,9.23064,31.18795246968262
FCX,"Freeport-McMoRan, Inc.",76.895,USD,0.3589141216392475,5482155,0.4209369759911847,110422566241.57094,USD,Non-energy minerals,Strong buy,71.55923030842726,69.25628127605245,66.70058318647929,5.277929901423863,10.259535417264127,48.66118898018365,74.54699999999994,73.33675000000002,67.0243,61.29562500000001,37.969089472644676,2.946738,53.400999848507794
ACN,Accenture plc,177.2187,USD,-1.0117298776741264,2005092,0.46848690439413077,108447589550.78557,USD,Technology services,Buy,175.7562399480615,173.10125698133402,176.4910994749228,-4.879662927379094,1.5812793763613462,-34.067971278693406,184.75374000000002,183.08393499999983,163.755774,202.27684349999984,14.152813493267741,13.860556,-0.3414327441164492
SPOT,Spotify Technology S.A.,526.2375,USD,-0.45446806900726994,667668,0.48553509484532203,108343010622.7003,USD,Technology services,Strong buy,519.8534555266957,510.98495161965405,507.28825262755885,-2.956553008648833,7.919589024240176,-10.17998566259303,543.3554999999999,531.468875,505.2449500000001,506.2511874999997,32.763499505033714,14.21964986335,285.97793958618695
ADP,"Automatic Data Processing, Inc.",265.91,USD,-0.7650395581429895,751671,0.44474121298985547,105636136171.45978,USD,Technology services,Buy,268.5862187406979,260.65123219924266,252.42793541180413,-6.038869257950521,-1.1229688022905522,3.454849628448062,275.23599999999976,277.8149999999998,263.70360000000016,237.2092000000002,24.299774282868345,12.257737,9.619738344719813
SYK,Stryker Corporation,275.39,USD,-0.3762254458633363,3079863,1.1780005496305483,105632173537.86139,USD,Health technology,Strong buy,313.13117633194594,317.59950745336715,322.27150941328813,-12.591252459848924,-18.289173070646527,-21.60384878159872,295.0260000000001,322.24500000000023,326.68059999999974,337.59177499999953,28.533979878358352,15.016307,27.708308522885172
HOOD,"Robinhood Markets, Inc.",117.185,USD,-0.13209476734276557,13243424,0.6240380300905057,105358954633.70581,USD,Finance,Strong buy,107.37918245711899,103.2559174510131,99.63790888696195,12.982067103740846,25.681038181038193,1.4782036405202792,117.66900000000001,105.57774999999985,103.13349999999998,95.10644999999998,51.89310069967231,2.137232,14.69930922389272
CEG,Constellation Energy Corporation,294.56,USD,-1.501421167028928,967159,0.4029855696550002,104364775544.951,USD,Utilities,Strong buy,281.2228546749055,278.3821305660119,280.0903003783518,5.200000000000001,8.97521272660007,-17.720670391061454,293.532,280.9044999999999,267.8242999999998,295.8453000000004,28.687183482664587,12.044624,7.150310973828108
PSX,Phillips 66,261.11,USD,0.7602068380026347,1138257,0.44771145823946656,104188354274.38173,USD,Energy minerals,Buy,235.1402521479902,221.70360606373268,207.0142917028508,4.406413691071218,25.587994805444673,102.41085271317831,257.21799999999996,244.53000000000003,217.7948,173.62640000000007,14.862057385493687,26.708649,322.8171929149018
MCK,McKesson Corporation,893.56,USD,0.49937016375741644,376469,0.43911509098654017,104180483786.8733,USD,Distribution services,Strong buy,872.0813783156666,856.8463624750453,845.3933394452746,-2.267333121875993,2.350407770548885,9.237163814180922,907.3660000000002,883.6655000000003,852.6782000000006,843.572149999999,23.911286653929107,44.630289,49.10940866650705
APP,Applovin Corporation,307.53,USD,-1.4358514150187554,1705564,0.4197167172272421,102915223148.70306,USD,Technology services,Strong buy,345.5182421035293,374.7320610889285,405.39469032057264,-0.713501646542273,-11.374639769452457,-54.99802449624654,314.5459999999998,311.0300000000002,386.46079999999995,483.85927499999946,23.637607415719973,15.779013,93.2791585577823
EQIX,"Equinix, Inc.",1040.09,USD,-0.10756715744183384,140419,0.2906153464705154,102627428236.76942,USD,Finance,Strong buy,1049.5166867761018,1048.9325697994186,1036.6359141716623,2.1268030203352186,0.11165333564338834,35.753628484911765,1035.469999999999,1061.68,1043.777799999999,963.7903249999997,66.93631946455577,17.206202,52.11304833041284
ADBE,Adobe Inc.,257.245,USD,-0.005830677135966088,1732051,0.3900916134259093,102254891381.77365,USD,Technology services,Buy,260.7027400956765,255.36546646026878,254.5917207559991,-9.261022927689593,-2.2086635874626985,-26.642902972838097,269.31100000000004,273.00925000000007,250.9547,267.29429999999985,14.713250476152348,24.42212,11.805369041681042
ABNB,"Airbnb, Inc.",170.19,USD,-2.492265383293225,2120150,0.4655237929284122,101907333942.93073,USD,Consumer services,Buy,172.55849473327484,165.6659046875275,157.66108416717105,-7.142077695329553,-4.756841457272372,25.19493894365161,179.0359999999999,183.7034999999999,164.00260000000003,139.983675,38.68394135697238,5.287437,6.145049218297618
VRT,"Vertiv Holdings, LLC",264.485,USD,-9.058556545060679,5400310,1.3465763677793645,101823596650.72174,USD,Electronic technology,Strong buy,274.50684262399386,279.7213037401369,279.28160404095553,3.731811585676752,-4.614469128678578,56.07057504499455,272.275,269.93874999999997,281.5855,258.50187500000004,59.846359234285195,6.72371,111.13128224727693
SO,Southern Company (The),88.365,USD,-0.7023261040566356,2078116,0.37005222342050176,101651827334.06535,USD,Utilities,Buy,90.56471792800971,91.67870926122795,92.43178533355933,0.4261847937265599,-4.31510557661072,1.3708844786050167,88.50900000000004,90.03975000000004,93.05470000000007,92.39314999999989,21.321542322169673,4.590899,7.0047248973690355
CME,CME Group Inc.,274.91,USD,-1.1932573769902575,534682,0.2721560252216248,98851935201.71458,USD,Finance,Buy,271.95944140021163,269.7801307255113,270.5846873723138,-3.746367424109796,4.699699127851633,0.9788976840713403,278.84999999999934,276.08975000000027,260.71389999999997,278.795675,23.313856356589806,12.252491,14.121324739175051
TT,Trane Technologies plc,443.0,USD,-0.672645739910314,350466,0.385600574771134,97470267898.6973,USD,Producer manufacturing,Strong buy,457.07501364582646,460.031774732526,458.94856668414326,0.332933209521443,-8.75949992791382,13.334015554645926,444.2220000000002,455.78399999999976,467.0370000000007,444.7642000000004,33.55679278869825,15.273812,4.751362803208827
USB,U.S. Bancorp,62.115,USD,-0.6000960153624579,2096033,0.34978144093900687,96778372370.68266,USD,Finance,Strong buy,62.60300905272198,61.82412965067885,60.40593162368371,0.7052529182879415,-2.19650448748228,16.47290455653479,62.85499999999998,63.074250000000006,63.102499999999985,56.88087499999999,12.393750748234167,5.219067,19.95117514719256
PNC,"PNC Financial Services Group, Inc. (The)",241.155,USD,-0.7224898110411245,413479,0.32013531998163175,96207260875.15802,USD,Finance,Strong buy,245.1357970096118,243.26363885197495,238.58105582024544,0.969268129291575,-3.8763552295918347,15.534422459636856,243.46100000000007,246.01425000000032,249.30449999999993,225.2980750000001,13.263830068091567,18.993266,24.22383164799126
GD,General Dynamics Corporation,352.52,USD,-1.138594424813507,346590,0.3422475629216501,95376817006.20653,USD,Electronic technology,Buy,370.52800409275153,369.3670394989937,365.07814539980046,-4.685683385156155,-10.300254452926213,4.748321150531871,359.6860000000001,378.56049999999937,378.2138000000009,354.6563499999998,21.492238846008462,16.976164,10.135098839707785
MELI,"MercadoLibre, Inc.",1873.35,USD,-2.7462686567164227,250893,0.7483805267684003,94972850714.72417,USD,Retail trade,Strong buy,1883.3025043355246,1851.7775707966323,1835.513434072511,-3.911551541077446,3.077723029687768,-7.6052378486350545,1955.1190000000001,1914.439749999999,1866.4942999999998,1858.4850000000006,50.97897816177971,37.914647,-9.254677097532534
PWR,"Quanta Services, Inc.",629.445,USD,-1.503012283858838,237985,0.2712087498824783,94632889401.29236,USD,Industrial services,Strong buy,640.4332326903293,646.1983760054422,639.7761252717667,3.340174027253329,-7.437281256433624,48.12213201553126,624.7490000000005,641.9152499999993,649.4992999999998,589.7788249999998,72.092290776649,16.726041,35.41417869938117
DUK,Duke Energy Corporation (Holding Company),120.38,USD,-0.7093368525239191,1686271,0.541810493002691,93860550322.66727,USD,Utilities,Buy,122.23762254152449,123.28402094108459,124.04651319396926,0.13308933621693278,-2.919354838709681,2.73084144051885,120.76000000000006,121.81250000000003,124.4394,124.24884999999989,18.060431481981574,6.711179,8.975868157739853
KKR,KKR & Co. Inc.,104.02,USD,-1.6173271540716996,2303189,0.7031427688876034,93372060168.86938,USD,Finance,Strong buy,105.18730458524314,103.6355335375886,102.96539776866204,-2.0711730370928287,2.17071014635104,-19.289261328367473,106.73399999999992,108.66949999999997,103.205,105.57110000000017,33.16012623928082,6.62573,50.4364089775561
HWM,Howmet Aerospace Inc.,232.21,USD,0.29369844080680985,3689951,0.8134809740807852,92605670655.8602,USD,Electronic technology,Strong buy,262.5047647592706,264.55589510565017,261.4892441716374,-9.915816425495587,-18.522807017543858,13.003065842620078,247.29199999999977,266.48350000000005,273.8752000000001,245.84114999999977,50.08303677342823,5.333394,35.486981677917065
WMB,"Williams Companies, Inc. (The)",75.33,USD,-0.6593696426216538,3148677,0.3943863137793349,92141208528.99538,USD,Industrial services,Strong buy,73.67238237225624,73.47758593655317,72.92342144255078,0.2795527156549437,6.098591549295772,25.320246215272,74.904,73.7555,73.3358,70.31324999999988,30.070655862041434,2.46971,26.392532795156416
HCA,"HCA Healthcare, Inc.",422.14,USD,5.004726133028209,1102277,0.8798633058374636,91393938754.64948,USD,Health services,Buy,411.3227579098184,411.02855560569793,416.6050714178186,2.346894244290357,2.9534424310416347,-9.37312151137828,408.08400000000006,414.0500000000002,403.6854000000001,451.3206500000002,14.13309495830111,29.469862,25.46742221531456
LITE,Lumentum Holdings Inc.,1003.19,USD,2.519582845784779,3092714,0.7949256792706467,89986137469.06853,USD,Producer manufacturing,Strong buy,890.0559778522255,865.9384387165773,826.7799930163617,15.612978469864494,7.748241233016498,164.42880489219255,916.186,901.2682500000001,822.6551000000001,692.5497750000001,nan,21.515738,-34971.96776929601
CSX,CSX Corporation,48.375,USD,-1.2755102040816326,2995450,0.3458498109282401,89613471038.5561,USD,Transportation,Buy,49.786803801159465,49.23918442684121,47.884125471632494,-0.9318042187179978,-3.25,32.91660942437147,48.885000000000055,50.28024999999997,50.174099999999996,43.306675,27.936590436590436,2.008283,6.402851173651228
ICE,Intercontinental Exchange Inc.,156.88,USD,-0.5578093306288003,884787,0.2729755088501145,88071561420.4143,USD,Finance,Strong buy,155.14605649815286,152.77274460374514,152.11606433760485,-1.2525964625165287,4.454357813436313,-2.7643485806371686,159.66799999999995,158.88950000000006,149.2995999999999,155.26872499999988,22.155375729073988,8.108103,35.9202242014742
JCI,Johnson Controls International plc,144.71,USD,-1.1341121814579467,774911,0.31731485909233303,87656851872.79335,USD,Producer manufacturing,Buy,144.6525939428923,143.9673151630879,141.95365500584003,3.36428571428572,-5.603392041748208,20.131163871824686,143.49999999999983,144.928,144.81059999999997,135.0281250000001,25.156019122120817,5.07237,70.84942084942087
CMCSA,Comcast Corporation,24.675,USD,-6.285605772882634,32474805,1.514640787662715,87562605720.9058,USD,Consumer services,Buy,25.492658871553978,25.37028913996174,25.600940081481227,-6.851642129105315,-1.9276629570747195,-11.866208622833767,26.190999999999992,26.406250000000007,24.916099999999993,26.913936865249934,7.990091315329318,3.506833,-49.000049543375226
INTU,Intuit Inc.,316.76,USD,-0.6804000877935648,1077345,0.25677505809433054,86645574109.17781,USD,Technology services,Buy,329.5200514877008,330.07152027794154,346.1729989842745,-8.531496801952041,-1.8756873131669862,-52.04965183166818,331.12599999999986,347.7594999999983,317.7154000000004,423.9410500000004,19.199670267059435,24.042424,20.323815775079325
BN,Brookfield Corporation,38.765,USD,-1.285968933027763,2644773,0.7352144169324322,86537102829.34932,USD,Finance,Strong buy,41.42895892993099,42.1446213901654,42.75912718306447,-2.502515090543253,-11.535828388863532,-15.911062906724514,39.694999999999936,41.58475000000004,42.54330000000002,44.24262500000003,73.89146598838627,2.77956155,78.2519800695957
ELV,"Elevance Health, Inc.",398.5625,USD,-0.8402995471960985,549618,0.6145293872059082,86435968200.7282,USD,Health services,Strong buy,397.02704346473854,393.04974582660435,385.35629928469564,-1.5481807178321727,0.8227720017201684,13.631503920171061,405.72450000000003,400.16212499999995,396.6352500000009,360.0675375000001,17.7145974727878,27.148314,-4.238366624246124
WM,"Waste Management, Inc.",215.98,USD,-0.8265221783451241,780941,0.36227036076132807,86330483972.03682,USD,Industrial services,Strong buy,222.31147819078296,223.70103400983726,224.44471977016607,-1.410508056785504,-4.930011444669433,-1.531868332269542,218.70200000000037,221.80949999999953,228.0313999999997,225.24964999999983,30.57258121593885,8.111063,4.823871561266581
MAR,Marriott International,329.915,USD,0.3421636911098269,1037899,0.7186970402726938,86030714908.05852,USD,Consumer services,Buy,350.20099388487716,355.40469651277834,355.5886281323325,-1.8226996786096892,-5.765495572693516,6.235710835614236,332.8849999999999,348.6497499999999,360.0377000000002,345.2134749999998,34.19446114301114,11.712431,8.838426568298985
DASH,"DoorDash, Inc.",197.7,USD,-1.3669926162442672,2700832,0.7446538400128747,85668140011.95319,USD,Transportation,Strong buy,207.24041169822988,200.90191621404574,195.11274549371103,-12.417489921587737,-6.964705882352947,-13.942454185348018,211.62200000000016,221.227,204.23540000000025,188.4062249999998,103.81222432262129,2.615098,5.953043284744631
SLB,SLB Limited,57.555,USD,0.7968476357267921,5790639,0.3993366722286725,85419865956.25638,USD,Industrial services,Strong buy,54.67175977644835,53.54233529991699,52.34475920806537,1.588562351072277,13.38652482269504,49.843790679510555,57.54100000000002,55.23325000000002,51.21410000000009,49.27132499999994,27.93660809630133,2.477941,-29.425870101397646
MMM,3M Company,165.1,USD,-1.4446036294173923,1346586,0.5636185035710373,85145772410.86436,USD,Producer manufacturing,Buy,170.79828099437185,168.74647876512878,165.74406400942976,-3.450292397660822,-9.958551483420603,3.1230480949406623,167.63999999999996,175.9879999999998,171.73199999999983,160.88444999999984,29.314630681818183,8.943416,-21.668984700973585
MRSH,Marsh,177.41,USD,-1.7228007976955537,712733,0.34673604504333927,84662053981.23842,USD,Finance,Buy,184.3810551973285,182.43947596238894,180.53535245573374,-5.88828178876452,-7.056789606035205,-3.7958895938398136,183.99400000000023,188.43450000000004,185.38220000000055,177.94239999999982,21.708964538312816,10.447877,-1.9073111593907066
EPD,Enterprise Products Partners L.P.,39.17,USD,0.8756116404841705,1046089,0.5042419723650706,84586729630.89674,USD,Industrial services,Buy,38.569246095184056,38.28282463018829,37.83284486102208,-0.28004073319755457,3.7341101694915353,22.02492211838006,39.093999999999966,38.702999999999975,38.2206,36.37565000000002,13.615349855747507,3.003847,7.479358912093255
UPS,"United Parcel Service, Inc.",99.4,USD,-1.0748407643312083,1678005,0.4817777719079032,84567688123.6863,USD,Transportation,Buy,103.98778425314747,104.99063041190725,105.23950486114938,-3.775411423039682,-4.880382775119612,0.10070493454180114,101.736,103.27199999999996,107.3990000000001,104.96299999999992,18.50369515441464,7.193993,-20.137071836346333
EMR,Emerson Electric Company,151.11,USD,-0.6835359842260874,880993,0.4533961883024398,84289152773.96767,USD,Electronic technology,Strong buy,152.45805524600064,150.42302072860574,147.82291427629949,2.094453077494779,-4.620337057375493,13.420400810628255,151.05399999999992,155.98199999999997,149.76719999999995,142.95299999999997,33.0201254288399,6.559588,-1.699102117970537
MNST,Monster Beverage Corporation,42.7,USD,-1.0428736964078695,4627737,0.561048851449669,83651513016.80882,USD,Consumer non-durables,Buy,45.46110992949083,45.496526255417265,44.723545850764424,-5.822673136303486,-5.457765969223948,11.386461458197475,43.63399999999995,46.15950000000002,47.170750000000034,41.85104999999998,39.62509279881218,1.160447,34.5822405395279
REGN,"Regeneron Pharmaceuticals, Inc.",806.23,USD,-0.503511001962203,233798,0.3894076871866953,83005398331.27942,USD,Health technology,Strong buy,781.7777222500498,758.0816769490225,739.353560505418,-2.4218144848954286,3.1353937471217304,4.130448821440106,827.951999999999,818.3269999999986,744.8986000000008,733.1150499999987,19.925067530663743,54.258244,1.954010824539639
MCO,Moody's Corporation,475.98,USD,-1.0950649350649313,289839,0.4777112108415658,82439734547.08652,USD,Commercial services,Strong buy,487.77866883388646,483.04270129384673,477.9235844995923,-3.346464687487301,0.22108521255764246,-6.619320411206154,489.0160000000001,496.0354999999998,490.32219999999995,473.1341750000007,30.18243384632945,16.93734,34.02768924810688
AMT,American Tower Corporation (REIT),175.65,USD,-0.045524383998169965,683513,0.33866095262944296,81845881229.70723,USD,Finance,Strong buy,174.95169799215773,175.18577964299848,176.21988370571418,-0.1421262080727686,2.5633539647319954,0.2225265320095942,175.5800000000002,175.1735000000003,171.25900000000001,177.59340000000049,24.151301406591596,6.969845,164.01786038407087
CVNA,Carvana Co.,73.755,USD,-1.2914882226980773,2804601,0.5492832390958229,81164708737.70879,USD,Retail trade,Strong buy,71.54900341317382,70.51746025934806,70.11585720384215,2.522935779816511,3.880281690140839,-12.546243597040414,74.13100000000001,72.76024999999998,69.21949999999998,73.1224600000001,34.21235736153631,1.619303,169.87981972959443
DDOG,"Datadog, Inc.",224.975,USD,7.013746848689532,3020480,0.7449671040770207,80782906060.06934,USD,Technology services,Strong buy,233.45684345604366,230.9852257625855,219.79172634926246,2.512986421215705,-2.692474048442904,63.916211293260474,214.42500000000004,231.64825000000002,248.1719,176.78074999999998,459.60163432073546,2.529359,41.43311181739381
BE,Bloom Energy Corporation,273.5499,USD,-1.3238943799148861,7543710,0.5736602355087466,80567925784.94206,USD,Electronic technology,Buy,237.5011085110474,235.01267802414733,227.4783647604155,30.26185714285713,23.77823529411764,202.0314673733024,251.29397999999992,224.98649500000002,226.952998,192.93749949999997,372.73456874233545,2.673249,15514.893617021275
CTAS,Cintas Corporation,198.7,USD,-0.8977556109725742,944993,0.6502472402821033,79513690710.8015,USD,Commercial services,Buy,199.01938104437252,195.7182243805051,192.35565402425203,-0.9422204496734706,-1.4800307410070226,5.928137328073343,199.76199999999974,201.94250000000017,198.44119999999967,187.00302499999964,40.48244809811951,5.500686,11.516790112237015
MDLZ,"Mondelez International, Inc.",62.005,USD,0.6084699010222294,3435436,0.47347817482677984,79137477882.06882,USD,Consumer non-durables,Strong buy,62.11809551621505,61.811123646052174,61.3154834877562,0.5758313057583195,-0.3135048231511258,14.951798294401195,61.76300000000001,62.74475000000001,61.5793,59.16034999999997,22.743278435975498,3.0488,-0.4418638621092528
CDNS,"Cadence Design Systems, Inc.",286.06,USD,0.6863538770194603,1030969,0.41345243848627267,78778919054.78624,USD,Technology services,Strong buy,318.99168057589515,327.74709572347064,331.56512756875946,-8.49593755997697,-15.193738697340725,-9.388660120367433,294.8830000000001,317.7987499999997,338.0460999999999,326.93077500000004,56.91377183558155,8.14086,35.99761891877266
BAM,Brookfield Asset Management Inc,47.83,USD,-2.128094945774502,910518,0.47655011543746906,78356638996.19429,USD,Finance,Buy,50.03561310951807,49.58650786873463,49.234102266508465,-4.032905296950251,-8.424277235305379,-8.703951135712927,49.451999999999984,51.730499999999964,49.691600000000065,49.11484999999996,28.372313083225137,1.868701275,10.931106900430727
SHW,Sherwin-Williams Company (The),322.08,USD,-1.229721855929342,596863,0.4320735269824158,78187548406.49048,USD,Process industries,Strong buy,337.57442704343293,336.7608865303016,335.34398206915165,-3.5602000179656983,-12.554300608166814,-0.36194895591647824,329.07799999999986,343.66200000000026,342.20340000000056,334.1341499999999,29.694097689598582,12.108388,7.709876665806048
APO,"Apollo Global Management, Inc. (New)",130.92,USD,-0.6752143236476859,1157364,0.5600525519258757,77313915999.2647,USD,Finance,Strong buy,131.1598274920796,129.7362400091174,128.52823128819753,-0.25142857142858094,3.1353395304868363,-9.716571270946835,132.63600000000002,134.3605000000001,127.57419999999993,127.82324999999993,49.519630834405014,8.767614,-50.116981132075466
EOG,"EOG Resources, Inc.",147.2,USD,1.2658227848101091,1114122,0.3927381433388012,77210694855.6962,USD,Energy minerals,Buy,144.20251976607307,142.18612862162885,139.16601613724205,-0.12890969536603417,7.3042717597317255,40.19047619047618,146.53399999999993,146.6220000000002,142.09259999999992,129.06694999999993,11.450886432410986,16.58766,24.99538130937449
HPE,Hewlett Packard Enterprise Company,58.13,USD,3.7479921470640756,13192083,0.4549070421136062,77165522589.78314,USD,Electronic technology,Strong buy,52.703337060345234,49.90671345664629,45.679908313178444,11.809963454510482,4.927797833935025,139.4151565074135,54.48599999999997,54.67249999999997,50.527599999999985,33.621600000000015,30.31077276045469,3.798434,142.2076281889366
ECL,Ecolab Inc.,274.345,USD,-1.3537808780698235,464903,0.3977702762710214,76906740987.48651,USD,Process industries,Strong buy,278.0609939546876,276.4740133612688,274.72984909999894,-2.604018744674801,-3.4846086191732533,5.032542113323139,278.12099999999987,281.4602500000001,278.60929999999996,273.03807499999994,36.80408360387433,8.155323,-0.31693389855440474
MSI,"Motorola Solutions, Inc.",464.48,USD,0.3239880772387576,413071,0.49124351369733255,76868550163.51048,USD,Electronic technology,Strong buy,459.9954581393304,450.6526193234103,442.1013542310758,-5.524367423317869,-1.1723653694759444,21.172910362099557,469.3319999999999,475.63699999999955,446.86320000000006,423.5797499999998,36.58417479245759,17.701044,2.1851634244689984
TRV,"The Travelers Companies, Inc.",365.595,USD,-0.017776076136300858,621135,0.4729682755997073,76253982351.07085,USD,Finance,Buy,364.87692522534394,356.7587706917198,344.426622210372,-0.16793642991724755,-4.414609914243879,26.67440490627491,368.22500000000014,367.74075000000033,364.5833000000004,313.2175300000001,9.789401810100147,34.075679,65.14110353488454
SNPS,"Synopsys, Inc.",396.72,USD,1.1963370150243744,688241,0.331845293701993,76026088558.31892,USD,Technology services,Strong buy,410.3039747159901,417.82668449079154,427.13151298741826,-4.1229638938566255,-4.634615384615378,-17.16707729569465,402.974,412.5155,410.3534000000004,447.2848249999999,70.08444334522844,15.140179,-55.681346643178706
CMI,Cummins Inc.,551.24,USD,-1.8359896714450978,450673,0.4500828064159467,75886171677.5793,USD,Producer manufacturing,Strong buy,594.4598091025681,609.6354418820013,613.0924829992273,1.1449541284403686,-15.111569675223679,7.99098834361838,553.988,584.9309999999999,627.4630000000005,600.9299900000002,28.169186821947072,29.543556,-7.964331234156232
ITW,Illinois Tool Works Inc.,264.335,USD,-1.6208269753247306,465261,0.46645554600777134,75282605456.89836,USD,Producer manufacturing,Buy,275.67305574708405,274.8245392612332,272.49101310228616,-2.2899493586663193,-10.751907623742328,7.170079059395894,268.7770000000002,279.87675000000013,280.18429999999995,267.14687500000014,23.95857880902746,11.430316,-3.183629056318995
GM,General Motors Company,85.29,USD,-0.5828185103158876,4286839,0.7043062014493908,74837842482.27345,USD,Consumer durables,Strong buy,85.47482348116046,84.15906807150895,82.41513162445443,-0.4086875291919597,-2.43651338366506,4.7659992629898165,86.18599999999995,86.07450000000007,83.62940000000008,80.03804999999997,43.0192676283668,13.445706,-68.57106623125456
ET,Energy Transfer LP,21.6623,USD,0.708042770804262,5152062,0.7828765086583475,74589788863.64807,USD,Industrial services,Strong buy,20.994576157066085,20.621013697526216,20.171140955620515,1.2257009345794383,7.0271739130434785,31.68571428571428,21.530459999999984,21.275115000000007,20.55524599999999,18.941861500000012,14.842274751627269,1.680475,12.650509416486564
NU,Nu Holdings Ltd.,15.255,USD,-0.489236790606649,43678524,0.660242205249746,73689040483.27397,USD,Finance,Strong buy,14.637775799431374,14.38786183249513,14.301718874722315,5.061983471074388,10.784313725490204,-10.580304806565053,15.406999999999993,14.775249999999986,14.304300000000019,14.968475000000003,20.760751224823082,0.874954,56.40698169433802
NOC,Northrop Grumman Corporation,516.7899,USD,-0.3451926414439531,397397,0.5566861041330263,73416743583.35425,USD,Electronic technology,Strong buy,538.389275968249,546.0687664789975,558.8769506136152,-3.374859771146519,-10.123495652173915,-9.269843220562166,520.4819800000002,550.1234949999996,544.5449980000002,602.4172245,16.3863129758164,28.938661,15.966068289956544
FDX,FedEx Corporation,309.33,USD,-1.528029796581037,553447,0.3808454449997909,73209268551.11488,USD,Transportation,Strong buy,319.97591074345684,318.7994380953971,313.4183471634734,-4.956062188901861,-2.610037151312896,32.95184114070534,317.36599999999953,327.2639999999999,319.0329999999993,292.5295881241998,16.687166208124292,17.691085,9.927059242127733
CI,The Cigna Group,275.61,USD,-0.07975927201536108,713668,0.5316453810258771,72827323148.84305,USD,Health services,Strong buy,280.4852490706557,281.3823324973573,281.70266535069163,-2.645708230307315,-2.4527500530898303,-0.3795272175233179,280.61199999999997,279.0274999999998,283.2522000000001,279.61095,11.3981216113944,30.504281,32.04187280888568
NSC,Norfolk Southern Corporation,323.81,USD,-1.2533544767016387,323402,0.32059312334977097,72730438594.05173,USD,Transportation,Buy,333.7084650733698,330.82948806523274,325.13543434352204,-3.0189583395729085,-2.7860338046774067,12.087645816746866,327.81599999999963,339.95450000000017,335.60899999999987,309.3820000000002,27.643463265550032,12.983801,-20.859119530848844
TGT,Target Corporation,159.81,USD,-1.7823120889926898,1274171,0.3947949461130745,72601167081.14676,USD,Retail trade,Buy,155.3842576266276,149.57337825720592,142.29293740899655,-2.560819462227906,7.154351615931351,63.22132570728221,162.866,160.78200000000004,148.0008000000001,123.24262500000005,16.58364983500405,10.078599,12.33563368460318
ROST,"Ross Stores, Inc.",226.16,USD,-1.3736862762199666,619621,0.3063446998724629,72247517980.96132,USD,Retail trade,Strong buy,233.6409017443547,232.8475723561945,228.63432998325572,-1.8445379974827483,-11.316759469845508,25.23395536851431,229.73599999999973,234.84049999999974,235.18049999999982,213.29312499999992,27.326881018837376,8.485218,31.42299080558334
CL,Colgate-Palmolive Company,88.29,USD,-0.1357312521207899,1801306,0.45173320850461357,70382388591.17407,USD,Consumer non-durables,Strong buy,90.28396763334763,90.42486430064139,90.04372591935471,-1.9980019980019947,-4.551351351351345,11.858608893956669,89.13199999999966,90.66400000000033,91.67460000000037,87.81522500000014,34.926223347442544,3.867237,-28.947664286918883
WBD,"Warner Bros. Discovery, Inc. - Series A",27.965,USD,-0.5512091038406868,4906560,0.34498923796504133,70211821813.17052,USD,Consumer services,Buy,27.778242576035183,27.51810785046038,27.205730481287727,-1.4622973925299476,4.444444444444449,-2.8655783258075695,28.219000000000005,28.352750000000004,27.142899999999987,27.340300000000006,nan,-1.146103,-521.58940397351
KMI,"Kinder Morgan, Inc.",31.525,USD,-1.4227642276422823,5350971,0.5264184548061897,70199932106.61586,USD,Industrial services,Buy,31.692356062562716,31.81450473836184,31.785197550963687,-1.607365792759053,1.4317889317889327,14.67806475081848,31.695,31.818749999999994,31.923099999999998,31.125800000000016,20.33608566636563,1.52164,27.19067935674433
DLR,"Digital Realty Trust, Inc.",189.09,USD,-0.21635883905013012,517934,0.25000482696302934,70152147636.51183,USD,Finance,Strong buy,189.28626183214308,188.78382677689402,187.27779482796132,3.4013233444523423,-2.041133502564367,22.27754785307813,187.706,191.224,186.65259999999978,179.17059999999975,91.97879171125595,2.708176,-46.11977460359062
RCL,Royal Caribbean Cruises Ltd.,259.94,USD,-1.7240075614366739,1084241,0.6109674598593724,69714602270.76785,USD,Consumer services,Strong buy,282.57257828490947,286.2423989899317,287.6056437875117,-3.050872743547668,-17.479365079365078,-6.664272890484741,264.15600000000006,284.9784999999999,294.99999999999994,287.93484999999976,16.054201613202068,17.761253,22.036223309239748
ORLY,"O'Reilly Automotive, Inc.",85.825,USD,-0.07567819303760359,2350975,0.47114703739552444,69429061491.37035,USD,Retail trade,Strong buy,88.38433025815695,88.89247053599755,89.67349260698029,-2.4327857670664472,-7.809227133573227,-5.41657482918227,86.79100000000008,89.18224999999983,88.84750000000011,92.043025,27.293687390682145,3.285153,12.468257090740005
HLT,Hilton Worldwide Holdings Inc.,307.935,USD,1.1380431569612686,832622,0.5649639463324216,69305363612.35574,USD,Consumer services,Buy,318.9841339912643,321.3383782582843,320.75170729933495,-1.6967278531524335,-2.7768130584409483,7.3430473733746995,309.88900000000007,321.62874999999997,323.83690000000007,313.2172250000004,45.24663150006612,9.039033,4.542242703533027
AEP,"American Electric Power Company, Inc.",124.64,USD,-0.6219103811194395,1431302,0.4808477044601863,67853690933.27507,USD,Utilities,Buy,125.78422378201537,127.12733539469787,127.76744249213814,1.5397148676171084,-0.3238834019752898,7.969507969507972,124.56800000000005,124.1389999999999,128.74859999999998,126.91492499999991,21.59914047066163,6.381186,-15.46518611839503
RSG,"Republic Services, Inc.",221.015,USD,-0.277489509542936,713079,0.47132462710983636,67677663746.81237,USD,Industrial services,Strong buy,219.04345089502166,217.54490604348325,216.52256278124074,-1.0543045171688312,3.070932238959091,4.970315839468047,222.59899999999988,220.1217500000004,217.78010000000003,215.0647249999998,31.305684216490317,7.276561,4.356116596700759
SPG,"Simon Property Group, Inc.",206.33,USD,-2.619407211629216,572779,0.5008886552255585,66758385354.72913,USD,Finance,Buy,215.0479394567277,215.4149191177492,212.85943805199514,-2.9857062253150244,-6.701333936242366,11.850165338537439,209.87399999999988,216.2549999999998,221.84400000000028,202.07294999999976,39.151802656546494,6.647592,-25.407991394318557
APD,"Air Products and Chemicals, Inc.",298.77,USD,0.35605119075610575,306627,0.35122156727471365,66531754371.73945,USD,Process industries,Strong buy,301.26274632631487,299.21156424354916,295.7675119247338,-2.42333191809008,-1.7171617487417439,21.807729941291576,302.28399999999976,304.39050000000003,301.1228,282.96235000000036,nan,13.444054,-103.09207216272551
NBIS,Nebius Group N.V.,243.43,USD,-0.18451697556174704,7703603,0.5882518239438024,66177719964.05036,USD,Technology services,Strong buy,223.76759178467995,217.07402238075784,203.84776938209228,24.417980629168696,30.8200773860705,179.85284819221704,225.68399999999988,229.0544999999999,212.79520000000005,156.29682499999996,nan,-2.090232,-114.14427157001417
BSX,Boston Scientific Corporation,45.26,USD,0.6224988883948447,8366994,0.44277005122816654,65592126148.68163,USD,Health technology,Strong buy,47.51421753883972,48.622250036279915,52.09464457057891,-5.531204341473594,-8.639483245861932,-52.716255745925615,46.67200000000008,48.943999999999996,46.936399999999956,66.23224999999998,18.35286484732979,3.298313,46.7741935483871
HON,Honeywell International Inc.,206.305,USD,-0.929216288897427,929850,0.357207052281767,65386308928.10192,USD,Producer manufacturing,Buy,220.7097731346865,224.96375092525977,227.68731335754853,-2.053363718368698,-16.054280598958325,0.5727655192866579,207.57099999999946,218.33525000000003,227.77550000000016,229.7268289760004,7.628466097965915,8.324974,53.73390557939914
AON,Aon plc,307.97,USD,-2.476329206117988,1166086,0.7884178465975078,65328274295.73123,USD,Finance,Buy,338.42156232413356,340.40323019118586,339.85784827996974,-6.02075068660359,-13.903915237416294,-12.289245841877415,320.94599999999963,341.829,352.4938000000005,336.8885000000007,16.981048847326605,18.795691,51.84785156904115
URI,"United Rentals, Inc.",1036.565,USD,2.1075287882817753,258242,0.6535268895736899,64518384379.756546,USD,Finance,Strong buy,1063.4726463622528,1057.8804497292774,1031.8106876504778,4.6496249406871275,-10.846922627034093,27.877842065655884,1007.0569999999996,1066.0637500000007,1083.8177000000003,929.6642249999995,24.904556539288592,49.425832,7.655638525983063
ALL,Allstate Corporation (The),254.155,USD,0.2742050027617743,651888,0.5168358061938667,64265115492.0273,USD,Finance,Buy,255.75422309574228,250.78522892388742,242.91037574998666,-1.9993059304387963,-4.793032403071732,22.75647217928903,257.9270000000001,258.41075000000006,257.2412999999999,222.18447499999988,5.075527313248633,35.333983,135.47341938821094
BKR,Baker Hughes Company,64.305,USD,0.6023153942428114,3508658,0.5686523568723847,63833904388.876884,USD,Industrial services,Strong buy,62.3076815858303,61.66229422350728,60.89458015353285,2.0390352269120973,3.634165995165205,40.64960629921262,63.99899999999999,63.45024999999997,60.26720000000001,58.656774999999996,20.663560411311057,2.628275,1.8091405764386397
PCAR,PACCAR Inc.,120.905,USD,-1.3020408163265296,726571,0.3312709457675149,63640151764.926,USD,Producer manufacturing,Buy,125.80202838799586,125.17840554202137,123.51713394154861,-1.382544861337678,-9.11448545440878,10.123872848164673,122.94900000000021,127.02324999999955,127.86409999999998,120.08155000000001,25.451540922869654,5.934882,-18.58504147528622
AJG,Arthur J. Gallagher & Co.,245.23,USD,-2.4736528136806517,460850,0.35731656153927804,62852445243.2851,USD,Finance,Strong buy,252.82474305937762,247.79182436578907,242.82479072199408,-6.933586337760914,-0.7165991902834049,-4.620590408774463,258.09800000000007,259.26199999999983,254.55959999999996,233.88115000000013,40.5754657665707,13.251395,-8.900712961427725
TRGP,"Targa Resources, Inc.",292.865,USD,-0.48421624927792695,331507,0.35087268078319905,62799341035.73164,USD,Utilities,Strong buy,283.8925467244564,278.18010783172826,268.8398542433138,-0.5788097905421408,13.193290302632082,59.312952184083116,292.8409999999999,289.56875,278.62309999999974,239.2028750000001,27.959540221106295,11.276709,49.97780673243511
TDG,Transdigm Group Inc.,1131.3501,USD,-1.2042108388493973,131221,0.4572654189128442,62537101291.59038,USD,Electronic technology,Buy,1195.9634737244003,1213.3178574040342,1228.6748168411866,-2.531996829608689,-8.020317073170723,-14.873998329608803,1150.024020000002,1193.1380049999993,1234.5304020000005,1267.2762505000014,34.30672731407778,41.072753,9.481962989768064
COR,"Cencora, Inc.",324.93,USD,0.07391665896701749,436259,0.37920031194177756,62005475724.29372,USD,Distribution services,Strong buy,318.2272014217168,313.4296036575678,311.4717102118659,-1.7210090133688214,1.2022300432927442,-3.633074322320422,330.83000000000004,322.4039999999999,313.7413999999998,321.5610499999999,24.15710706505981,17.875464,38.36887530989928
OXY,Occidental Petroleum Corporation,61.415,USD,1.2613355317394899,5031313,0.8186538968291786,61392731859.69258,USD,Energy minerals,Buy,58.83745512477748,57.79255124056727,56.56153547977359,1.6131700860357403,8.468738961497708,48.92095053346265,60.72500000000001,59.826249999999995,56.57809999999994,52.59314999999976,18.19541966640002,6.190055,98.32540102238676
TFC,Truist Financial Corporation,50.14,USD,-0.8110781404549884,2702493,0.5050578426818396,61252337782.06726,USD,Finance,Buy,51.0714078348408,50.9365694333413,50.53174267625133,0.5011024253357386,-3.5769230769230758,1.79677190132981,50.952000000000005,51.0805,51.52280000000009,49.7307500000001,11.51108866339134,4.632325,18.367346938775523
MPLX,MPLX LP,60.06,USD,0.38442253050309877,540512,0.5129506000155067,60892329941.69915,USD,Industrial services,Buy,59.00246775473361,58.46082389576804,57.81322214373115,1.1622031328954099,2.0560747663551417,12.8099173553719,59.57800000000003,59.17149999999994,58.34080000000003,56.493049999999954,12.927527497363267,4.298714,10.254402202287725
MET,"MetLife, Inc.",95.3646,USD,-0.14178010471204627,1311620,0.505323032338871,60602003115.852394,USD,Finance,Strong buy,95.2033084838396,93.19152705076237,90.16728392352542,0.6061820867179972,-1.6758428703990094,20.80643526729161,96.82691999999992,96.15972999999994,94.71429199999992,82.15472300000002,18.24880401086915,10.027122,-11.437626044367619
OKE,"ONEOK, Inc.",95.725,USD,-1.830581478822696,1145111,0.3652366205663655,60342139891.800064,USD,Industrial services,Buy,93.4886353770218,92.27318008551624,90.59028516432625,0.5937368642286651,9.62551534585433,30.30901170705146,96.08500000000011,94.88274999999975,91.9896999999999,85.20332500000004,16.53652806329573,5.745599,12.846755170867707
GWW,"W.W. Grainger, Inc.",1277.14,USD,-0.9331585438693091,106431,0.496849611855935,60154497462.008675,USD,Distribution services,Buy,1313.642224596992,1309.2725035572287,1284.2553239511521,-2.238246145838118,0.19927820492705092,26.790961798109777,1297.6980000000008,1309.6885000000009,1336.6248000000005,1181.1680000000001,32.41661315254444,46.510439,-0.5866737992742951
CRH,CRH PLC,89.86,USD,-0.8277232093587904,1551832,0.3520362876186504,59782464212.98753,USD,Non-energy minerals,Strong buy,96.15187089023765,98.8450160013532,102.02124382868593,-1.306974190005489,-10.328310547849512,-28.39840637450199,91.88799999999992,94.52250000000001,98.94300000000004,111.28369999999994,15.846368173241398,5.887477,18.52726626674749
COHR,Coherent Corp.,304.6,USD,0.9010202729561505,3217911,0.6307428490246816,59650502752.66596,USD,Electronic technology,Strong buy,303.38280853260983,309.2444923055411,306.7503534558553,13.60584812770402,-20.50837063037436,62.02127659574469,284.27800000000013,296.8604999999999,303.81260000000026,278.0623500000001,74.07047151229239,9.442466,nan
TER,"Teradyne, Inc.",381.26,USD,2.4727194538515263,1119150,0.5308802584314567,59606471673.5362,USD,Electronic technology,Strong buy,372.46867163428834,370.5822301521562,360.19257775215436,14.146283045417801,-1.3960657738880418,91.30914747353104,358.2110000000001,375.79124999999976,369.0062000000003,318.3990749999999,52.30836774733491,9.206802,152.82528009989946
MPWR,"Monolithic Power Systems, Inc.",1209.02,USD,-0.7780057447681591,203751,0.38919251592673015,59414871741.24901,USD,Electronic technology,Strong buy,1297.2352121896552,1326.0848619265512,1328.5181791897337,-1.2980439538908737,-15.347775552785988,30.33780542364476,1216.8779999999983,1295.2139999999997,1324.5633000000003,1253.9797500000002,74.08937150701048,27.420919,-57.50593725261448
TEL,TE Connectivity plc,205.17,USD,0.08780916142249787,592371,0.3138272685169537,59399427730.936485,USD,Electronic technology,Strong buy,206.7649824716951,207.32603223104977,208.6717199318448,-0.06818956699625676,-4.895007648449452,-10.950520833333341,206.086,206.66699999999997,205.86299999999963,215.95059999999975,20.1121425700646,11.445998,110.62705180352239
NUE,Nucor Corporation,258.335,USD,0.7546801872074893,457529,0.4413131682878472,58609925172.68435,USD,Non-energy minerals,Strong buy,254.24792166776197,248.9711073423209,238.78985347421525,1.662665774664502,-5.371794871794879,56.39605279089476,260.44899999999996,256.71975000000003,249.49050000000005,207.10397500000013,20.609752205894086,18.728045,126.28899480069322
D,"Dominion Energy, Inc.",65.58,USD,-0.966475385080037,1477323,0.35841363205377635,57679312205.05678,USD,Utilities,Buy,66.91501622666576,67.0919756272072,66.62089962864336,-1.0859728506787314,-2.388926099575804,11.32235613647938,66.09600000000026,67.02299999999951,68.60900000000001,64.16685000000003,22.806468440271257,3.586569,-0.6529850746268628
AFL,AFLAC Incorporated,114.55,USD,-0.5296978117401872,767700,0.34660642869368474,57428879447.39666,USD,Finance,Buy,118.40140836276754,118.71615673475148,117.97583872418747,-1.5385937768609301,-7.6954069298952446,4.003994915562009,116.50400000000002,117.703,121.29180000000002,114.61380000000003,12.275888675747215,7.010224,110.97696081756314
O,Realty Income Corporation,60.245,USD,-1.270075385119642,3485769,0.7208432315397051,57004908573.57506,USD,Finance,Buy,62.03714442083664,62.35828008655925,62.415017664281294,-2.1361273554256086,-3.2364278830709936,6.912156166814545,61.150999999999954,62.102249999999955,63.151100000000014,61.89267500000002,44.06451141018139,1.529334,33.38536585365854
FIX,"Comfort Systems USA, Inc.",1619.66,USD,-1.7476811831577126,125124,0.38770645436863843,57002844774.46317,USD,Industrial services,Strong buy,1656.63263852689,1678.3774985835903,1657.5437924047162,4.292337411461692,-5.166023572946736,72.59803921568628,1603.7579999999994,1646.2610000000009,1700.2324,1498.9421500000003,39.848445707396884,49.007236,108.88515440711674
NXPI,NXP Semiconductors N.V.,225.965,USD,0.9358109617188541,1750687,0.6058636491777365,56980275276.18995,USD,Electronic technology,Strong buy,236.98529001146363,245.00361577557035,248.90726094755857,1.2841774988794303,-5.945889698231007,2.4296820108338495,226.23200000000014,226.69199999999978,248.16220000000018,244.0542750000002,19.285062003396746,15.083894,39.66719511759026
CTVA,"Corteva, Inc.",85.39,USD,-0.5937136204889466,1353448,0.29107278064714665,56971866076.173,USD,Process industries,Strong buy,83.51148076380551,82.74868197398547,81.58739096269912,-3.2627166647785155,10.680492546986384,27.44776119402985,87.54800000000002,82.34400000000005,83.45839999999998,77.5857999999999,56.45246595266429,3.755249,-26.404904393519196
LNG,"Cheniere Energy, Inc.",275.72,USD,-0.1086877762480815,1501135,0.6421943737709138,56945593342.71503,USD,Industrial services,Strong buy,273.6370345499189,267.6838762306457,260.87415671975583,-4.937250034478001,7.0632547664350005,41.787514141725815,286.0899999999999,280.0495,267.31399999999996,240.98495000000017,20.51610214893744,5.249878,-21.674311258239555
FANG,"Diamondback Energy, Inc.",201.27,USD,0.8114199849737063,778847,0.41022697118545387,56360499811.03788,USD,Energy minerals,Strong buy,198.99653029018847,196.82794275454697,193.15577112002063,0.21909077329084187,5.487421383647798,33.20758463218505,201.29999999999987,203.1540000000001,195.96650000000022,181.38142499999987,38.994478349317056,20.495948,-63.303828516583124
KEYS,Keysight Technologies Inc.,330.83,USD,-0.7767980325115565,382442,0.3678633899255553,56322073234.21003,USD,Electronic technology,Strong buy,328.6405723406254,327.8762815304714,321.1620352688028,4.021506728713358,-4.043275226962902,61.13681749549461,327.1320000000002,329.8240000000004,326.0269999999998,290.08795000000003,45.568242861668566,11.48519,131.29440249769027
FAST,Fastenal Company,48.715,USD,-1.346699068448763,1892508,0.3419702887711418,55900350722.85044,USD,Distribution services,Buy,49.217754199683114,48.61571528760077,47.79602375019002,0.17478922475838135,-5.773694390715666,21.000993541977163,48.97099999999999,50.35049999999995,48.75219999999997,45.45880000000002,41.45604629393243,1.266571,13.569150478399544
SRE,DBA Sempra,85.14,USD,-0.3861003861003841,1113806,0.258764382336371,55673080053.01159,USD,Utilities,Strong buy,86.1121832944304,87.5100126551103,88.7954576157431,1.854288790525179,1.538461538461546,-4.0351668169522075,84.60199999999989,84.98500000000008,88.42099999999999,90.94736500000005,24.673254701944533,5.114957,-16.443895588164086
CAH,"Cardinal Health, Inc.",239.335,USD,-0.48026944987317605,351957,0.2602887827934614,55663513460.44073,USD,Distribution services,Strong buy,235.7194191589053,231.7859342127868,226.311193428725,-0.6867504875720989,1.2758124576845018,16.994182920271797,244.221,236.87375000000029,234.33889999999985,216.08382499999988,33.06828230352603,12.544261,12.39381939591583
AU,AngloGold Ashanti PLC,109.48,USD,1.5301864045256475,1216849,0.4926131248097313,55288219499.88426,USD,Non-energy minerals,Strong buy,103.30796784785294,99.55015908311387,96.80084235329839,-0.6533575317604345,15.266371867761633,25.672961028525524,109.176,109.58149999999998,93.24359999999997,95.48865000000002,14.651838171330684,8.937885,9056.985294117647
NKE,"Nike, Inc.",37.26,USD,-2.204724409448828,23470883,0.8604426891373341,55275159866.22991,USD,Consumer non-durables,Buy,40.00574222437919,41.30693243792688,43.55555489142607,-2.0890815924320107,-10.733537453102771,-41.78125,38.15399999999998,39.42250000000005,41.369000000000014,51.17045000000004,17.75807835287389,1.719623,-2.8296207104154196
MRNA,"Moderna, Inc.",138.308349,USD,-1.4406406327941421,5075523,0.2871344530641842,55217654811.91425,USD,Health technology,Buy,111.63120025528276,96.8242272473932,83.043692770679,-8.647061426684289,131.47840836820083,363.65520952061684,144.7736698,125.87541745000001,88.32936697999999,55.97156674500001,nan,-8.332565,-6.204860141255336
PSA,Public Storage,295.4275,USD,-2.046584880636609,282434,0.35410543599249045,55090098421.176,USD,Finance,Buy,311.83504480178254,313.2480894315387,311.32260815670776,-1.8154475057329846,-8.804599475227652,14.020648398301807,301.21950000000027,315.0833750000006,319.3999499999993,298.0482374999996,28.17163645379385,10.026551,14.418670623663427
F,Ford Motor Company,13.765,USD,-1.6785714285714244,38678128,0.9687054573971948,54891288014.06965,USD,Consumer durables,Buy,14.169688538227732,14.131485635501205,13.980053862960457,-0.8285302593659958,-1.2553802008608246,4.438543247344468,14.186999999999978,14.064749999999984,14.10589999999999,13.50980000000001,nan,1.850104,-320.88809493428613
AME,"AMETEK, Inc.",236.62,USD,-0.47947510094212076,488492,0.3873538052445154,54247794710.90806,USD,Producer manufacturing,Strong buy,239.64840861351792,238.53158701471247,235.39104304112834,1.5405741749989286,-7.30235837969129,14.864077669902915,235.898,242.53699999999998,241.33900000000028,226.4498999999998,34.586488145701175,8.3361,10.327366553781657
DVN,Devon Energy Corporation,48.925,USD,1.08471074380165,5086732,0.5742324000885992,53817501696.20144,USD,Energy minerals,Strong buy,46.885586890556084,46.19700093121787,45.490241537620555,1.0429574555968513,11.751941525810862,33.38331515812431,48.641000000000034,47.71475000000002,45.07629999999991,43.641249999999985,11.585640199862652,5.117338,-5.407342696503363
STT,State Street Corporation,192.97,USD,0.5680633729414235,588421,0.5133983102783489,53009198375.98098,USD,Finance,Strong buy,188.21396968300778,182.47677375081085,173.62500243837263,2.8734406653161244,4.806647838366279,50.06610156310755,192.61800000000017,190.95350000000002,185.39460000000003,149.7691000000001,17.014354235733936,13.644805,27.095263175588595
NDAQ,"Nasdaq, Inc.",94.68,USD,-0.3787878787878782,811262,0.3229987730010544,52923976571.91667,USD,Finance,Strong buy,95.12524227434697,93.65532099843585,92.22312140718533,-2.9371059510994875,0.0845665961945164,-2.6426735218508925,96.20599999999995,97.43050000000004,93.45500000000011,90.47825,27.590628278354124,4.12985,31.852762621993403
CRWV,"CoreWeave, Inc.",95.595,USD,-4.242211759991986,12517625,0.635370327944154,52724140866.1991,USD,Technology services,Strong buy,90.07847694738686,90.66215331157298,91.88362014480637,19.359470595579968,3.5138061721710936,29.304747734343284,90.05500000000005,91.86375000000001,85.68410000000003,91.69885000000004,nan,-4.006192,-47.0942608136873
GRMN,Garmin Ltd.,273.12,USD,-0.9286128845037733,249896,0.33672711367693164,52671879902.17643,USD,Electronic technology,Buy,278.6564790884641,272.1384429952426,263.1989118645383,-0.7341716944101119,-12.19982640563217,34.0992782442186,275.80999999999983,290.13850000000036,274.1586000000001,239.21544999999995,28.164831085261724,10.169199,19.64318762260799
ALAB,"Astera Labs, Inc.",300.86,USD,4.157867405227623,2027423,0.6183993843527881,52194730522.17648,USD,Electronic technology,Strong buy,309.6986279999589,308.656793470066,293.8023879322817,9.4673264444768,-10.932828088457327,75.23953752511869,291.41200000000015,296.46500000000003,325.2879,226.68484999999993,148.1339241752831,3.994019,256.1283534981589
DAL,"Delta Air Lines, Inc.",79.05,USD,0.11398176291793746,2146422,0.4404683314026446,51985096428.03953,USD,Transportation,Strong buy,82.73234733997367,82.68701861165019,80.87890073996893,1.9999999999999962,-12.497232676555242,13.171080887616325,79.01399999999998,82.52399999999997,86.01900000000002,74.41455,13.132756300566509,6.4783,-12.686577989236861
MSTR,Strategy Inc,134.94,USD,-1.1573395839437535,11920056,0.4632853128184513,51847391975.8053,USD,Technology services,Strong buy,121.03923977063907,119.74180595944203,125.48707968946049,9.396027563842727,35.6780888030888,-12.711042111391425,136.454,119.42550000000001,105.43120000000003,138.47697500000018,nan,-25.302581,-955.7415004313606
ETR,Entergy Corporation,107.305,USD,-1.1287201695383713,1254889,0.5365592274608194,51267910392.95596,USD,Utilities,Strong buy,107.98942817205544,108.80577105708116,108.76200769941782,0.18205583045467966,0.5199063231850181,15.917683914875246,107.527,107.07924999999977,109.98609999999991,105.64362500000009,27.436716952186142,4.39967,-2.653325368379127
VMRK,Vivmark Residential,65.305,USD,-1.337059978848755,2627132,0.5379078964904267,50531646889.04896,USD,Finance,Buy,66.12980618251677,66.20101998699542,65.84695585784176,-0.4193351631594869,-1.8412746129565525,4.789794608472412,65.34300000000005,65.55474999999998,67.10629999999998,63.941375000000065,28.661400043888523,1.286,-12.81472411418075
VST,Vistra Corp.,150.47,USD,-0.8238861059847088,1990829,0.4936737748157783,50503027877.53652,USD,Utilities,Strong buy,147.29394283318413,148.97599055892923,151.57296303386133,9.178638804237416,6.031992107673879,-8.188419061565677,147.8339999999999,142.59649999999996,149.16860000000023,157.50660000000008,25.3992100199183,8.609632,-6.008345364832065
EW,Edwards Lifesciences Corporation,86.32,USD,-0.46125461254613204,909328,0.35202760573317454,49754850807.98801,USD,Health technology,Strong buy,88.5719571503772,88.11010179689266,87.14317618514652,-5.6251024982233755,-3.4235846945625448,1.0063187456119815,88.70800000000011,90.41200000000006,89.45839999999998,84.96275000000001,51.222406835983854,3.000897,15.046422719825225
FITB,Fifth Third Bancorp,54.05,USD,-0.8438818565400861,1979185,0.4915563162969232,49017542337.91139,USD,Finance,Strong buy,55.24415859962249,54.94294356874148,53.94564232496192,1.198277476128067,-4.841549295774648,15.368196371398069,54.55999999999999,55.352,56.51179999999995,51.027850000000015,18.396242469623225,3.060225,-8.564404195064261
BDX,"Becton, Dickinson and Company",179.91,USD,0.4522613065326646,773648,0.5151814953174063,49005112711.86533,USD,Health technology,Buy,178.21000045151942,172.86582818777376,167.75502773971328,-4.012164541428805,1.9377868434472136,17.831778987086487,183.7779999999995,186.07650000000015,170.95980000000017,160.07078337749937,54.26494540628582,12.670374,-40.38122639812983
AMP,"Ameriprise Financial, Inc.",552.045,USD,-0.8308333483033037,230593,0.5908343084786785,48763911730.40224,USD,Finance,Buy,546.2590609481015,532.4650336733745,517.0243905682843,1.439701585784885,-0.6648792600856606,12.662244897959177,557.2409999999999,558.5107499999995,539.6095,488.6501250000001,13.316536246007777,46.473846,28.977620972132762
CIEN,Ciena Corporation,340.445,USD,-0.24759002607753736,902900,0.353965259656393,48278007128.855774,USD,Electronic technology,Strong buy,377.8717459405987,395.87079763458433,402.3194295934104,-4.703988803358994,-18.94166666666667,41.26348547717842,334.8710000000001,385.07425000000006,399.2057,378.6948999999999,75.96844736019995,7.151266,362.8589134476348
HUM,Humana Inc.,401.28,USD,-0.44903123371951736,594379,0.689877981065291,48185825158.2906,USD,Health services,Buy,387.87354227717833,374.64640715551843,351.70355599050725,1.4178482068390215,4.2285714285714215,56.72551163880641,402.67999999999984,390.19249999999994,388.98019999999997,281.4309000000002,38.002159213591675,9.153904,-18.957127726526167
CARR,Carrier Global Corporation,58.155,USD,-1.6156318727795609,1967739,0.3871642893993835,47938625128.93267,USD,Producer manufacturing,Strong buy,61.50670157250738,62.788166850080295,63.299166607398305,1.563045756199796,-9.047544573037218,9.499152701939375,58.726999999999975,59.94375000000004,64.13789999999996,61.45615000000002,40.980198717497004,2.895607,-43.37642646237332
XYZ,"Block, Inc.",79.76,USD,-0.4244694132334447,1962397,0.48735281017412635,47919566132.03197,USD,Commercial services,Strong buy,80.68490126181685,79.09214025545734,76.64282713824926,3.638253638253653,1.592153865749586,21.3633597078515,81.69,81.55100000000004,80.41659999999996,68.98910000000004,141.99750756631656,4.056505,-87.9842556741609
WAB,Westinghouse Air Brake Technologies Corporation,281.95,USD,-0.8788890841975743,222274,0.32239872986440266,47624414198.635254,USD,Producer manufacturing,Strong buy,285.8790403259375,282.12008022691924,275.13960657974286,0.40239299195213857,-3.567275463437994,31.98670536466622,281.97999999999996,291.5130000000001,283.9963999999999,255.0880499999995,37.972041157140545,10.862538,10.817264640916962
ROK,"Rockwell Automation, Inc.",427.765,USD,-0.31808542865798456,286259,0.43787301209990565,47502740494.75446,USD,Producer manufacturing,Buy,441.0963267771967,443.51297391761324,439.58984216661213,1.8148712333983912,-2.8425093122558343,9.123724489795915,428.86900000000014,433.3672499999998,451.76189999999957,421.12707499999976,40.09344655644284,13.225617,25.185680594177896
AZO,"AutoZone, Inc.",2904.76,USD,-1.5872693208113506,147496,0.48393219515956254,47421241454.59314,USD,Retail trade,Strong buy,2993.866682858472,3045.3438670947144,3130.8493582912765,-2.0785997936907066,-6.749277688603525,-13.94094172090859,2948.4439999999963,2991.4965000000075,3027.8154,3372.5404499999986,19.97100012444233,151.101764,-1.5630245048673954
XEL,Xcel Energy Inc.,75.89,USD,-1.287721123829338,1909348,0.3874436117627302,47403498246.09666,USD,Utilities,Strong buy,77.25821132954363,77.93641810417301,78.39805625048578,-0.47213114754098284,-2.316900501995105,2.804118125169341,76.06799999999991,77.36399999999995,78.52159999999989,78.58937500000003,20.773568378407973,4.115166,1.3426542387927207
NTRA,"Natera, Inc.",328.645,USD,1.3898315542666735,333381,0.3619648187928426,47372261259.843636,USD,Health technology,Strong buy,310.5751411684788,293.72120413516126,273.9464502044062,3.1755250682824254,2.2128572761484184,43.54444201790784,326.76,324.44200000000006,294.64400000000023,236.75017499999998,nan,-1.347542,28.01767211907642
COIN,"Coinbase Global, Inc.",178.2,USD,-0.4135464401475406,3780519,0.46610191746497853,47015753400.0,USD,Finance,Strong buy,172.02464570112735,170.75045920352574,174.91050829143282,2.237521514629935,16.20854934950601,-22.72165484941131,181.8880000000003,172.9695,164.276,191.95075000000008,nan,-3.000051,-137.16237133348812
LHX,"L3Harris Technologies, Inc.",252.26,USD,-1.360757018847274,545616,0.3740753886523143,46974499755.343475,USD,Electronic technology,Buy,270.4338423134668,279.50523450084444,289.39492093744116,-4.627599243856336,-12.670497819012677,-14.197278911564629,257.57999999999936,268.68449999999973,281.21960000000007,313.7780999999994,25.478749191984484,11.941945,10.543180930050802
VTR,"Ventas, Inc.",89.44,USD,-0.47846889952153865,905567,0.33982142213843125,46897538985.569374,USD,Finance,Strong buy,91.34179550716665,90.8877710673378,89.47947601009894,-2.7508970316407537,-2.7826086956521765,15.600361897376235,90.75000000000004,91.66350000000003,92.85760000000013,85.26734999999995,164.0498899486427,0.582831,26.057803468208096
EBAY,eBay Inc.,105.08,USD,0.46849603212543733,3750714,0.9044648982864746,46760598362.36351,USD,Retail trade,Buy,106.48064232384148,106.95109010920939,105.82450366538079,0.4204892966360835,-3.8345382996247808,20.781609195402297,105.12800000000001,104.19849999999981,109.1493,98.89364999999998,21.75434238039045,6.139297,6.7398846485316035
CCEP,Coca-Cola Europacific Partners plc,104.43,USD,-1.989676208352877,554872,0.4290011693171912,46285217470.88898,USD,Consumer non-durables,Buy,106.05527415828851,104.86698276348724,102.92415813958726,-3.260768874478922,-2.081575246132207,15.214033539276265,106.73399999999992,107.57349999999983,107.03280000000004,97.86414999999995,20.17503187666628,5.2071320027,42.72872663100424
CMG,"Chipotle Mexican Grill, Inc.",36.475,USD,-1.3122294372294356,4086192,0.3799942378618121,46156119266.36499,USD,Consumer services,Strong buy,35.83699837426147,35.268007922730526,34.992242156905085,-3.223666755107446,11.817903126916015,-2.080536912751674,37.29700000000001,36.13925000000005,35.01349999999999,34.90884999999998,33.64542016419149,1.149163,-4.172191284363114
PYPL,"PayPal Holdings, Inc.",52.765,USD,-0.780368559608874,3961797,0.275381696015829,45138393405.23345,USD,Commercial services,Buy,54.927891849761416,53.6973737769732,52.51071148617229,0.37093399277154326,-9.548298620039427,-10.064769047213229,54.479000000000056,58.28999999999991,55.369,50.94632500000007,9.971087342681129,5.387703,13.295366960691968
EXC,Exelon Corporation,43.715,USD,-0.5346985210466426,3138263,0.4055794316449922,45124980294.8215,USD,Utilities,Buy,44.66329585367107,45.14509624567747,45.52617128549057,0.12597343105819245,-3.5414827890555975,0.3558310376492221,43.961000000000034,44.50175000000004,45.64910000000008,45.916025000000026,16.015753801062466,2.857226,3.6177966745121837
TEAM,Atlassian Corporation,178.02,USD,0.9069266523070076,1718438,0.43959565154762054,45063772312.18729,USD,Technology services,Strong buy,158.58213988784047,142.01739339363533,128.5343335979551,-5.088902513795211,19.21647413360122,9.794005180708044,185.02800000000008,175.71974999999995,129.84080000000006,109.56762499999996,nan,5.494503,80.95723014256619
MDLN,Medline Inc.,34.22,USD,-1.3548573075814323,2665112,0.3924392720226118,44989287852.42375,USD,Health technology,Strong buy,36.10265773202732,36.95100427090118,38.10102252168703,-3.768278965129368,-1.7795637198622403,-18.348842758291575,35.67799999999998,34.99750000000003,37.5965,nan,40.126641651031896,1.492612,-46.20915857196922
RVMD,"Revolution Medicines, Inc.",208.845,USD,0.7355778506656405,444730,0.23300376553113938,44763092423.865204,USD,Health technology,Strong buy,201.66418184572618,192.19521127659507,176.9823135321444,-1.1899129447388412,1.5289256198347159,160.1133391455972,209.25700000000012,210.19900000000007,197.61739999999998,135.43110000000001,nan,-9.707875,-95.67340777410264
WDAY,"Workday, Inc.",185.22,USD,-0.5690358599957066,977770,0.24106646064524756,44638019707.67296,USD,Technology services,Buy,182.0982573889357,172.1671213142152,164.91575124070147,-6.55836948844718,4.655893321279246,-13.931226765799254,195.01600000000002,195.57525000000004,168.26260000000013,159.79060000000007,37.58980395340342,11.072162,127.87772279517178
KDP,Keurig Dr Pepper Inc.,32.4,USD,-0.4608294930875533,3135698,0.4061222084503846,44090762980.31336,USD,Consumer non-durables,Strong buy,31.81879458263103,31.42692285711189,30.88248238160166,0.8089607965152396,8.90756302521008,16.46297627606038,32.602,31.766250000000003,31.2513,29.187724999999997,32.8367284889024,2.291665,-12.456747404844288
ADSK,"Autodesk, Inc.",206.91,USD,-2.4975260355308473,784400,0.3234331080214627,43244191367.95971,USD,Technology services,Strong buy,229.59868036943618,229.677318551585,231.94667788014894,-16.128901499797323,-16.06595947508265,-30.097972972972972,223.25399999999996,245.89124999999999,231.2267000000002,246.1810250000001,26.802507836990593,12.595033,60.05888329082955
FERG,Ferguson Enterprises Inc.,222.57,USD,-1.648254529385779,320712,0.25396016941764055,43056770915.73419,USD,Distribution services,Strong buy,232.65381550081835,234.1750320148012,235.41086607543545,1.9700371100013665,-15.282429963459208,-0.2643842982613387,224.34799999999967,234.21599999999998,235.09860000000003,239.56175000000036,19.922840058720325,11.368972,37.48477054284554
VEEV,Veeva Systems Inc.,262.615,USD,-0.8401298897447387,533638,0.2468120111373852,42519690477.09844,USD,Technology services,Strong buy,244.68770488559588,228.98914646553627,216.4205656740664,-5.6292223659623275,14.749191645547494,17.548453515957217,273.529,259.99775000000045,223.60189999999994,198.52497499999998,43.20675869103832,9.235162,24.69687955193567
IQV,"IQVIA Holdings, Inc.",255.815,USD,-1.3097488522819267,480186,0.37024477578796894,42107149173.69485,USD,Health technology,Strong buy,245.255840603265,232.59102931206158,219.97686497141217,-0.8468992248062024,7.688907598400331,13.488753826360854,263.65099999999984,255.47024999999994,232.74249999999986,202.28892500000006,31.732140863589564,12.968094,16.773614148934634
FLEX,Flex Ltd.,113.44,USD,-0.7610882687428961,718516,0.2585355211799923,41905070217.79932,USD,Electronic technology,Strong buy,116.42700024194257,118.04854642491708,115.02431867740181,6.22717482910384,-7.561929595827902,84.63541666666667,110.21999999999994,113.9880000000001,121.46509999999998,95.397875,43.80261024017299,4.698455,13.732378902990646
ADM,Archer-Daniels-Midland Company,86.06,USD,1.8461538461538487,2214242,0.6622545712479475,41477442721.76615,USD,Process industries,Buy,82.33440254535238,81.03760141460063,78.94259476016092,1.6656822209096238,12.909997376016799,49.82590529247912,84.98600000000003,81.7825,81.30860000000006,72.37777499999996,23.557429103251945,5.371981,60.792253521126774
PAYX,"Paychex, Inc.",115.335,USD,-1.3640639698965304,899461,0.4362267942259789,41057007470.856064,USD,Technology services,Buy,118.3309574722439,115.06021068669473,111.52565613097906,-7.739380849532046,-3.678804075496911,2.8674634320370935,120.61099999999996,123.07900000000004,117.02459999999999,104.0916999999999,23.58396041223622,5.960639,6.805276491657191
A,"Agilent Technologies, Inc.",145.23,USD,-1.1031664964249266,752809,0.31105009181198107,40944526119.54403,USD,Health technology,Strong buy,146.4914359506182,142.64127535097523,138.32693416197378,-2.562898356256304,-0.7042253521126769,6.598649442160878,148.86200000000005,151.8134999999996,142.79420000000002,131.60870000000006,28.5936484810301,6.202199,19.1074736768051
CBRE,CBRE Group Inc,140.46,USD,-1.265288907633898,631073,0.4120092483091621,40673747508.84016,USD,Finance,Strong buy,145.7609664892214,144.59615831658024,143.9538173276863,-3.9326995417550097,-4.559353129034436,-12.382259372465844,144.27400000000017,148.50400000000016,144.96640000000008,147.07879999999986,32.20673209208475,7.834381,22.18642310817247
IDXX,"IDEXX Laboratories, Inc.",515.47,USD,-0.9111704888410467,230322,0.4924001670109718,40609305796.00803,USD,Health technology,Buy,545.4464492862558,551.9679577471339,561.5346766606164,-5.717630274541362,-11.4160508678467,-23.806778709000334,527.868,547.854499999999,557.1102999999989,605.4846500000002,36.22901160379812,14.770758,18.42736095620182
PRU,"Prudential Financial, Inc.",117.15,USD,-1.8679845870329954,994803,0.6815689192355598,40416749069.708496,USD,Finance,Buy,119.1828926198657,117.07244161267238,114.0904890177631,-0.21294718909710392,-2.8123444499751122,3.7919730663595295,120.3180000000003,121.26150000000011,119.47379999999993,108.1411500000004,10.611413043478262,14.352993,144.26399982299708
MSCI,MSCI Inc.,554.71,USD,0.6021146556883603,206024,0.5552650785419898,40327416378.27893,USD,Commercial services,Strong buy,569.3931728367318,573.0496561785045,574.6784683717857,-1.49521424893008,-0.7123807478207983,-2.9497699319418467,562.8780000000004,565.2970000000001,578.405,573.0375000000006,30.340704600523996,19.722014,21.125612826288588
LYV,"Live Nation Entertainment, Inc.",170.19,USD,-0.1525374009973546,1097877,0.6379333246639057,40102526827.10408,USD,Consumer services,Strong buy,176.87036467821446,175.91226041795008,172.76335258113636,-4.085888187556357,-5.9983429991715065,19.49027592501579,174.24399999999991,180.8379999999999,181.1418,160.8376499999999,nan,-0.341203,-148.655692133953
WAT,Waters Corporation,406.245,USD,0.827728276786374,358160,0.7257371654589959,39912802960.85952,USD,Health technology,Strong buy,400.78135863075215,391.24262327580203,379.785031200736,0.41650187858414134,0.1170613894570872,7.146248186733491,408.8589999999999,411.10624999999993,393.0226999999999,361.05477499999944,101.4395225729125,14.573043,-63.8963263466306
YUM,"Yum! Brands, Inc.",145.965,USD,-2.37107885760149,1536437,0.893577817098494,39834006507.52742,USD,Consumer services,Buy,150.83660648709727,151.90223939806646,152.87207433374638,-3.95775759968416,-2.429812834224593,-3.6788966609475975,149.999,150.92624999999995,152.84929999999994,154.82842499999998,18.357375523499304,6.598706,57.04100173803127
AXON,"Axon Enterprise, Inc.",489.64,USD,-3.1240725718695015,392586,0.515037708900434,39777085590.017136,USD,Electronic technology,Strong buy,542.152851362461,532.5306057023209,521.3147807382998,-5.227910577760571,-13.833699956005283,-14.603135845963342,511.1739999999998,580.5545,567.2200000000001,505.21045000000015,202.78306965957094,7.713503,-40.31097817219983
MCHP,Microchip Technology Incorporated,73.07,USD,-0.42245843554102247,2478410,0.34285877129534975,39677641811.53503,USD,Electronic technology,Strong buy,77.02550624739678,79.085294528727,79.87809638808784,2.2530086761824792,-14.577975216273103,11.967514557155972,73.29799999999996,75.26249999999999,79.25280000000012,77.60330000000005,109.23904918522946,3.641002,nan
TTWO,"Take-Two Interactive Software, Inc.",211.73,USD,-0.7313985653335845,1158515,0.37883727598041234,39589366940.54082,USD,Technology services,Strong buy,228.85631968159248,230.39274552047172,229.7544758158517,-2.0040729427011073,-14.46980407998385,-17.84016608137211,213.99599999999992,230.36549999999994,238.45449999999968,227.61269999999976,nan,6.945739,92.76511480231275
ED,"Consolidated Edison, Inc.",107.27,USD,-0.9236168837166344,482130,0.25261837507486123,39532182280.3095,USD,Utilities,Buy,108.10890546218869,108.51238060047548,108.5562303774413,-0.4639510067736847,-0.11174224788155745,7.6683729800260965,107.85000000000029,107.83900000000014,109.56019999999997,107.34264999999976,17.616435656572293,6.104395,10.407600812300547
SYY,Sysco Corporation,82.48,USD,3.3066132264529062,3031001,1.3128578115685388,39515839469.473946,USD,Distribution services,Buy,82.25946131659461,81.88367551360722,81.22819478048022,-0.02424242424241942,-1.7393376221110244,13.094748388866032,81.042,82.40199999999992,83.0222,79.45732499999994,22.571287833178264,5.073495,-2.142359809329979
ROP,"Roper Technologies, Inc.",393.52,USD,-0.5383546063439898,244061,0.40829262580299786,38919470264.430275,USD,Technology services,Buy,396.2120231349949,386.8778357014734,380.6602043911962,-6.982461116626488,-1.0634820867379053,-11.51485170777776,406.91799999999984,408.7049999999998,386.3943999999998,375.6046749999998,16.307856796528903,22.218238,69.57863076079778
AIG,"American International Group, Inc. New",74.425,USD,-0.34145688269953084,1138412,0.33336079099380034,38916321168.957214,USD,Finance,Buy,76.53543939160156,76.82245199792244,76.99877162366953,-2.278098739495798,-4.338046272493574,-12.67746098791506,75.6609999999999,76.15724999999982,77.85289999999992,77.35284999999983,13.634947970101127,8.040637,1.1714116251482827
DHI,"D.R. Horton, Inc.",138.4,USD,-0.06498664163477753,993406,0.5602323072075701,38710660617.54639,USD,Consumer durables,Buy,145.54125798645617,147.011478911337,148.0403653248745,-2.383975172802931,-7.7517829767379824,-4.115283358736315,141.26199999999986,145.99899999999997,148.24440000000024,149.83915000000005,13.166657153186065,10.469279,-15.746358980113653
RKT,"Rocket Companies, Inc.",13.605,USD,-1.4844315713251273,11586676,0.5276985064234504,38524495375.11767,USD,Finance,Buy,13.912867316163831,14.057368721163092,14.405294949936172,4.332822085889581,1.4541387024608523,-30.23076923076923,13.851000000000022,14.047749999999994,14.095500000000005,16.126449999999988,90.51896207584831,0.615085,nan
RKLB,Rocket Lab Corporation,64.12,USD,-2.6567481402763016,20734503,1.263838471537398,38373242555.11158,USD,Electronic technology,Strong buy,71.1940672816787,75.77202992523337,78.81774703696627,2.838813151563758,-23.725688455361915,-9.21704658077303,64.232,70.25150000000001,73.8642,79.69152499999998,nan,-0.2761,38.885245901639344
VIK,Viking Holdings Ltd,85.755,USD,-2.639645776566761,2166441,0.6466684801139624,38260203791.91332,USD,Consumer services,Strong buy,91.93264565806378,92.54781048727033,90.679914902357,-0.4238272178355888,-18.242921155496237,19.92029086841,86.19699999999992,91.76075000000006,97.72510000000004,82.67327500000003,28.435241063731016,3.261369,62.43671226974038
VG,"Venture Global, Inc.",15.205,USD,3.2247114731839757,12651345,1.0778457209396786,38013910775.22844,USD,Industrial services,Strong buy,14.10387022071582,13.704611338248604,13.238677087882026,3.084745762711865,10.581818181818182,121.64723032069969,14.713000000000012,14.311249999999996,13.50090000000001,11.45154999999999,11.555707554339564,1.664415,147.3308270676692
ODFL,"Old Dominion Freight Line, Inc.",181.36,USD,-3.0212288112935015,962127,0.5287087498815096,37606197024.8637,USD,Transportation,Buy,201.029874809349,206.11887538355433,206.77821687674785,-2.8133540539092223,-15.748397287001755,14.96671949286847,185.51999999999992,199.3894999999998,213.21910000000003,197.10169999999943,34.903100402224744,5.824066,1.4843460088670244
HEI,Heico Corporation,312.66,USD,-1.0882632078456178,214714,0.38392278416166975,36920257981.76944,USD,Electronic technology,Strong buy,338.02795568624157,338.2171356742075,334.07175805500225,-3.962403243641718,-15.334831704080802,-3.267124559123817,320.56800000000027,345.51050000000004,350.7912000000001,322.7124499999998,52.044943820224724,6.292355,31.659690109360284
HIG,"The Hartford Insurance Group, Inc.",136.185,USD,0.386996904024772,508097,0.43266339227984635,36888705579.71131,USD,Finance,Buy,137.86411884318727,137.52686575936949,136.8864480701982,-1.1863299956464888,-4.317431321576625,-0.7253243913106899,137.48500000000007,137.75174999999996,139.19509999999994,136.2712750000001,8.801517491872888,12.73837,40.27124298548596
NTAP,"NetApp, Inc.",185.94,USD,-1.686670544070215,911193,0.34292338181503834,36522150983.56792,USD,Electronic technology,Buy,183.56484890866187,176.01677041569738,164.35589825251094,-0.6465402083889971,-3.720388349514564,72.72642823966557,185.3619999999999,192.18249999999986,180.04980000000012,131.42999999999986,26.244177840508115,9.954268,25.18552547883242
TKO,"TKO Group Holdings, Inc.",190.885,USD,-2.2706328077001854,619572,0.6989924284056014,36128750757.86002,USD,Consumer services,Strong buy,189.6147031677618,190.65132090082972,192.0071847533477,4.223314223314215,2.362183612183613,-9.072071642928602,190.2849999999999,191.68225000000007,188.83749999999975,197.37722500000007,66.03189428531894,4.640149,33.093922651933696
PEG,Public Service Enterprise Group Incorporated,72.42,USD,-2.451508620689646,1276270,0.4391210559934655,36095578544.115845,USD,Utilities,Buy,74.80124002280456,76.06891452777933,77.36209289999947,-1.4559804054973373,-4.015904572564613,-10.36019309320461,73.49800000000009,74.16350000000003,76.8755999999999,79.85880000000002,18.007758106226376,4.367533,1.5555555555555636
MLM,"Martin Marietta Materials, Inc.",506.265,USD,-1.1162545411930216,508574,0.7242605215398059,35955105459.58701,USD,Non-energy minerals,Strong buy,533.6132494694469,546.349385695644,560.972068806445,-0.2728257657835105,-7.438522716884552,-18.24545821558337,511.805,526.65475,548.9917,600.1561750000002,12.443529556347547,18.227614,125.40291081945053
EL,"Estee Lauder Companies, Inc. (The)",99.245,USD,-2.4043662110335267,1233488,0.39264050523313554,35906698749.48397,USD,Consumer non-durables,Buy,95.5222533808849,92.5744522357273,90.77767248996442,-0.7549999999999955,13.878370625358576,-6.031340245230309,101.36100000000002,97.92774999999999,89.31789999999992,92.40197500000005,199.44734726688105,3.321818,nan
QSR,Restaurant Brands International Inc.,77.61,USD,-0.8432349559218048,785430,0.32453921035114097,35274630618.646996,USD,Consumer services,Strong buy,77.51314271502902,76.79188385836896,75.93369684678552,-0.9444798978940586,5.591836734693877,14.09879447221406,79.03600000000004,78.51799999999992,75.81540000000004,73.49164999999998,22.939142257559187,4.060493,28.374122557389498
TWLO,Twilio Inc.,229.12,USD,1.4298995086103936,677715,0.437814896578937,35187155647.09054,USD,Technology services,Strong buy,225.21392039618155,216.90254110399994,203.6304294558466,1.3401742668848693,-6.2903885480572574,60.39201960098006,231.0439999999998,231.78249999999997,216.84839999999997,164.31284999999997,31.881557342832494,5.926652,5800.328407224959
UAL,"United Airlines Holdings, Inc.",107.27,USD,-0.8915785097242144,1449654,0.4754246957596983,34818101284.46205,USD,Transportation,Strong buy,114.61140758759038,115.05101482109345,113.49149140425044,0.44007490636704016,-16.407558932398203,-4.733570159857902,108.77899999999997,114.18824999999993,120.48500000000001,108.44902500000003,10.02579583901901,10.048914,7.196601576980504
RPRX,Royalty Pharma plc,60.365,USD,-0.3713484073279442,2149431,0.6832336300454188,34712974453.328766,USD,Health technology,Strong buy,60.0102364223873,58.58652040105781,56.30787354356495,-3.6626236833705628,5.110569388821178,56.00206745057501,62.38099999999997,61.137249999999995,59.09580000000006,49.448199999999986,32.13468192706947,5.342697,-18.219416630387464
KR,Kroger Company (The),56.625,USD,-1.0052447552447603,2882163,0.5479506303490369,34691156026.44886,USD,Retail trade,Buy,57.86216055716454,58.80519707203577,60.32879301102481,-2.3706896551724137,-0.7275596072931262,-9.19660038486209,57.828999999999986,57.40975000000005,57.703099999999985,63.947925,33.11790852731313,5.195269,-53.52794085670798
STLD,"Steel Dynamics, Inc.",241.945,USD,0.6803711872165082,288819,0.3225030936151045,34677515467.09697,USD,Non-energy minerals,Strong buy,242.13328209969848,240.77637726382142,234.5598906275797,2.1295905445335532,-7.90415286818164,40.96894482316611,243.5969999999999,240.87949999999995,242.0153999999999,211.17257500000014,21.947115384615387,17.017572,60.82161405146758
WEC,"WEC Energy Group, Inc.",106.09,USD,-0.9060339996263767,887707,0.48514403614466717,34569358368.934616,USD,Utilities,Buy,108.22717396783038,109.62394459271037,110.74131206081789,0.10379316852236217,-0.9245423982069433,0.39746380240371126,106.30399999999982,107.6735000000001,110.78240000000011,111.68459999999985,20.546539102142,5.601055,-1.0217187110625514
HSY,The Hershey Company,171.98,USD,-0.7445027990996828,670647,0.5897180464202024,34555238989.689964,USD,Consumer non-durables,Buy,177.5236481060003,179.46447115137943,182.4937407342911,-2.654666893077488,-5.020157949964104,-5.495109352676119,174.17799999999997,181.42900000000003,178.56780000000018,192.34480000000033,25.125642823749413,8.493649,-9.041620156274913
MTB,M&T Bank Corporation,237.53,USD,-0.3816473746015755,340613,0.39240464476004844,34303194533.268036,USD,Finance,Buy,240.87747260136547,238.82872933177842,234.14908429979184,1.7171976704350764,-4.75942261427426,18.197651273885345,238.27000000000004,242.27049999999986,244.8461999999997,221.29565000000014,12.541579986694405,19.35036,22.687551418336348
IRM,Iron Mountain Incorporated (Delaware),115.16,USD,-0.7925568573397672,556558,0.3380844690582896,34283457271.44383,USD,Finance,Strong buy,120.00907094726028,120.74116726377663,119.52288734988035,0.9998245921768116,-4.4156706507304175,38.74698795180722,114.98399999999995,120.606,121.82879999999997,109.83444999999998,82.1925629862251,2.493808,920.4661325564457
KVUE,Kenvue Inc.,17.755,USD,-3.4529635671560714,13810104,0.7189432257621375,34103333418.15878,USD,Consumer non-durables,Buy,18.72658916202733,18.70960880448027,18.56820901898897,-5.35714285714287,-6.699947451392549,2.808338158656627,18.592999999999996,18.951749999999983,19.138300000000005,17.972725000000008,20.583120797588684,1.176411,17.18516505909524
ALNY,"Alnylam Pharmaceuticals, Inc.",254.83,USD,-2.026143790849677,759904,0.45008509163616706,34098580838.91568,USD,Health technology,Strong buy,251.1455985449551,258.58487288973527,272.7008591738896,3.3876987990912135,16.894495412844044,-36.18720889467621,262.588,241.47750000000025,257.4261999999997,319.0957749999997,43.02453190160226,6.67407,nan
EQT,EQT Corporation,54.1,USD,-1.8505079825834472,3046466,0.5326051337379162,33840414468.336357,USD,Energy minerals,Strong buy,53.81995882386453,53.82800296116875,54.28804247292505,-1.832698239883865,3.1655225019069486,1.4058106841611997,55.14999999999998,54.37000000000005,52.75680000000003,56.10730000000005,12.548710335869362,4.081688,131.89715453714166
NTRS,Northern Trust Corporation,184.66,USD,-0.11899610558199851,322335,0.4138286172948998,33784592691.18574,USD,Finance,Buy,184.33679184030032,181.22469934770297,175.51679510717508,0.7364573673012897,-0.24848746758859547,35.01498866710534,185.5190000000001,186.8557499999999,184.23910000000006,159.06962499999997,15.85105195841953,11.472479,36.923203497802106
RJF,"Raymond James Financial, Inc.",174.9,USD,-0.9345794392523397,291956,0.2447424828843057,33644066258.504665,USD,Finance,Buy,174.51751093380557,171.09346993415255,167.20471041020446,0.6039689387402999,-0.7208945904523937,9.155588841041014,177.35799999999986,177.4625,173.36980000000017,160.53345000000007,15.245284334576898,12.150608,12.601462433135408
CQP,"Cheniere Energy Partners, LP",69.385,USD,1.9018945513291257,44495,0.42238492989046184,33586342314.095684,USD,Utilities,Neutral,67.47333378279906,66.28195730357879,64.89387136208748,-1.5675982408852176,7.009561998766196,29.112393003349464,69.16699999999999,68.72975000000001,65.98089999999999,61.43793500000002,12.488750494978223,4.691117,34.31486316603809
EME,"EMCOR Group, Inc.",759.455,USD,-1.7725955817683179,121804,0.34783383455361505,33499484025.91808,USD,Industrial services,Strong buy,773.5796684746148,781.3147047994953,782.0762474569789,3.327210884353747,-7.832012524423836,23.192155463275373,752.4709999999999,778.6747499999994,777.6193000000007,760.7403750000001,23.565433248002485,32.949496,33.73516474396216
HBAN,Huntington Bancshares Incorporated,16.58,USD,-1.0739856801909502,12379409,0.635519677929946,33498479780.97732,USD,Finance,Strong buy,17.09255763791787,17.118896513981497,17.06133251114209,0.24183796856105894,-5.365296803652975,-4.602991944764101,16.862000000000013,17.129249999999995,17.469299999999993,17.00047500000001,12.781375269811901,1.379989,-3.4102755026061105
JBL,Jabil Inc.,313.49,USD,0.37140204271124294,293767,0.34947748555418034,32849702330.097496,USD,Producer manufacturing,Strong buy,320.3832207864309,323.575761696303,320.2330978189437,4.748062015503889,-9.143867377695342,35.539798521336856,308.3399999999998,322.25050000000016,324.99040000000014,293.9585000000001,39.12414042707202,12.758785,55.77091312039503
ACGL,Arch Capital Group Ltd.,96.0,USD,0.3029986417302333,1506720,0.4475644922307576,32757995780.587196,USD,Finance,Buy,98.22124810265788,98.05144712111932,97.45948253328906,-3.362190457016311,-1.9357474845497686,0.240158713584634,97.57000000000002,98.62650000000006,99.98690000000006,96.14332500000006,7.501582365030123,9.391713,32.18712556294673
KMB,Kimberly-Clark Corporation,98.495,USD,-4.308753521810941,4357975,1.2163042303013532,32757372693.88696,USD,Consumer non-durables,Buy,105.99797568400867,106.15816958439352,105.80143340059966,-8.351167767749134,-9.112300452154654,-2.6633066508548207,104.72499999999995,108.22225000000006,109.36809999999997,103.21917499999992,16.785391707425145,7.450267,-19.11699840105862
EXPE,"Expedia Group, Inc.",272.06,USD,-0.9069386268439297,1541891,0.8923862898246128,32652337150.777927,USD,Consumer services,Buy,295.1596107164736,286.960581220683,275.9455872886381,-11.285746894055503,-11.533834097486416,-3.8725178432619534,291.17000000000013,316.7327499999999,295.0977000000001,259.026825,16.96822278354695,20.875168,96.19323813369553
P,"Everpure, Inc.",97.875,USD,-3.2281985366818278,1207093,0.3554650349477368,32614618306.300674,USD,Electronic technology,Strong buy,94.64844230102635,90.12224652437742,85.31684088015285,4.355474997334464,4.411137187966722,43.02937308198157,97.82099999999996,104.60574999999997,88.9075,75.55037499999997,133.54482194023743,2.780066,79.9852652259332
VMC,Vulcan Materials Company (Holding Company),250.98,USD,-2.833914053426257,510221,0.4999498796867515,32521669462.03949,USD,Non-energy minerals,Buy,271.0391542556285,275.9073542688383,279.8661052099807,-3.5693702693356872,-11.40214628635978,-11.961554651325942,259.214,270.5089999999998,280.3136000000002,288.1011500000002,29.624645892351275,9.14136,18.428225953003338
CCI,Crown Castle Inc.,75.585,USD,-0.5067789917072596,844452,0.34273769185168185,32158050277.29643,USD,Finance,Buy,76.69874940981535,78.2630007853852,80.42334349006465,-0.24415995776692923,0.6056169306535316,-14.929656724817109,76.00500000000002,75.55524999999987,76.21470000000004,84.62227500000029,16.660421442426376,1.928738,nan
RBLX,Roblox Corporation,44.84,USD,0.04462293618920823,3882186,0.3822366386511399,32032616660.581882,USD,Technology services,Buy,42.538208551957155,44.03038170275985,47.62784614753644,12.40912509400853,18.498942917547566,-44.94782074892572,43.13799999999999,39.63899999999999,45.063799999999986,59.36290000000001,nan,-1.435997,0.7500350483667568
CNC,Centene Corporation,64.475,USD,-0.1625890368535212,2483171,0.6052961545718996,31850328213.04235,USD,Health services,Buy,65.06609664342301,63.68672926578359,60.653915586468145,-1.4143730886850325,-2.7819662243667054,56.568722680913055,66.29099999999997,65.56474999999996,65.50869999999998,50.616475000000065,nan,4.801888,-358.10710577065714
DXCM,"DexCom, Inc.",84.385,USD,-0.17153673252099375,1665757,0.5492177846175881,31843586284.288654,USD,Health technology,Strong buy,85.03934662365914,82.11424911949413,78.69309732505418,-6.27013217816283,-0.501120150925595,26.647155935764687,87.24299999999997,89.47675000000001,81.79830000000001,71.14357499999997,33.30899186863504,2.667527,77.35928311397369
PCG,Pacific Gas & Electric Co.,14.42,USD,-2.6990553306342804,34948615,0.44703190683077576,31758130668.809715,USD,Utilities,Buy,16.12323511012452,16.467375262584092,16.65024336749347,6.342182890855453,-17.03107019562715,-10.932674490426196,14.165999999999991,16.43050000000001,16.983400000000003,16.751625,10.518637391494638,1.653965,26.79430262671107
RMD,ResMed Inc.,219.3825,USD,-0.7543542185026094,554543,0.4202583846793177,31646434883.18974,USD,Health technology,Buy,221.2838669647182,218.06407477315113,218.0077441130329,-6.538363225833935,3.536032847232058,-9.252326783867636,225.76850000000005,229.4641249999999,216.11625000000004,228.13591250000005,21.022106594607024,12.094344,9.756944079258734
CRDO,Credo Technology Group Holding Ltd,168.105,USD,0.21162444113263174,4706601,0.5061965941922487,31595657436.441277,USD,Technology services,Strong buy,207.97466477101358,211.32358754265678,205.45635542909807,-10.883452169533756,-34.02213587660426,13.278301886792441,167.16299999999993,221.84074999999993,227.25879999999995,175.61684999999994,59.99036471343943,6.26796,312.1488454184439
ILMN,"Illumina, Inc.",207.49,USD,-1.6914621434663095,842132,0.5007315659328293,31330989637.241497,USD,Health technology,Buy,203.97881450929282,194.91810115470952,182.3219497862187,-0.5416546831559752,11.141464459799673,57.99131957663899,214.33599999999993,210.21375000000012,199.39350000000002,152.75500000000002,38.668256955962654,5.352904,-32.04022442595337
CCL,Carnival Corporation Ltd.,22.875,USD,-1.4008620689655142,10040682,0.5140701766977259,31330725792.139015,USD,Consumer services,Strong buy,25.35886538018199,26.053927780007744,26.61118808364107,-3.1541066892464054,-19.1696113074205,-25.464320625610952,23.360999999999994,25.403749999999995,26.586499999999987,27.758439999999986,10.302197802197801,2.237381,20.346883468834697
BIIB,Biogen Inc.,211.9,USD,-0.2823529411764679,290492,0.4504926711120636,31309072134.318596,USD,Health technology,Strong buy,212.38990694803402,208.98843877777648,203.78675902186785,-2.8872593950504046,2.51572327044026,20.83024462564863,218.48200000000026,216.43999999999997,209.3617999999994,191.4847749999998,37.5270074026848,12.4885,-45.98105806945374
HAL,Halliburton Company,37.095,USD,0.8016304347826134,3786407,0.34879985720824974,30904970475.3803,USD,Industrial services,Strong buy,35.693050110407576,35.63314289511678,35.551644055540564,1.6301369863013668,14.809656453110481,30.892731122088918,37.177000000000035,35.503250000000016,34.20290000000001,34.903825000000005,19.430621758944003,2.341991,-10.677022411453711
CBOE,"Cboe Global Markets, Inc.",295.675,USD,0.7994409027375405,629490,0.6365817112377014,30877638950.99922,USD,Finance,Buy,295.7511202486791,294.0321578730139,292.2309990345119,-3.073266677593837,2.643546483371523,17.822275353656114,296.00100000000003,299.15575,286.54609999999985,285.658275,23.03069721068989,14.031114,50.504091346041115
FTI,TechnipFMC plc,78.38,USD,0.2814738996929361,1354132,0.5809358444647423,30737844578.931934,USD,Industrial services,Buy,76.05142711557703,74.36671815918321,71.86828140113074,1.2007746933505392,11.287803492829743,76.09525949224893,79.22599999999993,77.61199999999992,73.87900000000002,64.74455000000003,27.31391134652913,3.098433,35.896950179958324
SUNB,"Sunbelt Rentals Holdings, Inc.",74.55,USD,7.544720138488177,8723136,0.7554743735664409,30561591268.863964,USD,Finance,Buy,74.89650140298403,75.15415184091259,74.76971149121646,11.252051932547369,-7.517677707480464,2.1232876712328728,69.11200000000001,75.0245,74.86179999999999,nan,nan,3.98825,nan
ZTS,Zoetis Inc.,73.59,USD,0.040783034257750324,2389237,0.5532623727205952,30409123883.657425,USD,Health technology,Buy,75.90503165610622,78.21271545385025,83.8027626639085,-4.996127033307501,1.6436464088397758,-41.780063291139236,75.08399999999999,75.68199999999999,75.53280000000004,102.59805,12.1060077646904,6.253119,4.590502408809359
UI,Ubiquiti Inc.,501.1,USD,-13.68232477219092,225918,1.3290709187272292,30330773423.93451,USD,Electronic technology,Buy,558.612534042938,576.0668708573676,601.3125020872084,-14.258337183238357,-12.038337312175244,-10.338534211279697,571.1240000000001,578.7114999999999,557.6343999999999,656.7245500000004,31.60557055276636,17.714,34.80826460335006
ROIV,Roivant Sciences Ltd.,41.865,USD,0.9281581485053161,4832588,0.4328511806814221,30240051979.175995,USD,Health technology,Strong buy,36.47375292121224,35.216679307202256,33.418168383385115,20.85739030023095,16.130374479889056,92.83740211883924,37.373000000000005,36.53424999999999,35.568900000000006,28.70239999999997,nan,-1.393164,37.23526044647968
ARES,Ares Management Corporation,134.725,USD,-2.8098398499495096,1048056,0.6329038171058843,30172704536.099403,USD,Finance,Strong buy,135.97911784907436,133.3088555760883,131.55210341008856,-2.4014778325123136,-0.9375000000000042,-17.184042291615448,138.61500000000007,141.35375000000005,132.16970000000003,133.16104999999988,61.43130728192969,5.866107,25.463386727688775
OKTA,"Okta, Inc.",171.23,USD,2.168919120498816,1514130,0.3029712080405897,29934558138.950863,USD,Technology services,Strong buy,154.74895720807416,145.07063264694364,132.95460522301147,2.8284890703819237,14.919463087248316,96.47733792312103,168.5989999999999,153.24774999999988,147.60729999999992,102.739775,103.44348456473146,3.928315,95.17745548873954
BAP,Credicorp Ltd.,375.95,USD,-0.3419573746156347,179172,0.5678069687014043,29857571795.30524,USD,Finance,Strong buy,379.66318196011434,376.48758603194074,367.6376391292287,0.2720507828127869,-2.284659770234449,30.199134199134193,379.89400000000006,376.20799999999974,384.7702,340.7787550000005,13.909031713850206,29.96552018354,27.602160284009358
CPRT,"Copart, Inc.",32.105,USD,-1.518404907975474,3928299,0.5845974029510829,29723177568.354443,USD,Retail trade,Buy,31.87042585326286,31.633294817601914,32.10958222938906,-0.8339768339768436,9.368080395162652,-17.984416911482963,32.83299999999999,32.4905,30.203299999999903,34.358249999999984,20.001869042427263,1.582993,6.087243886318578
GEHC,GE HealthCare Technologies Inc.,65.5688,USD,-1.8063646574316878,1681210,0.6494166178280875,29616525985.280846,USD,Health technology,Strong buy,68.76733656945221,68.3754880255685,68.60092041730586,-6.9682179341657315,-7.947774813982883,-20.59966093485106,68.29675999999998,71.85044000000002,68.32267600000004,72.68191900000004,15.067745197168856,4.925288,-10.913669212029383
KHC,The Kraft Heinz Company,24.97,USD,0.28112449799196904,8804938,0.47121534947313015,29610018095.86024,USD,Consumer non-durables,Buy,25.179048111186994,24.984783126337927,24.71969676604393,-4.329501915708822,-1.1089108910891134,2.799505969534787,25.280000000000065,25.318500000000046,25.469399999999982,24.030049999999996,nan,2.052717,36.07490402642621
WTW,Willis Towers Watson Public Limited Company,316.75,USD,-2.6403147476486066,146622,0.38564561487306115,29417186858.112286,USD,Finance,Strong buy,323.9445182987598,315.29661524508697,307.5067681427933,-6.189841551902852,-7.429055732530618,-3.2735823128836308,331.32400000000007,336.60450000000003,318.26360000000005,300.25397499999997,19.541251010222528,19.825757,1032.8045286183522
AEE,Ameren Corporation,105.995,USD,-0.6886536119179232,560704,0.45758647584132844,29344002449.23391,USD,Utilities,Strong buy,107.89111911187834,108.73418534089349,109.04260889403126,-0.051862329090044894,-2.146418020679458,6.271305394024473,106.299,107.46125000000004,109.78790000000022,107.84302500000017,18.65813515464099,5.389736,24.769936966023163
MDB,"MongoDB, Inc.",361.22,USD,1.4662921348314684,1124974,0.4471554038469052,29098562246.870564,USD,Technology services,Strong buy,383.54760728314125,371.66654289496864,357.4165320065537,-4.754119973632162,-8.415101036991961,-14.504142011834313,369.16199999999947,418.4905000000002,374.7457999999999,342.65864999999985,509.7657352526108,6.535041,nan
CFG,"Citizens Financial Group, Inc.",69.085,USD,-1.2930418631233052,883375,0.3185839871780922,29096997533.201527,USD,Finance,Strong buy,70.42068486700414,69.79768095518405,68.27274840532851,0.9719380298158317,-4.274629347374266,18.17482039001025,70.09299999999999,70.93924999999999,71.4397,64.19182499999998,15.017825311942957,5.305089,40.27566018174057
HPQ,HP Inc.,31.9732,USD,2.5768367019569993,5412739,0.30610725177258535,28833144571.527206,USD,Technology services,Buy,29.810025994725923,28.31987204408554,26.74509820524914,1.0850458425545353,6.01193633952254,41.85093167701863,31.94064000000001,30.44915999999997,27.560464000000003,22.954916000000043,12.190018681611956,3.257835,-4.5489282724989994
EXR,Extra Space Storage Inc,136.1,USD,-2.198907732106929,280663,0.2855526319377224,28753788112.984333,USD,Finance,Buy,142.89548166503556,143.8696897330237,143.93634429905757,-2.6118067978533137,-8.226567768037773,4.64401045671228,139.084,143.8699999999999,146.00620000000015,141.42752500000017,30.47196847572989,4.61874,-2.9317801490883015
IR,Ingersoll Rand Inc.,73.985,USD,-1.497803221941153,1319699,0.4684115331901607,28706139592.428833,USD,Producer manufacturing,Buy,78.7943598382043,79.3676260692624,79.82669968838516,-1.379632098107167,-14.50774208458517,-7.321808843793059,75.17100000000002,79.0032499999998,81.4017000000003,82.04232499999998,30.48539288804648,3.544495,89.48313554028732
ATI,ATI Inc.,208.205,USD,0.4268763264518712,449127,0.20126856552807013,28351358070.739605,USD,Non-energy minerals,Strong buy,207.1890671006133,201.13720390828004,190.4913344131301,2.8375975501333617,-9.969298624924319,80.51413213109069,206.481,213.8662500000001,202.81930000000008,159.59602500000003,60.869755883642746,5.05327,18.23775450240244
DTE,DTE Energy Company,136.02,USD,-0.9033950167565065,283716,0.269525867371682,28304136580.81933,USD,Utilities,Strong buy,139.1095865441528,141.01649651856187,142.17994876866206,-0.11015642211939287,-2.263418840267283,5.1646822328746,136.49599999999992,137.43699999999998,142.8102,141.49809999999994,21.490867724198953,7.713905,-8.93892525717574
INSM,Insmed Incorporated,129.52,USD,3.707262390904003,1908231,1.0726024013155213,28284771773.181522,USD,Health technology,Strong buy,121.60856859475058,119.79140002489707,121.40378041726711,6.944100404590877,-0.3539006000923062,-26.321178679105742,126.80200000000005,125.5085,116.6176,140.06542499999995,nan,-1.599321,28.022864356852285
RDDT,"Reddit, Inc.",146.88,USD,-1.6735841478109519,3121923,0.8346852073663722,28259201847.15705,USD,Technology services,Strong buy,157.81973130778914,160.71942261330216,163.255690579455,1.9858353006526768,-9.046999814229991,-36.738737186665524,152.96199999999993,155.12200000000007,169.11080000000013,174.15854999999985,34.15099165290985,5.374702,263.03705579471597
ATO,Atmos Energy Corporation,166.41,USD,-0.9876837032188949,224645,0.3100269915106055,28121384275.293926,USD,Utilities,Buy,169.27318878601733,171.03139055451481,172.6944856138052,-0.7455564833591793,-3.4016369652290086,-0.4427161232426019,167.76799999999963,168.49700000000024,172.55280000000013,175.49860000000044,19.810950130358695,8.453338,15.998287623940136
ZM,"Zoom Communications, Inc.",96.3,USD,-0.14516798009124904,1194690,0.36440231450327254,28098773361.563667,USD,Technology services,Buy,98.9327773781756,97.65900528118618,95.7469660728263,1.293783527926795,-7.488351986166485,11.613351877607784,97.61400000000006,101.5165,96.26870000000004,90.58412500000017,8.919226815104334,6.145137,184.39837741017806
AWK,"American Water Works Company, Inc.",140.815,USD,0.30987320131072965,798996,0.4243566198291104,27984023510.069492,USD,Utilities,Buy,137.30461531805446,135.66670532230825,134.3398357504077,2.6498031783058686,4.937029584916909,8.127927512861868,140.455,137.8702499999999,135.42550000000008,131.65193499999998,24.377640052627935,6.082198,3.9987037070377944
DG,Dollar General Corporation,126.43,USD,-1.1261437397356673,1085364,0.3521975892063921,27892581456.46406,USD,Retail trade,Buy,125.1181721622108,123.52361103704249,122.61996521886563,-3.855513307984786,1.4605569376454597,-4.785932145950213,129.932,124.95749999999995,123.16000000000003,126.3548499999999,16.43121710312561,7.880046,42.337859336268444
VICI,VICI Properties Inc.,25.265,USD,-0.019786307874946597,3956172,0.4429761674515062,27818723911.327065,USD,Finance,Strong buy,26.04874859918632,26.416979424125334,26.892065864911498,-1.0767423649177705,-5.018796992481206,-10.28053977272727,25.44299999999998,25.960250000000002,26.30549999999999,27.817524999999968,9.797952377258978,2.785065,-1.3542463657230337
ON,ON Semiconductor Corporation,71.39,USD,0.4361283061339368,3151011,0.42425446928509347,27792963446.137592,USD,Electronic technology,Buy,78.61252953236692,82.50798638992515,83.90348889225272,-2.017567938512214,-12.404907975460123,29.212669683257918,72.56800000000001,75.52449999999996,82.79140000000001,78.60320000000004,45.96909207984546,3.198916,44.896435902220546
LVS,Las Vegas Sands Corp.,42.76,USD,-2.7739881764438357,2749475,0.5144619574329987,27695701821.52524,USD,Consumer services,Strong buy,45.395252473126526,46.49142970097273,48.07836484138004,-2.2628571428571473,-6.820658095445635,-34.41717791411043,44.03200000000003,45.285999999999966,45.95640000000006,54.00649999999992,16.65952390228698,3.105494,29.605130276711776
TDY,Teledyne Technologies Incorporated,595.74,USD,-1.5435975408210536,88327,0.433944633210248,27615928179.29351,USD,Electronic technology,Strong buy,628.900340228687,632.5405260781346,630.4033996507509,-2.6568627450980378,-14.174578249031159,16.128654970760234,605.1400000000003,634.2054999999997,645.2505999999993,614.8613,28.78221294605328,24.718242,14.031501875898703
LPLA,LPL Financial Holdings Inc.,350.69,USD,0.1342013591456714,213313,0.32584137334456165,27614132612.86968,USD,Finance,Strong buy,351.2564034711115,342.24275825900054,334.5797714722093,-1.940553085591253,-3.2926123045528493,-2.044635624703219,355.15799999999956,362.7802499999995,343.48869999999954,330.81119999999976,27.96526371190252,23.757266,-14.22982483738808
ZS,"Zscaler, Inc.",166.705,USD,2.942447820180323,1845718,0.48964946777635465,27182034633.363686,USD,Technology services,Strong buy,167.66124008850042,163.16903552373452,162.47646135649623,-5.699174114718853,-1.2059973924380682,-26.470977417078327,169.79499999999993,178.12925,162.13590000000002,171.17104999999978,nan,4.874572,-47.39000745712155
WSM,"Williams-Sonoma, Inc.",228.1,USD,0.11850941491462134,531692,0.3966435853479132,26865429988.45235,USD,Retail trade,Buy,231.38495295040283,227.88517287543843,221.60660236008502,3.016890976424897,-8.415642816991893,24.86314867527917,225.5659999999999,234.41000000000048,232.30820000000003,204.87425,23.335277087233628,9.508993,7.441277657481413
CPAY,"Corpay, Inc.",407.41,USD,0.08844122343692756,175987,0.46755748260145885,26750376550.040417,USD,Commercial services,Strong buy,399.58654195592385,387.5020912956627,372.6890394104827,-0.0735817124917109,3.9815216559046536,35.06050058014257,413.38200000000063,411.1980000000002,387.35840000000053,338.27129999999937,24.764457736119724,27.384829,11.781212841854936
CPNG,"Coupang, Inc.",14.825,USD,0.10128291694799996,7327044,0.49795337769425424,26648112155.717415,USD,Retail trade,Strong buy,15.970483613723262,16.39920894837913,17.133338002234257,-5.392469687300578,-8.431130327362581,-37.447257383966246,15.281,16.003749999999993,16.554700000000004,19.17162500000001,nan,-0.507101,-314.45115810674724
ECHO,EchoStar Corporation,91.59,USD,-1.9588953114964658,1084089,0.44674723830673285,26606042341.414577,USD,Communications,Strong buy,91.27457509528415,94.73641077312229,98.53558686610116,5.591422642379535,1.2603648424543952,-15.725064409274939,90.25800000000001,88.76374999999999,90.71510000000006,107.89859999999999,nan,19.949147,-2120.0623052959504
FE,FirstEnergy Corp.,45.92,USD,-1.1410118406889151,2574507,0.6319429774696066,26571147106.545532,USD,Utilities,Buy,46.803086215848055,47.08689307168164,47.270795336230464,-0.47680970957953805,-2.691248145793592,2.3629068212215834,46.49399999999999,46.643499999999996,47.66859999999996,47.5312099999999,24.505042958535675,2.730429,-17.27806471549022
CTSH,Cognizant Technology Solutions Corporation,58.98,USD,-1.5687583444592872,2820883,0.5193851947611395,26567198921.905876,USD,Technology services,Buy,58.0139258215371,56.33201420530961,56.34558331849922,-6.8393618701627,4.260208591126032,-28.931196529702376,61.85,61.33800000000015,53.25990000000014,62.652075,12.657467218919672,5.752066,-5.379117085651624
ES,Eversource Energy (D/B/A),70.35,USD,-1.5946286193873278,805327,0.46750637741958945,26499067424.068398,USD,Utilities,Buy,71.33934752985016,71.43428451916273,71.23190582357033,-0.11358795967629207,-1.8965276809371072,3.776368195899082,70.96,71.288,72.6664,70.1854999999999,18.220196317111704,4.646639,66.18317982267368
Q,"Qnity Electronics, Inc.",126.35,USD,2.4902660609993457,559106,0.3470242478030671,26433499003.17245,USD,Electronic technology,Strong buy,130.02668684808785,132.98655231924954,132.4909515681893,8.380511236918851,-9.218278488288556,54.67009425878321,121.25200000000002,127.83,134.2548,122.04865,45.24457494807706,4.5525,-26.24461875709796
OTIS,Otis Worldwide Corporation,69.215,USD,-1.2061090493862388,1862720,0.5711081841803045,26348027591.184845,USD,Industrial services,Buy,71.49632762363126,72.29422350518117,73.91268670500507,-2.1696113074204897,-5.714480316033229,-20.64320110066498,70.55899999999983,71.47524999999987,72.21190000000007,79.80650000000006,17.768393489757152,4.046355,2.9847984137475154
CNP,"CenterPoint Energy, Inc (Holding Co)",39.775,USD,-0.8599202392821508,2193873,0.4091594431110868,26200600702.81842,USD,Utilities,Buy,40.50516749313507,41.10367216102823,41.47074107287371,0.7982767359351184,-4.5705374280230355,3.769893034176886,39.81100000000002,39.83274999999996,41.69249999999995,41.46255,23.443946716963335,1.912264,18.23820475294446
SYM,Symbotic Inc.,43.275,USD,-0.05773672055426924,777748,0.5378693872035374,26172793520.527138,USD,Producer manufacturing,Buy,42.32712526550918,43.14918793547261,44.99514099712324,12.989556135770238,7.716241443683886,-28.84741861229859,42.19700000000001,41.23750000000001,42.04119999999999,52.42214999999998,479.7671840354767,0.208571,nan
TPL,Texas Pacific Land Corporation,377.705,USD,-1.0984550929562695,145844,0.5407626086111791,26052080352.251926,USD,Miscellaneous,Buy,375.8431697624173,381.8605774514945,387.65027934429764,2.916893732970023,9.06872653768408,32.064685314685306,371.1690000000003,367.53525000000053,386.7944999999998,392.3444427022002,48.15270464947284,8.800473,17.272672906138798
FISV,"Fiserv, Inc.",48.98,USD,-3.696421549351165,3378481,0.5293063461250249,26045934436.55564,USD,Commercial services,Buy,52.0109552920664,52.657576237594924,54.78237959072452,-5.316064179393003,-6.437440305635157,-27.469272915741158,51.51000000000005,52.378000000000064,52.19300000000005,58.19955000000008,9.395200736577598,7.249966,-12.858957643833776
PPL,PPL Corporation,34.575,USD,-1.4395667046750156,2498575,0.3451773240184165,26019237811.263542,USD,Utilities,Strong buy,35.07960995093185,35.39007775851861,35.72993127181068,0.4795117698343687,-1.7755681818181817,-1.2142857142857062,34.88300000000002,35.025250000000014,35.465900000000005,36.274574999999984,20.53635067712046,1.949174,26.567433468651323
MTD,"Mettler-Toledo International, Inc.",1296.665,USD,-2.1768815257408427,102048,0.6702457594056271,25980704058.02634,USD,Health technology,Buy,1347.9365838331603,1331.6032171062232,1314.1785019955519,-4.752233061056586,-8.772293945896504,-7.306254333855178,1338.2830000000001,1389.8547500000013,1362.5897,1318.5774749999994,29.18372491340525,47.32709,12.537359553407695
LH,Labcorp Holdings Inc.,319.89,USD,-1.5298897986825177,415584,0.7220751529169416,25943077341.76334,USD,Health services,Strong buy,317.01536312571085,307.45899948944674,296.9736191866177,-2.8162595698140835,0.5090017909322289,27.289005610600444,326.96000000000004,329.43850000000003,308.4054,276.19372500000003,26.45293066948928,18.350181,33.345095271700785
CINF,Cincinnati Financial Corporation,168.93,USD,-0.12415750266050582,110597,0.2605952146728982,25927045643.16992,USD,Finance,Buy,172.52228380411177,172.79078709482658,171.6372488648088,-0.8568577968190502,-3.754557885141296,3.4349742836149977,171.11600000000004,171.05300000000003,176.67350000000022,167.3727749999999,7.965427977310343,8.36986,83.98615412643468
VRSN,"VeriSign, Inc.",286.8975,USD,1.6645995747696638,337516,0.510524705274824,25906846246.692738,USD,Technology services,Buy,286.0913699050585,283.18023442891297,278.7079338213448,-0.5106287061761019,-1.8650590046177673,18.025958532170463,288.8975000000001,286.0446249999998,280.2380499999999,262.11303749999973,31.139156011895714,9.789784,9.963478385410445
DOV,Dover Corporation,192.14,USD,-1.3351134846462065,626607,0.4766406112128717,25877458500.07209,USD,Producer manufacturing,Strong buy,200.85556043042644,204.39896076534444,206.72573054656664,0.8503044299810918,-8.683047383679487,-1.557536632851737,191.94599999999997,199.51200000000009,206.05360000000022,210.14099999999965,23.128498344869094,10.693862,-49.914086757302634
WRB,W.R. Berkley Corporation,69.53,USD,-0.3439873871291313,1298583,0.6892586450120765,25811449548.91243,USD,Finance,Buy,69.87534010350784,69.88307315523922,69.69560549965887,2.009976525821603,-2.0290263491616143,-0.3439873871291313,69.21200000000002,69.14949999999995,71.02000000000002,69.18164999999992,14.29922879177378,4.8749,10.669822700685069
NVT,nVent Electric plc,159.45,USD,-1.9191732792028078,687611,0.23552475058016223,25808249803.34287,USD,Electronic technology,Strong buy,157.32555885309338,156.70875552042023,152.8523033929028,8.336730534039939,-4.520958083832342,55.04667444574094,155.66200000000006,157.90050000000008,157.20280000000017,135.9869,44.04817812646758,5.137629,3.016591251885366
DGX,Quest Diagnostics Incorporated,233.54,USD,-0.8322717622080713,293922,0.34797480562107136,25776594420.0242,USD,Health services,Buy,232.9014525928723,226.95443411502583,219.31615696188402,-1.8863168508171277,-1.2641102608548638,34.75275517858173,237.27599999999984,239.55400000000003,228.46800000000027,201.57264999999984,24.7729972844535,11.191837,12.727794518582284
SMCI,"Super Micro Computer, Inc.",39.115,USD,-2.8440139095876704,21778808,0.6471466702916788,25697200278.30427,USD,Electronic technology,Buy,36.12074089944742,34.72092658274855,33.753835046495716,3.8911022576361316,22.234375000000007,30.55740987983979,38.766999999999996,37.850250000000024,32.11850000000001,31.421974999999954,11.897736950967271,4.338415,98.09592672933236
INCY,Incyte Corporation,126.38,USD,1.5916398713826285,375224,0.33193546603562857,25616942452.653538,USD,Health technology,Buy,122.63166973590204,119.01240358992528,114.38368209309215,-0.03954757573361652,4.827471798274712,28.63104325699745,126.87200000000003,125.62200000000003,121.25439999999999,104.94804999999997,16.106749592169656,3.76232,78.375920705647
FOX,Fox Corporation,57.15,USD,-1.8715659340659399,493714,0.44104612423730305,25401133252.46652,USD,Consumer services,Buy,57.402270858295886,56.51468895330645,56.0196281252864,-3.315851801725598,1.853502049545534,-12.00923787528869,58.91000000000007,60.10600000000004,54.76799999999996,56.95355000000002,14.904159603598906,5.95399,-21.89155055813575
RF,Regions Financial Corporation,29.7899,USD,-0.9314931825739969,2555553,0.403486512193771,25378894485.242313,USD,Finance,Buy,30.429128257229138,30.225030279505564,29.7387694322972,0.948492036597756,-4.672320000000002,9.966408268733849,30.129980000000007,30.614494999999977,30.876598000000023,28.515099499999923,12.116611079476124,2.641101,14.59867623753147
SYF,Synchrony Financial,77.6,USD,-1.2973798015772198,1166514,0.40096799007659956,25248778811.80361,USD,Finance,Strong buy,77.8541648223641,76.98264244515467,76.03185586014628,0.6093608193958238,-0.5765534913517013,-7.299008481662884,78.876,79.2125,76.81239999999997,75.16375000000006,7.958239752227999,9.349107,18.484270386526852
GFS,GlobalFoundries Inc.,45.95,USD,1.9072965180749597,1642437,0.4363281549489002,25215110262.9308,USD,Electronic technology,Strong buy,50.82857179516046,54.399051821337636,56.17665695579812,3.4443944169293137,-16.606170598911067,29.290939786156457,44.95000000000003,47.4880000000001,54.320600000000006,53.4152,35.864814236653146,1.937415,nan
XYL,Xylem Inc.,107.485,USD,-1.2177189596544462,2041171,1.0050093623968919,25096329898.204712,USD,Producer manufacturing,Strong buy,112.3799767365493,114.02875748844858,116.2035807206847,0.2050995198806683,-10.466472303206995,-21.135079609655875,107.32299999999998,112.71975000000009,117.18890000000019,123.93142500000003,25.531485308439628,5.663771,9.421947289078346
JBHT,"J.B. Hunt Transport Services, Inc.",266.68,USD,-2.9478127956910862,407721,0.5579596778917025,25045236056.339184,USD,Transportation,Buy,271.9164706913415,271.0312201023911,264.463124856834,3.9769182782283172,0.03751219146223375,37.15637616684239,268.34599999999995,269.58450000000005,275.79099999999994,238.5024749999995,37.80764432346603,7.836231,28.1843458665746
ASTS,"AST SpaceMobile, Inc.",63.26,USD,-4.3254688445251155,5147901,0.5426268864038625,24618736797.218086,USD,Communications,Buy,65.46633636784324,68.59129338859172,72.14554630553475,8.247775496235455,-11.660382628124566,-14.90449287059457,63.244000000000064,64.50050000000002,66.15799999999999,81.47017500000003,nan,-2.050116,-12.655962095288231
TSEM,Tower Semiconductor Ltd.,217.55,USD,-1.0326630879810672,545756,0.4348386939477573,24545067285.623695,USD,Electronic technology,Strong buy,227.1795797254395,228.54022572953707,221.84647726504605,7.215021438076001,-13.689472535756083,80.55440285500873,214.53500000000003,225.27674999999994,229.34809999999993,187.3445249999999,85.80838559539306,3.864925,45.74040009197516
EXPD,"Expeditors International of Washington, Inc.",187.28,USD,0.7098300709830034,244549,0.34187270680133053,24344646272.25339,USD,Transportation,Buy,183.41845097074557,178.59602036722748,172.31432643559432,-0.05870110464805231,5.083604533722367,25.573286844575577,187.0659999999999,187.6969999999999,179.31099999999986,159.18979999999985,27.249843584035386,7.712106,12.143265073019503
NRG,"NRG Energy, Inc.",115.76,USD,-3.243062520896017,1104733,0.4835090777463486,24333965009.795387,USD,Utilities,Strong buy,121.12993072061721,125.60952586396559,131.2866968318161,4.7601809954751175,-2.006264285109617,-28.357469983908903,115.47000000000003,115.88350000000003,126.22159999999998,146.18230000000008,30.61785865425307,8.888127,59.993229232787435
PFG,Principal Financial Group Inc,113.315,USD,-1.499478442280953,356181,0.25662633076172153,24261268015.822887,USD,Finance,Buy,112.74670429937224,111.12328586797875,108.11761933302235,3.616495976591074,0.5813953488372103,28.315026610802846,114.97099999999998,112.76825000000004,112.46530000000006,99.19214999999998,16.082402531968945,9.61237,41.87994603411126
DRI,"Darden Restaurants, Inc.",212.2,USD,-0.3381551756528268,410731,0.4801697944906808,24093560347.615063,USD,Consumer services,Buy,213.50556591167654,211.33930900235882,208.71794629059661,-1.5038989974006727,-1.1045346506967444,14.988620353310933,216.0139999999999,219.1834999999994,209.73679999999976,201.69475000000023,20.42564660358652,11.279853,17.071219292314616
CRCL,"Circle Internet Group, Inc.",94.8675,USD,-1.3646288209606985,6562506,0.4549805179426924,24084569331.385372,USD,Technology services,Buy,85.20250258094178,83.26778307253295,84.33119442080827,8.104951284827088,41.276991809381975,17.352177140029692,96.99350000000001,86.791875,73.31075000000003,85.32843749999996,57.094065960519984,1.040944,nan
HUBB,Hubbell Inc,455.385,USD,-2.0150618612157096,178848,0.4275078630295862,24059159490.161373,USD,Producer manufacturing,Buy,473.84603101250906,479.770879379526,483.15622682438544,2.467260699338458,-11.887117371618755,1.7097357782592126,458.217,472.7862500000001,482.8434999999999,485.9656749999997,26.96324848570972,20.458206,9.655239579275419
BIP,Brookfield Infrastructure Partners LP Limited Partnership,36.88,USD,-1.019860440150283,149851,0.22895524226083735,24001087116.438004,USD,Utilities,Strong buy,38.206656955037374,38.30741539072042,38.09666200607533,-0.8868583714055316,-4.8380854083344085,5.401543298085168,36.88000000000002,38.318999999999996,38.805400000000006,37.21379999999998,61.435948692320515,0.604573,2994.329896907216
PPG,"PPG Industries, Inc.",107.885,USD,-1.672438935472105,635780,0.4983541567477379,23982836095.86502,USD,Process industries,Buy,113.12471820950475,113.75559797795226,113.58335273393735,-2.4636108850917586,-8.354570166496766,4.712219741822774,110.43900000000008,112.63674999999982,115.25890000000015,111.5182250000002,15.491147710466237,7.905816,23.48268586322452
TW,Tradeweb Markets Inc.,102.36,USD,-0.6213592233009715,442193,0.4015210096333879,23955132732.357674,USD,Finance,Buy,104.3712979651265,104.38727743773717,105.42035002904453,-3.5340684195646026,-0.18527547537786224,-4.603914259086671,104.07399999999976,105.90850000000016,102.9369999999999,108.70812500000005,24.436009453555823,4.026786,61.45307380998266
BG,Bunge Limited,124.2,USD,0.25022197110340005,700032,0.4210602293109484,23861195252.569214,USD,Process industries,Strong buy,117.0686156745882,116.69850468896882,116.2981693736759,3.3277870216306153,13.69461735627976,39.237668161434975,121.95599999999993,116.01600000000008,114.20139999999988,114.48739999999991,24.08423665380364,9.516979,-48.493323079074315
WST,"West Pharmaceutical Services, Inc.",338.8,USD,0.3108808290155474,183513,0.4534350273635449,23843308484.087044,USD,Health technology,Strong buy,342.1981032807818,338.3311306546917,328.39856034932893,-0.014755791648225281,-4.264036847608007,23.088101725703908,340.3759999999999,345.8814999999999,349.5394000000002,294.51944999999995,43.31151564737165,8.970011,17.17546960663891
SN,"SharkNinja, Inc.",169.115,USD,-3.4345914463541294,795812,0.5026374488685585,23823493098.03552,USD,Consumer durables,Strong buy,171.55681507168092,163.88475059058734,153.39134006518216,-3.610715303505261,-8.88200431034482,50.80702693062244,173.617,182.15824999999992,167.89469999999994,129.01712500000022,34.554166155857956,6.5675,33.76882499248366
FWONA,Liberty Media Corporation - Series A Liberty Formula One,87.78,USD,0.6074498567335256,129716,0.9206154090732953,23751503424.8094,USD,Technology services,Strong buy,90.65507926213782,89.80613900263249,88.39382377845708,-2.096810171759977,-5.623051284808089,-1.8010963194988248,88.66000000000004,93.09074999999993,91.71999999999993,84.55137499999992,54.26893353941268,1.81296,52.752856738124464
CHTR,"Charter Communications, Inc.",135.53,USD,-7.005626458076031,2431083,1.037202204391145,23733362014.463013,USD,Consumer services,Buy,145.39566095048465,147.32150596580465,155.07676226057885,-8.22103338525089,-10.26880296610169,-35.29243256147051,148.72199999999998,150.36900000000003,143.29999999999848,181.59802499999995,3.521082850536489,41.120654,4.731715280801037
FCNCA,"First Citizens BancShares, Inc.",2130.03,USD,-0.9256115315382193,26526,0.44760932477240706,23691230492.299458,USD,Finance,Buy,2172.7955548162986,2150.333341575034,2115.1084243390396,-1.6120613599515752,-3.627273549904969,-0.29956516244387305,2173.797999999999,2192.0010000000016,2163.2242000000006,2047.5900500000007,11.39198464831353,194.200418,10.347745875154256
ULTA,"Ulta Beauty, Inc.",546.0,USD,-0.5880960617591935,186064,0.23266535910362113,23345579423.14877,USD,Retail trade,Strong buy,528.0394959598187,521.3847767554093,522.4076666233761,0.05864242779651995,-2.6720618905862867,-9.918827954860424,553.6399999999999,533.0229999999999,508.62289999999985,556.7488250000001,19.892811991066452,28.989051,5.199190513058345
RIVN,"Rivian Automotive, Inc.",16.105,USD,-0.40197897340755273,11097095,0.5923547855902479,23317795397.247368,USD,Consumer durables,Buy,16.10808240098444,16.127357565262656,16.091117351718257,3.5691318327974257,-0.15499070055795772,-18.579373104145603,15.906999999999996,15.956999999999999,16.503600000000002,16.303699999999992,nan,-2.29869,20.201582982933463
GPN,Global Payments Inc.,88.09,USD,-1.4873630060389156,829067,0.372181163148567,23310232412.886604,USD,Finance,Buy,87.78822778664117,84.67677767833018,81.51732329661857,-2.436593199689891,2.788798133022171,13.518041237113415,90.92599999999997,91.80250000000005,85.37219999999984,75.8361250000002,27.638679718875505,13.646061,-44.26120564523181
AFRM,"Affirm Holdings, Inc.",68.8825,USD,-4.436043285238632,3413107,0.4246503108721056,23242419982.27799,USD,Finance,Strong buy,73.75384332603453,73.21928472353913,71.53016411733454,-0.702753351592924,-8.156666666666675,-8.156666666666675,72.3405,75.00937499999996,76.68115000000002,66.56308749999997,12.477131523176409,1.968559,4209.679937548791
VRSK,"Verisk Analytics, Inc.",178.125,USD,1.5015100575531317,523940,0.5348548907260241,23184041987.381752,USD,Technology services,Buy,186.1742453830104,186.5436809915238,188.00317539100107,-7.802795031055895,-1.5339966832504177,-19.741822114084886,183.63299999999956,185.95474999999948,190.41320000000024,194.1012249999997,27.37015980331899,7.711934,0.3778823166499536
VLTO,Veralto Corp,94.89,USD,-0.669946613629227,397492,0.26815161563756773,23133550706.8524,USD,Producer manufacturing,Strong buy,95.67053819989857,94.4637574729596,93.51784855258303,-2.205503452540452,-2.9556146451217025,-4.364039508163675,96.36400000000006,97.7119999999999,95.40179999999991,93.40235000000004,23.91742703029692,4.381649,11.103643339214205
KEY,KeyCorp,21.675,USD,-0.5277650298301901,6516732,0.7174446119504854,23130012076.74163,USD,Finance,Buy,22.246634452249065,22.281770328043407,22.099695523925043,1.569821930646677,-4.220061864781257,5.0654386815317585,21.91300000000003,22.150250000000014,22.65569999999997,21.46292499999999,12.606874890943988,1.828124,nan
TROW,"T. Rowe Price Group, Inc.",108.33,USD,-0.9961615792359746,454298,0.40516349841626126,23108504741.47002,USD,Finance,Buy,110.86265136897553,110.45099540734373,108.8669875702513,-0.8783969256107675,-4.664261198627122,5.718746950326925,109.55799999999999,110.96775000000014,114.33709999999988,103.74652500000003,10.865705774380885,10.208863,11.482723918148286
CASY,"Caseys General Stores, Inc.",622.51,USD,-15.130403959154181,1894167,3.1976548771839077,23035928290.32116,USD,Retail trade,Strong buy,765.2224907632029,781.9745937940594,778.4024112862138,-18.48335646753791,-24.569842962388524,12.808292408894033,724.8199999999999,795.6429999999993,822.6651999999998,728.3662749999992,29.97072785571914,21.434075,33.36029997174925
FFIV,"F5, Inc.",406.495,USD,4.33114316513526,197098,0.46877266887284597,23018666061.389595,USD,Technology services,Buy,397.1521137012437,392.0645649072661,379.07877295551043,1.9883583812128387,0.6499616213137891,58.8926240081304,393.963,395.74325000000033,404.4756000000002,328.92735,32.38204108945201,17.333083,10.691674161860927
TPR,"Tapestry, Inc.",115.08,USD,-2.1262119408062596,2502336,0.7487581843286685,22945994644.605885,USD,Retail trade,Strong buy,129.96512061588354,133.97218696622946,136.10149829638948,-6.347656249999998,-28.751857355126305,-10.942578548212351,120.10800000000015,127.57150000000017,139.57140000000007,138.47429999999991,15.806606689101024,7.981415,1049.7946936197093
AMRZ,Amrize Ltd,41.22,USD,-1.7401668653158615,2231791,0.5598790247017574,22816779936.25602,USD,Non-energy minerals,Buy,45.59207854464635,47.39295027604923,49.227289303920685,-1.1273686735428134,-12.484076433121023,-24.6572838603546,42.79399999999999,44.467,47.909600000000054,53.46490000000001,18.926488819505025,2.549581,1.5243333954876082
CRS,Carpenter Technology Corporation,458.885,USD,0.07087404047452647,166401,0.18712074962100966,22741682918.204464,USD,Non-energy minerals,Strong buy,501.9689910805622,507.2705617370521,494.8970089064849,-3.2357716719735206,-20.116113084047083,44.94614485612307,464.2450000000002,492.95824999999996,540.4862999999998,433.6407000000002,43.58544508187379,13.337362,41.99552234780028
DLTR,"Dollar Tree, Inc.",121.125,USD,-2.350048371493072,1334684,0.5258873070708834,22726719625.61573,USD,Retail trade,Buy,126.16222144062795,123.99717199529351,121.05175679239608,-8.120306455283329,-6.206442620411946,-1.2836185819070927,127.90700000000004,129.79125000000002,127.28229999999994,117.33155000000002,14.793531761056219,7.878761,nan
ROKU,"Roku, Inc.",152.97,USD,-1.5256855928930118,4621932,1.8705651079757302,22717364284.023945,USD,Technology services,Buy,151.94029820360464,147.2407578277048,139.80375299513173,-1.16301608838923,0.2818932738953762,40.14016765150474,155.98199999999989,156.6942500000001,149.1548999999999,118.59372500000006,65.3522450548981,2.788237,nan
ARXS,"Arxis, Inc.",52.65,USD,-1.0152284263959375,332863,0.613266225817601,22683006130.27919,USD,Electronic technology,Strong buy,51.900818513208705,49.491470460677974,44.95,2.3721563289908594,-12.396006655574046,38.55263157894736,52.772000000000006,54.159499999999994,49.950499999999984,nan,nan,0.47484,nan
CHD,"Church & Dwight Company, Inc.",95.225,USD,-1.3621296871763122,980745,0.5848762137398753,22587741896.335197,USD,Consumer non-durables,Buy,98.52536239624226,98.37063806659629,97.7591904065003,-4.180921714630712,-6.970496287612353,14.014607279693484,97.64499999999995,99.76025,99.16410000000023,95.0510249999998,30.639660220727823,3.779834,46.592141880099994
SOFI,"SoFi Technologies, Inc.",17.4,USD,-3.387007218212121,25565781,0.7025765640166106,22473325846.90727,USD,Finance,Buy,17.863153923579826,17.81199792339713,18.02871565028017,2.052785923753653,-5.321580150179571,-34.733683420855215,17.995999999999988,18.205499999999997,17.868000000000002,19.882475000000007,36.68564199873497,0.590296,-4.336425978217027
EIX,Edison International,58.335,USD,-1.6770605090173565,2009775,0.20713233800015227,22448123332.160206,USD,Utilities,Buy,66.47749964736587,68.51366831936123,69.32868164830217,2.7386403663261705,-14.314042303172736,-3.370879575948313,57.184999999999945,67.09924999999997,71.88190000000004,68.49587499999994,6.009333086099264,6.134251,42.63841542259315
EXE,Expand Energy Corporation,96.695,USD,-1.5225583053264127,921369,0.4650708623452959,22385258968.042877,USD,Energy minerals,Strong buy,95.43574608628414,94.91057242571475,95.59820762324877,-3.1015131776731266,2.834201850473245,-12.079468994362621,98.23299999999998,96.82899999999982,93.21439999999976,100.88104999999977,8.346352705583799,9.001347,2897.490297542044
RGLD,"Royal Gold, Inc.",264.2,USD,1.0827562459348754,202638,0.36703047067630523,22385100060.89681,USD,Non-energy minerals,Strong buy,244.84970009874422,237.38632498815497,233.61854431672288,1.7053547368826296,15.603395466876695,17.946428571428566,262.18199999999996,253.60099999999952,222.74129999999977,237.3445750000002,28.802232663606926,10.504746,34.28537967178557
IOT,Samsara Inc.,38.295,USD,-4.620174346201736,5599099,0.6248189756008988,22383943757.61333,USD,Technology services,Strong buy,38.744171030626575,37.64149156472405,36.399482945057954,-1.593215983553893,-2.1088957055214617,6.6713091922005665,38.837,39.67025000000002,37.93670000000001,33.67932499999997,248.6688311688312,0.7731,nan
BRO,"Brown & Brown, Inc.",66.855,USD,-1.9433851569375222,726576,0.4608953006156638,22370375154.188324,USD,Finance,Buy,69.69566853197168,68.76769022018426,68.38498488054616,-7.963931718061669,-5.411714770797966,-16.19029710417449,70.211,71.43225000000001,70.17069999999998,69.32667500000004,21.140589425752594,4.490611,-8.806736259299848
SW,Smurfit WestRock plc,42.695,USD,-3.5359240849525477,1304496,0.3129176095602384,22324751846.383755,USD,Process industries,Strong buy,46.11289995533473,45.74122784933893,44.939864896901625,-6.123570800351796,-10.754598662207364,9.925334706488147,44.68099999999998,47.512750000000025,46.58210000000001,42.51287500000006,45.40089323692046,2.214902,42.24776887006504
PHM,"PulteGroup, Inc.",118.535,USD,-1.2784209211293385,793094,0.6768812122948025,22219687384.899937,USD,Consumer durables,Buy,125.67054904109169,125.9715040466394,125.68345118260144,-4.391837393127929,-10.45176399486289,0.07176023638665575,122.21300000000001,126.90475000000008,128.0489,125.27407499999998,12.108257742910844,10.151652,-26.81384239288892
L,Loews Corporation,108.58,USD,0.3048498845265573,241413,0.3236591192280435,22196761741.307343,USD,Finance,,110.9834191383748,111.22766080742457,110.6866553639738,-0.7948835084513518,-4.098215862921746,3.409523809523808,109.02199999999989,110.51500000000026,113.5534,108.86024999999987,13.299853013228809,nan,29.801577206817598
MKL,Markel Group Inc.,1782.855,USD,-0.15988038371292193,30251,0.49608312274412636,22089498767.593727,USD,Finance,Buy,1838.892969572255,1857.5525190804,1878.1120841454701,-1.8802764966813774,-4.916935548385372,-16.81845539417635,1810.865000000001,1812.0357499999996,1888.152699999999,1956.063275000001,9.836311132983619,98.627717,8.703805992214209
GH,"Guardant Health, Inc.",164.6,USD,2.248726549881976,597330,0.34065071112183254,22088688500.617474,USD,Health technology,Strong buy,160.33039087141364,153.96259073504612,143.56756598237035,0.49453568593931396,-1.9654556283502151,60.899315738025415,162.2179999999999,163.45600000000007,159.9716,118.03684999999997,nan,-3.204651,-4.599796760117153
FSLR,"First Solar, Inc.",204.83,USD,-3.9484173505275435,1774115,0.969040613114967,22013036593.43564,USD,Electronic technology,Strong buy,214.48368670625607,219.28336557719214,222.64134819372606,2.7489340356157603,-17.290530991318388,-22.955690965169637,206.51000000000005,211.71699999999996,217.9792,230.1672999999999,12.627146855388562,17.438765,38.72032564821782
CDE,"Coeur Mining, Inc.",21.175,USD,2.4927395934172343,13310022,0.43213177479232967,21766524705.273476,USD,Non-energy minerals,Strong buy,19.56160661011539,18.91362392547448,18.594066333574904,2.4431543299467777,22.96747967479676,14.459459459459463,21.228999999999996,20.56325,17.7637,19.005075000000012,17.39076872536137,1.068279,212.20512820512818
AER,AerCap Holdings N.V.,140.925,USD,-1.8217918350285502,383659,0.3615361339656667,21763056451.53459,USD,Finance,Strong buy,146.28294184337324,146.31533512296312,145.32897827532497,-2.6021148662658002,-6.622714020673189,-2.8840190200537537,144.25300000000007,147.24475000000007,149.01570000000007,143.6846249999999,6.9309535870789425,18.720007,26.695329781599515
XPO,"XPO, Inc.",185.33,USD,-2.4886877828054246,512327,0.5635871692386305,21699635494.65611,USD,Transportation,Strong buy,196.67973960951895,199.60098812130911,199.25396031393416,0.07019438444925695,-7.293281976889593,36.74463218475615,187.8540000000001,195.58450000000002,202.0194,189.48194999999976,54.49600094095508,5.477932,17.642175176421745
MTSI,"MACOM Technology Solutions Holdings, Inc.",283.805,USD,3.2769286754002898,809523,0.8056180885629266,21674449663.210808,USD,Electronic technology,Strong buy,284.5221904857987,291.03414502066136,290.19234781218773,9.021588813767677,-9.840205858059587,62.37841858336194,269.01300000000003,278.3554999999999,284.8904000000001,264.77372500000007,91.27910716583044,5.512437,nan
ENTG,"Entegris, Inc.",141.84,USD,0.531575590048905,463757,0.24898865155043362,21673151870.31427,USD,Producer manufacturing,Strong buy,141.83166528656446,141.70922036867307,139.20273226779202,9.393799167052297,-6.941346280015736,64.6239554317549,136.736,144.04325000000003,140.79939999999996,126.84649999999993,71.03721139880804,3.91804,2.647542669134273
THC,Tenet Healthcare Corporation,268.81,USD,3.763606886435575,299775,0.4076208891173279,21644311431.224274,USD,Health services,Strong buy,256.16129260775557,243.30282591721627,230.30301909867532,0.6176074262614079,2.874091083046303,35.16870317292704,262.98799999999994,268.215,240.72620000000006,208.95019999999988,10.366316893614231,21.215261,66.00366178428763
UTHR,United Therapeutics Corporation,503.04,USD,1.0181336225073785,186057,0.3781867719085995,21575732675.07296,USD,Health technology,Strong buy,512.634799478129,520.0786742706715,523.1333917155096,-1.3647058823529372,-4.834514136531751,2.6465606954108654,494.1760000000003,509.40750000000014,523.9518,523.6940000000002,17.993025127425557,26.146032,9.163357502918695
IFF,"International Flavors & Fragrances, Inc.",84.53,USD,-1.2730670404111228,616994,0.4485359919102803,21567827095.999184,USD,Consumer non-durables,Strong buy,83.82715223038696,82.16452755152795,80.11168505129035,-2.1303693412064413,-0.5529411764705869,25.173996742188656,85.97999999999999,85.14100000000005,81.83979999999998,74.84399999999994,78.42827982928186,3.425774,nan
USFD,US Foods Holding Corp.,99.61,USD,-3.3756911436608825,1196767,0.7856770434304677,21548702153.63944,USD,Distribution services,Strong buy,103.2217442168553,101.3717670952762,98.43847173880653,-7.062884866579592,-8.261189906060046,32.848759669245126,103.18799999999992,107.0140000000001,103.37419999999989,90.66555000000004,30.6322652069623,4.791512,39.00739537468472
OMC,Omnicom Group Inc.,78.24,USD,-3.5621841488968333,1551116,0.6199662980987524,21464828575.049427,USD,Commercial services,Strong buy,82.53384866879239,81.58923194604371,80.35368508147347,-8.917345750873121,-7.849949944055128,-3.108359133126941,81.69600000000013,85.92749999999991,82.9504000000001,78.09692500000016,67.0666895251157,10.416101,-83.26303405928094
CMS,CMS Energy Corporation,68.22,USD,-0.8286088094199845,1010743,0.39175174220754555,21392231269.40514,USD,Utilities,Buy,70.02589570159864,71.16050364981942,72.15413430832876,0.6937269372693711,-3.2065834279228222,-2.417393792018306,68.42399999999982,69.19499999999996,71.96539999999996,73.48004999999998,20.500030049882806,3.870706,-1.7942513132267004
DOW,Dow Inc.,29.54,USD,-0.101454176530271,4076778,0.5278710435985793,21337944006.27595,USD,Process industries,Buy,30.318592362240267,30.81611433625199,31.29930606884302,-2.3793787177792542,-0.37099494097807567,25.435244161358806,30.038,30.773500000000006,30.04639999999993,31.55600000000002,nan,2.462365,-30.144223904041116
STE,STERIS plc (Ireland),216.24,USD,-1.007141549166814,212108,0.40642203065391047,21083423332.61674,USD,Health technology,Strong buy,225.38608710808975,224.42793717223682,224.55615518494787,-5.6667975395890515,-8.940076641259944,-14.674663615199464,223.29000000000002,231.76199999999966,225.4390000000003,232.49844999999956,26.43068423497201,11.206146,24.045182321279654
LYB,LyondellBasell Industries NV,64.82,USD,0.3560922743458581,952320,0.3570661678118752,20939317652.457653,USD,Process industries,Buy,63.37491905201308,63.14989101029742,62.96665807720235,0.2939811233173414,7.763923524522019,48.737953189536476,64.85199999999998,64.61600000000001,61.0466,60.70250000000003,nan,9.344138,-247.10743801652893
CW,Curtiss-Wright Corporation,566.065,USD,-1.1602730876010514,124412,0.36476766335778465,20907297087.3587,USD,Electronic technology,Strong buy,634.2313216582933,660.4109794089327,674.0575910996004,-1.370376178279563,-19.076925276264802,2.0672556797692088,567.1550000000003,625.1247500000001,691.9143000000005,676.4825500000003,38.954608640598984,15.293098,22.603017110458644
FICO,Fair Isaac Corporation,965.62,USD,3.4629808207436037,398346,1.0551496375345142,20855108295.76713,USD,Commercial services,Buy,1072.0708892552261,1104.9594189030458,1146.7247832405544,-11.176319081610117,-6.214063714063705,-42.897523994252026,1009.9120000000005,1095.7774999999988,1158.3542000000011,1296.7681500000003,27.900593193159068,42.937752,35.366545286716125
CF,"CF Industries Holdings, Inc.",137.62,USD,2.449192287649811,1602410,0.6126328666000245,20827152289.9531,USD,Process industries,Buy,127.20821457793856,123.89735420789701,120.10515450050653,3.0321179905667526,19.151515151515156,77.62003097573567,136.476,127.44450000000002,122.4022,108.63680000000014,10.207457184605001,14.958679,76.22078736864118
SNX,TD SYNNEX Corporation,258.225,USD,-0.14501160092807425,169994,0.39302572051093293,20647348154.84281,USD,Distribution services,Strong buy,255.63427301376544,252.02011556371042,242.61085106080253,2.714797136038193,1.5993862134088865,71.00993377483445,259.01099999999997,255.42524999999995,252.48209999999975,205.84848500000007,18.47261567516525,19.00409,63.39154218388386
PKG,Packaging Corporation of America,229.0,USD,-1.2888486572697138,178471,0.34623489365466564,20403510523.307037,USD,Process industries,Buy,240.2273547656171,238.76212858076687,234.943851904959,-0.26566787160838534,-9.87445393364556,11.192036902160723,233.2699999999997,244.14799999999997,241.93299999999996,223.5447000000001,29.7673209411153,10.498881,-23.22431911857167
WES,"Western Midstream Partners, LP",49.17,USD,-0.5259963584867449,250134,0.3651286345140231,20315794767.66215,USD,Industrial services,Buy,47.99942496599799,47.065138996890084,45.89294152392146,1.0896381578947392,5.0641025641025745,23.885109599395328,49.258,48.71400000000003,47.12740000000002,43.021399999999986,15.485638699924415,3.712888,-2.286505616248655
RL,Ralph Lauren Corporation,340.82,USD,-1.8460386487342755,208062,0.3098779459605819,20290743472.096764,USD,Consumer non-durables,Strong buy,364.66882955187515,369.69494509501305,370.2397326894505,-1.0940538030703102,-14.701171288417262,-3.9943661971831004,343.98999999999984,363.1320000000003,376.5369999999999,366.36410000000024,21.487519938466583,18.921331,26.61185392137298
RS,"Reliance, Inc.",395.79,USD,-0.6326730436092445,64369,0.22212981527429335,20206881797.747158,USD,Non-energy minerals,Buy,398.21865023423794,393.97613404793424,383.52747640366283,0.6868656032969666,-6.653301886792448,36.089811917615116,398.61199999999974,399.977,397.8905999999999,348.02495000000033,23.01894254424483,23.268624,25.544700487747875
AMCR,Amcor plc,43.4,USD,-2.1199819576003716,1509802,0.5240684667574302,20065802260.25259,USD,Process industries,Buy,45.14973768478747,44.57995033782322,43.86617387628193,-5.652173913043481,-8.419497784342694,3.95209580838323,45.09199999999999,46.345000000000034,45.367400000000046,42.76864999999991,18.2031708749266,nan,32.20583342575136
NI,NiSource Inc,41.61,USD,-0.6921241050119311,1539778,0.32952723017127483,19954496035.089737,USD,Utilities,Strong buy,42.53182318503616,43.5066648653689,44.289320409287114,2.010296641333661,-1.724137931034492,-0.35919540229884717,41.54199999999997,41.43400000000003,43.917199999999966,45.037700000000115,22.03686050206546,2.05424,0.32410605175070367
GIS,"General Mills, Inc.",37.2701,USD,-1.1140886176704654,3335072,0.37142775651664284,19925694821.153217,USD,Consumer non-durables,Buy,38.15308747584977,37.75131082908798,37.86142454959856,-9.582484230955846,2.0260060224472984,-19.814759036144576,38.618020000000016,39.50350500000001,37.85240199999995,39.80415049999992,nan,3.082755,-104.6300144229594
SBAC,SBA Communications Corporation,187.59,USD,-0.582966770894056,314488,0.4384658380252362,19901069164.42583,USD,Finance,Buy,187.16396877185153,188.42331995262296,190.6379365349922,-0.3505976095617512,3.0544415755644687,-2.393464800457877,188.73199999999983,186.11250000000024,183.43840000000014,192.88489999999953,20.200943335271695,7.700492,14.116129032258062
PR,Permian Resources Corporation,23.73,USD,0.3382663847780205,4091457,0.4951808107316389,19875227451.46554,USD,Energy minerals,Strong buy,22.324372857998767,21.633710223810766,20.826837173126716,0.5508474576271144,15.812591508052721,69.25820256776035,23.659999999999986,23.011000000000013,21.2214,18.708250000000003,15.750696933492634,2.092277,-2.149769435604347
WWD,"Woodward, Inc.",336.57,USD,-0.7958263330091044,169746,0.32709314194288464,19873051715.37448,USD,Producer manufacturing,Strong buy,356.61361610137135,364.0923907191419,365.76176540310985,-0.4289687000769152,-7.094156292268195,10.75753586942214,340.028,347.861,375.2198000000005,360.52705000000003,37.430770257345586,9.466328,42.25055765610414
EFX,"Equifax, Inc.",168.93,USD,-1.5674163850367078,913452,0.8603971579687419,19846723833.156803,USD,Commercial services,Strong buy,178.3502675393399,177.47855260094042,178.68396486012657,-8.952247493801869,-6.368473561689382,-21.98309703043458,178.43400000000014,185.59900000000027,178.64739999999983,187.43915000000013,29.68475434033879,8.561258,11.283194493331768
FIS,"Fidelity National Information Services, Inc.",38.455,USD,-2.4479959411466345,2417797,0.4313990296096974,19831470717.15233,USD,Technology services,Buy,41.224625670940746,41.811106527934186,43.32670130312949,-6.344374086702396,-9.111321200661791,-42.17293233082707,40.782999999999994,41.184250000000006,41.91889999999998,49.35972500000006,5.904707797193133,6.202081,2338.2628229127663
SNA,Snap-On Incorporated,377.44,USD,-0.6423080972938816,84261,0.3733044002966552,19523885654.620617,USD,Consumer durables,Buy,391.7466397492991,392.3795967408828,389.14858389204977,-1.2376691001386864,-9.229955269106824,9.545784356406903,381.0200000000001,391.9494999999998,401.9072,377.01125000000036,19.252722589201458,19.803778,4.492687190857923
MTZ,"MasTec, Inc.",241.18,USD,-2.031034202615972,398155,0.284303664347233,19367946517.43927,USD,Industrial services,Strong buy,271.18789119845997,290.95441125826704,303.47543963589646,1.429893178568427,-11.97810218978102,9.62228989591383,238.43199999999956,258.51800000000003,302.43640000000005,304.9301,38.41914107302154,9.340351,86.28445947950976
LEN,Lennar Corporation,80.39,USD,0.024884907303715342,1628830,0.6584396641793187,19323309238.277092,USD,Consumer durables,Buy,84.69759070308415,86.0054782414345,88.60726063566057,-3.7360795114357614,-8.397903372835009,-21.95903310358218,82.47399999999998,85.22250000000005,85.24400000000001,98.0103499999998,12.574887766115534,5.489902,-47.147333349868134
DINO,HF Sinclair Corporation,108.235,USD,-0.06924568368571954,842340,0.3709203451707214,19242433921.00097,USD,Energy minerals,Buy,96.51749655056008,90.49069282152749,83.43906828632356,4.787491528705579,30.1683704149128,135.29347826086956,106.833,98.51074999999994,89.82030000000003,66.16777499999998,10.329738499713686,14.774202,nan
BR,"Broadridge Financial Solutions, Inc.",168.145,USD,-0.2816984936543674,534270,0.5283457123618577,19172194531.90713,USD,Technology services,Buy,168.389582294606,164.92457297467553,164.958287929393,-6.746713992568349,1.7211131276467022,-24.656091768606885,173.32299999999992,176.74524999999988,162.30549999999982,176.55452499999973,17.471062529872615,10.555144,35.666760642796724
FTAI,FTAI Aviation Ltd.,184.3,USD,-6.299252631043768,530689,0.4591024417454657,18928917342.81153,USD,Electronic technology,Strong buy,204.6918779135869,213.45755838460516,220.74458293155894,-2.5280304632959596,-14.41043979008963,-6.933292935413822,192.454,202.67550000000006,213.1437999999999,234.86825000000007,40.14550840812059,5.975444,13.859126984126977
TOST,"Toast, Inc.",32.555,USD,-2.2078702313006895,5102787,0.5929684049806498,18914455520.254135,USD,Technology services,Strong buy,33.07285361847792,31.968881780604885,31.037484328953457,-0.7166819152180526,-5.280768111725336,-8.987978753145102,33.552999999999976,34.83325000000001,32.570900000000044,30.110499999999988,41.593203015203784,1.384767,128.25896762904637
VTRS,Viatris Inc.,16.465,USD,-0.8729680915111353,2623101,0.3895480283755283,18911548550.938595,USD,Health technology,Buy,16.556342663385387,16.437799120634377,16.061334734226847,-1.7014925373134338,0.999877315666791,31.72,16.797000000000004,16.496000000000006,16.7743,14.781199999999991,nan,2.505968,87.72002200220021
LUV,Southwest Airlines Company,38.61,USD,-0.15515903801397019,2017084,0.500277447724982,18888327356.934834,USD,Transportation,Buy,41.79847693633685,42.74715066085059,43.014329128551616,-0.02589331952355777,-16.591056383668178,-6.986268369067692,38.848,40.68449999999997,44.89420000000002,43.13704999999999,23.422712933753942,3.325625,147.8796992481203
TPG,TPG Inc.,49.07,USD,-3.614221174621875,1939119,0.9172268036862969,18868628975.992733,USD,Finance,Strong buy,49.60755545147203,48.176422618081645,47.38955504707633,-6.247611769201382,0.573888091822097,-23.626459143968873,51.63499999999995,52.55974999999997,47.44050000000006,49.10432499999995,74.04557114833258,2.848041,nan
U,Unity Software Inc.,42.79,USD,0.09356725146198631,3099230,0.359263718670854,18831405239.12936,USD,Technology services,Strong buy,40.41346959204198,37.77128724714838,35.206498665564354,5.863433943592274,0.11698642957416273,-5.331858407079654,42.007999999999996,44.23649999999999,37.1362,32.105350000000016,nan,-0.686276,-27.864387678437264
IP,International Paper Company,35.405,USD,-2.9734173746231867,1423181,0.34702376454464606,18749422650.0633,USD,Process industries,Strong buy,38.42602320380063,38.364261604925574,38.25349624948631,-3.5286103542234377,-14.252845725357224,-10.412449392712556,36.37500000000004,39.25475000000009,39.388299999999916,38.3779500000001,nan,1.37122,-6527.811860940696
EVRG,"Evergy, Inc.",81.28,USD,-1.1673151750972686,754220,0.37081174398778033,18736098672.98833,USD,Utilities,Strong buy,82.37301778286846,82.78533930847559,82.61552869641247,-0.09832841691248562,-1.9068307989379656,12.373842112539752,81.55199999999981,82.16250000000007,83.95279999999998,80.70029999999997,20.591290249030983,4.255644,8.627332269249818
RBRK,"Rubrik, Inc.",90.305,USD,-1.4460329586379883,1104735,0.26884027047584413,18720626145.20621,USD,Technology services,Strong buy,89.708544509531,85.51386584419818,80.4188514625425,1.4662921348314684,-0.5670557146002934,16.29748873148744,90.98499999999997,96.31325000000007,87.21790000000003,69.13527500000001,nan,0.495468,46.36243667787664
BBY,"Best Buy Co., Inc.",88.925,USD,-0.4533751259375362,1497096,0.29547647420921247,18650036718.961716,USD,Retail trade,Buy,85.54624161495036,82.94607590159491,79.64368905204006,7.3195751870625125,8.128647859922182,31.897063185998213,88.60300000000002,86.01574999999995,84.48030000000004,71.61602500000002,14.79912794567967,6.796676,65.59098299666547
SSNC,"SS&C Technologies Holdings, Inc.",79.44,USD,-1.2554381603480487,613021,0.3904375750873948,18640992396.219265,USD,Technology services,Strong buy,79.25504217899783,77.05921490156935,75.49472013134726,-4.173703256936077,1.3653183616179572,-8.815426997245186,82.14399999999992,82.17149999999995,75.95840000000004,75.32994999999987,22.810543846551425,7.10598,9.698554194097083
GPC,Genuine Parts Company,134.74,USD,0.5072355661644091,390906,0.41440781300985213,18575225304.06639,USD,Distribution services,Buy,132.43422453869914,128.45527595417852,124.72111120682551,-0.7111798953496967,0.8722671458520456,9.425763482781019,136.32999999999998,135.48600000000016,129.99920000000003,119.93304999999991,539.823717948718,7.739434,-95.70055465600991
PAA,"Plains All American Pipeline, L.P.",25.98,USD,0.05777007510109982,1749885,0.7304988144477448,18330616928.071636,USD,Industrial services,Buy,24.789726849852343,24.213005829609955,23.477050140427632,0.42520293776574963,13.054830287206267,44.333333333333336,25.777999999999984,24.919999999999995,24.126800000000035,21.4725,7.19547997562732,1.50058,299.22600619195043
GFL,"GFL Environmental Inc. Subordinate voting shares, no par value",42.035,USD,-1.947749008630746,1158251,0.4425810056280054,18327958014.409172,USD,Industrial services,Strong buy,41.59920518207419,40.87655319369458,40.525051879307085,1.289156626506016,2.5243902439024306,-2.425719591457757,42.94099999999999,41.80425000000001,40.66649999999995,40.95072500000006,nan,0.59394175,87.87859681633327
NTNX,"Nutanix, Inc.",67.45,USD,-0.05926803970957482,1043463,0.35876014698032205,18233116851.518005,USD,Technology services,Buy,64.37197059375742,61.0265640159197,57.52807502112954,1.3675984370303524,7.6616121308858816,30.262649671687914,67.58899999999997,67.03999999999999,60.800800000000045,48.896500000000024,13.06993237351522,2.326458,702.472399315814
SITM,SiTime Corporation,605.44,USD,1.0835629017447213,190848,0.6731837604576498,18206208034.626995,USD,Electronic technology,Strong buy,615.3369914419035,615.0046261231752,596.0660383534968,9.532338308457721,-17.187799206674867,65.61534042727797,591.9530000000001,617.49675,606.1678999999998,503.39462499999985,1227.0774219700043,11.250787,nan
ZBH,"Zimmer Biomet Holdings, Inc.",94.79,USD,0.6049670982806277,865334,0.5959020654532723,18080025505.520805,USD,Health technology,Buy,96.51573776907729,95.08447589122483,93.73353890975021,-4.561014901329025,-1.9346161804262263,5.357341336000897,97.10000000000016,99.20400000000001,95.02219999999993,91.41719999999991,23.06775041370583,8.531728,0.06331271611552519
MKSI,MKS Inc.,266.92,USD,0.5348399246704392,586562,0.4641690286139257,18048477436.268177,USD,Producer manufacturing,Strong buy,286.12333209149074,295.45318017241976,293.76814358207434,7.93368378487667,-12.462859354195501,62.221952108909704,258.752,276.095,310.6784,263.59065,42.560790879374956,13.134026,59.397636294319476
IREN,IREN Limited,45.835,USD,-2.333262305561472,19862094,0.4488755354937531,18037789003.65832,USD,Technology services,Strong buy,42.53611593192525,43.208170631159504,44.02961175624543,28.048610141081152,11.0343992248062,17.49551397077673,43.739,41.84600000000002,40.21659999999997,45.65050000000001,nan,-1.513195,-427.0100709922404
TSN,"Tyson Foods, Inc.",52.06,USD,-0.42081101759754946,1843674,0.5368860038685341,17950319623.36305,USD,Consumer non-durables,Buy,55.36240345647014,56.64115889015164,57.848133902629534,-5.620014503263224,-9.946376059505276,-11.114905241591254,52.66600000000002,55.9135,57.34559999999997,60.46187499999986,31.448592485199953,3.7409,-26.43647513664845
CDW,CDW Corporation,143.155,USD,-0.9170819490586855,892822,0.547157126686919,17896870115.95065,USD,Technology services,Strong buy,142.3908854506423,139.48803050204896,136.85116528900454,-5.812882426475431,6.040740740740741,4.340379008746365,148.52100000000002,142.68025000000006,140.24480000000005,131.8073999999999,17.20695706524352,10.953032,3.423584694562535
TSCO,Tractor Supply Company,34.305,USD,-2.7911589685463287,8488581,1.097668466320598,17874281097.102436,USD,Retail trade,Buy,34.01903903777533,34.00070173517327,35.28176727692363,-0.9098786828422812,-0.02914177473407551,-31.348809285571342,34.80899999999993,35.13425000000001,32.8931,41.69622499999997,17.911967418546364,1.934051,-5.799026117751223
GEN,Gen Digital Inc.,29.815,USD,0.01677289500168587,1288188,0.2382400124221815,17846872162.126976,USD,Technology services,Buy,29.004768093883282,27.969376202134193,26.86606706338336,-0.7490013315579157,3.5243055555555576,9.493206022769009,30.450999999999993,29.461999999999996,27.93709999999999,24.641999999999943,17.307134149881,2.928811,79.82254697286012
OVV,Ovintiv Inc. (DE),64.735,USD,0.9906396255850315,1348748,0.5004773048465867,17834725190.51295,USD,Energy minerals,Strong buy,63.07036522511046,61.50061957232335,59.33964424178886,-1.7976334951456345,7.159410693593781,65.5626598465473,65.28299999999996,64.98675000000003,60.98430000000008,52.958175000000054,18.099085749433833,7.300799,58.28207284152764
ITT,ITT Inc.,198.57,USD,-1.4638745533942126,269974,0.48133591782127094,17752158678.913902,USD,Producer manufacturing,Strong buy,202.87781182437584,201.74095470284388,199.859768004195,-0.8983380745620658,-7.210280373831779,13.526956720599163,201.78000000000014,207.78199999999998,201.10740000000024,194.85664999999995,38.99263622974963,8.26355,-19.95190040554559
CHRW,"C.H. Robinson Worldwide, Inc.",151.86,USD,1.1725516322451828,1133035,0.9216067151413029,17745032659.25836,USD,Transportation,Strong buy,155.7157615444468,161.25161580204346,165.33333456661248,2.6636019469983956,2.269513098525156,-5.893288715374599,148.29700000000003,147.14274999999998,166.9487,172.71884999999983,28.97980993091867,6.231749,19.290657439446353
ESS,"Essex Property Trust, Inc.",274.035,USD,-1.2166107926895209,154771,0.26184304711131146,17611802255.30637,USD,Finance,Buy,282.6507568845825,282.36880555842197,279.37474716868815,-2.1967236518076922,-4.25386953635441,5.796849664118618,277.1990000000002,283.67724999999984,288.51110000000006,267.2398250000001,42.650034240179295,5.651527,-48.34674534331261
LNT,Alliant Energy Corporation,67.785,USD,-1.2024486226497635,693540,0.3529976013325896,17575613442.850677,USD,Utilities,Buy,69.57041816985257,70.53314335090123,71.004884740844,-0.1399528579846772,-2.530735495003243,4.268574065528367,68.02099999999994,68.83825000000004,71.7457,70.44027500000014,21.479498067051143,3.42464,-2.475354615408382
NDSN,Nordson Corporation,315.05,USD,-0.55239898989899,93568,0.30142086719706107,17548085061.592644,USD,Producer manufacturing,Buy,312.8043373699268,306.9773698227761,299.1377248512814,-0.5272796160646678,1.6257540079352346,30.62857616717804,316.86599999999993,319.94199999999995,305.43049999999994,280.06680000000046,31.876682113442744,11.892857,24.235110742388816
EWBC,"East West Bancorp, Inc.",127.92,USD,-1.0290135396518363,210056,0.3277311448809561,17526556629.417095,USD,Finance,Strong buy,130.20848665307523,129.41394893023906,127.15484797455898,0.26649945132466174,-2.692834322227298,13.797704830531096,129.50400000000002,130.87300000000005,131.3142,120.23040000000006,12.28299277922876,10.634446,21.704783162520016
DD,"DuPont de Nemours, Inc.",129.355,USD,-1.4963448065793508,482021,0.41962447683073006,17468484196.61114,USD,Process industries,Strong buy,135.88365487285878,137.1896292396989,137.34434290049498,-2.6600948152607398,-9.446972348617434,6.622980547312889,131.2650000000002,137.1287499999999,138.06109999999998,136.81812500000018,307.2565320665083,7.253369,nan
BEN,"Franklin Templeton, Inc.",34.255,USD,-1.1399711399711285,1045989,0.3511879241117219,17404175122.966667,USD,Finance,Buy,34.00282660529164,33.366803020465696,32.21590065652779,3.5519951632406417,2.0405123622281867,42.848206839032535,34.03900000000001,34.16625,33.76750000000001,28.663275000000013,23.353558767384783,2.891645,181.2655800575264
WCC,"WESCO International, Inc.",356.395,USD,-1.0481161673654202,271702,0.600874789407874,17368147128.910374,USD,Distribution services,Strong buy,348.7348246239158,345.3174465196748,337.39657717162873,8.333333333333321,-2.7889913261687913,44.9644091925971,347.85100000000006,348.0527500000004,341.69149999999985,310.89152000000007,24.630264412776956,16.828394,13.292254210349114
CNH,CNH Industrial N.V.,13.8208,USD,1.62352941176471,9890137,0.31677258521854024,17106363318.893885,USD,Producer manufacturing,Strong buy,12.26379914246827,11.780302747266395,11.43154832818746,10.921348314606735,28.088971269694174,48.451127819548866,13.862159999999998,11.834040000000016,11.143615999999978,10.788204000000007,55.371794871794876,0.443785,-62.02069385270846
NLY,Annaly Capital Management Inc.,22.685,USD,-0.15404929577464851,3132004,0.53763946980027,17098011021.220291,USD,Finance,Strong buy,22.851023106900914,22.763268475432582,22.636824605484676,0.022045855379184326,-0.8522727272727285,1.4081358962896635,22.751000000000005,23.069750000000006,22.890900000000016,22.564574999999987,5.685321169895491,3.094556,297.10390127388536
JHX,James Hardie Industries plc.,29.43,USD,-1.4400535833891484,3024342,0.41955214294278576,17084778170.455454,USD,Non-energy minerals,Strong buy,29.03651303424794,27.916903922483463,26.542630330252113,3.118430273300633,-3.917727717923602,41.69475204622051,29.553999999999995,29.98049999999999,27.887599999999992,23.31175000000002,118.47826086956522,1.356766,-67.61408083441981
FLUT,Flutter Entertainment plc,98.03,USD,-2.651439920556109,1119131,0.41120341181720527,17012038268.939625,USD,Consumer services,Strong buy,100.91621676586689,102.4830669971942,108.23239058826853,0.23517382413088342,5.397269110848291,-54.68916108158077,100.63199999999998,99.41299999999985,102.39259999999956,130.75632500000015,nan,4.858627,-311.80179292680526
OWL,Blue Owl Capital Inc.,10.9,USD,-2.8520499108734425,14112856,0.6741914196918376,16994106009.76827,USD,Finance,Strong buy,11.16396273768408,10.881084033840295,10.818571020771815,-6.034482758620683,-7.297159380847072,-27.574750830564785,11.462,11.78649999999998,10.6864,11.409699999999994,137.80025284450062,0.885531,42.266187050359726
FTV,Fortive Corporation,56.245,USD,-0.4689435498141932,726133,0.31694539804062316,16986948997.653868,USD,Electronic technology,Buy,59.0567507770286,59.51175210107696,59.37403908161092,-2.0463253221873985,-9.384565812792014,1.6537140791613938,56.77300000000001,59.138250000000156,60.4642999999999,58.11902499999997,33.206399811075684,3.017387,-23.54428094249345
CLH,"Clean Harbors, Inc.",318.43,USD,0.40992652855296297,140393,0.41756936339506767,16809043226.77183,USD,Industrial services,Strong buy,312.99979575543244,308.9838929847706,302.64879423678246,1.2399453152322621,3.0284401591872436,35.97659919719874,317.3060000000001,317.1505,310.3670000000003,283.7565999999999,38.62051400225588,9.80103,15.793834702619211
J,Jacobs Solutions Inc.,142.54,USD,-1.1991405004505566,261535,0.3535489878294037,16682684300.61163,USD,Technology services,Strong buy,142.68138161418892,139.2810777153339,136.33984283950198,-2.2962505997669442,-1.6354978952453278,7.447610432685057,145.53199999999998,147.27299999999994,139.19760000000014,132.67065,50.03510249929794,7.255943,-28.810255641352413
APG,APi Group Corporation,38.23,USD,-4.900497512437826,1606371,0.5612666014522548,16674408923.284575,USD,Industrial services,Strong buy,40.309315179647996,40.782547124936656,41.11274289869291,-2.4993624075491048,-8.649940262843499,-0.07841087297438876,39.57199999999999,41.17850000000005,40.95619999999996,41.94319999999997,nan,1.723192,-299.9401913875598
INVH,Invitation Homes Inc.,28.205,USD,-0.05315379163713879,1599816,0.4157723068785797,16658527796.765593,USD,Finance,Buy,29.203610220648915,29.23948463766303,29.0302025192412,-3.4736481861738557,-6.264539714190767,1.9335019877123114,28.42100000000003,29.488249999999944,29.8017,27.887950000000018,50.384065737763486,1.006013,24.788230049041456
NWS,News Corporation,33.08,USD,-0.7798440311937765,441125,0.38264405502336934,16638944141.370123,USD,Consumer services,Buy,33.028153978744136,32.3488114871741,31.60840627640194,-3.976777939042103,2.541847489150652,11.605937921727387,33.88999999999999,34.02550000000001,32.434,29.90257500000002,32.20091501995522,1.321115,26.23494716146475
ROL,"Rollins, Inc.",34.54,USD,-1.1731044349070205,1510295,0.3527050215361423,16618763040.031471,USD,Commercial services,Buy,37.47722251157871,39.7649977506496,42.95982739197203,-4.3213296398892025,-7.597645799893,-42.19246861924686,35.35400000000009,36.124999999999964,39.18880000000004,52.03199999999984,31.35439360929557,1.142464,9.06930693069306
IEX,IDEX Corporation,225.41,USD,-0.11078613843835859,246394,0.5218219654276058,16617203388.191263,USD,Producer manufacturing,Strong buy,227.91924968794208,225.82668431350658,221.09199339564606,0.9268380048356735,-4.359632560409023,26.61349210807167,224.50399999999962,231.64300000000026,228.71439999999947,206.53969999999987,32.38556363322893,8.832192,12.346456184526994
LSCC,Lattice Semiconductor Corporation,116.1375,USD,-1.151161801004334,410222,0.35842512497024936,16495038809.306114,USD,Electronic technology,Strong buy,121.39989853123829,123.33608406923763,121.61559973766282,3.6109376393969126,-10.971636642391712,53.783765889830526,115.40750000000006,119.32437500000007,126.4595500000001,108.52623750000002,448.5805330243337,2.132308,13.056768558951969
ASND,Ascendis Pharma A/S,263.345,USD,-2.49731570957827,242153,0.44977397350090514,16426630369.329634,USD,Health technology,Strong buy,256.92311625300334,253.26690787849603,247.683280908588,0.7479245571751181,3.268499274538268,23.729092275888004,268.48500000000007,256.6167500000001,257.7489,233.00725000000006,20.06575688999627,16.48173571515,nan
NVR,"NVR, Inc.",6146.24,USD,0.4803117939596478,19020,0.5558494238395694,16378868822.346577,USD,Consumer durables,Buy,6312.975285488829,6353.521594391161,6439.509404977513,-2.7056462081061756,-3.2836027575528224,-15.657852666362032,6252.569999999999,6320.825999999999,6388.8624,6798.239150000005,15.939361216012182,361.099709,-18.614432631103945
ZBRA,Zebra Technologies Corporation,344.37,USD,-2.317467521416014,176837,0.3670989556476156,16292372832.670477,USD,Electronic technology,Strong buy,338.59993790328235,319.877152224145,299.91153014895553,-0.3357161462101607,-8.604262321186873,39.80026793326026,353.65199999999993,361.1059999999999,318.633400000001,258.41994999999974,31.512339747989127,21.124719,3.257963017206364
WY,Weyerhaeuser Company,22.575,USD,-0.5068312031732128,2458798,0.5156618683173676,16270616101.408106,USD,Finance,Strong buy,23.73482039864737,23.953910964498533,24.109174011243358,-3.525641025641023,-11.609240407204386,-4.867256637168146,22.903000000000013,23.850250000000006,24.043299999999928,24.280524999999983,34.52362746597339,0.328587,70.19781363872984
MEDP,"Medpace Holdings, Inc.",580.41,USD,-1.773595762324632,70747,0.39332579820724783,16200203220.864069,USD,Commercial services,Buy,580.6897215762992,564.0909035309219,544.7903678307838,-0.555127216653818,-1.4567310141089052,3.893244549457631,589.7999999999998,598.9034999999999,576.2499999999998,520.7049750000002,34.04284021725105,17.602326,26.790561393332286
VNOM,"Viper Energy, Inc.",45.09,USD,0.4455335263978678,365588,0.35921498730276796,16196097304.73424,USD,Miscellaneous,Strong buy,44.15593665273963,44.12654175637028,44.08995224751036,0.1777382803821493,8.624427848711168,16.722754336008286,44.87600000000007,44.150499999999965,43.40340000000006,43.42497500000003,353.09318715740017,2.621784,-96.30860842920738
AS,"Amer Sports, Inc.",27.96,USD,-2.5444405716277463,3208611,0.43295967131988544,16168479536.771002,USD,Consumer durables,Strong buy,31.684936540993434,32.71339214046581,33.53720311933888,-4.930295817749063,-24.083627477599777,-25.69758171671539,28.650000000000023,31.156499999999987,33.54980000000001,35.462500000000006,29.222408026755854,1.304551,132.23300970873785
LDOS,"Leidos Holdings, Inc.",128.785,USD,-0.35205818632003444,549177,0.5089809426291801,16161515001.846176,USD,Technology services,Buy,130.91454533041681,129.90453282180115,132.96142510086486,-6.839554398148157,-6.222238403844765,-28.293429844097997,131.4429999999997,138.45725,124.09210000000002,152.54677499999997,12.002329916123019,12.38496,1.4695591322603239
AKAM,"Akamai Technologies, Inc.",111.745,USD,5.809108985891492,2830647,1.0279044591270052,16059613098.576462,USD,Technology services,Strong buy,112.8765599520658,115.06764422346909,115.30470577896233,5.419811320754722,4.074694979975784,28.00114547537229,106.83300000000013,111.59974999999994,115.77570000000038,109.79967499999995,40.310594855885434,6.715832,-1.7160078000354546
RGA,"Reinsurance Group of America, Incorporated",245.39,USD,-0.7081006716840657,73406,0.2656957619560559,16024375844.324673,USD,Finance,Buy,243.15073874297843,237.66712438859554,230.65196281388302,-1.052419354838715,0.0856513581858143,20.715269578905932,250.81600000000017,246.98349999999965,239.61579999999987,214.2560500000001,10.788223036036948,29.555162,97.91092046532266
JLL,Jones Lang LaSalle Incorporated,348.04,USD,-1.155888784754762,106956,0.373095774713723,16012519894.161827,USD,Finance,Strong buy,357.01194892671583,348.8961861632365,339.7102232447316,-4.34782608695652,-2.969137695503074,3.4509407603364783,354.94799999999987,371.43000000000023,351.12780000000015,327.3904999999998,16.676649145419958,25.008397,79.38097366430587
BALL,Ball Corporation,60.31,USD,-1.1635529334644392,839754,0.5148232526240227,15964258472.167158,USD,Process industries,Strong buy,62.22923526416453,61.88912586696217,61.19263984005227,-4.708484752725544,-4.1633561099634475,13.663776856388994,62.04600000000001,62.66100000000002,62.861,59.230200000000075,17.15545441615702,4.022756,64.14530513143762
SGI,Somnigroup International Inc.,69.28,USD,-0.40253018976423394,2046746,0.4500460150549069,15950969935.438759,USD,Consumer durables,Strong buy,68.24672328063969,69.29757318795912,71.21121447535104,7.029198207940672,7.828793774319068,-22.436184505150013,69.21000000000001,65.65350000000001,68.99340000000001,78.72019999999996,27.62140180208915,3.087967,75.6319585463203
SUN,Sunoco LP,77.78,USD,1.118044721788871,168888,0.4710025593236269,15931259359.801872,USD,Distribution services,Strong buy,74.75590917560736,73.16575554145055,70.92958465944493,1.3420195439739429,9.042478620496288,48.15238095238095,76.14000000000003,75.77,73.85200000000002,64.76199999999997,17.064127597025077,8.637534,123.93023827069516
WPC,W. P. Carey Inc. REIT,69.7299,USD,-1.1764455782312948,430504,0.36837034729257156,15885647660.062435,USD,Finance,Buy,71.34426109123866,71.86835422552979,71.991161941204,-0.979977279182052,-2.1609372807632883,8.360372960372972,70.30398000000002,70.92799499999995,72.166598,70.99484950000002,23.88173847523803,3.122717,91.85228990078191
CG,The Carlyle Group Inc.,44.4951,USD,-3.1662676822633338,1502062,0.6001477613075138,15855064931.730614,USD,Finance,Buy,46.81916481276563,46.83477849017074,47.38105344951853,-4.393854748603348,-6.9918478260869605,-24.902784810126583,46.46101999999998,48.26225499999998,46.70490199999997,50.84967550000006,46.09458199523464,3.657376,-71.83825889080141
IONQ,"IonQ, Inc.",38.98,USD,-3.6817395601680305,18996178,0.956583823621172,15792283303.667406,USD,Electronic technology,Strong buy,41.387583376834854,42.65681005607999,43.670946355679604,4.168893639764819,-9.851988899167448,-15.279287111497503,39.12599999999999,41.73350000000001,40.738199999999985,44.13122499999995,nan,-1.832229,-125.36928720134827
KIM,Kimco Realty Corporation (HC),23.535,USD,-0.9469696969697029,2384362,0.4390362797530582,15787027920.81439,USD,Finance,Buy,24.16077573574679,24.295837627329302,24.15701653710245,-2.8683450268262494,-3.2675709001232973,16.337123084527928,23.778999999999957,24.03425,24.822900000000022,23.075499999999973,27.590855803048065,0.837796,2.91988416988417
STZ,"Constellation Brands, Inc.",121.62,USD,0.5290130600099194,1172178,0.5507303233663307,15755044134.793518,USD,Consumer non-durables,Buy,130.94886682382423,133.93000225149717,137.44484256225925,-7.730824671876183,-9.292959427207643,-12.124277456647398,125.84399999999971,131.70100000000033,132.25020000000004,145.06850000000026,11.602526187250767,11.802038,nan
TIGO,Millicom International Cellular S.A.,94.0,USD,-2.052724809836406,320939,0.4230139607958919,15748838456.746899,USD,Communications,Buy,93.97291706806396,92.55896199111535,89.06014701417155,0,-3.19258496395468,67.85714285714286,95.19200000000002,93.61100000000005,94.69480000000001,76.74364999999997,23.699072206534893,4.062078,-29.71239212489588
DOCN,"DigitalOcean Holdings, Inc.",133.57,USD,5.430578577630433,1925194,0.9170826467815548,15705100003.774963,USD,Technology services,Strong buy,123.41765777897893,124.41638813694023,120.71496303184851,23.664475511526696,7.027243589743586,174.609375,117.40000000000005,119.06800000000003,124.12219999999998,97.96690000000001,60.893549122407116,1.461039,72.28243795161794
NBIX,"Neurocrine Biosciences, Inc.",153.695,USD,-0.9250306194804372,495576,0.5358343607773607,15622970835.621414,USD,Health technology,Strong buy,157.6385349043513,158.16164066345536,156.19749490436772,-2.3476713895418984,-4.844601287766231,8.549332579984455,156.12100000000004,154.70825000000005,165.27420000000006,147.6983999999998,22.516774590524186,7.036067,101.47584049115972
APA,APA Corporation,44.499,USD,2.1791044776119524,2124831,0.5432781685288315,15590291190.054628,USD,Energy minerals,Buy,41.07326119923686,39.628822499321394,38.013919640210666,1.7120000000000053,16.367677824267783,81.03742880390563,43.938800000000015,42.65895,38.27418,33.76982000000002,9.41060779088948,5.920033,58.661879676542625
JAZZ,Jazz Pharmaceuticals plc,239.1301,USD,-0.39151080934727134,178294,0.13518740159629622,15523030791.175245,USD,Health technology,Strong buy,245.19151802894393,241.9507553073729,233.34891372390118,-1.9958606557377054,-6.935162482973337,41.079705014749266,243.82901999999982,248.47450499999977,249.10480200000052,206.12437550000007,16.491048646262914,25.023581,nan
RBC,RBC Bearings Incorporated,486.48,USD,-1.1681530991609612,97079,0.4481029742748947,15401589625.852306,USD,Producer manufacturing,Strong buy,523.85661703406,540.0581606124973,547.4387057108323,-0.3502734591040332,-14.282693730838346,8.219696127066058,489.7839999999995,512.5895000000013,554.9264000000004,544.5360500000004,48.071621261079656,14.928889,27.276729006049464
SMTC,Semtech Corporation,164.415,USD,1.103800270569418,1790361,0.5249913833736323,15344131772.465101,USD,Electronic technology,Strong buy,142.0171690608076,138.1605279703444,131.5106481320804,23.620300751879693,15.785211267605627,118.11488458477051,148.834,137.4969999999999,133.26760000000002,108.44032499999996,109.28941770805636,3.474463,537.1876323591698
BURL,"Burlington Stores, Inc.",244.08,USD,-4.439746300211407,898344,0.4050161108085674,15331933171.247358,USD,Retail trade,Strong buy,298.00158500757914,309.0764977191025,313.62164618831497,-6.843250257623747,-34.07341382383923,-15.02576242863111,256.092,302.64350000000013,329.3442,312.04275000000007,21.895492262839202,11.907369,31.537027422476054
TLN,Talen Energy Corporation,319.83,USD,-1.8233723178929913,333885,0.4914350459708906,15324416315.717194,USD,Utilities,Strong buy,331.08293247165307,340.63548185030567,348.00357438576225,9.474584973472535,-8.360791954385263,-16.079347170108374,314.03000000000054,319.7205000000005,344.42380000000014,357.4525000000002,nan,20.580739,-224.49463225216994
SOLV,Solventum Corporation,89.975,USD,-0.14981689046721244,292823,0.3704670845986486,15315881075.995726,USD,Health services,Buy,87.50962884095749,84.9254309624596,82.13215354014228,-1.2565847234416265,9.338923319965959,13.547450782433115,91.22299999999997,89.75825,84.45989999999996,77.51844499999999,10.99764096170535,7.15966,276.8621309134461
STRL,"Sterling Infrastructure, Inc.",497.16,USD,-1.0035842293906738,306749,0.6012731547273455,15207388049.810038,USD,Industrial services,Strong buy,545.034986310869,577.7472274925415,586.0735446641138,9.184345763605231,-9.712334737759692,60.66961833047862,480.69600000000037,509.7989999999997,587.2586999999999,524.3210750000003,35.82489641506035,19.799,50.88175176132904
FN,Fabrinet,422.33,USD,1.4460378083639551,253151,0.3175820453633079,15134137076.503807,USD,Electronic technology,Strong buy,459.45820733818334,485.27779351366325,506.60120424786385,5.847117794486211,-25.305530499991153,-9.125532555837678,407.27799999999985,455.73949999999957,478.3364000000001,536.1714500000002,32.37808290592393,18.2021,42.246286723810755
ARMK,Aramark,57.399,USD,-0.3143452587704018,821864,0.4564931933211437,15131813607.958668,USD,Consumer services,Strong buy,57.57834138441147,56.479489290695135,54.249386341359504,1.1436123348017637,2.773500447627573,55.72164948453609,57.15180000000004,58.934950000000036,57.75357999999996,46.80379500000004,40.0327800251081,2.275188,6.0659860926172575
LAMR,Lamar Advertising Company,148.83,USD,-0.7402961184473691,118349,0.31749110427209554,15113639943.228493,USD,Finance,Buy,152.63529034148303,152.5588642124052,150.3629452343039,-2.001711990518201,-7.501553760099436,17.9692454026633,150.51599999999996,151.73449999999994,156.18980000000016,141.19260000000003,27.16520342416997,5.917944,27.705647886995642
EQX,Equinox Gold Corp.,12.935,USD,2.3338607594936702,5796862,0.5746817791183527,15101093081.783583,USD,Non-energy minerals,Strong buy,12.112300768696405,11.885077878719997,11.975847555320541,3.149920255183424,12.478260869565222,-10.11118832522585,12.826999999999995,12.682249999999993,10.88570000000001,13.275325,15.241459598054373,1.144409,nan
PFGC,Performance Food Group Company,95.72,USD,-1.1054861039363646,602402,0.4974568182655232,15079062279.655748,USD,Transportation,Strong buy,103.06796792991217,103.68180070066579,102.59753179591925,-4.280000000000001,-16.255468066491687,6.973625391148855,97.92200000000003,102.24000000000014,108.68959999999994,97.07677500000017,41.833835933744155,5.68209,5.204837004000183
HST,"Host Hotels & Resorts, Inc.",21.955,USD,-0.5210693248754055,2403582,0.353995039790719,15041905766.282284,USD,Finance,Strong buy,22.784059619657278,22.898741261594694,22.587074533731613,1.2684501845018386,-5.529259896729776,23.690140845070413,22.035000000000007,22.53075000000002,23.381499999999992,20.97592499999998,14.727980143556717,1.380286,57.82953943885653
H,Hyatt Hotels Corporation,159.39,USD,-1.0675935696108416,404731,0.6171355363399728,15039520249.022654,USD,Consumer services,Strong buy,173.17354639844513,175.7645353708587,175.3700785173304,-3.8834951456310836,-9.318996415770622,-0.8583690987124611,163.35200000000015,173.45800000000014,180.45019999999988,169.42790000000002,197.6807639836289,3.559947,-80.90422508525957
PNFP,"Pinnacle Financial Partners, Inc.",99.43,USD,-1.270976069903671,322208,0.3727039427674212,15025129696.076063,USD,Finance,Strong buy,101.58394614034202,101.04501645409582,99.86521379731983,1.1804212882873826,-3.9509273570324472,4.6521418798021275,100.52200000000005,102.25749999999992,102.30659999999997,96.74315,13.65234106824111,10.189509,-3.4648215895233556
CRBG,Corebridge Financial Inc.,33.68,USD,-0.20740740740740823,1778176,0.6559405547970073,15013618540.461035,USD,Finance,Strong buy,32.78205184959865,31.892690908462644,30.932981173433408,4.1112828438948945,0.3874813710879361,11.968085106382983,34.03799999999999,33.08199999999999,32.11160000000002,29.04255000000002,19.146154283440396,4.564853,nan
ALB,Albemarle Corporation,126.46,USD,-2.400246970749402,754280,0.3469277771780598,14922920514.971212,USD,Process industries,Strong buy,132.1309695528883,136.49315038359632,141.76239849656733,-5.584590114976859,-3.744862231694323,-12.0400639910969,130.44399999999993,133.92249999999999,127.82860000000004,156.62044999999995,nan,11.254454,99.60973099314884
BMNR,"BitMine Immersion Technologies, Inc.",24.73,USD,-0.16148566814694854,18630097,0.4504275324419345,14917788638.377876,USD,Finance,Strong buy,21.663056369366995,20.553739325635267,20.475721822126307,7.10264183629277,31.893333333333334,-11.678571428571427,24.795999999999996,22.594000000000023,18.901600000000013,22.25754999999999,nan,-21.88,-196.1904431170996
WSE,Wise Group plc,12.455,USD,0.36261079774375443,1024265,0.7866520938156343,14911563128.347704,USD,Commercial services,Strong buy,12.62561206999173,12.566858199548932,12.534479148130334,-4.11855273287144,0.20112630732100045,5.194256756756759,12.769000000000002,12.872750000000002,12.612999999999994,12.359782499999994,nan,0.581769,nan
BBIO,"BridgeBio Pharma, Inc.",76.21,USD,1.9395398608881602,905850,0.5975355689833491,14898521667.618376,USD,Health technology,Strong buy,77.78663779349061,77.21107544400317,75.75220308269823,-0.5091383812010452,-8.675853804673467,-0.43114711262086813,75.54400000000001,79.15849999999999,80.77700000000003,73.94077500000002,nan,-2.775,12.833414753297514
LECO,"Lincoln Electric Holdings, Inc.",272.55,USD,-1.6242555495397941,151703,0.4113851364635408,14855543246.108824,USD,Producer manufacturing,Buy,274.4126356577529,271.54329214266374,268.2069939391165,1.3197026022304874,-4.014791336502897,13.737845845678763,274.492,280.71124999999995,268.3056000000001,262.2303499999999,27.24519173097685,11.220382,12.502389815450027
MAA,"Mid-America Apartment Communities, Inc.",127.48,USD,-0.3205880053170667,509063,0.6672284323147104,14790478085.822191,USD,Finance,Buy,130.7887259553348,131.6092261031688,132.03990448205013,-1.6889025989049,-5.254552211073955,-7.963323947729396,128.17199999999997,130.51299999999998,133.24560000000008,132.187,37.24327324783079,3.686444,-29.495973140538425
ULS,UL Solutions Inc.,73.0675,USD,-0.1673725918841403,160345,0.37450581091853363,14752195263.955357,USD,Commercial services,Strong buy,78.29712475489191,81.48207122561546,83.62535149842566,-0.7235054347826072,-6.884796737606733,-7.097902097902111,73.76750000000011,75.01887499999995,82.41574999999999,84.82278749999986,29.546097856854022,2.316547,52.38153921991496
WMG,Warner Music Group Corp.,28.19,USD,0.5708169818052092,706898,0.5488399018063709,14746464478.553337,USD,Commercial services,Strong buy,27.757861746643837,27.892466563580776,28.194001042802896,1.0394265232975008,7.759938837920494,-8.086077600260843,28.57999999999999,27.447000000000088,27.464299999999948,28.639024999999968,22.293396599446424,1.490955,123.7261146496815
UNM,Unum Group,93.01,USD,-1.1268204528542447,379771,0.3006570388371997,14724114788.741257,USD,Finance,Strong buy,91.57244005557882,90.03478655664577,87.77981836184358,-0.3108252947481158,2.9441062534587834,20.401294498381883,94.45999999999991,91.74300000000001,89.93260000000008,81.20404999999997,21.703924954496664,8.666004,-48.71469602680708
DT,"Dynatrace, Inc.",50.815,USD,1.0439451183137773,2822206,0.4966841362236504,14685643820.287134,USD,Technology services,Strong buy,49.22552553994584,47.41624744017399,45.57560742240971,-2.987781596029028,4.342915811088285,17.274405723517194,51.327000000000055,50.81525000000012,47.36150000000005,41.56587500000006,100.98370429252782,1.984568,-69.03194042710321
TRU,TransUnion,76.605,USD,-1.3457823567289138,1111143,0.552238794101477,14677518755.691307,USD,Commercial services,Strong buy,79.46862811356984,78.25948518497427,77.18993366712135,-7.738166927616521,-3.641509433962259,-10.924418604651157,80.28900000000006,82.36125000000001,79.85990000000008,76.54862500000002,20.2065363614782,4.848543,90.78556690654723
YUMC,"Yum China Holdings, Inc.",42.6,USD,-1.7074296262113566,650246,0.4186592134888611,14588716384.000921,USD,Consumer services,Strong buy,44.97241178632528,45.20875525530181,45.63454475438214,-5.101358877255511,-10.56057106865421,-11.76470588235294,43.59599999999999,46.23899999999996,45.24860000000007,47.78405000000011,15.638192430527514,2.956402,12.575419456153403
BWXT,"BWX Technologies, Inc.",157.4201,USD,-1.8639112274795873,302786,0.2928843135690155,14423141387.459352,USD,Electronic technology,Strong buy,164.4513655093791,171.26050902182934,178.40836538622773,-2.2174669234114033,-7.91992278895649,-9.80341488569301,158.26802000000015,159.722005,169.73740200000023,192.57925049999983,40.75179269460768,4.742068,20.519780356919995
DOC,"Healthpeak Properties, Inc.",20.35,USD,-0.7801072647489037,1334237,0.3468991979497996,14377829121.272549,USD,Finance,Buy,20.928526769461627,20.79330441588041,20.33895550087449,-1.7857142857142734,-4.4600938967136114,26.8703241895262,20.71399999999999,20.945000000000007,21.491600000000002,18.6407,58.17610062893082,0.448259,49.04132935662548
EXEL,"Exelixis, Inc.",57.97,USD,0.5202011444425128,543835,0.28655092503676893,14363904258.391018,USD,Health technology,Buy,55.575896639055166,54.44657610595067,52.709784233550565,1.328439084076207,7.355827993629397,33.203124999999986,58.46199999999997,55.037500000000065,55.17739999999993,47.80640000000004,18.207801997612915,3.512857,52.70023980815349
PAG,"Penske Automotive Group, Inc.",217.0701,USD,0.09688278151802215,129103,0.48788239397685207,14253446299.51191,USD,Retail trade,Buy,213.30079802590205,206.28684944306502,197.05542918117578,-0.3168166789125617,0.7285846867749404,36.51348971762783,218.2760200000001,217.83900499999996,209.53480199999976,174.60450050000003,15.984896573562008,13.603442,-5.429234015585708
IVZ,Invesco Ltd,32.215,USD,-0.38651824366110077,997717,0.3239875804170916,14222915685.441711,USD,Finance,Buy,31.63705691428191,30.721409672918593,29.580848465942502,0.7033447952485308,2.432432432432446,21.888006053726837,32.41100000000001,32.406749999999995,30.6697,27.334124999999993,nan,2.814233,-175.02685284640174
OHI,"Omega Healthcare Investors, Inc.",46.86,USD,-0.361471401233259,988522,0.6784963784131349,14199188834.254305,USD,Finance,Buy,47.225883732735824,47.37830460452664,47.201143881622684,-0.17043033659991116,-2.9009531703273903,6.0660932548664555,46.85999999999997,46.56499999999994,48.23799999999997,46.38650000000001,16.73750759009894,2.654151,74.66467028510824
EQH,"Equitable Holdings, Inc.",51.85,USD,-0.36510376633358516,2351504,1.0310845934738309,14156873100.400656,USD,Finance,Strong buy,50.368812479066975,49.006410970765515,47.56154953164659,4.452054794520549,0.6796116504854397,8.791439362148562,52.381999999999906,50.84499999999995,49.31420000000003,44.73272999999992,nan,7.18639,-366.9731429954029
ARCC,Ares Capital Corporation,19.715,USD,0.07614213197969832,2357382,0.5989374229345547,14155821788.739847,USD,Finance,Strong buy,19.64645469615738,19.45612611318706,19.328658168481386,-1.15317122085736,-0.8299798792756496,-2.5938735177865544,19.89700000000004,19.895750000000024,19.345899999999947,19.29147499999998,14.654723853415595,1.905516,-34.09914764377388
PTC,PTC Inc.,130.405,USD,-2.1387565194551756,979315,0.7652277043036035,14149758845.771154,USD,Technology services,Strong buy,140.31616986637533,139.05075863337044,139.95519945922817,-13.99221738556919,-10.736532274625233,-25.200757141218308,140.77799999999985,149.51649999999998,137.1891000000003,148.31149999999917,12.606825212683683,8.190005,143.8529904052429
EG,"Everest Group, Ltd.",368.765,USD,-0.287970148446583,168491,0.5291390620328568,14139458266.397182,USD,Finance,Buy,372.4113847718369,368.47216948903133,362.20370236706674,-3.01272947241072,-0.23131865158812245,9.044000236560406,376.79900000000004,372.95975000000027,373.86210000000085,343.3584250000001,7.804401609281515,53.543051,146.14074294019287
SUI,"Sun Communities, Inc.",116.045,USD,-1.3642158946026381,237770,0.20371454979572856,14134392206.914791,USD,Finance,Strong buy,120.43699098293241,121.41687226171301,122.63536036971625,-4.68583162217659,-2.9074631860776394,-6.1048628529816344,118.84499999999998,121.35825,121.20470000000002,125.43847500000005,nan,-3.305304,-166.36077557562254
CPT,Camden Property Trust,104.25,USD,-0.43930856651704114,546912,0.6352824581093321,14098702366.431095,USD,Finance,Buy,107.86560377005662,108.59545207427904,108.58288964363501,-2.0574971815107084,-6.502242152466367,-4.8987411056376615,105.15800000000016,107.16950000000006,110.75420000000007,107.34989999999989,34.50273043190468,1.07585,110.85136078157711
TYL,"Tyler Technologies, Inc.",344.24,USD,-1.0292680121902087,325738,0.2684322730520329,14097411209.836124,USD,Technology services,Strong buy,341.6154083542517,335.15189658476595,336.4989180748304,-7.6782792930511965,11.635750421585158,-23.609169385083103,362.0479999999996,351.94400000000076,327.3975999999996,356.37450000000075,45.618870924993374,13.080909,7.9048218269175825
MLI,"Mueller Industries, Inc.",63.48,USD,-0.15728216420258168,437572,0.38392712919685046,14040595452.715319,USD,Producer manufacturing,Strong buy,63.86396118707352,63.81336655927005,63.31984469634835,3.303498779495515,-8.55661192739845,10.304083405734145,63.16600000000001,63.75599999999999,62.88329999999999,61.923524999999984,16.545900015638846,4.165,21.80455901962029
HL,Hecla Mining Company,20.895,USD,2.1260997067448617,16268102,0.6106732346786423,14036600771.10557,USD,Non-energy minerals,Buy,19.083165203124917,18.406127095582594,18.07080333085915,6.716036772216554,24.671837708830534,6.335877862595425,20.802999999999997,19.99375,17.28109999999998,19.040775,26.791896396973968,0.740609,398.3386581469649
SWK,"Stanley Black & Decker, Inc.",92.9,USD,-0.9700458373307713,514397,0.3624634240281675,14029446172.499733,USD,Consumer durables,Buy,95.70391024969493,93.54673589586234,90.24881063781885,-2.2208188611725075,-9.348165495706477,24.181259189947873,95.49200000000002,98.29749999999986,95.20540000000015,82.27205000000048,22.65245909634001,5.596218,30.0409043345911
SMMT,Summit Therapeutics Inc.,17.5,USD,1.2731481481481415,2714646,0.41219379345605384,13960619146.412037,USD,Health technology,Strong buy,15.300901656957452,15.18873365766241,15.492834840044692,23.67491166077738,23.76237623762376,-1.408450704225352,16.822999999999993,14.351249999999999,14.3456,16.418125,nan,-1.188686,-11.097875719674398
MKC,"McCormick & Company, Incorporated",51.74,USD,-0.30828516377648674,849199,0.36199234478217174,13920558275.370714,USD,Consumer non-durables,Buy,52.756251361302205,52.546701879085816,53.09531163892461,-4.784688995215313,-1.8216318785578762,-24.17936694021101,52.4200000000002,54.232499999999995,52.86479999999996,56.97519999999993,8.61113422651244,3.086134,108.65020661874499
RVTY,"Revvity, Inc.",124.36,USD,-2.1403840100723945,782724,0.4732944236415742,13876884314.518728,USD,Health technology,Buy,121.31938117075079,117.02121273747821,112.16221321340693,-1.254565666190248,8.877604622658028,27.942386831275716,128.64600000000004,124.08299999999988,116.94120000000014,102.69379999999988,59.06155015197569,5.355492,-10.658520027155461
TXT,Textron Inc.,80.58,USD,1.3075182298214634,1523398,1.003335498865335,13858706432.202662,USD,Electronic technology,Buy,84.38525609986439,86.21415657269847,87.61288464424493,0.5866932967170126,-9.764837625979842,-7.919094960575942,79.55999999999997,83.25099999999999,87.4419999999999,90.04680000000008,15.207216728315846,6.466332,19.88235294117647
ONTO,Onto Innovation Inc.,281.93,USD,0.29170075771050236,288442,0.3575475364235702,13835501299.173279,USD,Electronic technology,Strong buy,285.64034259426893,285.66731071645637,277.80625735885616,9.841430630771026,-10.78164556962025,73.38868388683888,267.6120000000001,292.8295,291.7198,242.57880000000014,105.5127245508982,8.105455,-33.86629705714922
AIZ,"Assurant, Inc.",280.43,USD,-0.20639834881320385,93805,0.39469072496782265,13831863843.422085,USD,Finance,Strong buy,281.1370974602052,276.2499993145779,268.0365850181657,-0.32699484627688497,-2.4421638545833995,17.0262488002337,283.7920000000001,283.20400000000006,281.24900000000065,246.38214999999994,13.30773939741941,22.10712,52.56584758401992
REG,Regency Centers Corporation,75.44,USD,-0.6453312261293416,545445,0.5214323120259674,13814613927.865139,USD,Finance,Buy,76.8149003390651,77.42038927355108,77.49601530456049,-1.3082155939298796,-2.025974025974029,9.858744721130035,75.67200000000004,76.0399999999999,78.50419999999997,75.9922499999999,25.457245056354186,2.504565,38.2053912881261
CHKP,Check Point Software Technologies Ltd.,134.6375,USD,1.3073739653874965,378570,0.428479749728076,13746573171.46087,USD,Technology services,Buy,133.63642528496368,133.50390837446074,136.2269877189746,-0.6731833271855571,6.097320724980285,-27.51682368775236,135.17749999999995,132.78337499999998,132.42675,150.32946249999986,13.790445657629236,10.443949,27.25293918302442
MAS,Masco Corporation,69.65,USD,-1.804596080642889,761795,0.44334127643784527,13734105183.038208,USD,Producer manufacturing,Buy,73.26764746140739,73.5060432100074,72.88064895158838,-1.8045960806428887,-9.427828348504551,9.409362236883458,71.12800000000001,72.82749999999996,75.69240000000002,69.70732499999991,16.05393569205947,4.529916,15.220162532533058
W,Wayfair Inc.,100.21,USD,0.24007202160647684,1045910,0.5107210849860278,13725579451.73082,USD,Retail trade,Strong buy,97.85372471615827,94.40771126230128,90.856249251874,5.097011012060828,-5.462264150943403,-5.466723267770391,98.226,101.39349999999995,96.33439999999999,88.19260000000003,nan,2.836937,-2.663498812054533
FIVE,"Five Below, Inc.",249.09,USD,-1.9600897390482899,450270,0.331711011321875,13713410019.868814,USD,Retail trade,Strong buy,237.96009954574296,230.4118347979716,222.97006367331076,1.6776879745285387,2.9552781681408637,30.80740448995667,247.68,246.43824999999987,220.90100000000012,209.38177500000023,22.34852902913231,10.247331,125.47996196718655
JBS,JBS N.V.,12.745,USD,-0.9712509712509714,1307318,0.27805439977648755,13648991233.927738,USD,Consumer non-durables,Strong buy,13.202283897648849,13.291860203171716,13.540382162566123,-6.286764705882356,-8.96428571428572,-10.43569922698525,13.064999999999998,13.46874999999999,13.021700000000008,14.491375000000003,11.895650550681351,0.772559,-18.413036856533658
TRMB,Trimble Inc.,57.93,USD,-1.4460700918679847,721878,0.15028639705935165,13508107856.037428,USD,Technology services,Strong buy,58.084582957001054,57.77026353062026,58.72665440521815,-1.126472094214036,-1.4628338152747056,-26.54070504691859,59.077999999999996,58.99749999999997,56.365000000000016,64.63677499999987,nan,3.669212,-141.84954316454613
CSL,Carlisle Companies Incorporated,339.92,USD,-0.45683495373081945,178145,0.24189651101165818,13499628936.631603,USD,Producer manufacturing,Buy,354.9967551485532,355.49660880233944,355.0066591242421,1.2570747691391204,-10.646127963829452,6.0890733747386125,344.10199999999986,357.3544999999996,355.0096000000002,351.78740000000107,19.374070253233096,21.053707,-2.518557205084889
CACI,"CACI International, Inc.",607.92,USD,-2.7810206137755653,72871,0.318838563229103,13434787521.48816,USD,Technology services,Strong buy,598.7126870171912,579.19813455518,564.7001386005461,-3.0384228910474294,-5.664007945128954,13.94939081537019,620.2220000000001,638.5690000000003,559.0576,560.3027500000001,25.163918140274188,32.868263,8.109656227904525
RNR,RenaissanceRe Holdings Ltd.,322.175,USD,-0.28628907458991376,88223,0.4110965261148319,13386982070.267563,USD,Finance,Buy,323.72394771101546,320.1173119264803,314.21511532191505,-2.912548216007704,-0.8081896551724138,15.04606484787887,328.967,325.82474999999965,322.9687000000002,298.6347249999999,5.535434166691007,43.173517,48.472225056631494
AA,Alcoa Corporation,50.63,USD,-2.1453420950908377,1427063,0.46564075342893624,13361734562.044067,USD,Non-energy minerals,Strong buy,50.57506185675821,52.02037852404444,53.704897890759575,-0.29539188656951276,-0.11836654172419643,-6.448632668144854,50.88800000000002,50.68250000000001,48.63420000000002,57.815750000000016,10.385641025641027,6.568963,25.044887908479964
BWA,BorgWarner Inc.,65.42,USD,-1.267733172351348,541864,0.38042635013990145,13323854130.565649,USD,Producer manufacturing,Strong buy,66.21376765374049,65.7815432877907,64.19954996986047,2.4428437206389013,-5.105889178996223,43.938393839383934,66.02600000000007,66.1455,65.19540000000002,57.838749999999955,33.22667479303164,5.222959,110.21780909673289
TTMI,"TTM Technologies, Inc.",126.42,USD,-2.265172013915727,769758,0.41167771673583686,13318204688.31697,USD,Electronic technology,Strong buy,129.59540978516912,134.5159767690244,134.9585423187844,10.681141656452462,-9.976500747703485,80.93602404465435,122.4719999999998,122.804,131.67509999999996,120.79494999999999,57.05903592706265,4.83958,148.6365166647963
DTM,"DT Midstream, Inc.",130.37,USD,-0.5871587616287799,287207,0.35770054966473863,13299734199.724419,USD,Industrial services,Buy,133.21153314126317,135.34940561819053,136.10630428312467,0.6640413867655113,-1.4960332451832186,9.205897135198533,129.7,131.17700000000002,137.31440000000003,133.95064999999997,28.593674606307847,4.719238,22.56781096266029
SJM,The J.M. Smucker Company,124.38,USD,-0.22461094176159246,519798,0.35778259289442965,13286667662.397882,USD,Consumer non-durables,Buy,122.9096067007204,119.72537262094158,115.96942402167609,-5.644060081929903,4.521008403361341,26.970191915067375,127.01400000000021,125.57000000000012,119.83119999999995,107.00855000000026,58.32043888029259,10.790427,nan
QXO,"QXO, Inc.",12.8001,USD,-3.395471698113204,9497529,0.8394813646489612,13279984998.883585,USD,Distribution services,Strong buy,13.972019336645292,14.728170320976357,15.809790390374383,-0.15522620904836043,-20.668732568949494,-33.50597402597403,13.216019999999997,13.701004999999995,14.356001999999984,19.079750499999992,nan,0.270248,-307.70985401459853
CRL,"Charles River Laboratories International, Inc.",277.49,USD,-1.1646958256161781,255341,0.33811831419800037,13247060198.405506,USD,Commercial services,Strong buy,269.340149224196,253.6532689957753,235.7080359553427,-2.8021997267855268,4.456992283079252,38.65487433168442,286.37199999999996,288.4914999999998,256.9642000000004,201.3210500000002,nan,11.319686,-266.286706424096
AUR,"Aurora Innovation, Inc.",6.535,USD,0.38402457757297015,13936921,0.5168036908143228,13097095342.715822,USD,Technology services,Strong buy,6.390715124669887,6.342274584888523,6.1788526697439075,19.908256880733944,-6.9088319088319015,69.30051813471503,6.310999999999996,6.188000000000003,6.338400000000006,5.378800000000005,nan,-0.491818,1.1927582534611276
COO,"The Cooper Companies, Inc.",67.01,USD,-1.0045797015807247,1713461,0.9783823120896489,13069002611.632591,USD,Health technology,Strong buy,70.90480030770289,70.8461705331634,70.85983290467021,-3.311449390375877,-9.726525663478377,-18.370081617736627,68.93200000000019,72.85749999999987,72.49099999999987,73.33472500000018,56.59628378378379,4.630558,-42.568878540939075
GL,Globe Life Inc.,169.39,USD,-0.7558003280993792,112085,0.3110929037733875,13017526341.684027,USD,Finance,Strong buy,174.0514796012373,172.6762628667745,168.51362014935935,-1.9903951860209603,-9.227801296822264,21.313471317052205,172.84000000000006,174.43799999999996,178.1353999999999,154.36990000000023,11.246854479420493,15.732901,20.325157785411843
ALLE,Allegion plc,152.865,USD,-2.0410124959948748,341808,0.2163632767065191,12999148995.921244,USD,Consumer durables,Buy,155.2681389945253,152.60168832164052,150.6117493217289,0.14084507042253744,-8.846153846153834,-3.9973623060980854,155.3330000000001,159.5132499999998,153.30529999999987,151.02742499999994,20.05444408002624,8.950091,5.885703172751004
LII,"Lennox International, Inc.",375.86,USD,-2.4196479567994165,134237,0.2938496832464286,12989975650.446547,USD,Producer manufacturing,Buy,421.4510725151459,444.81900638273106,465.24285924849676,-0.13815824432753648,-14.153895347509302,-23.007906919578843,382.3299999999999,397.7314999999998,465.4863999999997,497.40875000000057,16.99094081695387,23.609046,-5.415644053737405
AVY,Avery Dennison Corporation,170.945,USD,0.1435266549502077,292672,0.2101051056763957,12955603248.807705,USD,Process industries,Strong buy,173.29865813467805,171.55732449568046,170.64159790778143,-0.9932815938839358,-2.5787883968769623,-5.919097413318655,172.8309999999998,177.86224999999996,170.33209999999997,173.11067499999976,18.71011875444645,10.172575,2.413352463794099
IESC,"IES Holdings, Inc.",324.595,USD,-5.31067677946324,88729,0.34787664648308547,12934691271.56367,USD,Industrial services,Buy,334.40671854162684,333.435543894141,323.47437959415134,7.9428685444448295,-15.573935717118909,63.293590904517565,321.5389999999999,337.91400000000016,333.6419000000001,280.827475,28.84596585708319,11.57,82.836948574214
RPM,RPM International Inc.,100.92,USD,-1.3200352009386862,351024,0.1691010657600643,12875788369.654444,USD,Process industries,Strong buy,106.68158056046693,107.0309830259485,107.03687822026401,-2.332333301074225,-13.780435711234512,-3.1199001631947776,103.07399999999998,107.4734999999999,108.13840000000003,106.55720000000007,19.543368384360658,5.995178,-3.4911320014203726
CHYM,"Chime Financial, Inc.",33.955,USD,5.0913030021665,8322722,1.4838945175531613,12854857461.439646,USD,Technology services,Strong buy,30.34283355131094,27.954163989948615,25.904819954109644,6.475384132957033,16.523678792038428,34.42201108471891,33.416999999999994,32.716249999999995,26.9811,22.924199999999995,nan,0.442492,97.70790140520617
MAIR,Madison Air Solutions Corporation,25.6,USD,-2.065799540933432,615406,0.2536217818186524,12844098309.288446,USD,Producer manufacturing,Strong buy,28.65221359403673,30.781953367695426,34.36320346320346,-1.8404907975460003,-17.711346833815487,-19.999999999999996,25.797999999999984,27.4095,31.304600000000004,nan,nan,1.093807,nan
CNA,CNA Financial Corporation,47.46,USD,-0.6489428511618217,148093,0.4043401040521927,12842721312.030146,USD,Finance,Buy,49.27467590309118,49.17760490643751,48.73005429293715,-3.103307472437722,-8.11229428848015,-0.33599328013439017,48.28399999999995,49.32950000000004,50.97880000000009,47.58384999999999,10.443163314703165,4.2,41.211198458813655
WSO,"Watsco, Inc.",311.28,USD,-1.4999050692994145,107833,0.23497615220748974,12841149976.034174,USD,Producer manufacturing,Buy,325.5627041047271,338.7347445694319,352.5287667335442,-0.7492905653158253,-5.6069381690269005,-8.11465005756118,313.3459999999994,312.42150000000004,342.4713999999997,374.5965999999998,27.072063453410095,12.077729,-11.972806822792649
SEIC,SEI Investments Company,106.965,USD,-1.5055248618784447,268725,0.41822565867525846,12837851439.973343,USD,Finance,Strong buy,105.80891024485024,102.47168609305099,98.4002290098929,-2.4931631722880576,2.1633237822349574,30.78004646044748,109.30699999999995,108.8840000000001,102.97860000000013,88.96515000000007,18.881396621418865,6.343957,6.380861172140525
BAX,Baxter International Inc.,24.79,USD,-0.2815768302493977,2143182,0.49664631153592675,12816330453.092516,USD,Health technology,Buy,25.153693317387035,24.262881773554575,23.14644759368316,-2.97455968688846,-8.591445427728619,28.445595854922274,25.35,26.07700000000001,24.82779999999997,20.414100000000094,nan,2.053674,-626.1393596986817
JEF,Jefferies Financial Group Inc.,55.52,USD,-0.35893754486718543,486324,0.3664221938270966,12800262424.580044,USD,Finance,Buy,54.57877182167648,54.24731325843741,53.80925704735835,6.748702172659114,-1.0162239258334824,-10.710839498230937,54.726,53.67749999999997,54.27040000000002,53.53185000000005,15.471645534345829,3.545705,36.0156161164386
ALLY,Ally Financial Inc.,41.84,USD,-1.0406811731314989,1299390,0.510190559642988,12727714098.194895,USD,Finance,Strong buy,43.22930282101522,43.420360792935725,43.314503926009685,-0.9704142011834239,-3.6610637807966757,-7.963044434667835,42.81999999999997,42.99999999999998,44.035799999999945,42.86010000000003,9.85444439210514,5.229265,175.80875665843834
AMKR,"Amkor Technology, Inc.",51.07,USD,0.6900630914826527,2217290,0.5059424951650249,12688467890.194794,USD,Electronic technology,Strong buy,54.04023202004201,57.10031735555511,58.382074455685036,11.457878655608905,-8.42746996593151,24.40925700365409,48.733999999999995,51.08999999999997,57.66520000000001,56.30399999999999,22.916760152568994,2.524304,81.84414524683802
HAS,"Hasbro, Inc.",89.655,USD,-0.7252795925146729,416674,0.33936208977343013,12645341088.501274,USD,Consumer durables,Strong buy,91.35819660980057,90.63527614174197,89.97307050672048,-4.040458096971,-3.493003229278799,9.335365853658537,91.799,94.04524999999998,89.42290000000001,89.73340000000007,16.114855756268536,6.143535,nan
PEN,"Penumbra, Inc.",319.815,USD,0.17383950385266142,118696,0.3908878887851901,12597328820.639446,USD,Health technology,Buy,321.90502890847796,322.07751762682005,321.9202474483993,-0.826407839245851,-1.565096952908581,2.9270726055612672,321.03699999999975,323.6382500000001,321.29250000000025,324.911375,78.53810073426487,4.708007,7.97030359273498
BMRN,BioMarin Pharmaceutical Inc.,64.885,USD,0.3945536128732936,617552,0.3724039524441301,12560032947.95428,USD,Health technology,Strong buy,64.06026918673935,62.55109044639195,60.9561869749676,-0.17692307692306905,1.0276372129233333,9.17886589264682,65.88899999999998,66.48700000000001,62.8337,57.96495,174.93933674844973,5.03325,-89.01492714133396
NXT,Nextpower Inc.,82.77,USD,-3.1363370392042205,885631,0.5164521816775058,12558652145.676302,USD,Electronic technology,Strong buy,92.02844265926748,97.8458317791031,102.62008829266733,0.6934306569342983,-20.87754516776599,-5.975235715097131,83.75400000000003,89.08699999999996,98.06819999999992,108.41385000000002,21.452453152943004,4.679787,5.139384690846653
MDGL,"Madrigal Pharmaceuticals, Inc.",543.275,USD,1.7064175527931724,130704,0.6657850929829315,12551894445.074041,USD,Health technology,Strong buy,527.494413817244,522.62002734145,516.5925104852322,-0.04875446149317187,8.024139028076029,-6.6569877323803315,541.6110000000001,530.1807499999998,530.3433,515.1135249999998,nan,-6.261658,-0.28488254432803495
AGNC,AGNC Investment Corp.,10.565,USD,-1.0767790262172305,16014813,0.8940662838280194,12524611827.890451,USD,Finance,Buy,10.751112687530412,10.749925735673578,10.726642307181846,-0.6114769520225896,-2.5818349469801856,-1.4458955223880703,10.635,10.830249999999989,10.87350000000001,10.77472500000001,5.541568318908995,1.578033,487.157376039421
COKE,"Coca-Cola Consolidated, Inc.",187.845,USD,-0.23103887826641292,156429,0.3761712291015984,12503770438.645952,USD,Consumer non-durables,,189.4397194219564,188.35519888784262,186.05428373374832,-2.8973895063323805,-1.6209280402220587,22.534246575342454,191.623,191.47575000000006,187.2061000000001,179.7639,25.704374717771177,nan,21.71313413943573
CORT,Corcept Therapeutics Incorporated,115.52,USD,1.351114230566759,241975,0.3140677020809394,12487527108.202843,USD,Health technology,Strong buy,109.63871212853269,102.20980880278253,92.24077817649415,1.887458105485977,4.222302417899669,223.04250559284114,112.86999999999986,116.16250000000014,105.16159999999998,67.20482500000013,275.9016001910676,2.06078,-62.739165257631036
GRAB,Grab Holdings Limited,3.04,USD,-6.46153846153846,115489104,2.828108716408394,12398691953.132307,USD,Transportation,Strong buy,3.431158062608858,3.5010783077719663,3.615766756007268,-12.265512265512262,-16.826265389876877,-39.742319127849356,3.332000000000003,3.5045000000000037,3.598199999999998,4.021599999999999,21.949458483754512,0.150333,422.64150943396237
GGG,Graco Inc.,76.51,USD,-0.6750616642866364,345514,0.10122805604566731,12391087100.342594,USD,Producer manufacturing,Buy,78.57567935400952,78.68025661126849,79.24176493336805,-0.8424053913944939,-7.930204572803838,-6.808769792935431,77.39199999999981,79.64399999999998,78.43220000000001,82.2866000000003,24.038582380294084,3.28,12.853242562847916
TOL,"Toll Brothers, Inc.",134.39,USD,-1.4736070381231812,641130,0.8876516281989357,12383635201.915686,USD,Consumer durables,Strong buy,144.26858662023122,145.43588983913386,145.40157947724143,-4.701460785704172,-12.546365588598947,-0.6064640189335267,139.00399999999996,144.58499999999992,148.82280000000011,144.55954999999992,10.791257146527911,12.764107,-8.472483537158991
BTSG,"BrightSpring Health Services, Inc.",62.105,USD,-0.7273017902813386,500776,0.2517309215336517,12288358105.606697,USD,Health services,Strong buy,61.947275193973056,61.70917198558712,59.49123238997007,4.9780256930358355,0.5911888564949707,65.52505330490403,61.415000000000006,60.09825000000001,64.83640000000001,50.42305,46.38509223989842,1.818109,352.94316644113667
ICLR,ICON plc,159.13,USD,0.49892636099532145,380157,0.64320980740269,12277549622.821018,USD,Commercial services,Buy,163.79562349732208,160.37599236258606,155.41586021980973,-1.698789226587596,-2.8510378510378604,-13.492796955694478,161.14799999999985,166.82374999999996,167.49200000000002,147.3986250000001,288.8546015610819,10.596872,-94.52907761976643
HALO,"Halozyme Therapeutics, Inc.",107.675,USD,-0.586280121872408,398355,0.2937409951467533,12220896992.926321,USD,Health technology,Strong buy,100.08636824431626,93.76978418795835,87.22719876036236,1.7337490551776207,4.874841725917985,59.023777876236906,109.31899999999996,106.45075,91.94300000000003,74.58912499999992,32.17060053779504,8.414857,-23.547819730921223
CCK,"Crown Holdings, Inc.",111.655,USD,-1.390974123465515,438258,0.6668907601898516,12143654621.478981,USD,Process industries,Strong buy,115.2536537788883,113.70618930685097,111.32873355268316,-4.364025695931477,-6.53356772141302,8.561011181332043,114.52699999999996,117.27375000000015,116.51890000000004,106.39867499999991,16.066392310348796,8.406344,45.86822828117456
SF,Stifel Financial Corporation,80.26,USD,-0.6191183754333829,293696,0.316087206817589,12119399933.25037,USD,Finance,Buy,80.62130036038086,79.59804485779894,78.63104867686042,1.7882054533925313,-2.9856158588178396,-3.9722901770518373,80.95999999999995,81.75949999999999,80.1232,78.6877304505001,14.358809217117505,6.52386,62.1301775147929
BF.A,Brown Forman Inc,26.61,USD,-0.6348020911127771,154340,1.021399490690004,12097846820.497011,USD,Consumer non-durables,Buy,27.624319263213746,27.645355934614596,27.64160031698938,-4.28057553956835,-7.700312174817895,0.33936651583710353,27.271999999999952,28.10049999999999,27.6848,27.593699999999945,17.152249581023593,1.707816,-13.06248248809191
GLPI,"Gaming and Leisure Properties, Inc.",41.39,USD,-0.5526189332051823,852859,0.17490367428166895,12041180309.611246,USD,Finance,Strong buy,43.044614367975434,43.74239896973579,44.41527517275726,-1.3349225268176454,-5.5238530015978125,-7.13484406551492,41.92600000000004,42.6355000000001,43.60259999999997,45.431125,12.13782991202346,3.219939,30.98256126603672
DOCU,"DocuSign, Inc.",64.3479,USD,-1.124923171481258,1367676,0.3387562111039334,12026780537.091541,USD,Technology services,Buy,61.15132997717016,58.21872850350201,56.04727350097404,-0.7742482652274459,8.769269776876268,-6.212068211630963,65.83958,63.03939499999999,56.473957999999904,53.63463950000018,39.14105839416058,4.615788,24.01931200965601
CSGP,"CoStar Group, Inc.",29.68,USD,-2.1753460777851026,1958763,0.259414766554681,12026264867.781147,USD,Technology services,Buy,30.813885763918208,31.437505321218847,33.83687812997594,-7.148443610198655,-1.1984021304926746,-55.774102220235434,30.77399999999999,31.808999999999997,30.302699999999973,43.36255,163.34617501375894,1.366381,-28.717143978030606
NVMI,Nova Ltd.,377.975,USD,0.22937604412505874,228935,0.4503689253998946,12013168502.002598,USD,Electronic technology,Strong buy,394.6978398983998,414.2009081492172,428.2452517551761,6.709296744868876,-5.72778969421858,12.492559523809529,365.8969999999999,376.31850000000014,412.5216000000002,438.73690000000033,47.129052369077314,10.673463,9.600273317389815
MANH,"Manhattan Associates, Inc.",205.7475,USD,-1.044873028087719,336488,0.6558087628530433,11996102450.960648,USD,Technology services,Strong buy,198.687025291433,187.36765879411902,176.8465230603004,-4.962122961799624,6.367936721294522,18.518145161290327,213.31150000000002,210.63587500000008,185.1931500000001,158.50703749999994,58.89943318447269,5.497456,-2.647567025249434
AR,Antero Resources Corporation,39.01,USD,-0.17911975435005192,1544026,0.5248296142495911,11993195771.315762,USD,Energy minerals,Strong buy,37.62878892129603,37.08946132373096,36.767049769643286,-1.4898989898989985,10.22887821418479,14.064327485380103,39.356000000000016,38.209999999999965,36.173200000000016,36.316750000000006,11.199471750114837,4.255078,142.66406576564023
GWRE,"Guidewire Software, Inc.",144.04,USD,-3.787322156168603,1095295,0.5938113439790844,11992248150.849773,USD,Technology services,Strong buy,163.49177577280193,159.01072630018834,156.10709520899212,-27.7560437355803,-15.020648967551628,-28.30977503483974,170.35800000000003,183.45350000000005,161.8162,156.39484999999985,88.4114903019887,4.189335,103.98146988856894
EHC,Encompass Health Corporation,120.99,USD,0.4316427326305271,207842,0.25842676511590545,11936072729.81896,USD,Health services,Strong buy,118.77766152673728,116.05740550538354,113.2896150386164,-0.7220809058833262,-2.6002254065367927,14.42216758085871,121.40399999999984,121.52800000000013,116.04600000000006,107.31590000000006,19.701040496311855,6.113152,20.07625378824911
WTRG,"Essential Utilities, Inc.",42.06,USD,0.28612303290415964,693911,0.3038546187074705,11935727313.280401,USD,Utilities,Buy,40.73708833452844,40.20302016574111,39.7690615652355,2.760811140972398,5.944584382871534,9.989539748953975,41.82399999999991,40.91999999999989,39.95539999999991,39.0369499999999,21.48329757891511,2.235296,-16.251015955854044
DKS,Dick's Sporting Goods Inc,133.89,USD,1.148296441791933,1481118,0.3080448263729588,11906424729.71232,USD,Retail trade,Buy,168.3172152375755,182.17560909133852,192.88009165508876,0.6691729323308168,-37.96506509753047,-32.71183033470701,136.50400000000008,159.96199999999973,191.11520000000007,206.64655000000005,14.378067245841432,11.686379,-34.9976964637228
GDDY,GoDaddy Inc.,93.845,USD,1.0389750215331648,634854,0.34078339050953893,11885253531.78833,USD,Technology services,Buy,94.4612194209098,92.78254186249437,92.59983992223037,-6.500946497957562,4.144933969592719,-24.079767009141655,98.70700000000002,97.49975000000002,93.78990000000013,95.86277500000011,13.914506850127514,7.401865,20.188897799162422
ELS,"Equity Lifestyle Properties, Inc.",61.22,USD,-0.9865760957464005,491246,0.4196331662987532,11880636447.701761,USD,Finance,Strong buy,63.600154676752865,63.89137872696147,63.96947868540929,-3.408015146733991,-5.466337245213103,1.3072976998179697,62.24000000000003,64.08999999999999,64.68239999999999,63.851400000000034,29.748773021040865,2.065361,11.382333838493189
HUT,Hut 8 Corp.,96.38,USD,-3.1259423057593723,1721340,0.39930504489195034,11879747278.501156,USD,Technology services,Strong buy,92.60127624567217,93.55096734255069,90.95132499619682,25.633839535944716,9.00248812485862,101.42110762800415,91.63700000000009,85.52925000000003,94.89679999999998,75.71942500000002,nan,-4.696667,-479.26734216679654
WTS,"Watts Water Technologies, Inc.",355.85,USD,-1.421131364618537,54433,0.2879902058040346,11879358930.030056,USD,Producer manufacturing,Buy,362.3307891311683,356.1604973738655,345.5026331778971,0.08156148048149973,-9.06884039454182,29.14171656686627,357.46599999999984,370.25099999999986,362.15839999999946,316.9862500000002,31.06042752275961,12.858125,23.210195192773014
FNF,"Fidelity National Financial, Inc.",44.265,USD,-0.8622620380739037,994617,0.5228317335880923,11871555142.601791,USD,Finance,Strong buy,47.377143632220324,48.040365038675134,48.75032460925195,-4.229770662051057,-10.521528198908426,-18.645469582797272,45.631,47.23275000000007,49.117099999999944,50.89447500000008,15.407239819004523,5.13276,-27.175483511191096
AIT,"Applied Industrial Technologies, Inc.",323.29,USD,-1.031653707218516,77627,0.2827887111833542,11864373403.700453,USD,Distribution services,Strong buy,333.3114158679041,331.36718310562384,323.8944739451768,1.1735619953683418,-10.25954198473282,24.885077452002943,323.48599999999993,337.5550000000002,338.818,297.3512000000001,29.503992699064572,12.0325,8.195507282152557
ELAN,Elanco Animal Health Incorporated,23.735,USD,-0.9803921568627428,1533597,0.35504755750486366,11858524429.039217,USD,Health technology,Strong buy,24.115488104838676,24.101524404118447,23.93177330111414,-0.9803921568627427,7.301084990958401,3.9640823477880036,24.261000000000013,23.995749999999994,24.603900000000007,23.76092500000001,nan,1.133848,-146.3504067835453
TXRH,"Texas Roadhouse, Inc.",180.105,USD,-1.495843360315037,464057,0.7352327470466762,11822259492.564346,USD,Consumer services,Buy,193.39702154775958,192.1511328493783,188.85010879582032,-6.0534140107454055,-13.168932600520684,8.667189574031605,186.48800000000057,198.79749999999999,198.14779999999976,179.89835000000036,28.83894831230385,6.599424,-4.7523182040019565
AHR,"American Healthcare REIT, Inc.",53.81,USD,-1.4468864468864453,1002194,0.4696433196493015,11813546508.953115,USD,Finance,Strong buy,54.67565382363876,54.07910669492436,53.017077089241155,-4.91252871532073,-5.097001763668431,14.904975443092045,55.020000000000024,55.28800000000001,55.36580000000003,50.74880000000003,79.81311183625037,0.597196,nan
ARWR,"Arrowhead Pharmaceuticals, Inc.",83.4,USD,-2.009164610504046,452395,0.3932751637817042,11780622951.159676,USD,Health technology,Strong buy,84.28856396531161,82.53348719972699,79.13675353302352,0.6395559309762292,-4.751027866605752,25.791855203619924,85.34200000000001,86.50699999999999,84.19130000000004,71.58214999999998,nan,-3.550911,-77.55877463785323
DVA,DaVita Inc.,184.63,USD,2.5380428745973527,344102,0.6443887845916881,11779393699.563534,USD,Health services,Buy,191.52754531803427,194.25641785909036,190.68238926767498,4.647735645865209,1.261449021005859,62.41203377902884,181.94599999999997,178.87299999999996,206.84320000000014,164.7449499999999,15.57099845664696,14.845336,16.519919026748696
PNW,Pinnacle West Capital Corporation,97.15,USD,-0.9077927376580993,250515,0.3042625172845376,11774311500.746124,USD,Utilities,Buy,99.60491819258826,100.64102098916419,100.83847432910662,0.19595709570958328,-3.2852165256346413,9.526493799323564,97.61800000000024,98.61600000000013,102.4968000000001,98.59764999999989,18.63074120241634,4.716033,7.42686444169757
MOG.A,Moog Inc.,369.71,USD,0.027055545033945482,48465,0.25847807003041046,11737692016.579882,USD,Electronic technology,Strong buy,385.9284395478354,384.0764666545225,372.1892140303085,0.3446965584627027,-8.39011819510866,51.73192153000081,369.2559999999998,392.1570000000001,400.56060000000014,330.48137000000054,31.44621456336279,11.475914,78.61114487117162
FIG,FIGMA INC,21.925,USD,-3.6263736263736233,11152763,0.7014794681785785,11686235851.038462,USD,Technology services,Buy,24.162154146867525,23.78348770653905,24.291732097127134,-18.12920089619119,-4.257641921397371,-42.30263157894737,23.94899999999999,26.16675,24.306900000000045,25.791040000000002,nan,0.286469,-1737.8941742383752
LULU,lululemon athletica inc.,100.535,USD,-2.5729237329198575,6861383,0.6589382008666498,11644573499.96744,USD,Consumer non-durables,Buy,112.85019310798486,117.17065311361328,124.83833408234442,-15.196119780683256,-21.91456310679612,-51.947710543925055,109.23500000000004,116.43224999999998,117.83899999999943,152.1386,8.24030359660339,9.72857,-16.471659489398405
CR,Crane Company,201.355,USD,-0.6390328151986261,137989,0.380294227886057,11638389929.820034,USD,Electronic technology,Strong buy,208.5670131826558,207.85347818306684,204.63332973302948,0.18160107468032274,-8.479160038180083,9.485617965309116,202.14500000000004,208.57875000000013,214.7850999999999,195.57612500000036,35.13558316465414,7.014646,8.120141876084833
DKNG,DraftKings Inc.,23.4401,USD,-1.8010054461667362,5454485,0.5669356856390612,11636933479.362764,USD,Consumer services,Strong buy,24.612080890206038,24.80255969157321,25.20682908737525,-1.8421273031825711,-1.0757543785608745,-32.23446082682857,23.944019999999963,24.81950500000003,24.700702000000078,26.695350500000007,nan,0.122862,42.920625191541525
AFG,"American Financial Group, Inc.",140.19,USD,-0.4897785349233374,79473,0.31743882433438025,11624761372.273636,USD,Finance,Buy,142.24207438625862,141.16610837234285,139.39844128915476,-1.8758311751942371,-3.4437633445829605,2.6506553415830743,142.14600000000004,143.72900000000004,142.9280000000001,134.82664999999994,12.251157913134668,12.33845,25.54582757334387
HUBS,"HubSpot, Inc.",232.695,USD,-3.21312702770152,752299,0.6561924615135153,11603615202.843962,USD,Technology services,Buy,233.17055959459077,228.6176869600855,232.54218869500892,-6.212970053605264,12.050368372899314,-41.68045112781955,244.26899999999995,240.3482499999994,225.8313000000006,259.3045250000006,82.36699585855368,13.286581,nan
FHN,First Horizon Corporation,24.47,USD,-0.8107012565869591,1253189,0.34161579912247836,11593327156.580055,USD,Finance,Buy,24.999510830144064,25.008490111813998,24.834777907347448,1.2831125827814516,-3.3570300157977937,1.704073150457191,24.722,24.934499999999975,25.356200000000015,24.322625000000027,11.749171748211456,2.142998,34.32441148016769
HRL,Hormel Foods Corporation,21.055,USD,-0.7307873644507361,1427268,0.2023469597896259,11587636227.020744,USD,Consumer non-durables,Buy,22.852771645996,23.233203935232975,23.403496504757005,-4.771596562641338,-15.611222444889778,-11.533613445378156,21.507000000000012,22.99524999999999,24.226700000000022,23.425975000000044,33.83416358669452,1.486,-54.62632154575282
PSKY,Paramount Skydance Corporation,10.32,USD,-4.444444444444448,5952754,0.61773976604285,11578481766.355555,USD,Consumer services,Buy,10.135855814749668,10.047630772924146,10.197935941870027,-2.1800947867298617,13.033953997809412,-22.98507462686567,10.797999999999998,10.522500000000004,9.597199999999978,10.9584,nan,0.501599,-2130.4347826086955
AMH,American Homes 4 Rent,32.085,USD,-0.6656346749225893,906410,0.5108448217199985,11544664215.399382,USD,Finance,Strong buy,33.16701349493637,33.10888781301414,32.82392577214183,-4.166666666666655,-6.919060052219316,0.7694723618090483,32.51100000000001,33.61475,33.7101,31.706699999999987,25.377679348255953,1.088682,13.757423070001803
AEIS,"Advanced Energy Industries, Inc.",287.4715,USD,-0.43242587974509394,190036,0.39665263547661206,11513360612.272142,USD,Electronic technology,Strong buy,295.06005429902444,302.0728731789992,304.99786671860755,7.265485074626863,-13.370449614271935,33.30466032923718,279.9163000000002,293.47257499999995,301.1095299999999,300.0122824999999,53.60374051352813,11.244505,143.32577132486387
SWKS,"Skyworks Solutions, Inc.",75.94,USD,0.7429026266914331,1760256,0.2807244284281136,11426902368.785355,USD,Electronic technology,Buy,69.78632310598714,68.56479003751782,67.53614852956353,14.384696490435303,7.533276692155186,18.341904316658866,73.7020000000002,69.15199999999992,65.18879999999999,64.01899999999996,39.33695933695933,5.040243,-23.08152043987568
UDR,"UDR, Inc.",35.485,USD,-1.7308224868457491,3389225,1.2270129106568355,11400061081.366795,USD,Finance,Buy,37.26641210230925,37.59567085654107,37.63680084089374,-4.120507970818694,-7.349869451697122,-2.9669127700300817,36.187,37.192749999999975,38.530299999999926,37.118824999999994,22.61199260816925,1.087159,309.3114241001565
TECH,Bio-Techne Corp,72.28,USD,-0.04148803761582234,1421094,0.7420155841161314,11334821810.039553,USD,Health technology,Buy,71.28690714178784,69.18908704309375,66.4261291385271,0.11080332409972063,0.08307947936859911,22.904267981635776,72.35400000000001,72.33349999999999,71.89999999999995,61.146075,62.396408839779,2.055385,155.43550165380375
TEM,"Tempus AI, Inc.",62.33,USD,-3.0486856431793554,3754453,0.6501115437065446,11246499059.656555,USD,Technology services,Buy,59.73025074680902,57.51973892097726,56.252936903252134,-1.2984956452889949,20.351419192894383,3.5210097990367006,63.568000000000005,62.193,55.933000000000014,56.36460000000004,nan,-0.215446,-21.60770075149878
KNX,Knight-Swift Transportation Holdings Inc.,68.8,USD,-2.8111315157508248,1532065,0.5601304302697729,11197612718.361347,USD,Transportation,Strong buy,70.80809363003644,70.96050879137717,69.69333021575339,1.9259259259259218,-1.2770842301621474,31.32277152128268,69.714,69.92100000000002,71.90920000000001,63.613399999999864,261.69646253328256,2.314349,-74.09852216748767
UHAL,U-Haul Holding Company,63.84,USD,-0.15639662183295952,38875,0.27226668758421885,11189313773.427591,USD,Finance,Strong buy,68.13195622320805,67.01796667025204,64.55925930574311,-5.422222222222217,-15.241635687732332,26.290801186943636,65.82799999999995,69.73300000000003,70.20259999999996,57.14184999999997,438.16060398078247,1.1125,-89.74954270437597
HII,"Huntington Ingalls Industries, Inc.",282.7,USD,-1.727674070984123,147665,0.44071342659054075,11139680441.61991,USD,Electronic technology,Buy,296.4743924620321,302.1420206769592,311.4800302780545,-3.264440186148378,-12.96986115814426,-16.870056164907226,287.14999999999964,301.0314999999999,297.5284,347.6840499999998,16.854568977338445,18.659297,25.6208807669263
JKHY,"Jack Henry & Associates, Inc.",158.87,USD,-0.6006381780641982,309780,0.4208125766151118,11138790456.759117,USD,Technology services,Strong buy,158.99670922486092,155.95915256060871,154.53534425880895,-5.1579010208345695,4.550689348820369,-12.670404573438866,163.94800000000004,163.52250000000063,156.0906999999997,159.88542499999983,22.782613683621815,7.345694,11.760557736998164
SANM,Sanmina Corporation,207.685,USD,1.1075410155299186,166804,0.2733775195649534,11131366848.54603,USD,Electronic technology,Buy,202.86724482379645,204.67721506309996,202.06811891485697,10.6060606060606,2.444137522813601,34.94801819363223,198.9849999999999,198.36074999999977,202.8611,183.8948499999999,37.16824453710829,12.098333,19.620226066107215
ERIE,Erie Indemnity Company,238.91,USD,-1.824532566262584,64613,0.17152558030879012,11126126859.606247,USD,Finance,Buy,248.36645653270918,246.20240647977425,246.4964599454256,-7.078682276068616,-4.171513376920302,-16.171929824561403,250.36800000000002,256.82150000000007,246.61549999999997,253.8185250000002,21.813882142400615,12.68,-7.666756592702501
BJ,"BJ's Wholesale Club Holdings, Inc.",88.07,USD,-1.9810795770729008,507866,0.3522542381886358,11124535199.67713,USD,Retail trade,Buy,92.0646873212861,92.2176799373721,92.47930948119271,-3.6960087479497097,-9.121865648539886,-2.177052093746538,91.41000000000004,92.63700000000009,92.64799999999994,93.36495,19.241861481319642,4.70759,5.100002296263983
DECK,Deckers Outdoor Corporation,81.5,USD,-1.331719128329291,1554388,0.566574906143904,11098820916.095642,USD,Consumer non-durables,Buy,90.76522623673245,94.35808122881447,97.51979128464627,-3.521751997632429,-16.989203503768593,-21.86751030581919,83.63400000000024,88.17649999999988,96.353,102.53804999999983,11.565533291706874,7.52012,8.21585429527934
EVR,Evercore Inc.,288.485,USD,-2.4300740690634837,148979,0.3505064944598051,11094506129.315758,USD,Finance,Strong buy,304.128641081753,312.1859085890467,318.31299622689505,0.8160055914730164,-5.04427109048418,-15.410215810462118,293.53499999999923,294.6297500000002,316.4642999999999,329.871475,16.31314959116047,19.546178,60.841488703750876
GNRC,Generac Holdings Inc.,187.53,USD,-1.4089690342253334,263105,0.24683332743859143,11065462913.024183,USD,Producer manufacturing,Strong buy,202.03787776533247,210.94180916108579,215.68840895366122,3.214266057570589,-12.246139447824048,35.91100159443398,185.77399999999994,200.14649999999992,212.8464000000001,208.94395,43.228602383531964,9.722809,-27.948113207547177
AXSM,"Axsome Therapeutics, Inc.",210.22,USD,1.1548455394091068,217093,0.4590352294996418,11011495824.216919,USD,Health technology,Strong buy,213.06284843114267,215.5411340888941,212.77710218774632,3.500566195657518,-2.6218269408930874,14.667539409807443,208.59800000000018,208.78150000000014,222.4622000000001,195.34924999999998,nan,-2.674691,25.865672819056634
ARW,"Arrow Electronics, Inc.",215.87,USD,-0.7083390828388723,160299,0.3575422707711497,10988953677.476797,USD,Distribution services,Buy,211.67646634798677,208.97134058688746,201.45275509722978,5.369258554205105,5.65289741581833,94.14515693857362,213.65000000000003,209.67200000000017,209.48239999999984,170.54330000000004,13.79457981072152,21.806,76.91568498880774
FROG,JFrog Ltd.,88.53,USD,2.0754064337599414,1004539,0.46315399173215777,10915865867.15358,USD,Technology services,Strong buy,89.4441437436538,86.47645252356543,81.08687382466063,-4.022116218560271,-0.5057316250842918,40.568434423626556,89.04000000000006,92.44499999999998,89.09929999999999,65.96547499999998,nan,0.980067,51.508817766165905
ALGN,"Align Technology, Inc.",153.095,USD,-0.25734575542381277,351239,0.4541912007639703,10875845968.906443,USD,Health technology,Buy,163.81854386533954,166.95244087802956,168.83624644694567,-1.5466237942122194,-11.516009709860137,-2.9324118691351764,156.84500000000008,162.44550000000012,170.4852000000001,170.74937500000007,26.558244427096888,11.291493,-2.7613778212610978
CLX,Clorox Company (The),89.915,USD,-1.8395196506550089,1502999,0.45551431509997925,10873511347.949566,USD,Consumer non-durables,Buy,97.50652326394885,98.08982358745777,99.18730388289205,-5.858025337660976,-14.235978634109117,-11.063303659742818,92.62699999999998,101.41975000000008,99.59349999999988,103.08422500000073,18.686742731259223,5.80566,-26.25068971859481
AM,Antero Midstream Corporation,22.86,USD,-0.17467248908296573,1265745,0.6697693925793332,10851047715.867249,USD,Industrial services,Buy,22.405039417905705,22.27735080942917,22.02740181488235,1.871657754010687,7.02247191011236,28.426966292134825,22.665999999999983,22.410999999999994,22.311400000000013,21.005149999999986,27.436389822371577,1.091032,-11.39940450871969
RRX,Regal Rexnord Corporation,162.45,USD,-0.7817748732669647,323758,0.2920131879367575,10817848274.335794,USD,Producer manufacturing,Strong buy,174.96613733229856,182.82071758814158,187.39241612341704,3.0381834327032804,-9.017082049845994,14.522382798731051,162.4839999999999,165.31300000000005,189.8424000000001,187.88889999999984,33.466554047094206,10.623059,29.057215782197165
CART,Maplebear Inc.,46.61,USD,-2.895833333333335,3575924,1.2846983711287938,10790217845.152082,USD,Transportation,Buy,48.15225234863575,47.07146614385257,45.63593514474784,-7.48312822548631,-6.217303822937632,3.4628190899001163,49.78600000000006,50.06750000000004,47.85339999999994,42.40844999999999,25.662060232340473,2.34069,4.849044622755878
SCI,Service Corporation International,79.035,USD,-2.413878256574884,218296,0.33745386010696693,10771805962.90746,USD,Consumer services,Strong buy,81.63334046671626,81.16476307012898,80.66067615730502,-3.2856093979442025,-5.618581323143061,1.836103594897561,81.22100000000009,82.82874999999997,81.64750000000012,79.83127500000002,20.618543253678386,4.190335,4.0555947662739555
DPZ,Domino's Pizza Inc,325.185,USD,-3.0485077964282588,402507,0.4539822290196192,10758723307.875973,USD,Consumer services,Buy,336.3823779915704,335.6675918048004,339.7473291938887,-5.199405282490811,-5.411733907327152,-21.961843052555793,339.0770000000009,341.93149999999923,335.05879999999996,363.9287749999995,18.436614128586005,18.947569,2.40302831497728
LFUS,"Littelfuse, Inc.",423.155,USD,0.04846908618039581,68256,0.4211950149703924,10747606881.18073,USD,Electronic technology,Buy,424.8233743800991,424.9988697895441,416.4799159099685,3.785686255273213,-8.063745193038871,66.53089334907516,417.9869999999998,424.0100000000004,424.52719999999994,372.89482500000025,nan,16.59,-110.53256904637831
UMBF,UMB Financial Corporation,141.25,USD,-0.9119607155384155,202648,0.4233084519228399,10727941609.180988,USD,Finance,Strong buy,143.67519666616758,141.97447772802562,138.47437472682267,1.7284839755131478,-2.424702956617844,22.698054204308544,142.58200000000005,145.19424999999995,144.8718,128.22845000000015,11.763677096433003,13.242003,37.85490407687627
IT,"Gartner, Inc.",169.51,USD,-1.7845761631612562,597554,0.646896061803682,10704382587.984703,USD,Technology services,Buy,175.25476946703353,169.81965002829642,168.62326039358064,-10.345374728936374,-7.26009410219937,-32.301609489196856,182.1459999999999,188.64000000000004,165.39460000000003,177.03694999999996,15.209374523333125,14.465515,-31.447674347082632
NYT,New York Times Company (The),66.25,USD,-2.51618599175985,2208931,1.2534097469979502,10685036858.372574,USD,Consumer services,Strong buy,68.1153115615294,69.60066378641913,70.94606204854392,-2.2717214928455616,4.0031397174254275,-4.11058040237372,67.24600000000001,66.6095,70.14440000000002,73.551815,27.646788799399072,2.836065,23.367998352553553
DAR,Darling Ingredients Inc.,67.665,USD,0.8270004470272788,676403,0.28635366171427457,10677734507.994638,USD,Consumer non-durables,Strong buy,64.28656283676519,62.81872203024725,60.63853871403043,0.46770601336304674,9.419469598965074,86.66206896551725,66.66700000000003,65.65775000000005,62.5585,53.86354999999999,18.18267318751008,6.561491,470.41692213366036
EGP,"EastGroup Properties, Inc.",198.24,USD,-0.9988014382740711,167686,0.5199178975828156,10660022343.19057,USD,Finance,Strong buy,202.0614542877845,202.81619610311478,201.63092737217582,-0.9839668348234348,-1.929355891956059,11.715976331360958,198.61199999999957,201.01399999999973,206.67660000000004,195.00911999999988,34.796650927664956,5.946671,22.85911453278988
GKOS,Glaukos Corporation,180.18,USD,-2.6264591439688636,222661,0.3888403699223388,10627725258.92899,USD,Health technology,Strong buy,173.7082779492443,165.61854207573805,154.93001760243402,1.8714309945157472,0.1000000000000038,57.40368655542938,180.51399999999984,182.89649999999986,168.23899999999998,130.22534999999982,nan,-0.306772,-96.75336431114599
GSAT,"Globalstar, Inc.",81.93,USD,-0.3527122354658137,364041,0.6387980858570765,10615128291.78813,USD,Communications,Buy,81.85988733885141,81.17128454620565,79.0662329658772,0.5769702921679513,-1.4909222075267463,32.14516129032259,81.98599999999999,82.17900000000002,81.36819999999997,72.39977499999999,nan,-0.620333,-29.915406306075372
PINS,"Pinterest, Inc.",18.675,USD,-7.274081429990069,16567766,1.3652132601094715,10575895273.145481,USD,Technology services,Buy,21.611030297369638,21.725054622790182,21.76669266259873,-12.200282087447103,-20.801526717557245,-28.666921313980133,20.256999999999994,22.359249999999996,22.818900000000006,21.86427500000002,54.430195278344506,2.014523,-87.73503967970258
FRO,Frontline Plc,47.485,USD,1.8554268554268598,1202976,0.4802677480239163,10571247893.148647,USD,Transportation,Buy,43.29898952224669,41.594605728936614,39.522695291611726,7.482454154403441,19.134253450439147,123.83309759547383,46.21100000000001,43.72324999999997,40.28869999999999,33.81672499999998,7.111300805702819,9.816667,524.5230078563412
AES,The AES Corporation,14.815,USD,-0.10114632501686156,2743275,0.4026918432807649,10569592784.075861,USD,Utilities,Buy,14.757576846407705,14.730993324071155,14.685214420351349,0.4406779661016915,0.679578661230035,2.101998621640246,14.802999999999997,14.756250000000012,14.747899999999994,14.602624999999996,5.536661932879886,2.288875,88.92889924451038
BPOP,"Popular, Inc.",165.5,USD,-1.241198233679444,169501,0.355959108834853,10555341799.3794,USD,Finance,Strong buy,169.4143184565308,167.21909893197247,162.23290962956546,-1.8794094978360039,-4.742719005410389,32.910375843238036,169.26000000000005,171.0199999999998,171.45,146.47862500000008,11.17412733778948,15.943626,43.684516880093135
ALSN,"Allison Transmission Holdings, Inc.",127.71,USD,-2.1829044117647123,305455,0.4750161459302847,10546041428.340303,USD,Producer manufacturing,Buy,125.635086761664,123.62083450344875,121.21836610935117,4.202023498694509,5.948232951717261,30.18348623853211,128.93200000000002,127.62300000000023,121.28460000000007,115.27785000000006,20.274646769328463,8.142492,-28.496832928462773
CGNX,Cognex Corporation,62.26,USD,0.04820825968182731,338979,0.2685089581801094,10473616602.356098,USD,Electronic technology,Strong buy,62.87136776944588,62.78255275935147,61.30537323549998,3.1306940533377516,-6.347773766546338,70.90310183914356,61.494000000000014,61.54149999999995,63.70879999999998,53.79774999999998,60.28272656855151,1.680421,44.54863540937718
DCI,"Donaldson Company, Inc.",89.495,USD,-1.643037696450149,279261,0.4488339055304927,10373459759.573305,USD,Producer manufacturing,Buy,91.72583231197758,91.27378021530153,90.62690234055496,-0.5168963983992766,-9.18822932521562,0.839436619718315,90.405,92.64875000000012,92.42330000000001,91.46212499999997,23.237004725554346,4.354286,26.25885129819041
UHS,"Universal Health Services, Inc.",176.01,USD,2.396881726685674,315846,0.5445551211932813,10371223560.581709,USD,Health services,Buy,169.66038959372602,167.7748835566436,169.19090466927148,3.450099917714826,1.7928402058874526,-19.19474795702874,170.8500000000002,172.5089999999999,164.3926000000003,185.4857000000001,7.167581567330716,22.528523,29.3490513363463
FRHC,Freedom Holding Corp.,161.72,USD,-0.18516232563881702,28138,0.2605901202096723,10315741052.743116,USD,Finance,,160.38862048644614,156.93757506413965,153.02998824208436,-4.881778614280679,8.289808490692376,32.557377049180324,164.14400000000003,163.0509999999999,157.4039000000001,141.45764999999977,63.97658042566658,nan,87.5639979223863
CYTK,"Cytokinetics, Incorporated",73.93,USD,-1.884538818845372,738010,0.3976802729493838,10278001398.410355,USD,Health technology,Strong buy,75.13515573110332,75.396831780059,74.27299822629915,2.8233657858136314,-2.8387435931134135,17.05193160227994,73.576,75.04400000000003,78.78309999999999,69.85445000000003,nan,-6.053118,-41.03370172218533
BXP,"BXP, Inc.",64.27,USD,-2.2360815333130497,617559,0.5899796349889176,10261448131.344538,USD,Finance,Buy,67.28989324836203,66.78598888583579,65.81251141170463,-4.2603902875018616,-7.164524050267237,-4.883824182329432,66.60600000000001,68.04599999999989,68.54200000000002,63.53104999999992,34.531485063399955,2.12335,9299.999999999998
OC,Owens Corning Inc,129.2,USD,-0.7680491551459294,393395,0.3910476582219909,10213089625.686636,USD,Process industries,Strong buy,140.3850053531462,139.10319366095632,135.89573488645695,-3.5964781375914203,-17.14762087982558,15.079718535672926,133.416,144.11550000000003,144.66080000000008,125.12039999999996,nan,10.043267,-314.5313117996045
SSB,SouthState Bank Corporation,105.255,USD,-1.2802476083286523,168859,0.26891287591650054,10207054741.940208,USD,Finance,Strong buy,105.92326950160475,104.5188836994109,102.67699583007241,0.4245778074611136,-2.2520430906389404,11.96149345814274,106.65099999999995,107.35275000000001,105.18729999999998,98.64186000000001,11.051437931143099,9.451907,41.60756501182035
VSAT,"ViaSat, Inc.",73.88,USD,-4.977491961414797,557770,0.363932873544859,10177399508.387909,USD,Electronic technology,Strong buy,74.15802259209875,72.99823162122114,69.68629135628017,11.702449349863919,-8.846391116594697,110.60433295324971,73.71800000000002,74.71924999999996,75.92419999999998,57.60785000000003,nan,-1.42,94.73331169533701
WTFC,Wintrust Financial Corporation,150.17,USD,-1.4503215645097833,126298,0.3492375826514382,10131364328.979458,USD,Finance,Strong buy,154.93248092266035,155.1727242694837,153.83262770122604,0.4347244515783689,-5.267474135755754,7.563928085380683,152.4820000000001,154.4825000000001,158.384,149.04267499999997,12.065239223878198,13.12518,17.676256748196543
MOH,Molina Healthcare Inc,194.0801,USD,-1.1308711156393398,350327,0.665531253621385,10130981525.505606,USD,Health services,Buy,201.0995999780942,200.28756371418172,196.10029301243353,-4.52103114084716,-1.5071809185486038,11.540287356321832,199.34202000000064,201.35600500000032,209.42280199999942,177.9355004999999,nan,5.233027,-100.92903989348588
SOLS,Solstice Advanced Materials Inc.,63.7501,USD,-1.2085851541918453,843952,0.21117744728796203,10129217167.127747,USD,Process industries,Strong buy,63.6149979447987,65.67721836518486,67.12416076554318,2.558075933075944,4.3373158756137515,31.41640898783757,62.87401999999999,60.341004999999974,61.969402,68.24327550000002,48.37248653160331,2.888952,nan
BIO,"Bio-Rad Laboratories, Inc.",376.945,USD,-0.8352625486688444,75814,0.38138347214201346,10127076771.16646,USD,Health technology,Buy,361.0318951000192,345.07739322553846,329.10093932454646,-0.9655299248594429,7.548004222659699,24.314029417584578,383.91700000000026,376.6622500000001,339.4218999999999,302.72342499999996,45.66816089168888,9.641321,-29.659204213289247
KRYS,"Krystal Biotech, Inc.",341.76,USD,-2.704549336673689,106776,0.4792463907059163,10115698127.767693,USD,Health technology,Strong buy,344.63066040375503,339.2848165482302,327.177230856326,-6.622950819672134,5.30597152893325,39.130434782608695,358.26000000000005,348.50249999999977,348.5965999999998,291.74219999999997,42.83028799157831,7.641,62.32479606159854
FRT,Federal Realty Investment Trust,115.49,USD,-1.501066098081028,519915,0.802890197779553,10095620441.757954,USD,Finance,Strong buy,118.18904691538356,118.55155823921794,117.44363815538485,-1.8192637932500217,-2.2099915325994917,16.245596376446905,116.98600000000002,117.30350000000001,120.54139999999995,111.37200000000031,23.317181506157883,4.261305,25.62138581718576
MGM,MGM Resorts International,40.07,USD,-1.6445753559155663,1322484,0.7207045584011271,10081321624.296268,USD,Consumer services,Buy,42.75567314275779,43.12005961573529,42.62479422059695,-2.0772238514174033,-9.117713767294179,9.391209391209385,40.92000000000003,42.592500000000015,44.58959999999999,39.68104999999997,24.251043999273737,1.842162,-8.95917130420408
RYAN,"Ryan Specialty Holdings, Inc.",39.37,USD,-3.670173721556154,793301,0.5580827023634664,10071427955.452898,USD,Finance,Buy,41.44264690085619,40.80626607290066,40.45252806314189,-6.816568047337284,-7.1900047147572,-23.195474053843153,41.366,42.45949999999999,42.30000000000001,41.55715,57.78658447086452,2.160802,2862.1739130434785
AVTR,"Avantor, Inc.",14.835,USD,-2.7213114754098306,3466398,0.5039914784331899,10033783179.33246,USD,Health technology,Buy,13.777872333491999,12.877758313788393,11.992409137971629,4.324894514767934,9.888888888888895,28.77604166666668,14.979000000000003,14.347250000000008,12.807099999999993,10.406425000000004,nan,0.812773,-184.09136047666337
CFR,"Cullen/Frost Bankers, Inc.",161.4,USD,-1.3507731801234693,168481,0.36699264080438176,10030813877.445143,USD,Finance,Buy,161.92827854011156,159.31361959840854,155.03071237241485,0.9254627313656942,-1.4170535059858254,27.60910815939279,162.40399999999994,164.0555,162.57880000000006,143.78014999999988,15.264432170689263,10.99179,13.85622604126288
GMED,"Globus Medical, Inc.",74.63,USD,-0.5463752665245346,682669,0.6397750873369669,10019966811.328756,USD,Health technology,Strong buy,80.12469576116273,80.84944483596576,81.5973136016815,-6.979932693506181,-8.564077432001971,-14.326713350935604,77.3480000000001,82.71149999999997,80.57379999999993,85.80620000000005,19.083052060959393,5.000451,50.93203658677782
XP,XP Inc.,19.355,USD,-3.176588294147064,19984838,2.7795540162822685,10006835478.871187,USD,Finance,Strong buy,17.881781947488978,17.57667322255838,17.537508680392335,2.1102611448166826,19.845201238390104,15.483293556085911,19.839,17.60674999999999,16.99049999999999,18.04672500000001,10.09281952338739,2.0748883788000003,20.428284350665656
SAIL,"SailPoint, Inc.",17.625,USD,-0.9274873524451891,4385954,1.1521931501582705,9996600596.92243,USD,Technology services,Strong buy,17.9185894898783,17.259192852646805,16.686802603901917,-7.867224255096701,-5.241935483870975,-14.420975965040054,18.387,18.930250000000008,17.133000000000003,16.003549999999997,nan,0.319901,78.71144203008662
FDS,FactSet Research Systems Inc.,281.0,USD,-2.768166089965398,230537,0.28120389621399294,9993917899.975779,USD,Commercial services,Buy,283.87351809275816,274.3027961258693,265.66164580395724,-6.796245314935821,-0.5520951302378264,-2.616530930514646,298.198,296.4584999999992,274.86819999999994,249.88215000000022,18.519128744192177,17.838297,9.523534549339184
ZIONP,Zions Bancorporation N.A. - Depositary Shares each representing a 1/40th ownership interest in a share of Series A Floating-Rate Non-Cumulative Perpetual Prefer,17.9672,USD,0.15273302935370814,10663,1.7927637109519485,9978831206.0,USD,Finance,,18.152634067789837,18.30862100816185,18.568360595061158,1.2236619718309762,-1.5495890410959,-10.43270189431705,17.84543999999999,18.116314999999954,18.24843199999994,19.247277999999977,2.2888152866242035,8.009561,43.201138312233205
ENSG,"The Ensign Group, Inc.",170.51,USD,-0.01759118095461542,309535,1.1059146344731243,9937737184.092117,USD,Health services,Strong buy,173.68062896477312,174.11014571512325,175.42928600329074,-1.7856114279131516,-6.313186813186818,-1.7742957543637379,171.32599999999982,176.93100000000013,174.74339999999972,182.26230000000004,26.717329990598557,7.794301,15.21519352975158
WMS,"Advanced Drainage Systems, Inc.",131.79,USD,-1.406448716989598,369514,0.6370770666807353,9937669899.785967,USD,Producer manufacturing,Strong buy,139.4482641612868,141.121330420671,142.49979517822777,0.8031206975676785,-7.26198015621703,-9.135410921125207,133.73799999999977,139.9830000000003,143.66099999999992,147.46740000000017,22.75026325329282,6.271556,4.580083766608902
GLXY,Galaxy Digital Inc.,25.39,USD,-6.136783733826248,3691113,0.7643930483573042,9924673637.011831,USD,Finance,Strong buy,24.249178060478172,24.454103801340754,24.788225600953783,10.343328987396779,23.552311435523112,10.9217999126256,25.865999999999996,23.65650000000001,23.19430000000001,25.07270000000002,nan,-0.729058,71.4400987279286
FCFS,"FirstCash Holdings, Inc.",228.795,USD,1.4972052169284005,223845,0.5771158465087642,9923250779.020561,USD,Finance,Strong buy,219.90281387081697,217.57094372332696,213.4017970227559,6.016866688290619,8.438788568178575,43.77867152642493,224.77099999999996,219.73050000000018,214.5267999999999,197.28910000000013,26.087774509133197,11.29146,34.81622676894226
DDS,"Dillard's, Inc.",633.51,USD,-1.7966206789645067,82985,0.4870929324127374,9895078371.486715,USD,Retail trade,Neutral,612.6059389276489,601.9995279845997,595.8782231003466,0.7987398367515762,3.616290480863594,4.48098426625325,644.8059999999998,622.4884999999999,589.6126000000007,606.2512000000004,14.50678842864307,39.417239,20.41520869351818
MOD,Modine Manufacturing Company,186.21,USD,-3.1920977384975235,413850,0.33974872960573793,9890117154.545103,USD,Producer manufacturing,Strong buy,201.71956039752362,211.86347048314366,217.31330075831784,4.624115069108899,-5.902268937288381,36.687954195111224,187.87200000000007,191.99150000000006,210.43,210.9904500000002,70.17524024872809,7.512848,-23.959766162310856
PODD,Insulet Corporation,142.3525,USD,0.05095586168118563,552713,0.3126802168423356,9872742908.068403,USD,Health technology,Buy,148.6507599415449,153.5405509979566,164.84050896643197,-3.815878378378384,1.2824617573817008,-50.13224269599944,146.16649999999984,145.86862499999987,153.69545,208.22536249999996,28.221026129019467,6.503135,53.510453756961574
HSIC,"Henry Schein, Inc.",88.54,USD,-0.36011703803735445,254642,0.3404799601225472,9867476792.690075,USD,Distribution services,Buy,87.95497067456418,86.36090935902159,84.14094434266799,-0.5392046731071555,1.107685280347166,17.038995373430268,89.69199999999992,89.58750000000002,87.5974,79.26230000000004,25.801375451684347,5.384536,10.347932342915946
VIRT,"Virtu Financial, Inc.",63.515,USD,0.7854649317676886,245527,0.26333333690840977,9857542747.937084,USD,Finance,Buy,62.6769060134728,60.86035606582021,57.86510208645694,-3.237355271176112,13.826164874551978,89.59701492537313,63.568999999999974,63.171249999999986,61.030100000000004,47.95201000000003,10.542258664188022,7.166751,36.75943160666454
ORI,Old Republic International Corporation,40.655,USD,-0.28207014961982335,367266,0.36589542890241733,9815455568.61724,USD,Finance,Buy,41.60081034576453,41.46838124488426,41.2658203693062,-3.179328411526556,-5.033870590983417,-5.122520420070012,41.50300000000006,42.00124999999998,42.17309999999997,41.503675000000015,8.903854577310558,2.9835,29.326460091769093
MP,MP Materials Corp.,54.96,USD,-0.7404731804226055,2360883,0.5128404138794657,9788463363.272532,USD,Non-energy minerals,Strong buy,54.33780319307638,54.39085212801461,55.07718360660214,2.336840145237878,4.081052930593696,6.759906759906768,54.668000000000006,56.467500000000015,51.41420000000001,57.59164999999998,nan,0.013714,43.46421069639684
RRC,Range Resources Corporation,41.68,USD,-0.5013129625208901,774698,0.40550241025141215,9739762237.586058,USD,Energy minerals,Buy,40.608038245165005,40.17415816693095,39.91332738954149,-0.99762470308789,7.036466358500263,19.358533791523474,42.08399999999998,41.13549999999999,39.27599999999996,39.28689999999999,11.50205590970555,4.062635,82.40712775596496
PRAX,"Praxis Precision Medicines, Inc.",348.14,USD,-1.231275533363604,258703,0.9137464441300153,9720065145.557196,USD,Health technology,Strong buy,346.0094702324511,339.17940194622975,328.53365549685594,-2.8681435187768622,-2.9493755575379237,19.837527107500602,353.01599999999996,364.46849999999984,339.5557999999998,309.51885000000004,nan,-13.595501,-5.316222902154806
VIAV,Viavi Solutions Inc.,39.27,USD,1.3419354838709758,2226518,0.6367961493149487,9689865908.720516,USD,Technology services,Strong buy,38.99179796668463,39.96553754335169,39.73785703536903,13.007194244604326,-2.2161354581673147,117.56232686980611,36.201999999999984,38.7005,39.47159999999999,35.03980000000002,nan,1.644338,-204.1015625
ONB,Old National Bancorp,25.295,USD,-1.2299882858258404,1678582,0.5826881177524438,9677108565.82175,USD,Finance,Strong buy,25.92839251722948,25.767055072022156,25.348908518904473,-0.1775848460931261,-4.112964366944645,13.379650380995082,25.71499999999994,26.042249999999974,26.30599999999996,24.15690000000002,11.265253406965352,2.606325,33.31354271804312
DRS,"Leonardo DRS, Inc.",36.245,USD,-1.8814293448835961,237269,0.2810334047043771,9673482420.443558,USD,Electronic technology,Strong buy,40.41050889080736,41.67921181624097,42.33845556076056,-3.8594164456233564,-19.401823437847458,6.2280187573270815,36.76499999999995,40.10074999999997,43.15319999999999,41.946324999999995,30.234401067734396,1.380307,28.84780739466897
SIRI,SiriusXM Holdings Inc.,28.68,USD,-0.4166666666666701,1854088,0.522845855353129,9667078278.729166,USD,Consumer services,Buy,28.921520294117087,28.712953935831706,28.006587314683255,-1.1204964661265275,-2.6476578411405334,42.75759084121454,29.187999999999995,28.64224999999997,29.69129999999994,25.114174999999996,11.296675594769182,2.964968,nan
AYI,Acuity Inc.,322.83,USD,-0.8080870153014181,50813,0.29684287884957244,9664092343.786947,USD,Producer manufacturing,Strong buy,334.95405784981455,332.15218226322753,327.09747480955093,-1.3446199920545285,-10.31503500388932,-11.137108095460936,328.27999999999986,340.6089999999998,341.1728000000001,319.0290499999999,21.414925373134327,19.808928,18.78683770920667
OGE,OGE Energy Corp,46.78,USD,-1.2871913905887307,507481,0.35176988466714565,9663872320.649082,USD,Utilities,Buy,46.992406488319425,47.2471240441162,47.30018765289702,0.19276076247591223,0.2142245072836363,9.734928454140274,46.88800000000005,46.56950000000004,47.61180000000004,46.547400000000025,20.488787666433076,2.422901,-6.226384097256455
SPXC,"SPX Technologies, Inc.",192.925,USD,-2.1628885846138175,229554,0.6494418801375531,9662814893.300625,USD,Producer manufacturing,Strong buy,205.40691108418073,209.40129282737334,211.52238128499363,0.44515020565419805,-10.893261281234116,-4.3220591152548975,194.73500000000004,203.58125000000013,211.57190000000014,214.410125,33.812678549520655,8.382632,27.513073794305647
BSY,"Bentley Systems, Incorporated",31.955,USD,-2.6948842874543395,1064077,0.5642875624058739,9653378209.84546,USD,Technology services,Strong buy,34.200103479845744,34.02835903055907,34.248512626872774,-10.15042879235203,-8.778190122751935,-16.47935180345008,33.843,35.76624999999999,34.21569999999999,35.38279999999998,35.21988316984459,1.397611,15.934065934065938
PAYC,"Paycom Software, Inc.",216.56,USD,-1.1863478736995776,345829,0.5307621307652617,9590420859.523636,USD,Technology services,Buy,207.56867859593888,191.96611293148086,177.4712528164223,-8.659158969167827,1.6713615023474189,35.833908298312735,228.83200000000002,227.56550000000001,185.68720000000005,149.81194999999997,23.01503799351719,12.09022,27.296463648908244
KYMR,"Kymera Therapeutics, Inc.",115.265,USD,-1.0346011848544676,416249,0.7256483171194491,9584356257.448915,USD,Health technology,Strong buy,113.84065728892344,109.79568287047596,103.69459062624139,-3.6084629536711805,8.098096220575828,49.017453135100205,117.00699999999999,119.58775,114.33809999999994,89.602375,nan,-3.82472,6.7318757192174905
FLS,Flowserve Corporation,75.2,USD,-2.3122889062094063,644814,0.4020766859823073,9558881300.805403,USD,Producer manufacturing,Strong buy,76.92031848037271,76.46319866786932,75.87667941865371,-3.155183515775921,-5.9647367762911045,7.566871692175664,76.74999999999996,79.1869999999999,75.41000000000005,76.10770000000007,26.370235298243152,4.116589,29.30534143466038
FPS,"Forgent Power Solutions, Inc.",31.32,USD,-3.0640668523676937,1866282,0.3799811157968141,9534713384.523674,USD,Producer manufacturing,Strong buy,35.0543100040794,37.391128310002145,37.39269262986661,7.925568573397659,-20.305343511450374,20.46153846153846,30.999999999999993,33.246000000000016,37.511199999999995,nan,nan,nan,nan
JAN,"Janus Living, Inc.",30.94,USD,-0.09686793671294021,462502,0.3480893477142407,9526140744.588959,USD,Finance,Strong buy,30.367696150212385,29.714564989001836,28.358516494774946,0.16186468112658048,1.9104084321475687,34.52173913043479,30.937999999999978,30.660000000000007,30.258400000000005,nan,nan,0.185702,nan
MTCH,"Match Group, Inc.",41.41,USD,0.6318347509112954,1712975,0.579963155381473,9505706417.910328,USD,Technology services,Buy,40.12460273559965,39.16268266756858,37.96719762085937,-0.7668344116942255,11.91891891891891,27.611710323574705,41.85800000000003,40.4635,39.358799999999995,34.7688,14.621658839730234,2.782247,39.471092287993685
RMBS,"Rambus, Inc.",87.455,USD,0.6502474392910551,584604,0.3242980210744565,9485509271.279608,USD,Electronic technology,Strong buy,94.03333724737212,99.72509671272257,104.18041062158642,4.0511600237953616,-14.21775380088279,-8.347306644309372,85.77300000000005,90.67675000000001,97.82289999999993,107.95370000000003,40.030667826246166,3.037143,3.388386730396084
MSGS,Madison Square Garden Sports Corp.,393.75,USD,0.7625969240218078,126024,0.571007582080301,9481666910.218927,USD,Consumer services,Strong buy,393.296831087662,387.9747179070372,375.04324144037423,2.841695614699505,1.2731481481481453,52.480346977500666,389.9599999999997,398.1120000000001,395.0204000000002,330.4253,1266.4844001286588,-0.692967,nan
HLI,"Houlihan Lokey, Inc.",135.455,USD,0.04800945416945576,315623,0.4996185066990857,9467971276.097794,USD,Finance,Buy,134.18102159987598,135.90543871481876,139.934587456811,2.338319734058627,6.172597585828511,-22.228282712292575,135.60500000000005,130.97875,133.58510000000007,153.36227500000018,22.752162593432438,6.935941,0.3742855697739075
R,"Ryder System, Inc.",244.885,USD,-0.8121025557940765,79403,0.36467205326031593,9390572405.644638,USD,Transportation,Strong buy,252.53854497386817,252.986902290461,248.44543764595753,0.37093204361013243,-6.195893664291738,27.9975956512649,246.0630000000005,250.75075000000015,259.5269000000006,226.88932499999993,20.12582492993746,14.673182,3.8793508234229437
PTGX,"Protagonist Therapeutics, Inc.",144.69,USD,-0.8565163765931204,260444,0.5612557592266151,9362641547.556393,USD,Health technology,Strong buy,143.05103221730045,137.20379714274154,128.40263750761002,-2.236486486486488,-3.0942334739803123,67.19436098913796,146.24599999999992,150.5275,141.93880000000004,106.66852499999999,139.51402950535146,4.670262,45.53746842548413
LTH,"Life Time Group Holdings, Inc.",41.895,USD,-1.3538968683776682,874325,0.36440777677225467,9361939076.401342,USD,Consumer services,Strong buy,42.78505169288956,41.44493509361109,39.13823401960224,-0.7697773567029743,-2.4790502793296034,58.69318181818184,42.83499999999998,43.978750000000005,43.254100000000015,32.590055000000014,22.907211985346386,1.596099,79.02310101801095
MUSA,Murphy USA Inc.,509.29,USD,-1.6453911666441217,174706,0.6215287017575816,9360927493.034338,USD,Retail trade,Buy,537.913652106215,543.7482054537958,537.6271559998362,-4.462744803781799,-3.8386012612816707,26.45941449606436,516.24,541.8354999999999,570.1185999999999,494.22265,15.506285756041422,34.906,35.93962120459587
RGEN,Repligen Corporation,165.78,USD,-1.6317569572182993,566173,0.6811937991323329,9355896908.897999,USD,Health technology,Strong buy,162.79141567336447,156.12188650052454,149.4444890740972,-3.4844118417605365,1.6680976327732115,1.3758943313153549,168.8920000000001,173.51800000000003,156.64039999999994,142.10555,225.9506610331198,2.061561,nan
IONS,"Ionis Pharmaceuticals, Inc.",56.2,USD,-0.8993122906013014,1652497,0.5718003671570561,9339558980.02116,USD,Health technology,Strong buy,59.15856858924568,61.50954494678566,64.43083955123595,-6.721991701244809,0.17825311942959254,-29.644466700050064,58.092000000000056,59.516999999999975,60.25679999999997,73.24057500000008,nan,-3.649224,-87.54657881946319
AAOI,"Applied Optoelectronics, Inc.",109.85,USD,-1.5239802779022886,4120377,0.6993415537937343,9326956008.199911,USD,Electronic technology,Strong buy,117.15489463851479,121.30298661158542,120.95088687332203,7.60113625232637,-22.48800451594694,202.24239922960518,106.08800000000001,118.821,116.34419999999996,102.40854999999999,nan,0.74,76.82331945270673
APTV,Aptiv PLC,44.88,USD,-1.8587360594795415,1513715,0.25954776346528924,9318583815.167286,USD,Producer manufacturing,Strong buy,49.700230493541326,52.306700054195495,55.00791995779388,-0.288824705620963,-8.520179372197308,-31.04365082927717,46.023999999999965,47.062000000000026,52.701200000000014,60.85077699209998,42.57256687535572,5.748275,-75.87201318319143
JXN,Jackson Financial Inc.,137.47,USD,0.6442638553334764,279865,0.5332124897449976,9310670257.567024,USD,Finance,Buy,131.37539201364794,126.74152910265025,121.83250925256662,2.5436371773832587,4.484304932735431,29.116182962336808,138.22799999999998,134.04849999999993,125.95300000000003,113.01899999999986,188.85835966478913,27.07525,nan
OSK,Oshkosh Corporation (Holding Company),150.7725,USD,-1.9557159578618761,128043,0.34063556147684027,9308656369.615587,USD,Consumer durables,Buy,152.00865200255947,150.0657670288063,148.05596128347818,1.5850289718366937,-2.921576202433838,19.42376237623763,154.17650000000003,153.73062499999997,150.31304999999992,145.97976249999996,17.25994230372965,10.703,-12.33214909375564
SAIA,"Saia, Inc.",347.835,USD,-1.9741291849847808,135864,0.36558274099873855,9278376854.322496,USD,Transportation,Strong buy,370.3096769936417,382.78469831695605,389.7348385936272,4.476917069654274,-3.4247716356165245,6.368306779609184,347.69299999999987,356.9072500000004,384.6429000000004,385.93690000000004,33.547282634903794,11.34005,-4.220629260812543
WYNN,"Wynn Resorts, Limited",89.97,USD,-2.4398178269355886,981184,0.6197768640573206,9264561204.468119,USD,Consumer services,Strong buy,95.92696692254707,97.63360246529318,99.73363414445046,-0.8485783557416752,-11.794117647058824,-25.074950033311126,91.36199999999994,96.74050000000018,97.6409,106.83754999999994,21.54918445067184,4.64442,23.166558499026475
VMI,"Valmont Industries, Inc.",478.8183,USD,-0.9826291953595077,89056,0.5328604029720897,9243519072.393948,USD,Producer manufacturing,Strong buy,490.3670238058597,495.52471250852824,493.02730884493394,1.980384222184367,-3.329571379540082,18.84591327657674,476.57765999999975,481.7504150000003,502.11156599999964,469.1175414999991,18.64092671608322,23.099448,139.09672254749557
QRVO,"Qorvo, Inc.",104.63,USD,0.5380993562025582,346498,0.36135187470226104,9230629528.84424,USD,Electronic technology,Buy,97.91039947265072,95.9950358368493,93.93639576997849,8.537344398340238,5.718904718601593,22.517564402810294,102.50999999999999,97.79974999999978,92.63940000000001,88.06457500000027,24.277791957676865,7.648126,402.999533146592
WLK,Westlake Corporation,72.15,USD,-3.4782608695652097,392039,0.6449099214620627,9220520860.982609,USD,Process industries,Buy,75.94821431985606,78.23704469232668,81.39506545648497,-1.9701086956521585,-6.614030546207609,-3.24527289794822,74.51200000000013,76.46349999999998,75.87800000000007,88.21991499999986,nan,3.065257,-1710.041525103813
AMG,"Affiliated Managers Group, Inc.",356.555,USD,-1.0174337904613904,96642,0.3682436088346154,9220488746.108543,USD,Finance,Strong buy,362.26444589180926,356.0307785998022,344.33080857253526,-1.5041436464088378,-3.1390073619298597,23.482251082251086,361.929,363.8907499999998,362.8718999999994,315.64592500000015,12.444331983805668,36.951304,115.62311860325106
CTRE,"CareTrust REIT, Inc.",39.02,USD,-0.7629704984740517,863751,0.5219736606503745,9220160500.258902,USD,Finance,Strong buy,39.70130020449869,39.869678231927836,39.73444590958134,-2.2055137844611417,-4.922027290448334,8.133573506997374,39.306000000000004,39.38850000000001,40.64499999999997,39.01309999999996,24.593470313878736,1.533849,32.349015682349005
PNR,Pentair plc.,57.695,USD,-1.5779597407028272,990800,0.20087603685933356,9210311629.577364,USD,Producer manufacturing,Buy,63.42257399285789,66.48851681405525,71.11909863230036,-4.510095994703742,-15.60122878876536,-44.64114373440798,59.27699999999989,62.49575000000001,66.3217,85.27882499999988,14.51921383093842,4.64608,8.53545285698678
VOYA,"Voya Financial, Inc.",101.63,USD,-1.2054048799455712,283301,0.3550214810421329,9207307460.991543,USD,Finance,Strong buy,100.26961913308567,97.55212627788346,93.39407897312557,0.0787789266371229,0.9235352532274008,36.471062172686985,103.16799999999996,100.94499999999998,99.32100000000003,81.90195000000006,17.137701932481196,9.141921,18.72509960159362
ESTC,Elastic N.V.,87.085,USD,-1.5098394028500428,1242337,0.33010565005905346,9143165394.636395,USD,Technology services,Buy,82.79081879372319,77.00411251547521,71.94546249279433,-5.342391304347833,17.634742671889764,15.436108165429475,90.60499999999999,87.3502499999999,73.08530000000002,63.83720000000008,24.386043516003472,3.359707,nan
SM,SM Energy Company,38.25,USD,1.2976694915254292,1687922,0.48752907690768427,9097917579.641155,USD,Energy minerals,Strong buy,34.95370648849426,33.51771708306473,31.88624947063148,2.0,29.09213634829565,105.31400966183575,37.66799999999999,36.2515,32.547399999999996,26.957150000000006,7.5400658400520415,7.186377,-28.25564292583584
TTEK,"Tetra Tech, Inc.",35.49,USD,-0.42087542087541685,522078,0.3064791099063024,9087016792.618689,USD,Industrial services,Strong buy,34.93126699884689,33.93784577084526,33.191202812375494,-0.44880785413743784,1.3420902341519099,5.562165377751352,35.84799999999999,36.21849999999997,33.75880000000001,32.96962499999999,21.347368421052632,1.57707,106.08652535019216
EAT,"Brinker International, Inc.",217.24,USD,-2.3596566137803943,521654,0.6592313672681025,9073031177.705067,USD,Consumer services,Strong buy,218.80842938534295,207.60827184432236,193.8159200783119,-7.154457645952638,-5.035845427522286,49.88271008693253,225.96600000000004,235.54600000000005,211.8024,164.69034999999994,19.93960476920394,13.232005,31.088544236021708
PBF,PBF Energy Inc.,76.36,USD,-0.5340627849420302,975927,0.3951539808769228,9051473143.379967,USD,Energy minerals,Buy,69.30162179533438,64.29359846398867,58.35705834335777,0.6193174331268927,19.42446043165468,179.39992682034395,75.656,72.78500000000003,65.17639999999997,44.66325,6.751845793359565,17.58143,nan
ADC,Agree Realty Corporation,72.675,USD,-0.14427040395713656,522159,0.45281024988988877,9039266246.605524,USD,Finance,Strong buy,74.40860144971366,75.08599988752337,75.46948450776328,-0.1717032967032967,-3.588485009286281,0.7695507487520695,72.68700000000004,73.64174999999996,76.33110000000006,75.53442500000001,39.14835164835164,1.903142,10.717480765789942
SNAP,Snap Inc.,5.3358,USD,-1.7348066298342513,22329916,0.6812023428262679,9023892804.59558,USD,Technology services,Buy,5.238706865248577,5.200517827809096,5.286376427189481,0.6754716981132086,1.0568181818181748,-35.16646415552856,5.505159999999997,5.3972899999999955,5.040516000000002,5.811229000000004,nan,-0.048718,42.927278306228914
GME,GameStop Corporation,19.915,USD,5.426151402858648,10405430,1.3197266283726277,8935686028.153519,USD,Retail trade,,19.60987773311008,20.171574205959413,20.844885390059872,5.7620817843866226,1.6071428571428454,-1.7028627838104757,19.232999999999986,18.498749999999998,20.168100000000017,22.172374999999988,13.15302820157189,1.8,106.98564593301434
FORM,"FormFactor, Inc.",114.34,USD,4.077917349353727,558842,0.520552015660098,8932324036.3144,USD,Electronic technology,Strong buy,112.73623526614465,114.62429312975323,113.70304754375734,19.72774869109948,-4.5017957070074335,97.64909248055315,104.28800000000001,112.62325000000003,113.04970000000004,102.66272500000005,78.39023721376664,3.048201,159.21450151057402
DY,"Dycom Industries, Inc.",296.01,USD,-2.2779043280182343,186056,0.2204842391145269,8927945088.86788,USD,Industrial services,Strong buy,353.055796949285,374.5681598376231,386.25568016767846,2.784818917323512,-27.816523605150216,-13.02521008403361,298.33799999999985,349.91950000000037,392.3582,394.2304499999999,26.944783265670228,17.052867,23.491456834532357
ONON,On Holding AG,27.09,USD,-0.6600660066006591,4884009,0.784851677046086,8922701718.392738,USD,Consumer non-durables,Strong buy,31.0757648964539,32.8355088849044,34.670021407450875,-2.13150289017341,-29.342723004694847,-42.164816396242536,27.701999999999998,29.422500000000007,33.933799999999984,39.43830000000002,18.158053488839734,1.728752938,226.7411300919842
AGCO,AGCO Corporation,127.22,USD,-0.07069358259367167,386250,0.2853291823385336,8909435632.048859,USD,Producer manufacturing,Buy,117.58110878309657,115.97155294902421,115.3643321669091,3.3216925201007093,24.725490196078432,21.335240820219365,128.08799999999985,112.44349999999983,112.39540000000015,115.33274999999996,17.60708601480866,5.653907,443.1481620687063
TTC,Toro Company (The),94.03,USD,-0.7598944591029012,343521,0.3650151352481696,8901197231.386387,USD,Producer manufacturing,Buy,95.6958105014781,95.30245385682964,94.34800703757882,-4.343845371312305,-5.373855288316396,19.494217816749277,94.72600000000011,97.43849999999993,96.06079999999999,91.44525000000036,25.177390419578547,4.631304,13.265398962787742
BRX,Brixmor Property Group Inc.,28.94,USD,-0.720411663807881,846387,0.3776059628395048,8880884663.809948,USD,Finance,Strong buy,29.818361132512745,30.12190871803165,30.120847334028756,-1.2960436562073636,-5.424836601307189,10.838759096131756,29.182000000000066,29.421999999999997,30.626000000000044,29.187649999999998,20.649304316803427,1.052069,28.22506861848125
KNTK,Kinetik Holdings Inc.,54.65,USD,-0.6002182611858827,296652,0.37276835276453024,8874019619.10604,USD,Industrial services,Strong buy,52.84202824336076,51.65265878341357,50.12459371485282,0.01830161054172403,10.314897052886556,51.59500693481277,54.502000000000045,54.10300000000002,51.42359999999998,45.33579999999997,19.790685883971896,1.359357,281.67242570836214
PCVX,"Vaxcyte, Inc.",59.49,USD,-1.441351888667988,548497,0.5680824961795337,8852426350.836977,USD,Health technology,Strong buy,58.89781186093787,57.818703206225415,56.55478140016483,-3.4723349018335234,2.6043463263194293,29.80580405847699,60.751999999999974,60.71000000000007,58.2994,54.169300000000206,nan,-8.206667,-83.87235260446478
LLYVA,"Liberty Live Holdings, Inc. - Series A Liberty Live Group",93.555,USD,-0.83209667161331,24251,0.2799276489009397,8847576942.763357,USD,Consumer services,Strong buy,97.62772068608251,97.51170862363156,96.44180653789459,-4.379599345870806,-4.428440085810597,14.272627336020522,95.99799999999999,100.26350000000006,99.8582,91.79007499999997,nan,-7.69,nan
PRI,"Primerica, Inc.",287.06,USD,-1.1263045499948272,55295,0.3174305206331273,8834945530.880516,USD,Finance,Buy,297.549993234151,296.19553331891035,291.3130292471357,-1.5332898844029674,-10.34978138663335,11.440661516363225,292.8700000000001,298.648,305.8240000000001,274.5889999999999,11.524071040883836,25.249165,23.365541286766344
FIGR,"Figure Technology Solutions, Inc.",39.495,USD,3.214425715405715,4394361,1.0993543012393614,8829707301.513916,USD,Finance,Strong buy,34.73024933138085,33.77431161753468,33.65869707002271,18.567997598318808,38.19104268719384,-5.378533780546249,36.623999999999995,36.085750000000004,32.16299999999999,36.895875000000004,43.28219178082192,1.21195,nan
IDCC,"InterDigital, Inc.",342.095,USD,0.3387692849181761,72035,0.42943208969816055,8828106159.743635,USD,Technology services,Strong buy,326.7173002798428,317.9027375855826,313.2575308185363,6.677996756891611,-0.715405154399807,7.411535684008922,337.335,339.7437499999998,306.5945,318.97325000000023,39.47143730745711,9.0725,-38.22946660204693
ARE,"Alexandria Real Estate Equities, Inc.",50.64,USD,-0.2560567264132412,323223,0.2280331739260645,8823896447.177465,USD,Finance,Buy,51.17410560823607,50.89780026272166,50.92532863176924,-2.201622247972191,3.094462540716619,3.7917606066817,51.89400000000004,51.02649999999988,50.56939999999995,50.1367499999994,nan,1.516062,-4488.115064345193
ESI,Element Solutions Inc.,36.035,USD,-0.4832919083126326,1712380,0.28571765616748807,8781401457.104115,USD,Process industries,Strong buy,36.93720852509529,37.65705204838874,37.65893927680866,2.197958026091885,-5.270767613038913,43.052798729654604,35.53299999999996,36.26674999999999,37.87729999999997,35.25432499999999,49.10069491756369,1.813531,-25.906108026249374
BAH,Booz Allen Hamilton Holding Corporation,72.94,USD,1.151019276105947,608211,0.45045506099548915,8773586015.55651,USD,Commercial services,Buy,73.37372750068866,73.29273548077569,74.43222499444941,-2.3952897096213115,-3.620507399577179,-13.414055080721745,72.98000000000016,75.32900000000001,70.71459999999998,78.79175000000001,11.453965861088864,6.409482,-21.793753914549225
KTOS,"Kratos Defense & Security Solutions, Inc.",46.67,USD,-3.174273858921164,2133252,0.779786690478361,8760954550.497095,USD,Electronic technology,Strong buy,51.86626990258201,53.6212987995746,57.01956611801535,-5.14227642276423,-23.366174055829227,-39.033311561071194,47.71400000000001,54.67999999999991,52.3492,71.38099999999996,268.372627947096,0.838758,86.58798283261801
ALV,"Autoliv, Inc.",119.61,USD,-0.5322245322245327,239530,0.4291050491366753,8759903975.710354,USD,Producer manufacturing,Strong buy,122.08347550856297,121.60610741933671,120.82036229043788,0.49571500588136735,-2.0473343706494145,-1.3200231004042524,122.256,122.1040000000002,121.11520000000004,119.17379999999996,14.084523627285893,10.126858,-7.086433260393877
CUBE,CubeSmart,38.9,USD,-1.9162884518406407,841257,0.42419799890135523,8758811363.161877,USD,Finance,Buy,40.25791137859722,40.40657038494193,40.29280162088392,-1.9904257999496073,-5.993233446109241,9.57746478873239,39.454000000000086,40.43900000000004,40.87959999999994,39.14274999999986,26.594653722567855,1.54136,-10.854461238420292
QGEN,Qiagen N.V.,42.495,USD,0.27135441245869485,548045,0.341557269807901,8757146841.16989,USD,Health technology,Buy,42.41143327206778,41.76852764171241,41.53506501581243,-2.601421040568428,-1.449443413729128,-10.20838314206947,43.28099999999991,43.314750000000174,42.00910000000019,43.100923786649936,21.584213734254366,2.42562,9.469001946066173
TXG,"10x Genomics, Inc.",66.54,USD,1.432926829268311,1463895,0.6598628603852261,8669574085.627136,USD,Health technology,Buy,57.52340953521747,51.772308538238185,44.96475888184895,10.458167330677298,28.183394336351398,307.9705702023299,63.931999999999995,61.90250000000001,52.03819999999997,29.44334999999998,nan,-0.731402,16.021076616348623
CHWY,"Chewy, Inc.",21.165,USD,-9.045981951009887,13187473,1.5978591466739798,8665463635.946068,USD,Retail trade,Strong buy,22.43227604830211,22.39626124239544,22.951949224286704,-8.850129198966407,-9.318766066838048,-35.785800970873794,23.244999999999987,23.31275000000002,22.37449999999997,25.706599999999998,35.12863070539419,0.774793,-32.51568100358423
WULF,TeraWulf Inc.,17.265,USD,-3.331466965285548,13784043,0.5455719856973669,8614694708.935331,USD,Technology services,Strong buy,17.446575178834124,18.28254478258867,18.63549049198212,19.43964026288482,1.320422535211276,47.50106791969244,16.537,16.188250000000004,18.1056,17.926125000000006,nan,-2.988043,-1179.5811518324608
KMX,CarMax Inc,60.615,USD,0.07429420505200876,486705,0.37640722032426527,8601940496.8841,USD,Retail trade,Buy,59.73146718558562,57.35460999062456,54.391730663660184,-0.3206709422792308,4.562704847334834,56.34511220015475,61.70899999999999,61.16124999999998,58.122499999999974,46.54752499999995,39.89403711991576,2.707808,-57.98003263364584
OSCR,"Oscar Health, Inc.",31.43,USD,-4.786428355043921,2517369,0.5929388857002126,8595130049.207512,USD,Health services,Buy,30.784686401356772,29.499171358783684,27.314018029407833,4.766666666666666,15.086049066276095,117.50865051903115,31.85200000000001,31.271999999999974,30.508799999999997,20.666400000000003,22.955010224948875,1.72404,nan
WAL,Western Alliance Bancorporation,78.78,USD,-1.4510883162371737,280299,0.31548064429863776,8594966660.99775,USD,Finance,Strong buy,80.20982131891935,80.35452999440554,80.4143747156591,1.1816080143847953,-2.209533267130091,-6.403706783889747,79.95800000000004,79.92049999999996,81.05720000000004,81.54439999999997,8.875819644426418,9.073776,16.700852003786686
LINE,"Lineage, Inc.",37.605,USD,-0.7259767687434151,398434,0.5337328128989426,8563035618.188489,USD,Finance,Buy,40.0867678333025,40.549119162764384,40.473938052792754,-5.1097653292960015,-11.141304347826095,7.812499999999983,38.15300000000009,40.178250000000006,41.81750000000001,38.66569999999996,nan,-0.696357,72.1732745961821
PB,"Prosperity Bancshares, Inc.",71.18,USD,-0.849700515392115,310927,0.4516452535101874,8554182816.49004,USD,Finance,Buy,72.5926947782448,72.37341551885528,71.82781408070623,0.21117837533437375,-3.8757596218770973,2.861271676300584,72.05799999999999,72.85499999999995,73.04220000000002,70.68755000000004,12.332588318866193,5.811957,5.186710648612203
AAL,"American Airlines Group, Inc.",12.92,USD,0.07745933384972724,29624936,0.49768035849580383,8552651132.018591,USD,Transportation,Buy,14.039989435605875,14.279359711803291,14.246766460982679,-2.1212121212121167,-17.916137229987292,-15.940143135979177,13.008000000000001,13.734999999999996,15.060799999999999,13.933025000000022,nan,-0.052462,-163.46104397017228
IBRX,"ImmunityBio, Inc.",8.065,USD,-2.7141133896260516,4966961,0.6913570434796286,8547579749.771412,USD,Health technology,Strong buy,7.8803784163776,7.804835553317317,7.589782757357753,1.5103838892385049,7.3901464713715015,299.25742574257424,8.115,7.961249999999998,7.8619,6.659125000000001,nan,-0.96,-96.55242344352058
VICR,Vicor Corporation,184.0,USD,-4.82102213945789,284456,0.49628141362809386,8483639229.339956,USD,Electronic technology,Strong buy,208.10713915160932,219.9167678956801,222.32889721995573,4.2492917847025495,-18.21858749277746,65.08164363897363,185.24400000000009,203.60299999999998,226.09430000000017,203.4207500000001,59.061436733645756,3.436,114.63313813296591
SNEX,StoneX Group Inc.,70.05,USD,1.4188504415810106,242720,0.3823127432278178,8449202415.095555,USD,Finance,Buy,70.65067925294056,71.46832149251858,70.439389563378,2.024468394989806,6.394289185905215,65.5766584660042,68.99599999999997,68.1905,72.2331101377999,62.18006070665,18.151900702236272,4.365,47.982974154459704
NNN,"NNN REIT, Inc.",43.965,USD,-1.0911136107986488,461387,0.3877894487704274,8438264661.711361,USD,Finance,Buy,45.625113046444625,45.828981813559665,45.610142529863836,-3.1821184761065697,-5.765727146072227,11.27562642369022,44.65899999999995,45.55274999999997,46.84429999999984,44.09277499999995,21.660836576834015,2.05426,-3.513025289979087
COLB,"Columbia Banking System, Inc.",29.775,USD,-1.6352824578790917,1297368,0.4754191360592322,8423415594.943012,USD,Finance,Buy,30.78899469633279,30.81928258982622,30.554643623608914,1.137907608695643,-4.536710484129538,6.149732620320847,30.274999999999984,30.87775000000003,31.480199999999986,29.705099999999984,11.880536270050273,3.029616,-0.5002382086707934
MOS,Mosaic Company (The),26.345,USD,-0.6973237843950331,3956833,0.5343425022877293,8374961390.301733,USD,Process industries,Buy,24.18592124577776,23.76685003982182,23.816584970002058,6.659919028340079,15.14423076923077,9.315352697095424,25.998999999999974,23.851750000000013,22.89010000000001,24.53717499999993,nan,0.50832,-168.4390789786022
TGTX,"TG Therapeutics, Inc.",54.605,USD,-2.036239684248305,647160,0.4443658623252716,8358335509.537315,USD,Health technology,Strong buy,53.36687686110233,51.683609091037965,48.70810205180043,-2.803488786044861,10.850588712951684,84.72598105548039,55.988000000000014,53.434000000000005,53.56890000000001,39.26047499999996,19.888909124021126,1.00331,633.6985569214324
TWST,Twist Bioscience Corporation,126.715,USD,-1.0502889270654372,801404,0.6029848428394892,8341954985.320435,USD,Health technology,Strong buy,120.3165141213355,110.42254538577126,97.60039697083441,-3.5874610058586343,11.584184572032406,299.3539237314844,127.84100000000004,134.04575,112.04869999999995,65.77062500000007,nan,-2.158429,-53.16848050695688
RHP,"Ryman Hospitality Properties, Inc. (REIT)",122.08,USD,1.1768606000331523,221013,0.42378445251228036,8328211382.138239,USD,Finance,Strong buy,125.3027973430622,124.00032303331052,120.46355595760049,-0.6186909801367674,4.039543207772281,28.980454305335435,122.22399999999989,126.21049999999991,127.2182,108.18429999999998,29.981826219362446,4.204978,-1.0041088230288726
HESM,Hess Midstream LP,40.39,USD,-1.4156700024408062,260135,0.19147547518871338,8327544243.139857,USD,Energy minerals,Buy,39.8452695815915,39.59934783916929,39.20804752778148,0.5476723923325837,0.9245377311344263,16.80161943319839,40.230000000000004,39.8635,39.776200000000046,37.72269999999999,13.929507518278383,2.947861,7.6317743132887905
FR,"First Industrial Realty Trust, Inc.",60.76,USD,-1.571359144662237,175696,0.2507489457814775,8326000294.137697,USD,Finance,Strong buy,62.64597166321055,62.89678453068214,62.5783479213127,-3.063178047223998,-4.012638230647708,6.260930395243089,61.54,62.46199999999999,64.08399999999996,61.10230000000002,22.125118345349936,2.503086,34.28194220331523
LNC,Lincoln National Corporation,43.33,USD,0.023084025854104365,650856,0.3949197113208121,8295413267.405816,USD,Finance,Buy,43.27953777713177,42.21023814880079,41.03116797108665,0.6971880083662495,-3.4966592427616936,-2.7166591827570743,44.38000000000004,43.72849999999996,42.66180000000002,39.461100000000016,3.7474918701999584,7.935353,101.7413152338911
CBSH,"Commerce Bancshares, Inc.",57.7,USD,-0.9782049081860309,294875,0.36707246405677457,8276036543.79269,USD,Finance,Buy,58.20215502353862,57.615847259393625,56.618439849244936,0.8212475974139543,-2.236529989833955,10.198624904507264,58.13300000000005,58.61325000000012,58.769500000000036,53.84214772760003,14.14493037850559,4.245971,3.34937927539904
TKR,Timken Company (The),119.405,USD,-3.5968028419182936,504556,0.6595773134247193,8274388845.295295,USD,Producer manufacturing,Strong buy,126.41296699039476,127.20368918105686,124.57764650097917,-0.22144229965739162,-8.333333333333327,40.60880829015544,121.549,124.86425,132.2539,111.64489999999999,32.38716502115656,6.282028,-16.14047857337822
PCOR,"Procore Technologies, Inc.",54.435,USD,-3.106087575649693,1072452,0.4678819256604651,8271688842.594875,USD,Technology services,Strong buy,56.18230868912795,54.5523176348138,54.00186339424014,-9.062813230872031,-3.466926760063838,-25.421290587751738,57.74100000000008,60.512250000000016,52.910299999999985,56.818075000000015,nan,1.68162,72.92211186617877
BRKR,Bruker Corporation,54.28,USD,-7.00702415624464,1411123,0.8109389636287361,8270063410.314203,USD,Health technology,Buy,57.12794187642056,56.32075654695117,54.1763470492701,-3.1233267892200605,2.145276627775688,15.024369569824124,57.916,57.92,58.58319999999998,48.157749999999936,nan,2.123919,-234.26226379079975
UGI,UGI Corporation,38.49,USD,0.5748628168277994,792593,0.5287217308818644,8255911285.773974,USD,Distribution services,Strong buy,37.15106336023767,36.714841503809254,36.43621548608316,0.23437500000000888,13.23918799646955,3.24570815450644,38.07999999999994,37.587999999999994,36.57339999999997,36.73540000000002,12.845843206621499,2.796667,57.932742989668995
REXR,"Rexford Industrial Realty, Inc.",37.015,USD,-1.10873630777451,1125421,0.5962186120253684,8253905649.849318,USD,Finance,Buy,36.792417561666284,36.54717593001035,36.44234298467912,-0.20221083850095128,1.4665570175438698,-4.477419354838708,36.97500000000001,36.97825000000001,36.55529999999993,36.951025,nan,-1.195,-234.26552621792487
ACM,AECOM,64.0,USD,-3.089036947304673,629353,0.2458087916287224,8236571403.513022,USD,Industrial services,Strong buy,67.41520708240797,69.1467480032474,72.67890601447729,-2.883156297420342,-15.789473684210526,-33.09638302320719,65.98199999999986,64.92850000000004,68.2202,83.37354999999984,23.36704516411698,3.978942,-44.29846860954627
RIOT,"Riot Platforms, Inc.",21.925,USD,-1.5049415992812256,7273642,0.5144496854866608,8227552380.254942,USD,Technology services,Strong buy,20.993134508700475,21.122405064104154,20.844372394427182,24.22096317280455,7.212713936430325,68.52421214450423,21.152,20.100500000000004,20.827500000000004,18.740975000000006,nan,-2.553149,-701.7460659624919
COMP,"Compass, Inc.",10.715,USD,-0.3255813953488385,3768576,0.37309717964317896,8225312422.258141,USD,Finance,Strong buy,11.280836207471053,11.06850507228792,10.682173523953848,3.426640926640931,-14.10821643286573,0.8945386064030193,10.847000000000008,11.609249999999992,11.815300000000002,10.150624999999998,201.03189493433396,0.184917,nan
CHRD,Chord Energy Corporation,149.88,USD,1.5378361899600175,293682,0.5026685686058847,8198117113.317796,USD,Energy minerals,Strong buy,142.10255110470942,138.66152076376036,134.52281490231874,0.3011443485243851,11.742339521359876,61.89241736876215,148.29200000000003,144.86025000000004,134.87930000000003,121.56684999999997,10.047461990185825,19.748544,281.93409632076197
KNSL,"Kinsale Capital Group, Inc.",359.215,USD,-2.1985352174031543,48945,0.307828252652499,8182352204.106508,USD,Finance,Buy,365.489653271738,359.431553428226,356.0499517601277,-3.8863916091400528,-4.126242743711226,-8.129156010230187,371.8870000000003,377.6257499999998,361.7934999999998,357.77631499999984,14.559445207783627,21.229085,28.788653874261378
BOKF,BOK Financial Corporation,134.5925,USD,-0.8307544945475963,86896,0.3802079732713305,8178764834.050306,USD,Finance,Buy,138.35288311256963,137.93349214802964,136.16311670822398,0.6675392670157162,-5.945143256464006,13.150483396385033,136.0965,139.56362499999997,140.48804999999996,130.95911250000015,12.664430351161128,10.65,27.078799473873012
CNM,"Core & Main, Inc.",41.945,USD,-4.800272355878351,3046730,1.3249186224791427,8117197882.259759,USD,Distribution services,Buy,44.28797477405679,45.18984765381583,46.43960677610388,-0.10716837342224744,-9.950622584800339,-19.599386620663218,43.61499999999999,44.26524999999999,44.73369999999996,49.895824999999995,17.794417105039877,3.133769,9.276343238607408
SFD,"Smithfield Foods, Inc.",20.4851,USD,-6.928214447978203,2135289,1.416499689374141,8066365172.568042,USD,Consumer non-durables,Strong buy,22.782613717941484,23.572706780944934,24.156280348071487,-6.673804100227791,-18.774385408406026,-8.3440715883669,21.779019999999985,22.175254999999975,24.128501999999965,24.618150500000002,7.627187430188398,2.258,15.982208403506492
OKLO,Oklo Inc.,43.36,USD,0.11544677903485837,5017773,0.5349774894146856,8065725751.01547,USD,Producer manufacturing,Buy,43.72976169355711,46.37458177258878,50.841453675532506,13.98527865404837,-8.19394452678382,-41.397486146776586,41.459999999999894,42.126,43.750799999999956,64.2859,nan,-0.959233,-132.91201982651796
IMVT,"Immunovant, Inc.",38.95,USD,-1.566843568359862,376692,0.3469782407691419,8045227159.053576,USD,Health technology,Strong buy,39.87312928813265,38.730365446083006,36.58354742251004,-2.9887920298879096,-2.5031289111389237,52.26739640344021,39.275999999999996,42.03800000000001,40.464600000000026,30.717775000000007,nan,-2.936197,1.2756536407084698
LAD,"Lithia Motors, Inc.",364.13,USD,-1.2394901003525884,44643,0.25299017235497395,8004712348.866531,USD,Retail trade,Strong buy,363.8530095287376,351.37176566149645,337.19142298336203,-1.674182485890959,-2.004951827331931,8.994851532567052,374.16799999999995,371.6749999999998,354.6508,312.2906000000002,12.063236497477233,36.143003,-10.572470573596386
SARO,"StandardAero, Inc.",24.125,USD,-1.4098896608091496,1085879,0.3721169460173601,7983431111.611157,USD,Transportation,Strong buy,25.977023181568,26.486614264884285,26.86005609475121,-1.8111518111518123,-19.583333333333332,-16.26171468240194,24.422999999999995,25.454249999999984,27.4481,27.760524999999987,24.835289273213917,1.54651,144.62352052379754
APLD,Applied Digital Corporation,27.325,USD,-3.4793359237018704,8201094,0.5465638760700843,7964393449.957613,USD,Technology services,Strong buy,28.32925873135606,29.822337478931352,30.929787381649124,13.830451989168925,-6.6928461669796855,7.961280126432243,26.564999999999998,27.733250000000016,28.84599999999997,32.249174999999994,nan,-0.77,18.887368901048795
NEU,NewMarket Corp,865.49,USD,-0.2546963236141565,76911,0.6583380411894613,7959397856.647862,USD,Process industries,Buy,875.1998090399039,850.0858601583142,816.4029699511226,-3.821620660532514,-2.306077298175902,25.629971549671957,885.4980000000011,919.8544999999986,852.5362000000016,733.8564999999992,18.633124502142135,nan,-7.931171866173245
BROS,Dutch Bros Inc.,45.29,USD,-1.2859633827375836,1461819,0.4103063414325259,7912425680.02572,USD,Consumer services,Strong buy,52.15465858148534,54.718302699828996,56.192964484569764,-1.7783561049663854,-14.304635761589408,-26.189700130378096,46.42400000000002,49.23550000000001,58.32179999999998,57.14420000000004,63.84268395827459,0.957061,50.6476959014653
LEVI,Levi Strauss & Co,20.51,USD,-1.6306954436450831,1080678,0.5797182770381292,7893285170.534293,USD,Consumer non-durables,Strong buy,22.016989775008025,22.391127588255532,22.439860188801337,-0.09741841207988101,-15.770020533880903,-1.4889529298751139,20.71599999999999,21.40000000000001,23.206600000000027,21.932149999999968,16.783960720130935,1.540759,20.72712902588421
AOS,A.O. Smith Corporation,58.075,USD,-1.266575994559669,433124,0.34967452442136554,7892890144.102345,USD,Producer manufacturing,Buy,60.49635311224048,60.7975361475026,61.5665559359553,-1.1993875467846178,-8.701462034271335,-13.398449150014912,59.433000000000035,61.16474999999987,61.193499999999915,65.14867500000003,16.190861189327833,3.736149,0.04183633625258149
CDP,COPT Defense Properties,34.88,USD,-1.6078984485190417,330862,0.4358363143271595,7886853749.014386,USD,Finance,Strong buy,36.077690216540134,35.84624636790684,35.120936640284306,-2.6242322724734723,-5.320304017372423,25.55795536357092,35.25000000000004,36.50300000000001,36.96220000000001,32.727850000000004,24.304926485959168,1.44545,13.008898338451846
IDA,"IDACORP, Inc.",136.25,USD,-1.189353832765238,148842,0.34562542639489474,7880978572.902314,USD,Utilities,Strong buy,139.4287925739476,140.99524402855215,141.500304887024,-0.007338910905614932,-3.334515785739616,7.784194288426551,136.21800000000013,138.42150000000004,143.72499999999988,139.47194999999994,22.54152604063265,6.378671,6.241541138628657
NFG,National Fuel Gas Company,82.805,USD,-1.1991409139720741,158801,0.40066831457714497,7870209688.28159,USD,Energy minerals,Buy,82.21348037507853,81.99523226037083,82.26374840682782,-0.9983261597321781,2.5830029732408426,3.467449706360122,83.33500000000001,82.89325000000002,81.52889999999995,83.69872500000002,11.519092995757113,7.28,169.00048647232722
EMN,Eastman Chemical Company,68.59,USD,-2.5571814178150265,504933,0.652844186013136,7845147068.444383,USD,Process industries,Buy,71.28276330299086,71.44314516621803,71.47883468683342,-2.6816118047673103,-6.361774744027299,6.821367388257297,70.62000000000002,72.46950000000004,70.6564,70.71452500000002,17.868028238726655,6.367412,-46.07052542849115
SYRE,"Spyre Therapeutics, Inc.",88.515,USD,-2.5057825751734835,491179,0.3570294375070371,7804701072.8431,USD,Health technology,Strong buy,93.88130180232174,91.59644304446732,85.03647951029501,0.5281090289608216,-16.644693473961766,170.1923076923077,88.51700000000005,97.85975000000008,98.10190000000006,62.640125,nan,-2.738706,28.51287096245286
THG,Hanover Insurance Group Inc,224.09,USD,-0.17373485388452709,83584,0.3978600930390192,7802863163.089854,USD,Finance,Buy,223.477538332966,218.7388335765268,211.45582835997348,-1.5897413376663319,-1.5335266719395417,23.23471183457985,227.14999999999992,225.3110000000002,222.14099999999996,191.8975499999999,10.689786767161188,20.285878,37.99164006187672
MHK,"Mohawk Industries, Inc.",129.07,USD,-0.5010792476102418,393254,0.42994541252091073,7800751407.586647,USD,Producer manufacturing,Buy,128.7679062999849,125.03867387361898,121.13454899436643,3.284919777537702,-4.2009945817561025,17.839861225235087,130.66800000000006,132.7775,124.24739999999994,114.11130000000009,17.11168266426261,9.845964,0.2445377704534548
ZWS,Zurn Elkay Water Solutions Corporation,46.75,USD,-1.2254384111557115,259097,0.34017440606318333,7754146506.0955,USD,Producer manufacturing,Buy,48.431439012348406,48.63547783879175,48.588602502417785,-0.08548835221200929,-8.36926695413564,0.5160180606321264,47.241999999999976,48.69049999999997,49.01879999999995,48.34857499999995,28.70563674321503,1.830509,60.9129532654876
GTLB,GitLab Inc.,46.42,USD,-1.5482502651113401,2203032,0.2843633351655979,7734268550.067444,USD,Technology services,Buy,42.17670465560799,39.00954888449867,36.23208566215435,-15.905797101449277,20.64663686453894,22.222222222222236,48.45999999999998,44.18800000000002,37.97390000000001,31.61300000000001,nan,0.866466,-829.7619047619047
ATR,"AptarGroup, Inc.",121.54,USD,-2.2518899790895905,164854,0.4936892561330081,7727649968.178061,USD,Process industries,Strong buy,128.68988857288988,128.34880187524536,127.74911694612389,-7.4122038546507225,-9.56172334251059,-0.16428454082469907,126.38599999999994,131.35049999999998,131.11780000000002,126.56495000000004,21.959636475328384,5.517143,-4.529694857951115
ZETA,Zeta Global Holdings Corp.,30.775,USD,-0.0487171159467378,2488004,0.30762865156662483,7724943579.980514,USD,Technology services,Strong buy,27.979822765835944,25.997121693811327,23.999402606999663,-0.5332902391726008,15.652010522360012,49.82960077896787,31.207,29.694749999999992,25.308899999999984,20.226375000000004,nan,0.970637,92.81997918834547
SSRM,SSR Mining Inc.,37.68,USD,2.003248511099085,862961,0.3888886385308268,7683302779.991338,USD,Non-energy minerals,Strong buy,34.50998950411498,33.00320190347656,31.5262747909777,1.920476061671628,18.97694979475844,67.91443850267379,37.682,36.25250000000001,31.271400000000003,28.282549999999986,34.75694124158288,4.107511,41.490472461498314
HQY,"HealthEquity, Inc.",92.775,USD,-0.6266066838046205,296823,0.27693243838590753,7673911440.758354,USD,Finance,Strong buy,97.16458045854381,95.9920056131408,93.97267021445174,-4.972856703881993,-10.60416265176334,1.1502398604448396,95.90500000000009,100.62999999999991,99.4270999999999,89.28292499999998,33.50729557931234,4.723964,67.61305163750833
PRMB,Primo Brands Corporation,21.18,USD,-3.243490178163549,1154323,0.23843398735542193,7665967894.004568,USD,Consumer non-durables,Strong buy,22.733340015891756,22.89880619874474,22.713676386500115,-8.072916666666664,-9.910676307954068,29.779411764705877,21.80600000000001,23.031499999999987,23.5364,20.781200000000002,77.46891002194587,1.326,nan
CBC,"Central Bancompany, Inc.",31.99,USD,-1.6600061481709272,583466,0.7908992621638855,7661769212.055333,USD,Finance,Buy,32.09743893146165,31.43997668459971,30.305159264287784,1.2982900569981006,-3.7605294825511537,33.40283569641367,32.428000000000004,32.402749999999976,32.16369999999999,26.989224999999998,17.558592677973543,1.906,nan
NOV,NOV Inc.,21.485,USD,0.4441327723235103,768246,0.2872616795336514,7658932166.330527,USD,Industrial services,Buy,20.71843856691778,20.390378770894127,19.97551000471072,1.3921661160924876,8.182275931520644,36.673027989821875,21.492999999999984,20.92274999999999,20.026899999999994,19.016775000000017,82.47600767754318,0.915818,-78.59842260926717
CMC,Commercial Metals Company,68.75,USD,-2.8405879027699332,341167,0.42330875084418684,7605423346.435133,USD,Non-energy minerals,Strong buy,69.11940466588175,69.18094610113275,69.0834355408649,1.5509601181683856,-7.87886908749832,-1.9258202567760263,69.53799999999998,68.91899999999995,67.95719999999996,69.90620000000006,12.957029777610252,6.386093,1609.9581050596196
ALKS,Alkermes plc,45.26,USD,-0.5056056276104726,589565,0.4741401738386636,7592965422.801495,USD,Health technology,Strong buy,47.496325493251994,47.00019979815709,45.04028376264993,-5.115303983228522,-6.468278569952474,61.58514816137092,46.28999999999998,48.19199999999999,50.231499999999976,37.87479999999999,117.55844155844154,-0.478707,-81.51881720430107
VLY,Valley National Bancorp,13.725,USD,-1.4008620689655193,2175487,0.40417678469361945,7584506749.606681,USD,Finance,Strong buy,14.14566754308417,14.134261353158607,13.925176446587543,1.7420311341734576,-5.279503105590066,17.30769230769231,13.876000000000005,14.202000000000002,14.452,13.174925,11.587167581257914,1.279161,51.664532650448145
AVT,"Avnet, Inc.",92.3976,USD,-0.024237178099983377,303943,0.3070459138920186,7583345779.39284,USD,Distribution services,Buy,90.73965942078084,89.02269125255691,85.37034395549537,3.3645821680277397,-5.233230769230772,90.1185185185185,91.53751999999996,91.29063000000004,89.51985199999991,72.22848800000001,23.15497193263833,11.612,46.114976199194444
GAP,"Gap, Inc. (The)",21.535,USD,-3.775692582663087,3124401,0.2731756846789094,7564601558.274575,USD,Retail trade,Buy,21.355649191068597,21.35982808542713,21.770032346676096,-1.979972690031856,4.6912980068060275,-16.466252909231965,22.144999999999953,21.100750000000023,20.353899999999975,23.91062499999998,6.433735659655832,2.420149,43.84185646755479
MTDR,Matador Resources Company,60.85,USD,1.8069265517818276,645985,0.44164919741726305,7530444287.610842,USD,Energy minerals,Strong buy,56.35857959433807,55.33127328454211,54.52640190610446,3.1705662936588754,22.04171680705977,43.615765872079315,59.814,57.17500000000008,53.351400000000034,51.96955000000005,10.450298825307412,7.766901,-14.615441014737145
PCTY,Paylocity Holding Corporation,141.69,USD,-1.2819619591723008,233878,0.4485531696743397,7517641289.456977,USD,Technology services,Strong buy,143.57829378312863,137.60424524775613,132.31840126687362,-8.892746913580256,-3.8607680825078017,-6.629324546952225,149.3,151.50050000000007,137.9403,125.28862499999994,28.665358392846304,8.830307,23.061793556739516
AXTA,Axalta Coating Systems Ltd.,34.835,USD,-1.9560934421615543,665080,0.46345003668828477,7455386593.132141,USD,Process industries,Buy,35.524344954445034,34.854370483765486,33.91408355402906,-1.6793677674287295,-7.965653896961692,6.888616139920212,35.581,36.166250000000005,35.1131,31.905474999999978,21.462017127718564,2.651145,-20.225105671876545
DBX,"Dropbox, Inc.",34.215,USD,1.197870452528841,2359151,0.6691203290080124,7439799492.044366,USD,Technology services,Buy,33.51841500988924,32.23318755989823,30.792406466164955,0.48458149779737525,-0.3349839790270751,23.787988422575985,34.611,34.611749999999994,32.39750000000003,27.707425000000068,19.000944077303274,3.066418,10.168247170388492
MORN,"Morningstar, Inc.",197.97,USD,-1.2766169650426382,130518,0.47089715725579506,7426561185.260909,USD,Commercial services,Strong buy,200.2327083719248,194.51415464083212,190.71479496933387,-5.068571976599211,-0.6972311396468773,-8.393873490352142,206.69200000000006,210.90299999999985,191.84529999999978,187.82504999999975,18.768308984556462,12.315837,12.230544974783475
FLR,Fluor Corporation,55.2,USD,-2.5079477216531165,686367,0.306692573545189,7382506281.723773,USD,Industrial services,Buy,53.61497527349212,52.587372461207785,51.301300040857654,-2.3008849557522075,-3.259726603575183,37.2451516658379,56.416,53.915499999999966,52.00499999999985,48.02099999999992,nan,2.698259,-152.5275023879319
Z,"Zillow Group, Inc.",32.465,USD,0.32447466007417797,1425070,0.44878203075577355,7328394649.04141,USD,Technology services,Buy,34.11020747613371,34.7261528243399,36.992635111583525,-3.262812872467219,-2.799401197604776,-52.64040846097738,33.867000000000004,34.86774999999999,33.82599999999999,46.45692499999998,144.09675987572126,2.23955,nan
SLAB,"Silicon Laboratories, Inc.",219.63,USD,-0.16818181818182024,70139,0.2385533407637149,7328341554.705818,USD,Electronic technology,Buy,218.8817110038878,217.77737301679508,213.6473742465562,0.28767123287671026,0.1915970986725001,65.35913266074387,220.22999999999993,219.04699999999985,218.37059999999997,195.08182499999998,nan,2.907218,63.222884090345
TAP,Molson Coors Beverage Company,38.93,USD,0.23171987641605638,1162196,0.4278333853064458,7317539669.84243,USD,Consumer non-durables,Buy,40.979559963974765,41.25482130682696,41.83331519570788,-2.7236381809095533,-8.871722846441946,-17.18783237609019,39.87599999999999,41.273999999999944,40.990399999999774,44.01394999999999,nan,4.719771,-327.2976113113172
KEX,Kirby Corporation,138.345,USD,0.24999999999999917,138366,0.4077539437196651,7304615894.737499,USD,Transportation,Strong buy,138.92857648340257,138.87089689840275,137.65644467677123,-1.3864138570104736,4.136243884079793,24.972899728997284,140.401,139.49524999999994,138.94569999999993,132.60932499999993,21.254090427248006,7.122245,23.236396682949007
HNGE,"Hinge Health, Inc.",90.51,USD,-2.3519257740856543,913030,0.4974311494553335,7303652083.290754,USD,Technology services,Strong buy,86.59405701843359,82.01557121081879,75.32727730001572,-0.044174489232459466,0.7009345794392631,94.89664082687341,91.63599999999998,89.60749999999996,85.83320000000003,57.28177499999999,69.69813645464346,2.318917,nan
CAG,"ConAgra Brands, Inc.",15.245,USD,-0.09829619921363413,3370296,0.3687903283174484,7295733341.243119,USD,Consumer non-durables,Buy,15.322285181144606,15.124241622929231,15.147929128715944,-5.662128712871293,2.0414993306559555,-11.520603598374933,15.556999999999997,15.855249999999995,15.061300000000001,15.854124999999948,nan,1.447841,-266.5292868739853
RAL,Ralliant Corporation,65.93,USD,2.1062412885241035,1304598,1.1784813989171974,7294495627.825152,USD,Electronic technology,Buy,65.45255073188447,64.73269501940447,62.445357547676565,7.360364761439522,-3.0441176470588136,28.16874027993781,63.66999999999997,65.32849999999998,67.28280000000001,55.10024999999998,nan,2.859849,nan
FAF,First American Corporation (New),71.365,USD,-0.021014289717008364,267962,0.3481148983646153,7286366111.081745,USD,Finance,Strong buy,72.46930827295863,71.74923420681384,70.49411680402916,-3.599891935701751,-2.851892186223794,16.419249592169656,73.21099999999998,73.20674999999997,72.79310000000005,66.94902500000003,9.877918806317217,6.962,299.0224235060201
APPF,"AppFolio, Inc.",204.665,USD,-0.6552920903817656,64182,0.20056298381421533,7248695602.327912,USD,Technology services,Strong buy,204.4066618213247,196.32647952195853,190.66832135018154,-8.30421146953405,4.490223107162907,-11.949320254689384,214.55999999999995,216.67499999999964,194.22690000000006,187.5241499999999,46.65686408608034,6.9,-20.83378451543044
NE,Noble Corporation plc A,45.39,USD,-1.0895619960775769,536985,0.5196916371440666,7246159902.107867,USD,Industrial services,Buy,44.61297229531203,44.349376553624104,43.95136540781935,-2.1134354108259585,9.3998553868402,60.786397449521786,46.31199999999999,45.82649999999999,42.79420000000004,41.989649999999976,49.07027027027027,0.61826,-52.02530989056584
VFS,VinFast Auto Ltd.,3.089,USD,-0.35483870967742326,143634,0.4462963221894415,7226826138.015483,USD,Consumer durables,Strong buy,3.1206889792530594,3.1714139008512436,3.2453948496790828,-0.9935897435897479,-7.23723723723724,-7.514970059880236,3.0918000000000028,3.112699999999999,3.1110800000000016,3.394594999999999,nan,-1.532,-29.11998820754717
PPC,Pilgrim's Pride Corporation,30.33,USD,1.1337112370790259,513994,0.4630779746823126,7221831834.541181,USD,Process industries,Buy,29.987827142705786,29.982649700902723,30.77388657788302,-2.507232401157188,11.507352941176467,-22.330345710627398,30.486,30.380000000000006,29.099699999999984,34.42877499999998,13.260755508919202,2.46125,-55.971355971355976
AUGO,Aura Minerals Inc.,86.08,USD,0.9025905521040862,327656,0.3707069381400837,7212576741.517759,USD,Non-energy minerals,Strong buy,78.3755777614479,75.29241350543789,72.87254643938981,3.7108433734939736,15.636754433100483,68.33871125452235,85.80199999999999,83.72774999999999,69.28630000000001,69.05014999999996,24.424708452742387,7.010736,nan
SSD,"Simpson Manufacturing Company, Inc.",175.835,USD,-1.6912669126691298,151925,0.7704689654542863,7206541934.498155,USD,Producer manufacturing,Buy,185.35644422457375,187.09909982111466,187.18549940579948,-0.93802816901408,-11.301957223567392,8.206153846153851,178.26099999999994,185.69174999999967,189.96609999999998,184.02257500000036,19.20350792888035,9.17,16.600448247758752
OMF,"OneMain Holdings, Inc.",62.635,USD,-1.0661822776812577,286138,0.32597460697707187,7205622363.9302635,USD,Finance,Strong buy,62.79640003007836,61.83117493845194,60.79204501984419,1.4496274700356269,-0.9096661920582231,-7.454196217494102,63.65900000000001,63.62224999999999,62.26210000000001,60.00432500000002,9.445642502752182,7.092059,19.86587371884095
AVAV,"AeroVironment, Inc.",141.73,USD,-4.738540126361078,1784156,1.238953858837163,7203088847.953017,USD,Electronic technology,Strong buy,155.49167398277353,161.14174605513531,171.79628555489185,-1.6446911866759226,-23.96051290305274,-42.954316763936404,145.55199999999996,159.35350000000003,159.23079999999993,211.1138499999999,nan,3.226747,-451.9178437216534
MSA,MSA Safety Incorporated,186.6,USD,-1.1233573548113631,106974,0.5289520840832763,7198708779.725519,USD,Electronic technology,Buy,185.81867438419204,182.78861907101404,179.75130429747682,-0.400320256204964,-3.8045159294772635,16.45759221119641,188.05000000000024,189.01449999999977,182.10040000000043,174.8224499999995,23.206646104865186,9.162821,14.6474656020532
AXS,Axis Capital Holdings Limited,98.335,USD,-0.2788763817057151,156357,0.33708090441861266,7175143500.815334,USD,Finance,Strong buy,101.93537858257,102.87730249518725,103.08545499026165,-2.309755612954503,-4.399183356017894,-7.848374098022679,99.83099999999995,99.60924999999995,106.10669999999986,102.92297500000019,6.983474302433758,12.28255,35.40560812370181
CELH,"Celsius Holdings, Inc.",28.3091,USD,-4.231732070365352,5538098,0.845738771432086,7163194388.387234,USD,Consumer non-durables,Strong buy,30.236760718784303,30.675252330815063,32.13062491299603,-7.937886178861786,7.618703668504091,-39.028429894464786,30.285819999999994,31.433205000000008,30.16448199999988,37.61632050000003,122.44420415224914,1.450746,-36.255858836504004
ACA,"Arcosa, Inc.",145.575,USD,-0.05149330587024858,263172,0.5329037251139173,7148723232.576209,USD,Non-energy minerals,Buy,144.33494645778555,141.71124829177586,136.90073090739588,0.12035763411278057,0.5005177770106968,36.216899036212205,145.5210000000001,145.31274999999994,145.14529999999993,123.87171499999991,54.46943051709945,4.28,42.46268656716419
STAG,"Stag Industrial, Inc.",36.955,USD,-1.6107561235356869,275326,0.1813025871075677,7125232256.452742,USD,Finance,Buy,37.62541549865791,37.90115610207546,38.0477028564444,-2.02810180275716,-0.36397950930171236,0.7497273718647726,37.46500000000009,37.06525000000003,38.36870000000002,38.14557500000004,28.341897384768767,1.097368,3.189300411522634
FSS,Federal Signal Corporation,116.68,USD,-1.327695560253694,104920,0.30794300412899556,7122335138.178098,USD,Consumer durables,Strong buy,120.03770164061056,119.67648040927601,118.58429635258692,2.332924048412569,-8.88645947212244,6.830250869804073,117.298,120.40200000000002,121.61400000000005,115.35725000000001,25.133010231556273,5.231016,29.12691569549134
TRNO,Terreno Realty Corporation,65.13,USD,-1.3928841786525386,182901,0.2922223427603948,7097236880.463589,USD,Finance,Buy,67.27760971004729,67.4602758716882,66.99522581746224,-2.3098845057747206,-5.251672970613907,10.878447395301317,65.67399999999995,67.35849999999998,69.2956,64.98435000000006,17.54390690658334,2.11,47.77485868959479
AWI,Armstrong World Industries Inc,167.52,USD,-1.695909864444567,91773,0.29470681852921793,7079868598.091662,USD,Producer manufacturing,Strong buy,171.86984585629872,170.42612273518247,170.02224495556175,-0.8933325445187191,-9.48778906418846,-12.256442489000618,170.24200000000008,175.9060000000004,169.81719999999993,174.29634999999965,22.94951709021166,8.435944,8.054297302898426
CIFR,Cipher Digital Inc.,17.005,USD,-8.130740140464626,27589963,0.9964273067257176,7057597671.780118,USD,Technology services,Strong buy,17.947047736299332,18.680351437677775,18.898766184162195,18.667131891137466,-2.884066247858381,13.59385437541749,17.161000000000005,16.567499999999995,19.140600000000003,18.4093,nan,-1.295457,-522.4881463084218
TEX,Terex Corporation,61.7,USD,-1.923382610077879,300193,0.329497629526486,7052310171.634082,USD,Producer manufacturing,Strong buy,64.51986593054446,64.67185503180934,64.02451775746692,3.4020445785151687,-9.58382180539272,15.197908887229275,62.482000000000006,64.46550000000002,65.65479999999998,61.37497499999993,32.00871550114132,5.042071,-28.130942172178518
SGHC,Super Group (SGHC) Limited,13.855,USD,-0.609756097560969,1037386,0.4733413596514803,7039678862.121952,USD,Consumer services,Strong buy,13.759530603880995,13.628523190336175,13.296259039988328,3.395522388059702,7.071097372488415,14.409578860445922,13.94899999999999,13.549750000000023,14.033299999999997,12.094625000000008,19.0446735395189,0.840268,175.8816837315131
ESE,ESCO Technologies Inc.,271.48,USD,-0.23519035719534995,59305,0.3495949049512141,7033385911.011466,USD,Electronic technology,Strong buy,290.2360794382421,296.21913284327576,295.6649992555358,1.1550786198673608,-11.951480556546546,39.29909179537177,271.67800000000005,283.86899999999986,307.81760000000014,277.6399000000004,49.52026558680822,8.357803,23.50635306839687
MBLY,Mobileye Global Inc.,8.245,USD,-3.227699530516436,1645483,0.5974579869774962,7009797022.317488,USD,Technology services,Buy,8.612755193622297,8.703463805436915,8.867971695450814,-1.7282479141835678,-5.77142857142858,-21.476190476190485,8.429000000000002,8.690750000000005,8.8077,9.216925000000009,nan,0.490912,-36.48789592139211
PATH,"UiPath, Inc.",13.51,USD,-3.5688793718772307,34006194,0.5421287608722752,6999808953.062098,USD,Technology services,Buy,14.595959750043207,13.932023226797016,13.317597712741854,-25.728422210005505,-9.267965077233047,-18.12121212121212,15.784,16.490499999999997,14.020799999999985,12.893500000000003,20.101175420324356,0.785614,1782.6330532212885
CAMT,Camtek Ltd.,149.68,USD,1.816202979389168,140154,0.43729265072905504,6985292134.914905,USD,Electronic technology,Strong buy,148.75156129811256,151.6912540661986,153.53016693130635,14.75007666360013,-11.921854772272562,35.3957485300769,142.64399999999986,148.69924999999995,147.70350000000016,152.54104999999996,247.77354742592289,3.612417,-77.69531826908876
SFM,"Sprouts Farmers Market, Inc.",74.64,USD,-1.9314150571541173,649535,0.41478347872642596,6960002954.822231,USD,Retail trade,Buy,80.31073955380218,80.85694994999872,81.45439668188104,-5.219047619047618,-12.23469927685343,-6.136820925553314,78.008,81.18899999999994,81.14229999999993,79.10862499999993,14.301590342977581,5.569376,7.524001813012498
RYTM,"Rhythm Pharmaceuticals, Inc.",100.75,USD,-1.0314341846758324,227870,0.556788138533639,6936847398.472496,USD,Health technology,Strong buy,105.23478878745588,104.08098445111872,101.99305194079359,-4.502369668246446,-12.823397075365573,-5.113957430777931,103.11999999999996,109.86350000000004,109.16209999999981,99.58467499999993,nan,-3.010297,-3.3095908563856176
LUMN,"Lumen Technologies, Inc.",6.725,USD,1.2801204819277106,4857109,0.4132323542152672,6936470408.1777115,USD,Communications,Buy,6.600617148153915,6.835202805955138,7.113218868467641,4.587869362363918,7.945425361155685,-14.873417721518996,6.7710000000000035,6.3257499999999975,6.427899999999989,7.733574999999991,nan,-0.878451,13.542895668295976
CAI,"Caris Life Sciences, Inc.",24.515,USD,-1.2288477034649465,1730920,0.3373718407716088,6927820858.837027,USD,Health technology,Strong buy,22.879327475151072,21.622386081184732,20.91947278966389,-2.447274174293667,8.090828924162262,-9.538745387453877,24.905,24.510749999999994,20.230899999999973,20.95595000000003,65.8474348643567,0.121033,nan
PACS,"PACS Group, Inc.",43.7065,USD,0.08358140599953434,190548,0.3393838875474283,6920294690.223642,USD,Health services,Strong buy,43.69887775069894,42.95572976341347,41.254979025406286,0.9854436229205111,-9.641306594996898,13.552870875552081,43.207299999999975,43.75832500000002,44.70513000000005,38.03603249999998,26.191945826092166,2.367539,103.6241610738255
CLF,Cleveland-Cliffs Inc.,12.09,USD,-1.627339300244095,5535894,0.5372899048029455,6897829050.546786,USD,Non-energy minerals,Buy,11.759536616470768,11.572833738596957,11.417942447410185,3.865979381443293,-1.386623164763458,-10.510732790525537,12.31600000000002,11.807500000000038,11.109999999999989,11.428599999999987,nan,-0.185982,52.62541022034692
VCTR,"Victory Capital Holdings, Inc. Class A Common Stock",111.88,USD,-1.2707377338510395,215715,0.3308271760611268,6881690792.896223,USD,Finance,Buy,109.47015701979527,104.27630819353503,97.55471774448267,-1.4446793516560963,3.477617462079163,76.6340385222608,112.75199999999995,116.00025000000001,104.85670000000002,80.84834999999998,20.501731688992322,7.946286,34.7132735935224
LB,LandBridge Company LLC,87.815,USD,-0.6055461233729447,50284,0.24864598111172703,6879024068.41081,USD,Commercial services,Strong buy,83.13184808071283,80.1857865490156,76.85297584856743,2.9001640496836116,15.182318992654778,76.0525260625501,86.85699999999993,84.75174999999994,80.0755,67.99747500000004,99.36071509391265,1.884103,74.42273534635878
AN,"AutoNation, Inc.",207.59,USD,-0.8170090778786468,209396,0.5120115960371404,6863092874.447492,USD,Retail trade,Strong buy,205.3688867937683,203.50538970234683,201.99338621907174,1.421731483290989,-2.2829975522500443,0.7865223090741392,208.4540000000001,203.16699999999994,203.50239999999977,201.66174999999998,9.616302177669278,21.795745,35.24606083388153
HXL,Hexcel Corporation,90.67,USD,-0.6682734443470634,229348,0.380900311033932,6856778231.366345,USD,Electronic technology,Buy,95.94442873944358,96.26863034087471,94.71967465003975,-1.2847033206314564,-12.336846176157792,22.081594183384954,91.62200000000004,95.59999999999991,100.17039999999992,88.7915650000001,45.702908412722415,2.403421,84.24034175334324
NCLH,Norwegian Cruise Line Holdings Ltd.,14.9,USD,-3.1838856400259923,8594485,0.6365057907723422,6841898904.489928,USD,Consumer services,Buy,17.070597498131644,17.722614502182285,18.346637317217315,-4.6705054382597595,-21.866806502359726,-33.836589698046176,15.403999999999964,16.903000000000013,18.500799999999966,19.81994999999999,9.416076845298281,1.547216,13.899085870582311
WFRD,Weatherford International plc,93.62,USD,-0.08537886872998751,212132,0.206525976289215,6805087096.778655,USD,Industrial services,Strong buy,92.27085344040195,92.20687704985636,92.28389011452953,-0.47836717338151236,6.70161841805335,19.07911472907657,95.46800000000002,92.95225000000003,88.07569999999993,92.55499999999995,18.497224033351117,5.005623,-22.193697156033817
ACT,"Enact Holdings, Inc.",49.42,USD,0.24340770791075975,87655,0.28290033600768905,6794443019.516836,USD,Finance,Buy,48.45855323990938,47.44690782930505,46.10664026579648,1.5827338129496467,1.5201314708299136,24.358329139406138,49.244000000000035,49.320000000000036,47.702,42.923525000000026,10.417808507947216,4.800104,7.784240661637735
S,"SentinelOne, Inc.",19.52,USD,0.4632012352032932,1529523,0.15671822002091623,6793919188.4879055,USD,Technology services,Strong buy,20.047287414960422,19.368070013980336,18.4422731437652,-5.05836575875486,-8.097928436911483,29.271523178807946,19.661999999999995,21.196999999999996,19.949399999999994,16.05605,nan,0.319378,23.480830428852858
CHE,Chemed Corp,516.0,USD,-0.5799502899751433,53462,0.38122416440087076,6744099793.869096,USD,Health services,Buy,518.1582325414769,506.009233170118,489.24692392286073,0.08146165483532314,-6.4929416668176865,20.659417748158546,520.6580000000009,529.5564999999998,518.4958000000009,448.64429999999993,25.91805674848937,25.5225,2.3551730520081344
ALGM,"Allegro MicroSystems, Inc.",36.18,USD,-0.7951741157115414,683589,0.3519167519187905,6744026533.577736,USD,Electronic technology,Strong buy,40.096382914815095,41.95102819824758,42.42937822878827,1.4297729184188337,-18.495156566794325,34.0,36.05799999999998,38.133,44.502599999999994,39.55069999999997,481.7576564580559,1.027337,nan
ZGN,Ermenegildo Zegna N.V.,11.775,USD,-2.1197007481296675,300623,0.2635862114800987,6723722656.5399,USD,Consumer non-durables,Buy,13.233666861995294,13.338157914282665,13.116942711254973,-10.862982588947771,-21.07908847184986,14.542801556420246,12.315000000000003,13.332250000000007,13.798899999999994,11.999324999999994,34.31944039638589,0.4697832434,-15.304862996790916
URBN,"Urban Outfitters, Inc.",78.5,USD,-1.170842251038659,199937,0.13447032431347242,6723555689.418356,USD,Retail trade,Buy,77.27654903403914,75.91329189131793,74.48432896049391,-0.4312531709792027,0.6926629040533687,4.26351441094434,79.64600000000003,77.84250000000009,75.1410000000001,72.15319999999997,12.242097219406453,6.371822,25.49023445144625
NAVN,"Navan, Inc.",26.37,USD,-1.0135135135135118,1874408,0.7328823972753031,6706715213.949325,USD,Technology services,Strong buy,27.069485451399128,25.839611680955862,23.941192165591804,-4.4218919898513915,-9.100310237849019,55.85106382978722,27.079999999999995,28.56974999999999,27.133500000000016,18.074775000000002,nan,0.253592,-85.00579672806904
MATX,"Matson, Inc.",224.0,USD,0.31797214384881006,86204,0.3938930223398262,6698374310.287071,USD,Transportation,Strong buy,217.8244016509327,211.4238967996997,201.35709246776298,1.9897099667622842,8.474576271186441,80.49959709911361,222.6720000000001,220.62650000000002,212.96679999999998,172.67945000000014,14.976465554129225,16.33565,1.1325755782897002
MAAS,Maase Inc.,15.11,USD,0.0662251655629125,13243,0.15161836548005994,6681273169.903311,USD,Technology services,,16.123827023931057,15.581177958647961,14.27601257619583,-7.300613496932523,-18.324324324324326,179.81481481481478,16.121999999999993,16.047999999999995,16.779400000000006,9.820808499999998,nan,nan,nan
CAVA,"CAVA Group, Inc.",57.07,USD,-5.104755570335883,2039989,0.9880494771349587,6666129659.39275,USD,Consumer services,Strong buy,65.83260834103393,68.71560089580178,71.10442545167804,-6.442622950819672,-7.951612903225806,-3.1727180183237147,60.28599999999999,67.18500000000003,67.20060000000012,72.16730000000001,101.91071428571428,0.54552,-52.83018867924528
LW,"Lamb Weston Holdings, Inc.",48.4825,USD,-1.8572874493927063,441706,0.3472242638937736,6665423664.032693,USD,Consumer non-durables,Buy,50.58139958077427,49.68275661271043,48.7292371767693,-7.9329661982529345,-6.512726571538754,15.215066539923964,50.120499999999986,52.91862500000008,50.63544999999995,47.01886250000007,23.235167257739867,3.02296,-16.745800582532027
SRRK,Scholar Rock Holding Corporation,54.72,USD,-4.702194357366777,991726,0.9528179642742504,6664090217.0282135,USD,Health technology,Strong buy,54.10094789871988,52.95437142912585,51.356517235264526,-3.355704697986575,4.2087221481622565,24.391907251648096,55.90199999999999,56.00900000000006,53.48550000000009,47.8891,nan,-3.325022,-14.401246229823336
BLDR,"Builders FirstSource, Inc.",61.92,USD,-1.0546500479386332,1224127,0.575121599288577,6662372428.395015,USD,Retail trade,Buy,68.83164433489821,71.68743715717464,76.11768985751564,-1.7142857142857115,-15.755102040816324,-39.81922441442317,63.51200000000006,67.96600000000014,72.04200000000009,89.77065000000012,67.34094616639479,3.11046,-86.04047427469675
MSM,"MSC Industrial Direct Company, Inc.",119.275,USD,-0.9179265658747215,196498,0.39396515427952766,6661067067.87797,USD,Distribution services,Buy,120.59850430936352,119.08712570731885,115.35194878438593,1.2435277141159522,-3.0442204519590232,43.42833092833094,119.08499999999985,120.14624999999982,122.15349999999988,102.17547500000006,28.862673926194798,4.613643,16.559485530546635
GTES,Gates Industrial Corporation Ltd.,26.265,USD,2.397660818713458,981743,0.6022036609336429,6649015350.516959,USD,Producer manufacturing,Strong buy,26.521913658039583,26.51552254825225,26.2471864231823,5.609167671893846,-8.579881656804734,21.597222222222214,25.592999999999993,26.290249999999986,26.7905,25.01217499999997,18.601274787535413,1.675607,81.51433346188455
PLXS,Plexus Corp.,249.2999,USD,-0.24013605442176775,57913,0.28263727768662317,6644365605.414353,USD,Electronic technology,Buy,252.34584720860445,254.1395632470722,249.75431965290275,4.183166868653106,-8.21402010235264,69.32683556340422,245.30797999999996,248.550495,257.19639800000004,222.63249949999997,36.7764058535434,8.691667,15.340638399237735
POWL,"Powell Industries, Inc.",181.605,USD,-0.4849580798947993,207253,0.38907124546989663,6616335945.080963,USD,Producer manufacturing,Strong buy,201.17390597699531,212.67739661668264,216.96465020547075,5.369886858137509,-15.473586222946244,68.1529459307237,178.18700000000007,191.50225000000003,213.44790000000003,201.2147829822,34.78156780878325,5.384617,8.781615900662528
LNTH,"Lantheus Holdings, Inc.",100.97,USD,0.52767821585026,301908,0.3028265941908184,6590551296.612904,USD,Health technology,Buy,101.35319167266871,100.64613654469578,97.60261236474363,0.27808123944781127,0.11898859692613242,51.15269461077845,100.83399999999996,100.71100000000013,102.75390000000009,84.69095000000002,24.402445803224015,5.389,9.907827980981214
MGY,Magnolia Oil & Gas Corporation,27.805,USD,1.4040846097738804,1831428,0.588059807022105,6588911869.255836,USD,Energy minerals,Strong buy,26.839038541629623,26.842922160734485,26.891485596318518,1.5893313847277994,9.6844181459566,26.96347031963471,27.32299999999998,27.00625000000004,26.09410000000006,26.566074999999998,12.183953376276238,2.917307,18.921313183949962
CPB,The Campbell's Company,22.045,USD,1.309742647058824,3692850,0.3772729280231784,6573956581.669807,USD,Consumer non-durables,Buy,22.46095969036715,22.45396743918059,22.710601213467374,-7.373949579831928,-3.607345867949275,-21.098783106657123,22.218,23.106499999999993,22.676799999999986,24.01279999999974,16.68180098373061,1.698705,-34.204630321135184
QBTS,D-Wave Quantum Inc.,17.62,USD,-0.2829654782116622,11379184,0.6756517535198131,6562391964.37125,USD,Electronic technology,Strong buy,18.597355193680396,19.288358592107308,19.944512131154227,8.23760673260029,-13.79647749510763,-34.60753386528113,17.035999999999994,18.553499999999996,19.089600000000015,21.461599999999994,nan,-0.295259,32.81813009671913
MAC,Macerich Company (The),23.11,USD,-1.9932145886344312,3366153,1.1926285301758859,6553057417.438083,USD,Finance,Strong buy,23.995548013017203,23.97825677083353,23.476655540233555,-2.5305778152678253,-5.24805248052481,25.257452574525747,23.282,24.05450000000001,24.805599999999995,21.331950000000006,nan,-0.151508,45.78130273371583
TTD,"The Trade Desk, Inc.",13.945,USD,-0.5349500713266712,7578910,0.411300769079705,6552484845.652638,USD,Technology services,Buy,14.991490124924722,16.261709931439675,18.573308584952493,2.0863836017569555,3.4879406307977785,-63.48998560020945,14.407000000000062,13.756250000000062,16.397499999999926,24.7687499999999,16.5499643959174,0.392454,1.5915119363395211
DUOL,"Duolingo, Inc.",139.535,USD,-4.682696905526327,632430,0.5658693870056998,6528286224.758284,USD,Technology services,Buy,139.58025648940202,134.99278809794404,133.54057830341293,-10.691884280593966,7.499999999999988,-21.046228710462284,151.41099999999992,145.41674999999998,136.1422,131.0423250000002,16.734627792902458,2.750347,246.51124132485563
ETSY,"Etsy, Inc.",71.025,USD,-2.464982147761587,1943833,0.7103892017411878,6518799018.080543,USD,Retail trade,Buy,77.84007811972316,76.76141652619826,73.84512147953002,-13.37358214416391,-15.657285358033475,26.966392563460868,76.81899999999999,80.40875000000008,81.00870000000003,64.10977499999997,41.78432756794918,3.297218,35.9404990403071
JOBY,"Joby Aviation, Inc.",6.572,USD,-3.9181286549707575,22867097,0.9959201331624106,6500524831.381871,USD,Electronic technology,Buy,7.318080579846094,7.748646136026207,8.373645741944223,-2.1295606850335043,-25.335151102022262,-51.13754646840149,6.768399999999998,7.2791,7.607440000000009,10.281310000000003,nan,-0.890731,7.325141776937619
USAR,"USA Rare Earth, Inc.",17.315,USD,-1.9535673839184535,7805707,0.6438816025727458,6494450728.955833,USD,Producer manufacturing,Strong buy,18.13354565634851,18.62426426791497,19.057231758032867,-0.2592165898617405,-10.839340885684862,41.00162866449513,17.625000000000007,18.317250000000012,17.54079999999998,19.265624999999996,nan,-0.537143,-189.8499879022502
VNO,Vornado Realty Trust,34.69,USD,-1.6165626772546804,357758,0.37172717259153454,6477335060.9498005,USD,Finance,Buy,37.30333094436888,37.12289260316629,36.31857198785393,-5.861601085481692,-11.527671512369302,4.3308270676691665,35.92999999999999,37.84149999999994,38.867399999999954,33.42429999999999,1398.7903225806451,-0.355,-99.38629052214797
ENS,EnerSys,179.585,USD,-0.5179481497894983,206550,0.41266307233900745,6476773350.049717,USD,Producer manufacturing,Strong buy,189.55698622779778,193.80895225411507,194.4026102374739,-2.43657304286412,-6.950777202072534,22.37478705281091,180.41699999999997,189.11425000000014,193.82929999999982,186.64827499999993,19.210855681903276,13.368333,6.6404289299566575
MIRM,"Mirum Pharmaceuticals, Inc.",99.55,USD,0.02009444388626145,264465,0.6079663558156632,6464000948.088014,USD,Health technology,Strong buy,102.08397035161552,103.22416577151702,102.34757284504674,0.6063668519454212,-0.030126531432015602,25.837441537100236,100.088,99.10250000000008,108.10850000000006,96.34402500000002,nan,-15.131329,-1101.5528206822498
HR,Healthcare Realty Trust Incorporated,18.835,USD,-1.180482686253924,922138,0.32090676210485697,6455126443.816633,USD,Finance,Buy,19.491933560161385,19.64692560963198,19.555901943037743,-2.9623905203503313,-5.494229804315097,11.449704142011848,19.11700000000001,19.20625,20.153299999999994,18.739725000000004,nan,-0.077621,77.63043855087537
MMED,"MiniMed Group, Inc.",22.89,USD,-1.8439108061749558,517610,0.21234829041595832,6440100158.20626,USD,Health technology,Strong buy,20.373724417053154,19.038882006053488,17.383360642850867,0.48287971905179733,16.07505070993916,23.729729729729733,23.41899999999999,20.917250000000003,18.528600000000004,nan,nan,0.679754,nan
DOX,Amdocs Limited,59.816,USD,-0.25679506419876,271565,0.2551358341245505,6434467015.794564,USD,Technology services,Buy,59.429532434629614,59.055723439739616,60.19538693177697,-4.048764837985243,3.7571552471812732,-25.878562577447337,61.5472,60.873299999999986,56.54872000000003,66.16550500000041,14.300468585636416,7.416,-15.478499838344648
KGS,"Kodiak Gas Services, Inc.",63.615,USD,-0.8185219831618313,472355,0.3272931009478754,6431733088.434518,USD,Industrial services,Strong buy,62.503172138240146,62.98910882832159,62.272085033644224,7.54860524091294,5.305413011090889,70.32128514056225,62.69500000000001,61.45475000000005,62.83610000000002,56.259474999999995,75.9128878281623,2.084497,-5.789769533445755
ANF,Abercrombie & Fitch Company,151.555,USD,0.08254639107178233,744792,0.2093806990472373,6431142086.190947,USD,Retail trade,Strong buy,127.32059194791923,117.16306130882192,108.73610549995593,8.524883637665592,33.64638447971781,20.386845658908573,146.5589999999999,126.84675000000001,109.88050000000003,97.88252499999993,12.980711581616049,12.88272,10.50599125447214
EPRT,"Essential Properties Realty Trust, Inc.",29.47,USD,-1.4051522248243618,373724,0.3260683308781625,6425908496.346603,USD,Finance,Strong buy,30.42339592836054,30.68170288876391,30.880599963488056,-2.514058881905397,-3.250164149704537,-0.2707275803722567,29.733999999999988,30.48950000000004,31.061799999999977,31.205299999999998,22.903551721457994,1.316667,8.417593528816976
POOL,Pool Corporation,176.71,USD,-0.35524980263899597,364591,0.624197584127938,6421773417.336641,USD,Distribution services,Buy,188.5969307711822,192.31901190961844,198.35590984513118,-2.7944331371362474,-13.496181711376538,-22.536384359109242,181.2659999999999,187.99049999999983,196.22960000000015,214.94114999999954,16.24904598578404,10.981721,0.3534253654215226
MXL,"MaxLinear, Inc",70.795,USD,6.458646616541356,1589990,0.7786492065318795,6420623953.827894,USD,Electronic technology,Strong buy,70.73570850999955,71.71041148661152,68.43316251400648,23.573049397800666,-6.5535902851108805,297.0555243970836,63.916999999999994,67.29525000000001,75.32969999999999,48.00132500000001,nan,1.75,51.948786299931335
RIG,Transocean Ltd (Switzerland),5.745,USD,-0.26041666666666113,24042105,0.6561454817682948,6416476584.429688,USD,Industrial services,Buy,5.687795952444992,5.68006176782231,5.6683122726952195,-1.9624573378839625,7.182835820895518,38.43373493975903,5.919000000000001,5.831249999999998,5.448299999999997,5.574125,nan,0.227048,3.916576381365115
BLCO,Bausch + Lomb Corporation,17.96,USD,1.2972363226170356,226278,0.5490346798971897,6414687773.001693,USD,Health technology,Buy,17.274862398072063,16.985596909408233,16.740004044987206,0.11148272017836997,7.738452309538086,4.662004662004666,17.97400000000001,17.4025,16.875400000000003,16.581200000000003,nan,0.794186,37.70364623739332
FNB,F.N.B. Corporation,18.15,USD,-0.9279475982532844,838953,0.267487837628656,6406967617.983079,USD,Finance,Strong buy,18.60803076700894,18.563885615910795,18.36089321346581,0.8333333333333255,-4.1204437400950935,5.830903790087464,18.378000000000004,18.62649999999999,18.85920000000001,17.802075000000002,10.807431225437655,1.687089,30.448966910051254
HIMS,"Hims & Hers Health, Inc.",27.445,USD,-2.5736599219027383,4657030,0.5098291291914017,6403286665.370784,USD,Health services,Buy,29.30678839647205,29.434746140520964,29.362154379750358,-3.1238969290504697,-11.667203089797232,-16.833333333333332,27.965000000000003,29.53125000000003,31.374100000000002,28.297124999999987,nan,-0.577497,-177.97246558197747
TXNM,"TXNM Energy, Inc.",57.995,USD,-0.16353933551386807,355524,0.2515264965099252,6386743196.217679,USD,Utilities,Buy,57.74816147434249,57.79951082119108,57.92011623739441,0.38947550631814837,0.9135200974421412,-1.703389830508479,58.05899999999997,57.61524999999999,57.49890000000014,58.43692499999987,32.215864903899565,2.919083,-7.316068578489414
UBSI,"United Bankshares, Inc.",46.87,USD,-0.8462026655384085,308996,0.43523223813962714,6384283942.288765,USD,Finance,Buy,47.47053390406709,46.98134253925121,46.02816320830526,0.4500642948992732,-2.5571725571725654,22.248304642670824,47.372000000000035,47.82099999999998,47.605299999999986,43.31297500000002,12.792030567685588,3.708333,29.442521020278388
