Symbol,Description,Price,Price - Currency,Price Change % 1 day,Volume 1 day,Relative Volume 1 day,Market capitalization,Market capitalization - Currency,Sector,Analyst Rating,Exponential Moving Average (8) 1 week,Exponential Moving Average (13) 1 week,Exponential Moving Average (21) 1 week,Performance % 1 week,Performance % 1 month,Performance % YTD,SMA 5,SMA 20,SMA 50,SMA 200,PE Ratio TTM,EPS Forecast Next FY,EPS Growth YoY TTM
NVDA,NVIDIA Corporation,230.36,USD,0.8360691617421865,135351569,0.8496626985532842,5551676014709.0,USD,Electronic technology,Strong buy,217.36246646396953,213.4173868875916,208.51089369563923,1.319493314567206,6.225214424052384,21.34748597466221,224.28799999999984,220.08199999999994,210.5663999999998,196.67945000000006,29.120420701337448,9.254931,125.14871211043119
AAPL,Apple Inc.,319.97,USD,-2.510587733463317,39605721,1.0685357236204853,4669699692424.999,USD,Electronic technology,Buy,314.32112957852354,310.24773245912104,302.8825837292842,0.9862866701383957,3.4296612361003405,17.52584892839435,323.02400000000034,313.13999999999993,315.15139999999997,283.8702999999998,36.679926174727456,8.828614,32.60922440789274
GOOG,Alphabet Inc.,335.31,USD,-1.1118320160434063,12700311,0.79126739066566,4121955679229.9995,USD,Technology services,Strong buy,343.6893135792839,345.45916306705817,343.206685350526,-0.6812594413672615,-11.760526315789473,5.579520765767193,335.12200000000007,340.81500000000005,346.5301999999998,334.78380000000004,16.84526231707133,20.5677,112.01789423230548
MSFT,Microsoft Corporation,499.7,USD,-2.0426566298125963,18101758,0.8182544401485637,3710545132099.0,USD,Technology services,Strong buy,473.23793781510955,455.9702261656246,443.5559695424185,-1.114123444086042,0.67391282449053,3.161741176956346,502.9899999999998,495.70949999999993,444.17220000000015,431.04650000000055,27.845576025053774,19.723885,31.54908515130189
AMZN,"Amazon.com, Inc.",258.51,USD,-0.15063731170335512,30749804,0.9607265060771224,2788370254612.0005,USD,Retail trade,Strong buy,258.9710752771955,255.93668635585553,251.5163329292381,0.07355218333849402,-8.19631378955218,11.7446183107115,257.416,262.1969999999998,253.94940000000017,239.12285,20.792915399835913,12.714129,89.7295812477109
AVGO,Broadcom Inc.,357.895,USD,0.20579012207412833,32862699,1.2305199527063824,1702714069792.0002,USD,Electronic technology,Strong buy,378.4677376194319,381.63659255443474,380.1829971206647,-4.203693790149904,-15.130424472373727,1.4513500106300063,364.463,378.32324999999975,383.66129999999947,369.8335500000001,45.67842146239359,11.613057,100.17117163149555
META,"Meta Platforms, Inc.",616.77,USD,0.9972489683631415,15965403,0.9567262343801456,1571225408004.0,USD,Technology services,Strong buy,590.9895574054964,594.2739656231165,601.4036698170385,7.91181873851807,2.717106194469184,-6.934248745709009,594.2359999999999,576.8810000000004,595.4916000000003,622.2900500000003,23.23252108468907,31.398658,-3.857269092594742
TSLA,"Tesla, Inc.",354.08,USD,-5.921113812389575,65015458,1.5436441846369664,1398455763802.0,USD,Consumer durables,Buy,353.5514232583777,361.1661901908363,370.95761447551024,-0.8443131379604988,9.47993321377774,-22.656181738750554,362.2989999999995,348.4392500000002,357.9476999999996,399.5584000000002,328.97890922605217,1.690293,-37.67083622886263
MU,"Micron Technology, Inc.",1016.59,USD,6.0981464473574425,35248718,1.4053296207679564,1148129727708.0,USD,Electronic technology,Strong buy,946.268790695732,912.0980441634824,839.3556830996927,10.584255240457317,14.83000112956061,244.4608216857264,964.6000000000004,943.3037500000004,938.2795,606.4795250000002,23.01430088223109,73.3679,697.287150515315
LLY,Eli Lilly and Company,1149.36,USD,-0.8830631252155925,2220239,0.8951547184976952,1081958131709.0002,USD,Health technology,Strong buy,1176.0563048663435,1158.9854190667172,1127.3474095143663,-1.9869356846827027,-2.098807495741065,6.778149386845021,1157.1539999999993,1202.5955,1191.5026000000003,1063.3285499999995,39.05522085282934,36.394959,95.1428306190653
BRK.A,Berkshire Hathaway Inc.,759350.01,USD,-0.48124300478885157,166,1.0546378653113087,974246351954.0039,USD,Finance,Buy,754263.2372342533,749988.2250181456,745318.1901326333,0.6954249932340381,-2.24085684565037,1.2466680000000012,757922.6059999998,758056.0105000001,754436.154200001,738610.4335000004,12.728532513450574,33247.814093,36.30277029708534
JPM,JP Morgan Chase & Co.,358.64,USD,-0.9445948185383681,4875393,0.9320230139703097,953331966144.9999,USD,Finance,Buy,351.8018386869211,344.6741284378207,335.7723949189759,0.8350437203025193,-0.09192968771764796,11.206201550387593,357.57799999999986,358.3435000000001,349.77519999999987,318.3428000000005,15.36392066144026,24.826105,19.772185022704537
WMT,Walmart Inc.,107.14,USD,-1.180593986349383,20540472,0.7669454924910388,850021551642.0,USD,Retail trade,Strong buy,109.22149804053029,111.63844628198407,113.96787213795429,3.928606072363951,-4.7220987105380186,-3.8456360780794228,106.48799999999997,108.93300000000006,110.88280000000017,118.66924999999999,38.81743415093656,2.89042,4.131140119218296
AMD,"Advanced Micro Devices, Inc.",477.57,USD,4.693528586460884,19678604,1.2539849824390779,779621086047.0,USD,Electronic technology,Strong buy,485.01890602698927,476.8545758760894,447.85964364566007,1.0687378312029145,-1.4293233160300955,118.16811329374141,464.22400000000033,475.1974999999999,499.27430000000015,340.99780000000004,122.56383934300013,7.630386,124.2848097622748
V,Visa Inc.,375.07,USD,-0.9716171617161734,4646778,0.782938729312126,700273466426.0,USD,Finance,Strong buy,366.29796276311765,358.49891865550387,350.07336654696917,-1.3752300815145986,0.7440236368519961,7.202675279389485,376.8520000000001,371.7265000000002,363.19280000000043,334.06959999999987,32.188494975240936,13.225656,15.026505167767343
JNJ,Johnson & Johnson,275.23,USD,-1.1493014402183632,4320738,0.6909423179298171,663276373429.0,USD,Health technology,Strong buy,263.8978725693912,258.3817819786857,251.19416282513907,3.5555722778237815,7.827619980411368,33.077071849917814,273.18200000000036,268.2649999999998,261.7684,235.82342500000013,31.900368575998517,11.583789,-7.724064171122985
XOM,ExxonMobil Holdings Corporation,159.47,USD,-1.689168361999882,16206352,1.1584947110032011,655726629101.0,USD,Energy minerals,Buy,156.14094249494417,153.82086314609037,151.08590647099254,1.8326947637292494,2.860644370625989,32.792072612207505,162.2659999999999,161.42300000000003,152.96040000000028,144.74069999999983,20.521696607813865,11.612437,10.170981370686484
MA,Mastercard Incorporated,579.21,USD,-1.1097642177869593,1774708,0.6464241073763661,507393734469.00006,USD,Finance,Strong buy,566.850674687475,554.0222195124772,543.116981315825,-2.481690377977946,0.6027026088164844,1.4893728864046538,584.6940000000002,579.682,557.7133999999992,530.3504499999999,31.865169528357423,19.955542,22.61557038106353
INTC,Intel Corporation,95.8,USD,4.505290716701206,97653222,1.191584738818002,503383642012.0,USD,Electronic technology,Buy,97.10277428258202,97.99651351571936,94.25756324491907,6.13194482911427,-3.5246727089627394,153.64045538787394,91.2,93.94775000000011,100.60670000000006,74.15492500000003,nan,1.499444,55.48626858150668
ORCL,Oracle Corporation,158.78,USD,3.0771228252402034,26509565,1.2681269548418848,457361173491.0,USD,Technology services,Strong buy,149.55437776996865,152.15295418033796,157.6970553852401,3.372395833333338,9.50344827586207,-19.592849546766598,149.80200000000008,148.31100000000015,139.83860000000016,168.78499999999997,27.259305040516413,8.069407,34.18415535948765
ABBV,AbbVie Inc.,256.46,USD,-1.4411436916336806,4729800,1.2168179585227616,453194890112.99994,USD,Health technology,Strong buy,252.92221765954508,247.87981747180825,241.29654886021441,-0.854370433370718,3.829959514170032,12.118562560111904,258.96,257.5374999999998,254.47840000000005,228.33919999999995,72.51187514137072,14.030708,68.31485271022699
BAC,Bank of America Corporation,62.68,USD,-0.5710659898477148,26589282,0.8584572994698482,438305480318.0,USD,Finance,Strong buy,61.741549870709015,60.36819120062742,58.53360785948233,2.117953730856952,-0.5079365079365084,13.901508268217334,62.449999999999875,62.940999999999995,61.619799999999984,54.872600000000084,14.425112768111939,4.642767,27.24983161039038
CSCO,"Cisco Systems, Inc.",109.2,USD,0.54322806371421,12377011,0.9212658418115532,430530452324.0,USD,Electronic technology,Strong buy,112.37270749572751,111.7246151544777,108.17528466778457,-2.7691211824414563,-11.93548387096774,42.47504729597496,109.49900000000005,112.54975000000002,114.28309999999992,94.75460000000004,32.80362882633903,5.119928,27.475683541395412
PLTR,Palantir Technologies Inc.,174.33,USD,-4.492412206212671,27962994,0.9024722701110831,418931230584.00006,USD,Technology services,Strong buy,163.60699908616766,155.98370566180805,151.3894585057579,-5.742092457420912,7.61111111111112,-3.8444567015995577,178.52400000000003,176.91999999999993,149.88899999999998,151.3719,148.98726604563714,1.594846,288.8667331339315
CVX,Chevron Corporation,208.6,USD,-1.2871474540980499,5461250,0.7312942855683664,412145892772.0,USD,Energy minerals,Strong buy,197.9942712029272,194.15291999733208,190.2881740615959,4.310431043104313,9.106124797322034,37.088029441724444,209.77800000000002,203.24100000000016,191.15319999999957,181.11985000000013,19.998849538856824,15.986647,34.62660368104495
COST,Costco Wholesale Corporation,915.74,USD,-1.0449422418171361,2078982,1.1086209435933685,406111291029.0,USD,Retail trade,Buy,942.5269715265467,949.5262277387524,956.3685444347556,-2.4703520477988294,-4.310389868232688,6.340432450008131,930.6960000000006,947.1912500000005,943.5735000000001,960.2624000000001,46.059209930690386,20.516729,12.777024612434968
LRCX,Lam Research Corporation,307.65,USD,5.1219845554568275,8359344,1.2294218922275988,384968911833.00006,USD,Producer manufacturing,Strong buy,314.14375071708963,313.4538667087433,302.85043210962164,-3.2638430336760673,-3.4187229233377416,72.98285071689625,296.06399999999996,312.76300000000003,321.88380000000006,260.89525000000003,53.37346680314359,9.483334,38.61340900346286
KO,Coca-Cola Company (The),88.07,USD,-0.8332395000563101,17295131,1.1131699467965435,378925473980.00006,USD,Consumer non-durables,Strong buy,87.21419835440832,85.6239131983981,83.55698884812638,-1.2778836453312417,1.171740379092471,26.084466714387975,88.35799999999992,88.85799999999996,86.0657999999999,78.44577500000015,26.53430146726522,3.305443,17.602664493498224
CAT,"Caterpillar, Inc.",813.94,USD,1.7246981778188903,2150387,0.9473271635106967,374147761329.0,USD,Producer manufacturing,Buy,842.5936286454216,852.2348016752748,840.8905709395601,-0.6190400605609133,-6.967653446108119,40.92002977890892,796.5979999999994,823.7080000000003,872.6915999999994,773.2171249999996,35.011484957716426,27.248627,18.21556423399235
MRK,"Merck & Company, Inc.",150.33,USD,-1.3194170933438303,4397467,0.46225332437531,370889915785.0,USD,Health technology,Strong buy,140.13880538616843,135.0799002094096,129.56360430697876,2.460468920392594,16.165674986477104,42.452383208566296,150.386,145.028,134.58960000000002,118.40455000000007,120.1582607305571,2.749074,-80.7110590339341
AMAT,"Applied Materials, Inc.",454.71,USD,4.312816865866797,6016828,0.9350224285922835,360856672479.0,USD,Producer manufacturing,Strong buy,496.8634690413182,499.38990387397985,481.744930629693,-4.524839373451478,-16.49112496671289,70.25235884379212,445.8640000000004,489.4640000000001,533.7184,407.0629,39.208602076363256,12.813925,38.26930872499227
UNH,UnitedHealth Group Incorporated,397.14,USD,-0.9477727340749267,5566518,1.3636221665920287,356470831334.0,USD,Health services,Strong buy,401.306347511399,398.705331527195,388.7811017772816,0.18162554866050412,-1.5005332473523678,20.01994590428988,396.6900000000003,396.91199999999986,411.74159999999915,351.49292500000024,25.537907530062373,19.759929,-32.64203819448956
GE,GE Aerospace,337.12,USD,1.091519731318216,2511828,0.7889851388933522,349783064934.00006,USD,Electronic technology,Strong buy,349.541611196964,346.8623514818745,339.7449907011252,-2.308126983207029,-11.1298571202615,8.836158192090396,333.3800000000003,351.0424999999999,357.2146000000003,321.3261999999997,39.73550523921217,7.918383,18.431815961025716
MS,Morgan Stanley,217.72,USD,0.2624913654156082,3133084,0.8500523217187863,341943693308.99994,USD,Finance,Buy,215.06763784293207,212.3572635597079,206.63347275480803,1.0770659238625782,-0.19024915763173816,21.96173990981151,214.21000000000012,215.05150000000017,215.5856000000001,190.924,17.59154519892699,12.897254,40.22978086972287
PG,Procter & Gamble Company (The),146.44,USD,-0.32670841274162116,5589142,0.7177911201541277,340389989640.0,USD,Consumer non-durables,Buy,145.7879864868103,146.26077319226485,146.878126092633,2.2268760907504346,-0.9503195914640341,2.326881419886789,146.4660000000003,144.96950000000027,146.72019999999998,147.57059999999984,22.121180078248916,6.975775,1.73974518573163
DELL,Dell Technologies Inc.,524.14,USD,1.5008036561513585,11118608,0.9829719978632888,339790035319.00006,USD,Electronic technology,Strong buy,456.0222623885328,426.2159954631603,381.3920906302885,12.096325762436376,12.332965419689444,308.208722741433,482.74799999999993,466.1145,439.4524000000001,253.45110000000025,30.424965026440592,25.631716,153.33519602364635
NFLX,"Netflix, Inc.",78.25,USD,-5.346558606507804,40189067,1.5003309372341342,325828300415.0,USD,Technology services,Strong buy,77.6632565202199,78.35902411315035,80.75681102705374,-2.61962541223322,4.180535215017975,-16.870285774992027,81.10199999999999,79.3099999999999,75.44019999999972,86.88350000000004,24.651880788860186,3.597805,35.26804738770987
HD,"Home Depot, Inc. (The)",321.05,USD,0.9369006822397642,2262388,0.682520407012874,320308245533.0,USD,Retail trade,Strong buy,333.42161722261756,334.5633548955288,336.68118398718894,-2.8593040847201174,-8.312033242421204,-6.51661182773782,321.0460000000006,334.660500000001,339.12080000000066,343.9044999999997,22.46613110899625,15.006383,-2.9250730249303722
GS,"Goldman Sachs Group, Inc. (The)",1038.61,USD,0.06551501546345478,1429525,0.8287136999892057,302413541391.0,USD,Finance,Buy,1037.1948779748516,1028.4992582375294,1006.5688047227053,-0.7529933396401408,-2.359665698357648,17.489819004524875,1021.8840000000002,1033.137,1043.7034000000003,948.0808499999995,16.02936682604307,70.230702,42.76881720430108
PM,Philip Morris International Inc,182.53,USD,-1.9552022345168323,3155744,0.8579651754243398,284493724887.0,USD,Consumer non-durables,Strong buy,187.4091554650428,185.87305964275936,182.9501510072832,-4.509547475804345,-3.069406829164676,13.896168725820548,186.218,188.62350000000012,187.92740000000012,174.40000000000032,26.23726084894134,8.367219,32.011992637431455
WFC,Wells Fargo & Company,89.97,USD,0.8745375042045086,8004820,0.6158629758772703,272069217795.0,USD,Finance,Strong buy,86.84229717281198,85.86120502933674,84.94595703837938,5.338953284158767,0.8293174941163228,-3.5691318327974257,88.37199999999993,86.87549999999999,86.64899999999997,84.99350000000004,13.071335173616156,7.289137,18.045551210811553
PANW,"Palo Alto Networks, Inc.",333.26,USD,0.3976622281135125,5639364,0.7855013526354472,271606907958.99997,USD,Technology services,Strong buy,346.05040613065,329.32826645944954,303.0839497911218,-11.663044054498224,-10.862064353919815,80.32573994913695,347.58000000000004,363.783,349.3042,233.06695000000008,656.4112664959621,4.184195,-68.27073307918255
RTX,RTX Corporation,200.79,USD,-0.662939692277249,2803336,0.7587766716400318,270616355655.00003,USD,Electronic technology,Strong buy,207.68926620352397,204.32921227812625,199.97642957018152,-5.6127485545057105,-8.731818181818186,9.422343324250676,203.318,213.78699999999995,207.6716000000001,193.09030000000007,35.35657686212361,7.24657,24.774794568704138
SNDK,Sandisk Corporation,1740.0,USD,11.897825709490093,16556947,1.3993049158557997,254769071045.00003,USD,Electronic technology,Strong buy,1566.5257662999456,1534.456162097728,1428.7237717851792,20.165745856353592,24.39500418224583,612.0933087783917,1590.3920000000005,1529.7914999999994,1550.2506,1003.96765,23.87070310195671,211.821325,nan
GEV,GE Vernova Inc.,941.95,USD,0.01167926611738869,1237984,0.5827742417799644,250872926134.99997,USD,Producer manufacturing,Strong buy,980.7708853390221,989.6078439392912,974.7677116187787,-0.6999862954490335,-7.561334641805687,42.462832166245704,920.5579999999998,971.9809999999995,1015.3968000000002,886.1194499999998,26.96308551931026,30.685017,735.9407527936638
ANET,"Arista Networks, Inc.",193.78,USD,1.222315085666529,4208582,0.8913256421522969,244400103265.00003,USD,Electronic technology,Strong buy,186.82145463880315,180.4144993670238,172.1738338367623,-3.1099999999999994,-7.807222037204432,44.55800074599029,191.25399999999976,194.51099999999997,182.93140000000002,151.94030499999994,61.09464657292389,4.106389,24.726700747149035
KLAC,KLA Corporation,185.6,USD,7.320457962299061,12725204,1.489914965330088,242495085318.0,USD,Electronic technology,Strong buy,193.997921250173,197.08587362717302,193.45069336652384,1.9556141507361033,-5.046939349755715,47.33549785268037,175.428,187.87050000000005,205.76120000000006,171.51618499999992,50.60392071325354,5.486128,20.65993354607363
AMGN,Amgen Inc.,437.23,USD,-1.5513825092317362,1656089,0.794470609021583,236380543626.00003,USD,Health technology,Buy,412.2087379502663,397.6183031172042,383.0490849760629,-0.15072278426088018,11.152633719747813,32.989628007421615,438.43799999999976,431.441499999999,397.06109999999967,358.44654999999955,27.16051683438937,23.076353,31.702528020944104
TXN,Texas Instruments Incorporated,258.44,USD,1.8161761809084762,4243989,0.8235254509609116,236019732820.0,USD,Electronic technology,Buy,271.8899854800129,274.2809820635981,269.2497296477902,-2.5637158799577784,-7.9957280170879255,47.709541908381674,256.264,266.5550000000001,280.03009999999955,239.37939999999958,39.31662939467239,8.511411,20.161231354197135
C,"Citigroup, Inc.",137.72,USD,-0.3040393803387777,5714707,0.6742078070919774,231016593679.00003,USD,Finance,Strong buy,134.95313348763563,133.9321523361544,131.2138924786937,3.5644457813205066,0.3095524236133955,17.49850695333163,134.87199999999999,134.7735,135.28700000000006,123.1803499999999,14.86630900592623,11.197137,36.96699982257968
TMO,Thermo Fisher Scientific Inc,613.78,USD,-0.7519040150057367,1229134,0.8162932703658409,226943498766.0,USD,Health technology,Strong buy,589.7118805686822,568.7276016606605,550.2001822952658,-2.042835711321789,8.07317803250401,5.915444348576354,611.6699999999997,611.9309999999995,570.7336,536.0712500000002,33.01632042689159,25.110682,7.601479432074029
IBM,International Business Machines Corporation,234.89,USD,0.07669038387796787,3722859,0.8600490558403665,221297948502.99997,USD,Technology services,Buy,237.71248521589828,241.67188400418198,246.72976538590024,-1.4309693663449539,-0.5124947056332096,-21.061298561634633,233.31400000000008,234.31349999999992,241.35039999999992,262.3231999999998,20.84964361480219,12.311393,82.7337312658146
AXP,American Express Company,326.16,USD,-1.109696197926132,2034652,0.9415648226008284,220259051555.0,USD,Finance,Buy,334.64274948337237,334.1562120304401,332.9913621554573,-2.455363818524383,-6.811428571428563,-11.729364005412712,328.06400000000053,335.4384999999997,341.44119999999964,337.11297499999984,19.78886057517292,17.642617,15.718377892608398
LIN,Linde plc,477.57,USD,-0.9581285385428989,2273912,1.2657032737173668,220150300094.00003,USD,Process industries,Strong buy,491.52613328006754,495.88559049835146,496.15027687094124,-1.93634496919918,-2.622188691556392,12.031997747959092,484.71000000000015,484.6177499999998,501.51249999999993,480.4762750000003,30.83444170400692,17.880722,10.101512738853511
CRWD,"CrowdStrike Holdings, Inc.",213.1,USD,-0.8698888216960527,8428567,0.6393138636420852,218200515210.00003,USD,Technology services,Strong buy,202.98712353772126,193.03483103270975,178.7381153529228,-6.629277483240589,-0.21072348396160948,79.83122362869199,215.512,210.56100000000006,200.8136,142.48960000000008,5969.187675070028,1.252863,nan
CRM,"Salesforce, Inc.",259.23,USD,-1.9664939681579203,10498288,0.5152679729537577,213346299042.00003,USD,Technology services,Strong buy,214.88667585799945,203.0693058096313,197.58830660806282,3.4974248412983666,34.12148178807948,-2.177358490566031,259.248,220.91699999999992,191.65040000000008,200.74675000000028,23.62650382792563,16.592707,59.33315907176673
VZ,Verizon Communications Inc.,50.14,USD,-0.8895038545167084,13423131,0.7238172945953617,208320435550.0,USD,Communications,Buy,48.287066405840704,47.6321125025244,47.10349261288772,1.2009284488848497,9.000000000000002,22.982585234240855,50.25399999999998,49.19849999999993,46.41199999999995,45.71742500000022,13.057291666666668,4.99273,-10.788960133816568
APH,Amphenol Corporation,82.78,USD,0.8651151456074181,11224535,0.9921225389005256,204132748645.0,USD,Electronic technology,Strong buy,80.28650881228297,78.97994293403111,76.94740369117022,2.672868217054265,-3.9145700937291457,20.74095682613769,81.15100000000004,81.01624999999993,80.51189999999995,72.86440000000005,41.445952035247586,2.631524,59.36328093832282
MRVL,"Marvell Technology, Inc.",223.55,USD,7.0487956711200495,21218082,0.8542366016166009,196031003133.99997,USD,Electronic technology,Strong buy,220.75467958452583,216.38883143524328,202.8592747159954,-0.7569199351845616,3.5049541624224565,157.72423334101916,212.18199999999993,224.57800000000012,220.66529999999995,151.7693000000001,73.61124831242385,4.202626,nan
TMUS,"T-Mobile US, Inc.",181.52,USD,-3.4570790341453037,4510091,1.1651431844244953,194711359017.0,USD,Communications,Strong buy,181.7578264366901,183.25939796299957,186.62180952274505,1.5382894221625552,3.6073059360730717,-10.249690976514211,183.88800000000018,181.58949999999984,181.41779999999974,194.59100000000024,18.99619071539202,10.904292,-9.885985345014564
STX,Seagate Technology Holdings PLC,849.28,USD,6.344774044903014,2559678,0.8624157004739199,192484661181.0,USD,Electronic technology,Strong buy,856.3983425980741,839.3030761988315,786.0647323475786,2.1886919587529556,0.13559242097319718,201.19516260595094,820.2899999999997,853.345,853.5237999999999,593.4198749999999,61.2137811734179,35.990159,104.84275800974459
SCHW,Charles Schwab Corporation (The),109.29,USD,-0.9874977350969282,5883457,0.7010391362143356,188999099511.0,USD,Finance,Strong buy,107.00246220679502,104.12028421008054,101.29472779883602,0.8210332103321039,2.1497336199644934,9.541946476896873,109.20200000000003,110.04700000000003,105.07380000000003,97.4304000000001,19.873799825429153,6.497677,48.05481517378779
PEP,"PepsiCo, Inc.",137.63,USD,-1.706899014426521,6144496,0.8520731419672928,187850020987.0,USD,Consumer non-durables,Buy,140.30745359329308,141.56301351270668,143.57335274155557,-2.154130527513153,-1.8540968409042249,-3.9030861611506795,139.65999999999968,140.5489999999999,139.64639999999943,148.78249999999971,18.05054625100004,8.553714,39.01002734731084
ABT,Abbott Laboratories,108.33,USD,-0.42283298097252314,7029454,0.9374105690196054,187452426142.0,USD,Health technology,Strong buy,107.54791428959153,104.74962157730144,103.49637941566895,-2.930107526881717,1.518133258363794,-13.127506014434646,109.37600000000016,111.89350000000013,104.37379999999996,106.30550000000007,35.01519167366992,5.517003,-61.310089540293134
GILD,"Gilead Sciences, Inc.",150.995,USD,-0.14878984261340716,6181783,1.1864254802778436,187227010967.0,USD,Health technology,Strong buy,140.78581133832387,138.046751435721,136.0744074203503,1.020271626413331,11.02573529411765,23.27128745203691,149.617,144.34725,136.60409999999985,134.36132499999988,nan,-0.461219,-152.8405474220242
DE,Deere & Company,693.53,USD,-0.12672628562376628,1054246,0.776288749142066,186993309292.0,USD,Producer manufacturing,Buy,634.4375733152295,620.505222387298,604.9197835552044,10.699122106943332,12.040387722132467,48.82618025751072,683.4599999999994,634.5019999999998,618.8132000000002,568.1838999999993,38.547647500208434,18.126497,-5.943518537880851
SHOP,Shopify Inc.,145.09,USD,-0.5415409925966493,6905847,1.0761515817238672,186679177142.6221,USD,Commercial services,Strong buy,140.470892608533,134.84522601801825,130.98935700994633,-6.287744227353454,-3.273333333333331,-10.543190085701951,144.00599999999997,149.5259999999999,134.1504,131.30344999999997,99.94847235693503,1.92639628,-19.900471515478106
BLK,"BlackRock, Inc.",1122.29,USD,-0.34276073347246167,410827,0.6592304327495965,182345409280.0,USD,Finance,Strong buy,1120.0110965526308,1100.4006418136044,1083.1922465444184,-4.123667304537998,-1.4238032498902096,4.745949376539975,1127.846,1152.4104999999997,1092.0731999999998,1059.2621750000005,27.91849507945511,56.252292,-2.840666020529752
DIS,Walt Disney Company (The),105.31,USD,-1.7263904441955902,6112015,0.7857190917675225,181837392132.99997,USD,Consumer services,Strong buy,104.13136381244283,103.13238555237174,102.8993296815196,-1.8088578088578067,3.2552211001078613,-7.166784203102958,106.84400000000005,106.58450000000009,101.20979999999977,103.96304999999978,21.721463635988613,6.910397,-23.99034240561896
MCD,McDonald's Corporation,255.69,USD,-1.517544197511843,4225170,0.9550361959977299,180936851619.0,USD,Consumer services,Buy,267.72717886983037,271.8557844570419,278.0110341859877,-2.1581907932499087,-5.871742011485786,-16.246847259982317,260.18399999999986,267.1125000000003,269.47119999999995,295.94225,20.766194529270354,12.919676,5.462051716901772
QCOM,QUALCOMM Incorporated,168.74,USD,0.10084831227384228,8536996,0.8540155601367837,177216471813.99997,USD,Electronic technology,Buy,168.95537095440977,172.59368995457146,173.834709056472,2.521416854000854,4.612523248605082,-2.9102751470097425,168.872,164.02050000000003,169.31139999999996,167.82815,19.52918846349706,10.542379,-16.66602368735774
T,AT&T Inc.,25.68,USD,-1.9473081328751491,26152580,0.8917385305761083,175969267951.0,USD,Communications,Buy,24.661607965326283,24.397149335551035,24.49564796230617,0.46948356807512126,13.327449249779344,3.5901573215006075,25.942,25.294500000000003,23.53100000000004,25.144399999999955,8.492344323555674,2.339033,72.38057234066811
ADI,"Analog Devices, Inc.",362.25,USD,1.6129032258064515,3560584,1.0194285820301987,175533837958.99997,USD,Electronic technology,Strong buy,374.6238399826093,377.44103176269977,373.28090361478286,-3.177954776286948,-4.542939207884268,31.693750681644673,358.2240000000002,372.5882499999999,377.3651000000009,348.29799999999983,42.987848293539656,12.868242,114.37875241681084
NEE,"NextEra Energy, Inc.",83.43,USD,-0.749464668094213,10766156,1.0364664250442934,174033167826.99997,USD,Utilities,Strong buy,84.9757771700891,86.05024424853563,86.85256256663256,0.6150506512301075,-3.9930955120828524,3.7041640770665056,83.17200000000004,84.45800000000007,86.55360000000012,87.81075000000001,18.719289192039312,4.030254,55.29809401024427
UNP,Union Pacific Corporation,289.62,USD,0.1625453916652351,1279301,0.5624534788069999,172056143550.99997,USD,Transportation,Strong buy,295.12705027856845,289.8712670958504,281.77491521622983,-6.202027399034874,-1.8370390455531507,25.18694618543333,291.95800000000025,299.38550000000015,293.5819999999999,260.2792,23.453480933215644,13.070862,7.263409337676438
WELL,Welltower Inc.,236.17,USD,-2.052919708029204,2254455,0.875408906050965,170218329762.0,USD,Finance,Strong buy,235.87526582415262,232.29162765561904,226.20356796882444,-2.134095806398146,1.6659492036160035,27.23991164269165,238.50799999999987,236.86500000000015,237.10639999999978,210.90929999999972,nan,2.84054,-145.4237568148026
BX,Blackstone Inc.,136.15,USD,-1.1112725159790826,2902214,0.9591231181034028,169076081735.99997,USD,Finance,Buy,135.84896815889357,132.70820367125643,130.7056534045158,-5.778546712802764,-2.0503597122302115,-12.240556916333624,138.10999999999996,142.31499999999997,132.59139999999994,130.82224999999985,30.542656526908498,5.944004,20.325532431775855
WDC,Western Digital Corporation,467.46,USD,5.863170052313333,5812263,1.0312703684202822,168538457286.0,USD,Electronic technology,Strong buy,486.35698455580825,489.05735809639407,468.272734822268,1.1270957274202227,-14.217291970601993,163.803611738149,451.78399999999993,464.2295000000001,506.9788999999999,372.81452499999995,19.33642466835711,20.326053,370.6348433819378
SCCO,Southern Copper Corporation,198.76,USD,-0.3859068811707564,840397,0.7751306861720395,167821746981.0,USD,Non-energy minerals,Buy,195.05413231186665,190.24000160230173,184.7930617612866,-8.641294355580076,0.5725897694865676,39.69957082682301,202.6060000000001,201.76835478099994,187.3110652984,175.30685758384985,29.769197357976243,7.665838,55.917519032273155
BA,Boeing Company (The),212.25,USD,0.8265640587145547,4590630,0.8675030339542089,167756031464.0,USD,Electronic technology,Strong buy,217.43890954292374,218.6709209120232,219.44641495523075,1.076241725796462,-10.800588358898924,-2.704561081824435,209.01399999999975,217.90749999999963,219.41080000000017,220.24705000000068,96.6618089079151,-0.989718,nan
PFE,"Pfizer, Inc.",28.45,USD,-1.249566122874,23791943,0.7266769996441503,162155710867.0,USD,Health technology,Buy,27.010173260002887,26.58340197800937,26.334954188396427,1.6071428571428545,11.56862745098039,13.891112890312245,28.658000000000083,27.794999999999998,25.982000000000042,26.164750000000016,37.67213983050848,2.974173,-59.82765040693653
COP,ConocoPhillips,134.26,USD,-1.075744179192461,5497254,0.8996420320045008,161291569429.0,USD,Energy minerals,Strong buy,126.11899887991751,122.97105911597775,119.91046699906879,3.3166602539438266,13.013468013468009,43.42484777267385,135.17199999999997,130.8350000000003,120.16980000000007,112.73692499999996,17.787729037215648,10.251611,1.262443317502483
ETN,"Eaton Corporation, PLC",410.85,USD,3.4573932312651134,1890566,1.0787107252169228,159574139863.0,USD,Producer manufacturing,Strong buy,416.30311797813357,413.07713353754065,406.14898581790953,-1.5928143712574796,-7.715633423180585,27.115497664057436,398.28200000000055,423.1240000000001,415.3224000000004,381.0345500000001,41.80275327370959,13.544506,-1.1197633707593861
IBKR,"Interactive Brokers Group, Inc.",92.62,USD,-0.3550295857988147,2501949,0.6125466807054194,157575258011.37997,USD,Finance,Strong buy,92.06167038677816,90.44868381944642,87.49996749593907,-4.130007245626741,3.382073892175467,41.59914386179485,92.4739999999999,92.88749999999993,92.00040000000004,78.897175,36.873954932717574,2.700625,31.735459170294224
UBER,"Uber Technologies, Inc.",75.76,USD,-0.26329647182726257,14417434,1.048650019209276,154744363650.0,USD,Transportation,Strong buy,75.39624194174633,74.70630383555155,74.73773293767957,-1.6103896103896038,9.797101449275369,-7.654802535348611,75.81200000000001,77.08800000000011,74.08960000000019,76.32172499999984,16.65237938234971,3.356331,-22.807404516687306
NOW,"ServiceNow, Inc.",141.26,USD,-2.9741053643794304,12505015,0.6957410677511171,146062834319.99997,USD,Technology services,Strong buy,126.5388620690493,120.52812360429614,117.63327409311952,2.007510109763144,17.81484570475395,-7.721452835118907,142.892,131.61200000000014,117.01979999999998,118.58297000000024,88.21582464247798,4.072052,0.7740717432347375
DHR,Danaher Corporation,207.66,USD,-1.5969293465384091,2898175,1.027734787668744,145982092775.0,USD,Health technology,Strong buy,205.62008677210432,201.58663809741873,199.04051301538803,-3.458856345885634,6.165644171779142,-9.243477120755214,209.81800000000007,210.23449999999963,201.62739999999988,202.82685000000026,36.8707941975462,8.503372,19.62321056879488
TJX,"TJX Companies, Inc. (The)",132.08,USD,-0.08321355624478798,7267740,0.9205775713719824,145284567805.0,USD,Retail trade,Strong buy,145.0415280385418,148.6396579124684,151.03223087794152,-1.981447124304258,-16.4685049329623,-13.814029363784657,132.55199999999996,142.4814999999999,150.0519999999998,154.7151,24.42894926665064,5.283072,23.37585286265203
BKNG,Booking Holdings Inc. Common Stock,193.29,USD,-0.9429611028545091,6321477,1.2070919406217446,145234330478.99997,USD,Consumer services,Strong buy,197.58808258671368,192.776166510424,188.85718011453463,-5.0545240200412715,-6.953570654920943,-9.792058303573603,196.55999999999986,206.79649999999953,194.25019999999978,185.83837599999995,21.37832636538589,10.453019,57.21166385561022
VRTX,Vertex Pharmaceuticals Incorporated,546.12,USD,-2.122015915119369,803524,0.8565211611969449,138420077617.0,USD,Health technology,Strong buy,517.614546915913,503.35925385695515,489.1878455189827,-0.17730172366521546,12.02001969149984,20.2007307302901,550.6,538.7780000000005,508.76410000000027,466.147675,31.77240596910725,18.747244,22.86012451484244
BMY,Bristol-Myers Squibb Company,66.82,USD,-1.8651784402996183,4825447,0.6801962290764239,136494188923.00002,USD,Health technology,Buy,64.49043993046871,62.97761136625451,61.33468102584897,0.07488392990863735,3.1013732448696048,25.577898891185853,67.2600000000001,66.19999999999993,62.900000000000034,58.137144999999826,14.720007049389787,6.929215,83.16587983698503
NEM,Newmont Corporation,128.09,USD,-1.7940657824120243,5746708,0.6855375750761136,134967437820.0,USD,Non-energy minerals,Strong buy,117.22421141163973,113.06895425939587,110.22572991763565,-3.218738194182086,23.424551936789364,26.83434003366671,126.47399999999998,124.80450000000005,107.15139999999998,108.50085000000001,16.17440935436213,9.485329,42.18029048995494
COF,Capital One Financial Corporation,219.6,USD,-0.408163265306125,1921389,0.6404301459335137,134721266318.00002,USD,Finance,Strong buy,214.42097109807688,210.45153823209736,207.3259517739161,1.0491441192711215,1.469365123371226,-10.128913443830571,216.50999999999985,218.519,211.81579999999988,207.5794999999999,77.41116751269034,20.435647,-76.17936014778739
GLW,Corning Incorporated,154.3,USD,5.684931506849323,8554784,1.0260758791176532,132912218193.0,USD,Electronic technology,Strong buy,158.4851789628877,161.91799187285565,160.46906465228113,2.1921981588184662,-1.2416794674859175,73.54628275784503,147.74399999999997,154.0885,165.24519999999993,143.7786,70.77332354829832,3.276638,130.83112758073054
PLD,"Prologis, Inc.",137.34,USD,-0.7300325262016559,2267124,0.7417312854206801,132811225852.00002,USD,Finance,Strong buy,141.13809091910485,141.49996944279866,140.72796635837852,-3.539823008849552,-1.7596566523605206,7.515265382808838,138.3760000000002,140.46800000000005,142.07319999999996,137.32155,30.581162324649302,3.643333,22.353902738046575
CB,Chubb Limited,341.59,USD,-1.9124192390524122,2400005,1.427993007608807,131785364295.0,USD,Finance,Buy,343.5522102355246,341.9729053805527,337.7994526674738,0.6126476392447893,-2.218469113184863,10.027056625652257,341.3199999999996,342.7655000000002,347.93199999999945,326.3480000000003,12.088643208255624,27.694027,24.675593990602046
SPGI,S&P Global Inc.,443.51,USD,-1.569088730081227,1525211,0.7972096191961165,130746745464.99998,USD,Commercial services,Strong buy,429.3103579162859,424.49726428013946,422.7351422631128,1.7224770642201814,5.940665010510225,-10.140466620970532,440.3700000000002,428.7454999999992,426.3978744560002,430.0269316000002,27.007557073871766,17.902321,26.218823258137665
ISRG,"Intuitive Surgical, Inc.",366.7,USD,-0.8463348024768124,2081783,1.1438711293206933,129547063654.0,USD,Health technology,Strong buy,377.2531798617046,387.1242417303458,404.43791078312825,-0.35326086956522046,-1.6362660944206069,-35.30117505910583,370.90400000000005,381.70999999999947,381.0140999999998,463.8076249999995,42.02817159688714,10.799195,21.753509530853165
PGR,Progressive Corporation (The),218.95,USD,-2.1977040246571744,1931122,1.1288703235584563,127231837880.99998,USD,Finance,Buy,216.1424780652616,214.4208288163675,212.93994888268176,0.3115407522792772,3.059543421981643,2.150788466921706,220.5640000000003,216.3864999999999,217.50640000000024,210.60117499999978,10.976918140616853,17.928174,12.29942911191433
CVS,CVS Health Corporation,96.74,USD,-0.4732510288065925,4499060,0.7280200820180791,123727587661.0,USD,Retail trade,Strong buy,97.33097278110257,97.0517169070705,94.80344176343215,3.5760171306209734,3.2223644899701194,22.023208879919263,96.53599999999996,94.76350000000005,100.79399999999993,86.55270000000007,25.539216980384907,8.002043,5.683276602868143
PH,Parker-Hannifin Corporation,962.59,USD,-0.20009953137311307,844094,1.252345661135199,121332037622.0,USD,Producer manufacturing,Strong buy,990.4333245907131,979.3448333867559,962.4846068778435,-5.086868208799219,-2.867781354375835,9.18546749696578,961.6040000000006,1015.5540000000001,991.2184000000012,936.08945,33.78872176492269,35.12882,5.019759057463465
LMT,Lockheed Martin Corporation,525.28,USD,-1.4391593958157562,946580,0.984809107793619,121229775192.0,USD,Electronic technology,Buy,557.3047367210087,556.1417130119518,555.0813497103983,-7.516242055038127,-11.419898819561556,8.697361614071387,539.1019999999994,572.5490000000002,554.9287999999998,556.8595000000004,19.359166193694854,30.428597,52.76697088614012
MDT,Medtronic plc.,94.17,USD,1.1493018259935632,9013901,0.9997780588120856,120456405921.0,USD,Health technology,Strong buy,89.47026314644343,87.70525362123644,86.99569768702693,4.297264370362161,8.86705202312139,-1.947105372761354,92.42800000000011,91.72850000000001,86.73599999999999,89.72030000000002,23.18373175115094,5.973635,12.151416422773199
SBUX,Starbucks Corporation,104.47,USD,-1.2757512757512703,4604288,0.8259489315644732,119095801391.99998,USD,Consumer services,Buy,105.65706877700578,104.74290732776178,103.04563333476963,-3.0800630856294715,-1.434097556373239,24.044170030871527,105.88200000000003,106.6140000000001,105.44100000000006,97.6424750000003,60.23755982240674,2.613205,-24.99351267191419
SNOW,Snowflake Inc.,337.18,USD,-5.411395068308699,8451360,1.229304819990371,116866587519.0,USD,Technology services,Strong buy,311.0292858062123,289.792532382068,265.81243639443244,2.0613251808578266,6.201770134492424,53.33333333333333,330.144,328.246,297.32160000000005,218.9470000000002,nan,2.205276,23.458070116217392
SYK,Stryker Corporation,303.13,USD,-1.5779733108217842,2401462,1.118515366846475,116272494022.0,USD,Health technology,Strong buy,323.9143695696448,324.6344253622617,326.9596603546169,-6.038250519202758,-9.809580481999413,-13.707014347529032,312.90200000000016,329.3520000000002,328.90879999999976,338.4514249999996,31.40820407613482,15.021979,27.708308522885172
MO,"Altria Group, Inc.",68.88,USD,-0.8778241473593315,7025240,0.9189680120714165,115011955004.0,USD,Consumer non-durables,Buy,68.82302001140681,69.22308427615283,69.0278802021579,1.1750881316098667,0.9230769230769165,19.458896982310094,69.196,67.09500000000001,69.8284,66.38664999999999,14.505022427190598,5.678953,-8.228814378200786
LOW,"Lowe's Companies, Inc.",204.45,USD,1.2630014858840926,2436937,0.7945417968970205,114707491882.0,USD,Retail trade,Strong buy,212.39106848091,215.38726373447,220.33455634509906,-1.7020049040819367,-6.23280132085856,-15.341614906832302,202.18799999999996,212.267,213.3357999999998,236.23391000000035,17.28905576132731,12.269317,-2.844326136251599
FTNT,"Fortinet, Inc.",156.29,USD,-0.04476848298799028,3060504,0.6750427737906833,114672097220.0,USD,Technology services,Buy,156.90236900258003,151.24797909435358,140.96689287633424,-9.439100706918541,-8.253595538597008,95.43578842065773,159.994,159.26700000000002,158.77720000000016,110.0553250000001,55.07047216349542,3.449759,13.261763179949714
ACN,Accenture plc,186.72,USD,-3.3140016570008313,5104838,1.096023344384877,114261836880.0,USD,Technology services,Buy,175.33839421893623,172.415016478223,176.41833942241507,-1.383754093165736,8.400580551523948,-30.533129952751224,189.074,183.17499999999984,161.7052,202.90099999999987,14.911594179750514,13.860556,-0.3414327441164492
BNY,The Bank of New York Mellon Corporation,164.84,USD,0.31035112274082083,2367918,0.8508401187308015,111844621666.00002,USD,Finance,Strong buy,158.86832538530138,154.59585725651476,148.32806987350423,1.3339890576012885,4.6470289487049214,42.09119903456598,162.60000000000005,161.92350000000008,157.37939999999995,132.90980000000002,19.19109600204904,9.23064,31.18795246968262
SPOT,Spotify Technology S.A.,542.43,USD,-3.1565228258735005,1370472,0.9541228452169481,111676755895.0,USD,Technology services,Strong buy,518.0294428200374,508.4428602229297,505.3933278903147,1.8820082267425446,11.024008842131108,-7.41619444254797,549.934,529.366,502.59360000000015,507.25169999999963,33.77164310129065,14.215921350999999,285.97793958618695
ADP,"Automatic Data Processing, Inc.",277.62,USD,-2.0844355094698863,2209693,1.1517620889924982,110288084476.99998,USD,Technology services,Buy,269.3508526666116,259.77477089911645,251.07972895298454,-2.5894736842105246,0.9655774371283726,8.010738046142487,282.3919999999997,278.35974999999985,261.9966000000001,237.0403500000002,25.369874530517507,12.257737,9.619738344719813
HOOD,"Robinhood Markets, Inc.",122.11,USD,-2.0926876202694027,23732640,1.071522161970366,109786938739.00002,USD,Finance,Strong buy,104.57752030201013,100.93440369284862,97.88319977565814,12.383231328516864,29.95955725840784,5.743085262993822,112.428,103.29649999999984,102.45339999999996,95.09612499999999,54.074041271809406,2.131385,14.69930922389272
MPC,Marathon Petroleum Corporation,388.9,USD,0.30693043769827905,1875286,0.7872063344367793,109212738719.0,USD,Energy minerals,Buy,342.1284193334238,320.6927823261674,296.5729099096362,6.917028646835643,23.656597774244826,138.80871968068774,383.9859999999999,362.64199999999994,321.9774000000001,241.67295000000004,13.389337418877277,50.677598,330.27183171616923
ABNB,"Airbnb, Inc.",181.94,USD,-1.7867746288798934,3408787,0.7282513862957213,108943071270.99998,USD,Consumer services,Buy,173.23520751421052,164.9118888021154,156.40819258388817,-1.4783126658363512,18.209637912327086,33.83845814329852,183.24299999999988,184.95099999999988,162.96260000000004,139.409325,41.35469939765883,5.281413,6.145049218297618
VRT,"Vertiv Holdings, LLC",280.53,USD,4.35219283562102,3322732,0.846461012104095,108000736386.0,USD,Electronic technology,Strong buy,277.37022623084925,282.2606876968264,280.7612644450511,4.262989667732094,3.727121464226284,65.53860679196292,264.15,269.7685,282.6976,257.40285000000006,63.47694257138977,6.72371,111.13128224727693
APP,Applovin Corporation,320.56,USD,2.225907264493915,3807647,0.8661900526639145,107275721552.0,USD,Technology services,Strong buy,356.3720255616806,385.93240460374994,415.1811593526299,1.3628458498023723,-25.883794594344636,-53.09129754013199,315.39799999999985,312.93700000000024,393.5867999999999,486.0418749999995,24.63912929855037,15.799497,93.2791585577823
VLO,Valero Energy Corporation,370.72,USD,0.008093015727435204,2850156,1.1759404853199822,106740468218.00002,USD,Energy minerals,Buy,331.36283559242406,312.5700839092535,290.5151134963287,6.519552912105294,17.688888888888897,127.0872894333844,365.6819999999999,347.467,315.0062,239.66745000000003,15.377978363310548,43.86183,899.6350970310168
ADBE,Adobe Inc.,266.51,USD,-6.733158355205602,6644720,1.5009587001208655,105937728881.99998,USD,Technology services,Buy,261.69066583729835,255.0522108703136,254.326392831599,-7.530836354804567,2.476256392509708,-24.000855492977834,282.1840000000001,274.11750000000006,248.84780000000003,267.9346749999999,15.243166570387615,24.421405,11.805369041681042
CEG,Constellation Energy Corporation,298.96,USD,4.879845641115582,2898464,1.1787003976399346,105923729219.0,USD,Utilities,Strong buy,277.41224172487847,275.6858189936805,278.643330416187,6.191169679963062,10.658301408398556,-16.491620111731848,285.8259999999999,278.66349999999994,266.41889999999984,296.36140000000046,29.11569925983638,12.044624,7.150310973828108
MCK,McKesson Corporation,907.99,USD,-1.4532549002583068,879268,0.9791488166601002,105862882152.0,USD,Distribution services,Strong buy,865.9446292629999,850.727422887553,840.5766733898021,1.4468627100464835,8.042598762494055,11.00122249388753,909.2480000000002,883.6135000000002,847.2454000000007,843.2248499999992,24.297427334371605,44.630289,49.10940866650705
FCX,"Freeport-McMoRan, Inc.",72.73,USD,0.23428886438809493,7269341,0.49758599630203276,104441554399.0,USD,Non-energy minerals,Strong buy,70.03472468226362,67.98316148872786,65.68114150512723,-7.426971297651618,5.482233502538072,40.60898985016917,73.48599999999993,72.63000000000002,66.4354,60.934300000000015,35.912502468891965,2.946738,53.400999848507794
HWM,Howmet Aerospace Inc.,259.27,USD,-0.4683481131713414,2823772,0.7999735058204893,103397232419.00002,USD,Electronic technology,Strong buy,271.1604118333479,269.94687762325856,264.41716858880113,-3.3980401654309045,-10.364736387208303,26.171589858387254,254.51199999999977,271.54900000000004,275.3492000000001,245.53884999999977,55.91933570581257,5.333394,35.486981677917065
EQIX,"Equinix, Inc.",1035.98,USD,-0.46597427053408425,344611,0.6379922436245393,102221889538.00002,USD,Finance,Strong buy,1052.210025854988,1050.4063314326552,1036.2905055888286,-4.244384878454577,-1.9803010663159646,35.217187010546105,1034.071999999999,1061.404,1045.6811999999989,961.1050749999996,66.67181516877433,17.206202,52.11304833041284
PSX,Phillips 66,255.09,USD,0.16885258776408027,2285019,0.8688853745904818,101786241078.0,USD,Energy minerals,Buy,227.7203241902731,215.13587374102144,201.6047208731359,5.749937816101486,21.575636259651134,97.74418604651163,252.888,240.5115,214.30380000000002,172.38965000000005,14.519406451172243,26.234814,322.8171929149018
SO,Southern Company (The),88.11,USD,-0.7434944237918177,7184278,1.1632337917480178,101358487901.99998,USD,Utilities,Buy,91.19320876458391,92.23099413809928,92.83846386691526,-1.4098690835851013,-5.764705882352941,1.078352644258343,88.25600000000006,90.33500000000005,93.38580000000007,92.40507499999991,21.260013512209245,4.590899,7.0047248973690355
CME,CME Group Inc.,281.29,USD,-0.26945577025349793,1648182,0.8120058359430756,101146049979.00002,USD,Finance,Buy,271.11642465741494,268.9251525130965,270.15215610954516,0.03200568990043806,6.355868118572293,3.322375066576068,282.6119999999993,274.5812500000003,258.44269999999995,278.788825,23.854914897767074,12.253735,14.121324739175051
MELI,"MercadoLibre, Inc.",1978.36,USD,-0.6376016734846683,281935,0.763270637762181,100296520963.99998,USD,Retail trade,Strong buy,1886.1460770028175,1848.1821659294044,1831.729777479762,1.8728211782758866,2.865462108410238,-2.426080737836308,1975.1370000000002,1912.6767499999994,1857.6669,1860.1669500000007,53.83658752296074,37.914647,-9.254677097532534
NET,"Cloudflare, Inc.",278.92,USD,-1.96478155425116,1808931,0.6290166977790864,99317758726.0,USD,Technology services,Strong buy,283.7182738982915,272.48692464898494,257.4186518693352,-8.912184448581028,-7.051452945881088,40.231271995977885,285.3579999999999,296.27999999999986,280.2277999999999,222.34604999999993,nan,1.261428,-72.17134416543573
USB,U.S. Bancorp,63.37,USD,-0.2518495199118585,5042576,0.7756881627063275,98733722757.0,USD,Finance,Strong buy,62.74244021064255,61.775651259125326,60.23502478605209,0.9719566602931795,-1.751937984496128,18.82617663603975,62.49199999999998,63.26800000000001,63.05419999999998,56.72144999999998,12.644159782912327,5.219976,19.95117514719256
TT,Trane Technologies plc,447.9,USD,0.6087288573418046,1041847,0.9956480350886548,98548380128.00002,USD,Producer manufacturing,Strong buy,461.0964461160626,462.87040385461364,460.54342335255757,-1.0821554770318096,-6.104565846295754,14.58759721653704,443.3320000000002,459.3814999999998,468.42180000000076,444.3885500000004,33.92796273150778,15.273812,4.751362803208827
PNC,"PNC Financial Services Group, Inc. (The)",245.6,USD,0.1713027163716402,1088488,0.7185793664641353,97980566449.00002,USD,Finance,Strong buy,246.2731675837866,243.61507866063744,238.32366140226998,0.4416816620317291,-3.686274509803924,17.663967805298714,242.07200000000006,247.11050000000031,249.45759999999996,224.6930000000001,13.508310691145896,18.994218,24.22383164799126
GD,General Dynamics Corporation,359.39,USD,-1.771120889933588,1080766,1.0284895231229,97235552456.0,USD,Electronic technology,Buy,375.67314811925195,372.1748794154926,366.3339599397805,-5.6892434460860235,-7.504825633766575,6.789683247162287,366.01800000000014,382.4984999999994,377.92740000000094,354.5325999999998,21.911085098340465,16.976164,10.135098839707785
KKR,KKR & Co. Inc.,107.73,USD,-1.8494897959183683,3724703,1.1447718985356785,96702288369.0,USD,Finance,Strong buy,105.52082018102689,103.57145579385337,102.85993754552825,-1.9031141868512014,-1.1560693641618414,-16.410614525139657,108.00999999999992,108.92199999999998,102.5914,105.68075000000016,34.342822531798916,6.62573,50.4364089775561
CMCSA,Comcast Corporation,26.49,USD,-0.6003752345215766,17284410,0.885013317050513,94003380434.99998,USD,Consumer services,Buy,25.726275691997973,25.486170663288696,25.69353408962935,-0.9349289454001496,6.321493076459962,-5.383419105121244,26.57399999999999,26.398500000000006,24.84379999999999,26.912933704799933,8.577812317855061,3.506849,-49.000049543375226
PWR,"Quanta Services, Inc.",624.41,USD,0.701545011773058,653847,0.6157896595647495,93875908234.00002,USD,Industrial services,Strong buy,643.572727744709,648.9906053396826,640.8092377989433,0.8007103075308616,-10.107684777288307,46.93728673961642,614.7460000000005,645.0624999999994,652.1757999999999,587.8601499999999,71.51561658897504,16.726683,35.41417869938117
DUK,Duke Energy Corporation (Holding Company),120.22,USD,-0.9719934102141735,3208901,0.9955939960944457,93735800575.0,USD,Utilities,Buy,122.76837183910291,123.76802443126536,124.41316451336618,-0.9801499052796292,-3.321270607157214,2.59429936849291,120.49600000000005,121.95050000000003,124.7416,124.27089999999991,18.036426921115012,6.711179,8.975868157739853
DASH,"DoorDash, Inc.",211.73,USD,-4.626126126126131,4171916,1.1223969457705094,91747671714.0,USD,Transportation,Strong buy,209.96624361200986,201.4355689163867,194.85402004308213,-9.27282855551271,3.685022403956797,-7.835284899664824,223.47400000000016,222.413,203.63080000000025,188.4874999999998,111.1793740810754,2.615248,5.953043284744631
CSX,CSX Corporation,49.41,USD,0.8573178199632467,7816516,0.8397141469139986,91530782230.0,USD,Transportation,Buy,50.190176315776455,49.38321516464808,47.83503801879574,-4.650714010034743,-3.1746031746031833,35.760406649264986,49.25200000000005,50.41449999999996,50.14,43.159549999999996,28.534303534303533,2.008283,6.402851173651228
INTU,Intuit Inc.,332.7,USD,-3.3691548068544934,3540238,0.7565825846483131,91005759015.0,USD,Technology services,Buy,333.16578048418677,332.2901069909318,349.114298882702,-4.34570101921999,1.646756897131156,-49.636693914623066,344.83399999999983,349.5184999999983,315.68400000000037,427.26435000000043,20.16583627304797,24.042424,20.323815775079325
WMB,"Williams Companies, Inc. (The)",74.15,USD,0.13504388926402233,7513904,0.9020465313094579,90697870542.99998,USD,Industrial services,Strong buy,73.19877733575802,73.16885025931204,72.68276358680585,-0.4297032362024885,3.677293064876971,23.357178506072213,74.728,73.4055,73.3722,70.1477499999999,29.5996167817652,2.46971,26.392532795156416
ICE,Intercontinental Exchange Inc.,161.26,USD,-2.023209186463341,3184241,1.0027519110913572,90530469182.99998,USD,Finance,Strong buy,154.64778692619655,152.086535371036,151.63867077136533,-0.7080844775568043,7.506666666666661,-0.04958472790381338,160.79999999999995,158.24700000000004,147.9421999999999,155.22767499999992,22.77394116567103,8.108323,35.9202242014742
BN,Brookfield Corporation,40.31,USD,-0.2721425037110327,2551623,0.7448492501000893,89986086575.77689,USD,Finance,Strong buy,42.19009005276842,42.70789162185963,43.158539901370915,-3.286948176583487,-10.422222222222217,-12.559652928416483,40.27999999999994,42.13700000000004,42.68280000000002,44.28825000000004,76.83645025130532,2.7688266915999997,78.2519800695957
MRSH,Marsh,185.74,USD,-1.4432770879762278,1409201,0.6561619062989169,88637224504.0,USD,Finance,Buy,186.37278525370806,183.27772195612042,180.84788770130712,-2.4833307082480127,-3.511688311688307,0.7212190228295714,187.88400000000024,189.64000000000004,184.93840000000054,177.93964999999983,22.72827390421184,10.447877,-1.9073111593907066
ELV,"Elevance Health, Inc.",407.5,USD,-1.7551473070061174,1132883,1.2468472034004914,88374236984.00002,USD,Health services,Strong buy,396.588341597521,392.1309534643717,384.0356792131652,1.6691200319353303,8.608742004264395,16.17961511047755,404.74000000000007,399.54049999999995,396.28940000000097,359.26952500000004,18.111835584534493,27.148314,-4.238366624246124
JCI,Johnson Controls International plc,144.94,USD,1.9053645503761572,3105634,1.2185883701343068,87796176824.0,USD,Producer manufacturing,Buy,144.63619221229013,143.8435343569359,141.67802050642405,1.5982055236226,-4.78880641135124,20.3220986219492,140.7819999999998,145.647,144.5664,134.7170250000001,25.19600173837462,5.07237,70.84942084942087
MAR,Marriott International,336.51,USD,0.13092510488886178,1175577,0.8481767162711125,87750468944.0,USD,Consumer services,Buy,355.99699213769924,359.6529792649081,358.15599094556575,-6.044784453875373,-3.3877867416956193,8.359362421510218,336.40599999999984,350.61099999999993,361.9074000000002,344.75544999999977,34.878008333160594,11.712431,8.838426568298985
HCA,"HCA Healthcare, Inc.",405.0,USD,-1.02639296187683,971432,0.8203743398332247,87683105621.0,USD,Health services,Buy,408.23211731262364,409.1766482066476,416.05157855960044,-4.427034170285065,0.9018884847276906,-13.052812365822243,408.85800000000006,414.11550000000017,402.8824000000001,451.9958500000003,13.55925393971656,29.469862,25.46742221531456
WM,"Waste Management, Inc.",218.99,USD,-1.2312826988995083,2448268,1.07716681406427,87533629342.0,USD,Industrial services,Strong buy,224.12047195957808,224.9878730114768,225.2911917471827,0.05482706629506307,-3.123202831232029,-0.15956961794474073,219.6880000000004,222.79399999999956,228.33419999999973,225.2156499999998,30.998655248071344,8.110863,4.823871561266581
UPS,"United Parcel Service, Inc.",102.29,USD,-1.1690821256038586,3108974,0.7567302641015576,87026444734.00002,USD,Transportation,Buy,105.29857975404674,105.92240214722511,105.82345534726433,-3.4271148036253734,-6.1731792331682165,3.0110775427996064,103.138,103.73549999999996,107.72440000000012,104.88979999999991,19.041679852566133,7.193993,-20.137071836346333
MMM,3M Company,168.56,USD,0.14853544055611667,2175370,0.8746791880658569,86930168526.0,USD,Producer manufacturing,Buy,172.43778984990666,169.36089189265024,165.81247041037275,-6.178336858510518,-6.919211441824507,5.2841973766396055,169.53799999999995,177.6174999999998,171.60919999999984,160.88339999999985,29.928977272727273,8.943416,-21.668984700973585
MNST,Monster Beverage Corporation,43.82,USD,-0.5898366606170554,12453551,1.3985599748317528,85845647429.00002,USD,Consumer non-durables,Buy,46.249998480773925,45.96261396465348,44.925900435840866,-7.062566277836688,-7.659888315246018,14.308073562019043,44.64599999999995,46.429250000000025,47.39395000000003,41.784799999999976,40.66443949517446,1.160447,34.5822405395279
MCO,Moody's Corporation,493.55,USD,-2.131667658139996,424845,0.6479465336015772,85482856380.0,USD,Commercial services,Strong buy,491.1497170721397,484.21981817615455,478.11794294955155,-3.2880685046930367,1.0844743013384432,-3.1723299066153996,497.44000000000005,495.90499999999986,489.2323999999999,473.06312500000064,31.296567555056722,16.93734,34.02768924810688
SLB,SLB Limited,57.51,USD,0.17418568193694725,7610549,0.5044291885101282,85353079298.0,USD,Industrial services,Strong buy,53.847976855433586,52.87355784990316,51.82373512887191,4.926108374384228,12.544031311154592,49.72663368914346,58.06000000000002,54.84450000000002,50.78860000000009,49.057549999999935,27.91476555674206,2.47799,-29.425870101397646
EMR,Emerson Electric Company,152.82,USD,1.7375674056321053,2037128,0.9409069070605892,85242998220.0,USD,Electronic technology,Strong buy,152.8432138877151,150.30852418337335,147.49420570392942,-3.4434826562203935,-2.8295288357601684,14.70389551902725,150.4159999999999,156.97349999999997,149.42819999999998,142.71129999999997,33.393789742805325,6.559588,-1.699102117970537
REGN,"Regeneron Pharmaceuticals, Inc.",827.72,USD,-1.8672863290929136,561170,0.8765469451752429,85217898220.00002,USD,Health technology,Strong buy,774.7913571786354,750.0569564405263,732.6659165559598,2.2634049913516248,7.779129089635391,6.906038101388444,829.223999999999,817.7524999999985,737.8620000000006,732.1727999999987,20.456168706797058,54.265844,1.954010824539639
EPD,Enterprise Products Partners L.P.,38.94,USD,-0.5871840694409088,1598730,0.7066940846036673,84090042898.99997,USD,Industrial services,Buy,38.397602122379496,38.134962068553,37.69912934712429,-0.15384615384615968,2.4736842105263097,21.30841121495326,39.11399999999996,38.59549999999997,38.12519999999999,36.30275000000003,13.53540269039591,3.003847,7.479358912093255
BAM,Brookfield Asset Management Inc,50.6,USD,0.6164247365281413,3104335,1.7310548849123284,82894544028.68571,USD,Finance,Buy,50.66578828366609,49.8792591801904,49.37451249315931,-3.2689734276428997,-4.6362608367885425,-3.4166825730101147,50.34399999999998,52.30549999999996,49.53020000000006,49.13399999999997,30.015451432389547,1.8614842218,10.931106900430727
CVNA,Carvana Co.,74.59,USD,1.579735802805388,3699642,0.6013879067752692,82083590653.0,USD,Retail trade,Strong buy,70.91871867408062,69.97787030257273,69.75194292422637,0.16113871357594273,7.602423542989052,-11.556156327072655,73.56400000000001,72.6445,68.77139999999999,73.0270550000001,34.59968457185268,1.619303,169.87981972959443
AMT,American Tower Corporation (REIT),175.85,USD,-1.0689170182841101,1931609,0.9411126222415117,81939078074.0,USD,Finance,Strong buy,174.75218313277423,175.10840958349823,176.2768720762856,0.7505442878423297,1.1155195215916265,0.33664270227091375,175.6480000000002,174.5375000000003,171.11659999999995,177.6467500000005,24.178800753482104,6.969845,164.01786038407087
SHW,Sherwin-Williams Company (The),333.71,USD,0.4364052248239296,977721,0.6499963069940334,81010824651.0,USD,Process industries,Strong buy,342.0014061986995,339.2077009520185,336.6703802760668,-4.155896375437999,-8.149840361114173,3.235885537509661,333.19599999999986,347.61000000000024,343.0074000000006,334.16135,30.766323087419096,12.108388,7.709876665806048
CDNS,"Cadence Design Systems, Inc.",292.7,USD,-3.9934399343993476,4226039,1.7187269515901393,80607536034.00002,USD,Technology services,Strong buy,328.40073216900805,334.69494501071574,336.1156403256354,-15.752813516391797,-15.881135762731347,-7.285397529299969,311.2130000000001,322.26224999999965,341.6424999999999,327.12977500000005,58.23484938920058,8.14086,35.99761891877266
CTAS,Cintas Corporation,200.47,USD,-0.2884854513802599,1320837,0.8074476029601344,80221991312.0,USD,Commercial services,Buy,199.1106327713361,195.22126177725593,191.72121942667724,-2.447688564476886,-1.7303921568627456,6.871734726516679,200.39799999999974,202.3820000000002,197.27679999999972,186.84392499999964,40.843061752541615,5.500686,11.516790112237015
LITE,Lumentum Holdings Inc.,881.255,USD,3.9988434804158737,3563367,0.9909169002784487,79048571249.0,USD,Producer manufacturing,Strong buy,857.73197152429,843.0631785026735,809.1389923179978,-6.419704579966235,6.845985038615895,132.28820707470084,876.5830000000002,883.8870000000001,816.3882000000001,685.2229000000001,nan,21.515738,-34971.96776929601
APO,"Apollo Global Management, Inc. (New)",133.67,USD,-0.6097107591642661,1941254,0.9746362148013963,78937910186.0,USD,Finance,Strong buy,131.22834963267374,129.53894667730364,128.2890544170173,0.08235998802035431,-0.24626865671642725,-7.820150334459696,133.74400000000003,134.83900000000008,126.98199999999993,127.76719999999992,50.559800287465,8.767614,-50.116981132075466
ECL,Ecolab Inc.,279.28,USD,0.111123059827202,1017332,0.769312264938182,78290166252.0,USD,Process industries,Strong buy,279.12270651316976,276.8288489214803,274.76833400999885,-2.9367810099746445,-2.007017543859659,6.921898928024497,280.3199999999998,282.2890000000001,278.80519999999996,272.86164999999994,37.46612647903195,8.155323,-0.31693389855440474
MDLZ,"Mondelez International, Inc.",61.28,USD,-0.27664768104149995,7906517,1.0494077047609498,78212151665.0,USD,Consumer non-durables,Strong buy,62.15040852084792,61.7788109203942,61.246531836531815,-2.280338064104608,-2.19424529325766,13.607712272895817,61.77200000000001,62.72850000000002,61.52540000000001,59.10147499999997,22.477350254924254,3.048791,-0.4418638621092528
MSI,"Motorola Solutions, Inc.",468.05,USD,-0.8851618914512009,751090,0.8321726599001003,77459359094.0,USD,Electronic technology,Strong buy,458.71416046485336,448.348055877312,439.86348965418335,-4.276423429319365,5.3004567031879235,22.104247104247108,479.14799999999997,475.7059999999995,444.62380000000013,422.6617999999998,36.86536128920465,17.701044,2.1851634244689984
CMI,Cummins Inc.,560.75,USD,2.7956003666361138,1059829,0.9732357393827183,77195362624.99998,USD,Producer manufacturing,Strong buy,606.8083259890161,619.3680155290015,619.27773129915,-2.8095535219079375,-13.045837985361617,9.854050347732395,554.54,592.68,632.7464000000007,600.0569400000003,28.655162017282525,29.543556,-7.964331234156232
TRV,"The Travelers Companies, Inc.",369.35,USD,-1.333012769140341,1166788,0.8278180958157508,77037182032.0,USD,Finance,Buy,364.6717610040136,355.2860658070064,342.3097844314092,-0.4930222533541635,-2.3374494301805906,27.975468625480755,367.94400000000013,368.73950000000036,363.1432000000004,312.4228550000001,9.889948053339047,34.075679,65.14110353488454
GM,General Motors Company,87.76,USD,0.6191240541160355,5440717,0.9051694284643294,77005148857.0,USD,Consumer durables,Strong buy,85.52763019006345,83.97057941676044,82.12764478689988,0.14835102133973488,-0.791318109880159,7.800024567006521,86.35999999999994,86.38600000000007,83.31660000000007,79.86479999999997,44.26510642590538,13.445706,-68.57106623125456
ITW,Illinois Tool Works Inc.,270.12,USD,-0.5632247377139602,1044251,1.0290410529092642,76930171312.00002,USD,Producer manufacturing,Buy,278.91250024625094,276.5727958047721,273.30661441251476,-4.669137109581795,-8.795624134787456,9.515507804581391,271.2220000000002,282.6090000000001,280.22739999999993,266.8967500000001,24.482914891688573,11.430316,-3.183629056318995
DDOG,"Datadog, Inc.",212.93,USD,-0.8521139877072007,2503415,0.6556558833474854,76457846183.99998,USD,Technology services,Strong buy,235.88022730062755,231.98693005634973,219.2733989841887,-11.36041961535259,-26.93614246988985,55.14025500910748,219.56000000000003,235.266,249.2346,176.368575,434.9948927477018,2.529359,41.43311181739381
FDX,FedEx Corporation,322.52,USD,-0.5519410440627858,1972002,1.312365847829736,76330947925.99998,USD,Transportation,Strong buy,323.0175995273016,320.37767777796324,313.8271818798207,-2.966484144653714,3.206399999999994,38.62098019817116,323.12999999999954,328.4664999999999,319.4423999999993,291.5287074626998,17.398716081350813,17.749464,9.927059242127733
EOG,"EOG Resources, Inc.",145.19,USD,-0.5275417922718623,2637134,0.8965869583450954,76156392170.0,USD,Energy minerals,Buy,143.34609684209394,141.35048339190033,138.36261775096625,0.3039723661485304,1.177700348432054,38.27619047619048,146.6839999999999,146.27500000000023,141.53199999999993,128.68744999999996,11.294525822837983,16.52576,24.99538130937449
SNPS,"Synopsys, Inc.",393.84,USD,-5.397420191684088,2969269,1.3155057763370501,75474174563.0,USD,Technology services,Strong buy,414.18511034913007,421.3444652392568,430.1726642861601,-14.725560246833396,-3.864085727536808,-17.768405228212306,416.10600000000005,414.2075,412.6104000000004,447.19167499999986,69.57566335724128,15.140179,-55.681346643178706
TGT,Target Corporation,164.44,USD,0.2621791354185762,2866300,0.672472141839139,74704559161.0,USD,Retail trade,Buy,154.11975980566407,147.8672746334069,140.54123114989622,-0.9397590361445797,10.622267070299355,67.9501583086508,163.28799999999998,159.87150000000003,147.03660000000008,122.50307500000004,17.064109748251457,10.078599,12.33563368460318
CI,The Cigna Group,282.52,USD,-1.306504576259348,1204767,0.8158193381971816,74653225709.0,USD,Health services,Strong buy,281.8781773765573,282.34438791358355,282.31193188576077,0.6555508051873931,5.323590814196232,2.118123328272955,282.152,279.0689999999998,283.45400000000006,279.57675,11.68389143228165,30.500709,32.04187280888568
BE,Bloom Energy Corporation,252.87,USD,7.35300360857567,16468895,1.2926575390601072,74477127976.0,USD,Electronic technology,Buy,227.20145379991808,228.58980769483856,222.87121123645704,17.22954961637421,12.994325036864925,179.1984100695595,225.12599999999992,218.54000000000002,226.4782,191.25314999999998,344.55647908434395,2.671106,15514.893617021275
NU,Nu Holdings Ltd.,15.37,USD,-1.9770408163265338,48570578,0.7307566691397052,74244546013.0,USD,Finance,Strong buy,14.461426027840337,14.24333880457765,14.206390762194546,3.432032301480483,5.999999999999994,-9.906213364595542,15.091999999999993,14.621499999999987,14.218600000000016,14.970450000000003,20.91725639629831,0.871925,56.40698169433802
ET,Energy Transfer LP,21.5,USD,0.2798507462686507,6015094,0.8724343777517424,74030940552.0,USD,Industrial services,Strong buy,20.803797916227825,20.44746598044725,20.022025051182567,0.561272217025262,5.0830889540566915,30.69908814589666,21.481999999999985,21.18500000000001,20.456399999999988,18.89545000000001,14.73107228502912,1.680475,12.650509416486564
NSC,Norfolk Southern Corporation,329.46,USD,0.49720891925693056,703101,0.6613076152036013,73999470976.0,USD,Transportation,Buy,336.5365979514754,331.9994027427715,325.26797777787425,-5.688031374345177,-3.3614924322421786,14.043407525355668,332.6199999999996,340.7955000000001,335.16359999999986,308.9359000000002,28.125800338062795,12.983801,-20.859119530848844
ROST,"Ross Stores, Inc.",230.69,USD,-0.42301549617990664,1381717,0.6231281749911077,73694642185.99998,USD,Retail trade,Strong buy,235.77830224274174,233.96216774889356,228.8817629815813,-0.48315430740693005,-8.390914145024222,27.742399911401513,230.19799999999972,237.39874999999975,234.51289999999986,212.61752499999992,27.874240282258555,8.485218,31.42299080558334
NOC,Northrop Grumman Corporation,514.98,USD,-2.510222626079053,914005,1.3898992891175437,73159618504.0,USD,Electronic technology,Strong buy,544.5605262448915,550.9485775588305,563.0856556749768,-5.917386776768911,-7.357703101388785,-9.587598096876704,527.9300000000003,556.0339999999995,543.7586000000001,602.899175,16.328924880857635,28.938661,15.966068289956544
RCL,Royal Caribbean Cruises Ltd.,265.19,USD,-0.1355676897006265,1486710,0.8871743451456756,71122626554.0,USD,Consumer services,Strong buy,289.03902922345503,290.6261321549203,290.3722081662629,-7.276223776223776,-19.39268670780267,-4.779174147217236,266.15600000000006,289.5139999999999,297.30260000000004,287.84974999999974,16.37844781797744,17.761253,22.036223309239748
ORLY,"O'Reilly Automotive, Inc.",87.89,USD,0.583657587548644,3790992,0.7846256105775454,71099565574.0,USD,Retail trade,Strong buy,89.11556747477323,89.40371562533046,90.05834186767832,-0.9578544061302618,-5.209232096635028,-3.14084196605686,87.79800000000007,89.83649999999982,89.0074000000001,92.16959999999999,27.950389569088887,3.285153,12.468257090740005
WBD,"Warner Bros. Discovery, Inc. - Series A",28.25,USD,-0.4229820232640148,11491978,0.6770086993192302,70927370178.0,USD,Consumer services,Buy,27.724883312045236,27.44362582553711,27.1298035294165,-2.417962003454229,9.538580845288875,-1.875651267801317,28.372000000000003,28.245500000000003,27.09859999999999,27.293775000000004,nan,-1.146103,-521.58940397351
CL,Colgate-Palmolive Company,88.77,USD,-1.4652014652014733,4102840,0.9920100784223858,70765025939.0,USD,Consumer non-durables,Strong buy,90.85367267144694,90.78067501741495,90.21909851129018,-2.87746170678338,-3.447900804872745,12.466742683390331,89.68199999999968,91.10200000000033,91.83000000000037,87.72072500000013,35.11610427627675,3.867237,-28.947664286918883
HLT,Hilton Worldwide Holdings Inc.,311.18,USD,-1.008430093844446,1572402,1.070861463501541,70035697322.0,USD,Consumer services,Buy,322.1410294173398,323.572274634665,322.0333780292684,-5.064372444932567,-0.6449553001277082,8.474221772928503,313.06200000000007,322.2914999999999,324.8968000000001,312.8299500000004,45.72343770662827,9.039033,4.542242703533027
KMI,"Kinder Morgan, Inc.",31.4,USD,-0.6329113924050722,7728787,0.7371702047678534,69921582012.00002,USD,Industrial services,Buy,31.740172080437777,31.862755528088815,31.811217306060055,-0.8525418377013044,0.25542784163473276,14.223353946889778,31.861999999999995,31.786999999999995,31.9622,31.077825000000015,20.255450909560057,1.52164,27.19067935674433
DLR,"Digital Realty Trust, Inc.",188.39,USD,0.3195058309814124,2079052,0.932804742244544,69892448307.0,USD,Finance,Strong buy,189.34233664132682,188.73279790637636,187.09657431075746,-2.119810879617609,-3.5578990478140766,21.824883600620797,185.76,191.4,186.75239999999977,178.87224999999978,91.63829166261309,2.708176,-46.11977460359062
BSX,Boston Scientific Corporation,47.8,USD,1.8104366347177727,15504234,0.8051115754130385,69273168621.0,USD,Health technology,Strong buy,48.15827969279393,49.18262504232657,52.7781090276368,2.0277481323372375,-3.37578330301193,-50.06268282490598,47.900000000000084,49.51449999999999,46.88579999999996,66.76219999999998,19.382831190949272,3.303356,46.7741935483871
HPE,Hewlett Packard Enterprise Company,52.0,USD,-4.481998530492281,30210355,1.1035206310693308,69028165527.00002,USD,Electronic technology,Strong buy,51.152861934729586,48.53616569942067,44.43489914449629,-3.091746025829775,0,114.16803953871499,52.27599999999997,54.417499999999976,50.00679999999999,33.25830000000001,27.11440191886537,3.778577,142.2076281889366
AON,Aon plc,323.09,USD,-1.1957186544342584,1467973,1.1141969672336576,68535608441.99999,USD,Finance,Buy,347.12200870245744,345.8087685563835,343.0466331079667,-7.941075906086166,-9.488458090542359,-7.983025746183649,325.75799999999964,346.3125,353.1438000000005,337.2332500000007,17.81474517674693,18.825236,51.84785156904115
RSG,"Republic Services, Inc.",222.71,USD,-1.0705401563610504,1611020,1.0141583817481457,68196695317.0,USD,Industrial services,Strong buy,218.48015115074213,216.96655705073047,216.07331905936482,0.7737556561086009,7.128770022608122,5.775350273094275,222.9119999999999,219.4745000000004,217.54860000000005,215.0086499999998,31.545772603011375,7.276469,4.356116596700759
AEP,"American Electric Power Company, Inc.",124.5,USD,-0.16839066634591754,3149283,0.9972200674198247,67777476288.00001,USD,Utilities,Buy,126.1111448625912,127.54189129381417,128.08018674135195,0.9077646295996147,-3.4060051206455015,7.8482328482328505,123.63400000000006,123.95699999999991,129.28059999999996,126.89072499999993,21.574879561917307,6.381186,-15.46518611839503
SPG,"Simon Property Group, Inc.",209.44,USD,-0.9833585476550739,828716,0.7351434823873686,67764629813.00001,USD,Finance,Buy,217.53877930150705,216.92907230404074,213.51238185719464,-2.996618961604372,-7.44619735737328,13.536076326774001,211.06999999999988,217.34849999999977,222.56880000000027,201.79219999999978,39.74193548387097,6.647592,-25.407991394318557
AJG,Arthur J. Gallagher & Co.,262.69,USD,-1.488787219680502,1013038,0.6881276084441299,67327444419.00001,USD,Finance,Strong buy,254.99466964777125,248.21879509342057,242.5842697941935,0.8406909788867554,5.1475003002041335,2.1702773132122375,263.5920000000001,259.7249999999999,253.68859999999998,233.93455000000012,43.46437671663523,13.251395,-8.900712961427725
APD,"Air Products and Chemicals, Inc.",301.27,USD,-0.9696929853395717,675659,0.7102751844730332,67088467664.0,USD,Process industries,Strong buy,301.9749595624048,299.2851582841407,295.4672631172072,-1.8792339760291943,1.9767796093829249,22.82697325505544,305.9439999999998,305.44100000000003,300.176,282.50700000000035,nan,13.432149,-103.09207216272551
HON,Honeywell International Inc.,209.61,USD,0.9536194191590899,2698795,0.9620134106800016,66433794105.0,USD,Producer manufacturing,Buy,224.82542260173977,228.0735427461364,229.82554469330339,-5.346579363287413,-15.690612179229342,2.1839382491828943,209.36399999999944,221.26050000000004,228.90883620800022,229.65634720000037,7.750673899297814,8.324974,53.73390557939914
PCAR,PACCAR Inc.,124.7,USD,0.15259818488474636,1755317,0.7880670925800387,65637705065.0,USD,Producer manufacturing,Buy,127.20117935599468,125.89063979902492,123.77834733570347,-2.4027549503013175,-7.83444198078345,13.58047180981874,123.5840000000002,128.04149999999993,127.8016000000001,119.83197499999999,26.2504210171775,5.934882,-18.58504147528622
ALL,Allstate Corporation (The),259.57,USD,-1.3454448709665234,1267826,0.9717774869880452,65634341472.99999,USD,Finance,Buy,256.2111439802401,250.22360041120197,241.78591332498533,0.6904845028899386,-1.9195163423389323,25.37190880989181,259.53800000000007,259.62500000000006,256.7087999999999,221.74584999999988,5.183665970372205,35.333983,135.47341938821094
TDG,Transdigm Group Inc.,1162.05,USD,0.36447492291614725,210408,0.6370687232949976,64234086937.0,USD,Electronic technology,Buy,1214.4244376456575,1226.9791503047065,1238.4072885253054,-2.4323688938892736,-8.608662141862828,-12.56405047290129,1160.226000000002,1202.5894999999994,1241.9606000000003,1269.3550500000013,35.23766204230157,41.072753,9.481962989768064
COR,"Cencora, Inc.",330.95,USD,-1.8593203250103902,1027638,0.9481466199721417,63154257205.0,USD,Distribution services,Strong buy,316.3121161136359,311.5128709338291,310.1258812330525,2.683834936394656,4.7310126582278444,-1.8476777982086774,331.82000000000005,322.8664999999999,312.10459999999983,321.92479999999995,24.60466741507877,17.875464,38.36887530989928
TFC,Truist Financial Corporation,51.65,USD,0.07750435962022699,4614751,0.8392233991381811,63096996163.0,USD,Finance,Buy,51.33752435908102,51.06933100556485,50.57091694387647,1.893864667587297,-2.4367208160181324,4.862450512638302,50.61800000000001,51.25450000000001,51.53040000000009,49.672250000000105,11.857752881215848,4.63056,18.367346938775523
BKR,Baker Hughes Company,63.5,USD,-0.21998742928975573,5791922,0.9278522372850011,63034803589.00001,USD,Industrial services,Strong buy,61.73701918178181,61.2218432607585,60.553538168886135,1.6,1.5350175887432058,38.88888888888889,63.79499999999998,63.48299999999997,59.96010000000001,58.49835000000001,20.404884318766065,2.628275,1.8091405764386397
URI,"United Rentals, Inc.",1009.86,USD,1.608862326058741,316152,0.7863808601357795,62856198889.0,USD,Finance,Strong buy,1071.1605453228965,1061.4330246841569,1031.3352564155255,-3.3321527372280295,-12.26238053866203,24.583328193044572,1002.3399999999995,1077.5325000000007,1087.6696000000002,927.3693999999995,24.262941028074433,49.425832,7.655638525983063
CRH,CRH PLC,94.26,USD,2.411994784876139,3894516,0.8966782059740466,62709716964.00001,USD,Non-energy minerals,Strong buy,97.94954828744841,100.3425186682454,103.23736821155453,-1.914672216441196,-5.008565957875641,-24.892430278884458,92.89199999999991,95.59350000000002,99.75740000000005,111.47644999999993,16.622286490204033,5.892022,18.52726626674749
GWW,"W.W. Grainger, Inc.",1324.49,USD,0.8873891715669916,175394,0.8610411688960083,62384724494.0,USD,Distribution services,Buy,1324.071431624704,1314.6279208167668,1284.9668563462674,-0.7344730156112955,1.6625346361382594,31.491740131840206,1308.1760000000008,1311.342500000001,1339.4366000000002,1177.54015,33.61845996086066,46.510328,-0.5866737992742951
TRGP,"Targa Resources, Inc.",290.05,USD,-1.1889350684744868,582479,0.5487601577283054,62195713287.0,USD,Utilities,Strong buy,281.3289886457296,275.732625803683,266.43733966764523,0.12427077220477532,9.871586044925944,57.78164608605777,293.3519999999999,286.794,277.75919999999974,237.96580000000006,27.690794875221965,11.276709,49.97780673243511
MET,"MetLife, Inc.",97.62,USD,-1.6224931976216863,2663333,0.963730905551344,62035259526.00001,USD,Finance,Strong buy,95.15722519350807,92.82934822588943,89.64755231587796,0.8575266039880135,1.1606217616580359,23.663541930580198,96.57199999999992,96.30799999999992,94.3357999999999,81.95105000000001,18.680393432584488,10.027122,-11.437626044367619
NBIS,Nebius Group N.V.,226.39,USD,7.482314959882254,14970619,1.1690026243843694,61545305353.99999,USD,Technology services,Strong buy,218.14976086601706,212.6813594442175,199.88954632030152,6.807888280807688,2.9279381677654004,160.26326378111165,209.39399999999986,223.55599999999995,213.07800000000006,154.78832499999996,nan,-1.91406,-114.14427157001417
MPLX,MPLX LP,59.67,USD,0.5561172901921103,1007605,0.9474590667461665,60496921494.00001,USD,Industrial services,Buy,58.7003156846575,58.19429454506271,57.588544358104265,0.7088607594936738,-1.9069538056879773,12.077385424492862,59.25200000000003,59.07699999999993,58.197800000000036,56.424549999999954,12.843582513614155,4.298714,10.254402202287725
TEL,TE Connectivity plc,208.65,USD,-0.36292440666634396,2045615,0.9814023789813707,60406930356.99999,USD,Electronic technology,Strong buy,207.22069174932227,207.68537093622473,209.02189192502928,2.6820866141732367,-3.8700760193503827,-9.440104166666666,206.704,207.80749999999998,205.5805999999996,216.22269999999975,20.453275562918453,11.445998,110.62705180352239
LNG,"Cheniere Energy, Inc.",292.0,USD,0.3953928141653695,3022163,1.52040179103934,60307971557.99999,USD,Industrial services,Strong buy,273.04190156418144,266.34452226908667,259.3895723917314,3.7447594684857606,12.719552209998065,50.15941581816312,292.9059999999999,279.018,265.9914,240.3366500000001,21.72748377879636,5.249878,-21.674311258239555
OKE,"ONEOK, Inc.",95.43,USD,-0.3342036553524733,3420145,1.01885790275503,60156179703.0,USD,Industrial services,Buy,92.84967405617088,91.69787676643561,90.07681368075887,0.18897637795276306,8.628343767786014,29.907432616389894,95.7780000000001,94.31399999999977,91.68399999999991,84.93155000000004,16.48556670755092,5.745599,12.846755170867707
MPWR,"Monolithic Power Systems, Inc.",1223.86,USD,0.8412639558356864,625898,1.1228948569493042,60144153165.00001,USD,Electronic technology,Strong buy,1322.4395585295567,1345.595672247643,1340.467997108707,-6.2915859513181225,-7.284035727002075,31.937624312072476,1230.1199999999985,1312.9984999999997,1328.5347,1250.5502000000001,74.99877438964603,27.420919,-57.50593725261448
OXY,Occidental Petroleum Corporation,60.04,USD,-0.9404388714733546,6890652,1.066061724857712,60018229819.0,USD,Energy minerals,Buy,58.10101373185676,57.18880978066181,56.07618902775095,1.3162335470806634,8.199675617228324,45.58680892337536,60.53800000000001,59.60849999999999,56.118399999999944,52.40267499999976,17.78804846976565,6.138817,98.32540102238676
NUE,Nucor Corporation,261.07,USD,-0.5333942926810813,776184,0.7027121427304597,59230433191.0,USD,Non-energy minerals,Strong buy,253.08018500140827,247.41045856604103,236.83533882163678,3.287703750593449,-5.409420289855075,58.05182225451022,257.81399999999996,258.31100000000004,248.56300000000007,206.01575000000014,20.82794823927369,18.628221,126.28899480069322
AFL,AFLAC Incorporated,117.21,USD,-0.9716120310915897,1909297,0.8461737997535619,58762450401.0,USD,Finance,Buy,119.5018107521297,119.41051619054339,118.31842259660621,-0.025588536335722566,-6.613018882957542,6.419102959869251,116.936,118.36800000000001,121.50220000000002,114.57105000000001,12.560950778562471,7.010224,110.97696081756314
CTVA,"Corteva, Inc.",87.86,USD,-0.8575942225231382,4274407,0.802334175954277,58619839551.99999,USD,Process industries,Strong buy,82.97476098203566,82.30846230298305,81.20713005896903,5.626352488578976,10.934343434343429,31.134328358208954,87.76200000000001,81.41400000000004,83.35239999999997,77.37524999999991,58.085415840275026,3.755249,-26.404904393519196
F,Ford Motor Company,14.62,USD,1.4573213046495426,39292545,0.9253889288576008,58300808172.0,USD,Consumer durables,Buy,14.285313834864226,14.192566574751405,14.001559249256502,3.5410764872521248,2.0237264480111596,10.92564491654021,14.189999999999978,14.075499999999986,14.11359999999999,13.500575000000012,nan,1.850104,-320.88809493428613
MRNA,"Moderna, Inc.",145.55,USD,-2.230133673675014,14965606,0.6162300686314146,58108782149.0,USD,Health technology,Buy,104.00915775679212,89.91020695529207,77.51722714774691,6.09373861068592,150.948275862069,387.9316124706672,147.96800000000002,117.9625,85.49600000000001,54.82387500000001,nan,-8.332565,-6.204860141255336
O,Realty Income Corporation,61.25,USD,-0.7936507936507969,5101480,1.0637841558367842,57955857315.0,USD,Finance,Buy,62.549185683932826,62.710493434319126,62.63201943070942,-1.4481094127111804,-2.7623432290839847,8.695652173913041,61.425999999999966,62.227999999999966,63.24900000000002,61.856600000000014,44.79959040374488,1.529334,33.38536585365854
D,"Dominion Energy, Inc.",65.84,USD,-1.4223686180565993,3265302,0.7407167119974369,57907984665.0,USD,Utilities,Buy,67.29644943428454,67.34397156507507,66.7249895915077,-1.6579536967886472,-4.979073459373651,11.763707350195226,66.21400000000025,67.19549999999953,68.7444,64.11605000000003,22.896887497826466,3.586569,-0.6529850746268628
CAH,"Cardinal Health, Inc.",247.18,USD,-0.5751981014440315,1548359,1.080433510654077,57488067082.0,USD,Distribution services,Strong buy,234.6863960614497,230.5277565815846,225.00881277159752,4.72841284636895,5.124824565134186,20.829056068827306,243.05,236.75450000000032,234.22519999999986,215.75714999999988,34.15220515087875,12.544261,12.39381939591583
NXPI,NXP Semiconductors N.V.,227.835,USD,1.2645006444730873,2905923,1.0815123918700866,57451825208.0,USD,Electronic technology,Strong buy,240.13394430045324,248.1767184048321,251.20148704231443,0.9638394044137248,-3.0571866224151143,3.277350921329987,225.67300000000014,227.6907499999998,250.27330000000018,243.69835000000015,19.44465780781934,15.083894,39.66719511759026
NKE,"Nike, Inc.",38.4,USD,-0.9543461439257275,20631563,0.7340077885454381,56966352877.99999,USD,Consumer non-durables,Buy,40.790240002773245,41.98142117758136,44.18511038056867,-0.8008266597778411,-7.792051866970835,-40.0,38.51799999999999,39.82600000000004,41.50640000000002,51.41930000000004,18.301401201029453,1.730201,-2.8296207104154196
FAST,Fastenal Company,49.6,USD,0.7515742433475616,6568439,1.1172698783692898,56915883210.0,USD,Distribution services,Buy,49.36139825673543,48.59916783553423,47.704126125209015,-3.6893203883495116,-0.7999999999999972,23.19920516641829,48.963999999999984,50.67224999999995,48.68029999999997,45.365875000000024,42.20917368734576,1.266765,13.569150478399544
FIX,"Comfort Systems USA, Inc.",1610.34,USD,1.9079984052550556,277039,0.7564155210996569,56674833444.99999,USD,Industrial services,Strong buy,1667.196249534573,1688.163748347522,1661.3321716451878,0.5143249485050877,-8.553808412409076,71.60485933503837,1570.129999999999,1650.9990000000005,1710.9282,1491.8589500000003,39.61914603092593,49.007236,108.88515440711674
PSA,Public Storage,302.01,USD,-1.216759886174084,512078,0.611600509414287,56317576480.00001,USD,Finance,Buy,316.52291474514897,316.2181876701285,312.91211897237855,-3.347521362050768,-7.923780487804881,16.561173292165172,303.7840000000003,317.7725000000006,320.4361999999993,297.7513999999996,28.799336302173227,10.026551,14.418670623663427
TER,"Teradyne, Inc.",357.03,USD,5.446114770075903,2247433,1.0373382275309881,55818335646.0,USD,Electronic technology,Strong buy,369.81543495837076,368.7201018441823,358.0363355273698,-3.123134530851481,-11.290282505528376,79.15098600030106,344.50600000000014,375.33349999999973,371.93130000000025,316.2897499999999,48.98404379381782,9.206802,152.82528009989946
FANG,"Diamondback Energy, Inc.",199.22,USD,-1.8330541046614757,1707509,0.8413301569078632,55786451952.0,USD,Energy minerals,Strong buy,198.3469675159566,196.0875998803048,192.3443482320227,-1.1903580993949041,3.809077171590851,31.850822330321982,201.84399999999988,203.1420000000001,195.15710000000024,180.8681749999999,38.59730698440376,20.402555,-63.303828516583124
KEYS,Keysight Technologies Inc.,327.21,USD,1.4227264273758524,605815,0.5185026309205983,55705783512.0,USD,Electronic technology,Strong buy,328.0150215808041,327.38399511888326,320.1952387956831,0.8631053296753967,-3.306737588652482,59.37363012030587,322.6760000000001,330.5670000000004,326.11779999999976,288.5134,45.06962714012203,11.48519,131.29440249769027
COHR,Coherent Corp.,281.86,USD,6.599599107446763,5043654,0.9831976869954785,55197273671.00001,USD,Electronic technology,Strong buy,303.03503954192695,310.01857435646457,306.96538880144084,-2.6188501934770536,-11.753287413901054,49.925531914893625,272.9540000000001,299.22249999999985,307.11860000000024,276.4354000000001,68.54071930549814,9.442466,nan
AU,AngloGold Ashanti PLC,109.07,USD,-2.328288707799775,2211097,0.7651074143268677,55081165341.0,USD,Non-energy minerals,Strong buy,101.54453009009663,97.89518559696619,95.53292658862823,-8.486806225615647,25.037257824143058,25.202318774034325,109.804,108.45049999999996,92.16559999999996,95.2138,14.59696738534013,8.937885,9056.985294117647
SRE,DBA Sempra,84.04,USD,-0.6266997753340273,2705677,0.6000427753388551,54953789427.00001,USD,Utilities,Strong buy,86.38994994998194,87.90501476429534,89.16100337731741,-1.592505854800936,-3.0344986731279513,-5.275022542831372,83.67199999999988,84.94400000000009,88.77239999999998,91.00741500000005,24.354478801402617,5.114957,-16.443895588164086
MSTR,Strategy Inc,142.8,USD,-1.3948349675459066,27161699,0.906931674936419,54867404036.99999,USD,Technology services,Strong buy,117.06759399082166,117.20877361934905,124.54178765840653,6.567164179104486,45.83333333333334,-7.626625266834847,133.726,115.52349999999998,103.50180000000002,139.08617500000022,nan,-25.302581,-955.7415004313606
AME,"AMETEK, Inc.",237.72,USD,1.5029888983774597,1549726,1.1155828698526724,54499983614.0,USD,Producer manufacturing,Strong buy,240.51366821738017,238.8501848504979,235.26814734524118,-2.717302340808649,-6.563949375049127,15.398058252427184,234.32,244.27700000000004,241.35620000000026,225.98534999999978,34.747273949776364,8.325513,10.327366553781657
NDAQ,"Nasdaq, Inc.",96.88,USD,-1.8539155100800306,2237517,0.8086988955877364,54153724710.00001,USD,Finance,Strong buy,95.25245435273182,93.48454116484183,91.97743354790387,-3.061837102261359,2.1725374393587877,-0.38046272493573735,97.49199999999993,97.47650000000004,92.76870000000012,90.38744999999999,28.231728639701597,4.131461,31.852762621993403
ALAB,"Astera Labs, Inc.",310.4,USD,9.7517855880065,6536250,2.122004556616218,53849776284.99999,USD,Electronic technology,Strong buy,312.22395028566143,309.95625904841035,293.09662672550985,4.451997173335115,-10.89805233017095,80.79622564580481,288.84800000000007,298.4405,330.44769999999994,225.14394999999993,152.83111767602165,3.994019,256.1283534981589
GRMN,Garmin Ltd.,277.03,USD,-0.054116458618960285,733481,0.815293048476902,53425934434.00001,USD,Electronic technology,Buy,280.2383302565967,271.97485016111636,262.2068030509921,-4.8954650005149665,-10.299831628027459,36.01905042470663,277.90599999999984,293.8390000000003,272.50800000000004,238.36879999999996,28.568040259043844,10.169199,19.64318762260799
STT,State Street Corporation,194.26,USD,0.16499948437660783,1127451,0.9171008138108452,53363560777.99999,USD,Finance,Strong buy,186.85510387815285,180.72790270927933,171.69050268220988,0.18049610644112957,4.138522568886029,51.06928999144567,191.48200000000014,190.406,184.46340000000004,148.9808500000001,17.12809480143895,13.641472,27.095263175588595
DVN,Devon Energy Corporation,48.06,USD,-1.4962082393933118,8853182,1.007643592918445,52866001511.000015,USD,Energy minerals,Strong buy,46.302897430714964,45.74233441975419,45.14676569138261,1.6067653276955711,9.801233721727208,31.025081788440573,48.68800000000003,47.38650000000003,44.81379999999991,43.510374999999975,11.38080466030453,5.125399,-5.407342696503363
DAL,"Delta Air Lines, Inc.",80.17,USD,1.8031746031746054,5133960,1.0027922728139704,52721633571.0,USD,Transportation,Strong buy,83.78444657996616,83.29318838025856,81.06179081396581,-2.0525351252290687,-14.164882226980732,14.774516821760928,78.28799999999998,83.60449999999996,86.57360000000003,74.1945,13.318824448025518,6.499967,-12.686577989236861
EW,Edwards Lifesciences Corporation,89.9,USD,0.1336600579193635,2635295,0.9886238452262356,51818363074.0,USD,Health technology,Strong buy,89.21537347905641,88.40845209637477,87.22549380366117,-0.08890864636585719,0.22296544035674787,5.195413058740946,90.39800000000011,91.04450000000006,89.63679999999997,84.94785000000002,53.34678376453834,3.000897,15.046422719825225
VMRK,Vivmark Residential,65.35,USD,0.6003694581280797,6495768,1.2390776629580755,50566463903.99999,USD,Finance,Buy,66.36546509180728,66.35035665149465,65.90115144362593,-0.8195477310669392,-3.69879162982612,4.862002567394086,65.12800000000004,65.52599999999998,67.21079999999998,63.87450000000006,28.681149879306556,1.286,-12.81472411418075
BDX,"Becton, Dickinson and Company",184.74,USD,-1.5350175887432018,1439133,0.9594889083598758,50320740832.00001,USD,Health technology,Buy,177.7242862948107,171.69179955240273,166.5395305136846,-1.7549457562220714,8.843457255641324,20.995180090458337,187.02199999999954,186.17800000000017,170.00180000000017,159.7828068037494,55.72178319358147,12.670619,-40.38122639812983
VST,Vistra Corp.,149.3,USD,3.5223963389266486,4616500,1.1299612587158956,50110335320.0,USD,Utilities,Strong buy,146.3864979283796,148.72698898541742,151.68325933724745,5.9691958265313545,3.7562111261683873,-8.90231252669472,142.4859999999999,141.87649999999994,149.64220000000023,157.7634500000001,25.201714999493603,8.609632,-6.008345364832065
ETR,Entergy Corporation,107.27,USD,-0.4731861198738218,2794792,1.271339509303759,50055559465.0,USD,Utilities,Strong buy,108.18497907835699,109.05589956659469,108.9077084693596,0.09330969487729245,-1.1154129793510397,15.879874689424224,107.02599999999998,106.89849999999979,110.31419999999991,105.5068000000001,27.427767834313475,4.39967,-2.653325368379127
FITB,Fifth Third Bancorp,54.87,USD,-0.18191740949609136,3125175,0.7376281374199914,49761194793.00001,USD,Finance,Strong buy,55.5853467709432,55.09176749686506,53.935206557458116,-0.5077062556663665,-5.656808803301236,17.11846318036285,54.203999999999986,55.66049999999999,56.60239999999995,50.89915000000003,18.675334399782173,3.060225,-8.564404195064261
XYZ,"Block, Inc.",82.76,USD,-0.731678061652872,2457318,0.578060495976648,49721959266.0,USD,Commercial services,Strong buy,80.94915876519309,78.98083029803357,76.33110985207418,-2.474664152722124,-2.9663500996599845,25.92818015824712,81.698,81.46050000000005,80.33619999999995,68.78800000000003,147.33843688801852,4.056505,-87.9842556741609
AMP,"Ameriprise Financial, Inc.",560.56,USD,-0.799886741700307,372794,1.0071215554226993,49516070392.0,USD,Finance,Buy,544.605935504702,529.2017059522702,513.5223296251127,0.6120434353405668,0.09999999999999025,14.39999999999999,554.6479999999999,559.1004999999994,535.4272000000001,487.56960000000015,13.521936722662318,46.473846,28.977620972132762
CRWV,"CoreWeave, Inc.",89.36,USD,5.676442762535474,20796741,1.2282275615748346,49285309624.00001,USD,Technology services,Strong buy,88.5023275037831,89.84001219683515,91.512482159287,4.919572619466946,-3.1747751652400114,20.871094278371423,84.31800000000005,91.018,85.61740000000005,91.47082500000005,nan,-4.006192,-47.0942608136873
CARR,Carrier Global Corporation,59.71,USD,1.0663507109004784,4350271,0.7914888050427977,49220449369.0,USD,Producer manufacturing,Strong buy,62.46433059322378,63.56036132509368,63.81358326813814,1.151956632220904,-8.490421455938696,12.42703822255696,58.367999999999974,60.43350000000004,64.73299999999996,61.38612500000002,42.075963638926076,2.895607,-43.37642646237332
COIN,"Coinbase Global, Inc.",184.64,USD,-4.182667358588481,8177636,0.8552669890484138,48714863680.00001,USD,Finance,Strong buy,170.26025875859233,169.50886907078004,174.5815591205761,-0.7445235855395884,22.440318302387247,-19.92887963745962,183.4480000000003,169.9755,163.14740000000003,192.7604500000001,nan,-3.000051,-137.16237133348812
AZO,"AutoZone, Inc.",2983.29,USD,0.5138070915486315,402014,1.3237207770826473,48703270536.0,USD,Retail trade,Strong buy,3019.3257351037496,3068.7745116105,3153.4582941204044,1.397607888055411,-1.9622083470259624,-11.614340608714459,2968.583999999996,3004.2100000000073,3036.3343999999993,3381.440799999999,20.510914829881834,151.101764,-1.5630245048673954
HUM,Humana Inc.,401.54,USD,-1.2250319787464237,783104,0.8044474385501242,48217047502.0,USD,Health services,Buy,384.0431257849436,370.2074750147715,346.745911589558,2.248478521046075,10.678059536934953,56.827058272144974,397.4279999999998,387.9,388.34759999999994,279.72405000000015,38.02678182472489,9.153748,-18.957127726526167
ROK,"Rockwell Automation, Inc.",433.81,USD,1.2912113570561385,532290,0.7783271515381571,48174028972.99999,USD,Producer manufacturing,Buy,444.9809629992529,446.1817862372155,440.79881638327333,-0.186369702268649,-3.597777777777777,10.665816326530612,425.8820000000002,434.6334999999998,453.8069999999996,420.5350499999997,40.66003074269861,13.225617,25.185680594177896
MDLN,Medline Inc.,36.59,USD,0,5244069,0.7451582297245704,48105146538.00001,USD,Health technology,Strong buy,36.640559941177976,37.40617164938471,38.48912477385573,5.629330254041578,-1.9034852546916723,-12.693867811978032,35.92399999999998,34.99450000000003,37.78789999999999,nan,42.90572232645404,1.492612,-46.20915857196922
TEAM,Atlassian Corporation,189.58,USD,-2.6196835833162084,2473769,0.6293079438899991,47990058006.0,USD,Technology services,Strong buy,153.0284655700806,136.0169589592412,123.58576695775064,2.4756756756756824,67.85904019833542,16.923646231651677,190.38000000000005,173.29524999999995,125.91200000000005,109.27172499999995,nan,5.494503,80.95723014256619
WAB,Westinghouse Air Brake Technologies Corporation,282.86,USD,0.7228572445963856,462706,0.6363457203451542,47778118547.0,USD,Producer manufacturing,Strong buy,287.0016232762054,282.14842693140577,274.45856723771715,-5.341007964660993,-5.634695579649703,32.41269544050183,281.84599999999995,292.8030000000001,283.4249999999999,254.23369999999952,38.094596778537955,10.862538,10.817264640916962
LHX,"L3Harris Technologies, Inc.",256.45,USD,-2.1705958648050654,1213204,0.75876414414695,47754740256.0,USD,Electronic technology,Strong buy,275.62636868874307,284.04610691765185,293.10841303118525,-2.981122082245676,-10.582287308228738,-12.772108843537419,261.9419999999994,272.07149999999973,282.6722000000001,314.0915499999994,25.90194731738849,11.941914,10.543180930050802
VTR,"Ventas, Inc.",90.27,USD,-1.9976115514059316,3502895,1.2793637014609727,47332743262.99999,USD,Finance,Strong buy,91.88516565207141,91.12906624522743,89.48342361110883,-3.371868978805401,-0.5398854120758143,16.67312911981387,91.53600000000004,91.64350000000002,92.83840000000014,85.17009999999995,165.57226705796037,0.582831,26.057803468208096
NTRA,"Natera, Inc.",328.18,USD,0.1556443983275829,968221,0.8914731001846897,47305231026.99999,USD,Health technology,Strong buy,305.41232435947273,287.9005714910215,268.4765952248468,-2.1176330231448244,19.25578691086159,43.34134090412755,324.74699999999996,323.35625000000005,292.2727000000002,235.64625,nan,-1.353605,28.01767211907642
XEL,Xcel Energy Inc.,75.72,USD,-0.8121561435682533,3614931,0.7233374816145713,47297312865.0,USD,Utilities,Strong buy,77.64912885227038,78.27748778820185,78.64886187553437,-2.2967741935483885,-2.6985350809560456,2.573828230831761,75.82999999999991,77.45199999999993,78.75039999999991,78.62887500000004,20.72703383335158,4.115166,1.3426542387927207
WDAY,"Workday, Inc.",195.79,USD,-5.37889039242219,2864986,0.6581295022796086,47185388382.0,USD,Technology services,Buy,181.20633092863162,169.99164153325106,162.88532636477163,2.679882525697496,12.756277355448058,-9.019516728624534,199.88200000000006,195.27325000000002,165.78840000000014,160.18060000000006,39.73495149571782,11.072162,127.87772279517178
PYPL,"PayPal Holdings, Inc.",54.96,USD,-3.2734952481520576,13044495,0.8741314435798648,47016128987.0,USD,Commercial services,Buy,55.54586094969325,53.85276940646873,52.48528263478952,2.2797059644551996,-6.955168846911118,-6.3235043463439595,54.303000000000054,58.89624999999991,55.023499999999984,51.02065000000007,10.385880040817868,5.387703,13.295366960691968
CCEP,Coca-Cola Europacific Partners plc,105.76,USD,-3.105817682088869,2277409,1.6155011740250513,46874696528.0,USD,Consumer non-durables,Buy,106.5196382035138,104.93981322406844,102.77357395354599,-2.209893666204346,-1.5636634400595613,16.68137687555164,107.66199999999992,107.65149999999983,106.87260000000003,97.70769999999995,20.431977126077047,5.20207022872,42.72872663100424
CMG,"Chipotle Mexican Grill, Inc.",36.96,USD,-1.6236358796912413,9780604,0.7977856404385847,46769846966.0,USD,Consumer services,Strong buy,35.654712195479036,35.066842576518944,34.843966372595595,-1.7021276595744694,6.666666666666673,-0.7785234899328837,37.718,35.67450000000004,34.871,34.850474999999975,34.09279586753989,1.149163,-4.172191284363114
EBAY,eBay Inc.,103.41,USD,-2.3143774796901595,3198190,0.8477457677189942,46017451630.00001,USD,Retail trade,Buy,106.88082584493905,107.26293846074428,105.89895403191886,0.6521315943157502,-5.414799231683895,18.862068965517235,104.90200000000002,104.40099999999981,109.3293,98.66085,21.40860816098379,6.139297,6.7398846485316035
ADSK,"Autodesk, Inc.",217.9,USD,-8.260357022566522,3962393,1.661493917300445,45541098724.00001,USD,Technology services,Strong buy,236.08116047498936,233.4718716435158,234.45034566816383,-16.564558125287185,-8.610493645933817,-26.385135135135133,240.67399999999998,250.31824999999998,230.6743000000002,247.00252500000005,28.226119847664446,12.595033,60.05888329082955
CIEN,Ciena Corporation,321.0,USD,1.1151011151011216,3344360,1.3631485080103256,45520539000.99999,USD,Electronic technology,Strong buy,388.5651019236269,405.10843057368174,408.5068725527514,-19.834174117176968,-21.431368709614254,33.19502074688797,347.15000000000003,389.7490000000001,404.7396,377.1651249999999,71.62940152630874,7.151266,362.8589134476348
EXC,Exelon Corporation,43.64,USD,-1.998652593757019,8370025,1.1039799757359894,45047559839.0,USD,Utilities,Buy,44.93423752614852,45.38344561995705,45.707288414039624,-1.3785310734463263,-4.77852934758891,0.18365472910927064,43.93800000000003,44.58700000000004,45.786800000000085,45.937400000000025,15.988276241069794,2.857226,3.6177966745121837
RVMD,"Revolution Medicines, Inc.",210.02,USD,-0.4030919523877244,885061,0.4583254728596031,45014937058.0,USD,Health technology,Strong buy,199.61251951593366,189.42024648936092,173.79604488535884,-5.182844243792321,8.229837670703427,161.57678415742933,209.11200000000008,210.0167500000001,196.7881,134.05582500000003,nan,-9.701684,-95.67340777410264
VEEV,Veeva Systems Inc.,275.09,USD,-3.266755749349469,1152403,0.5028555435577627,44539503301.0,USD,Technology services,Strong buy,239.56562056719469,223.38483754312566,211.80112224147305,-1.7535714285714374,29.241249706365977,23.132357548901116,281.022,257.18850000000043,220.00439999999995,198.62129999999996,45.25920929237755,9.235162,24.69687955193567
KDP,Keurig Dr Pepper Inc.,32.59,USD,-0.8819951338199487,5869131,0.7297278173507572,44349321171.0,USD,Consumer non-durables,Strong buy,31.65273589195418,31.264743333297204,30.730730619761825,1.1483550589695983,4.121405750798731,17.14593817397557,32.362,31.44275,31.290300000000002,29.134525,33.02928955102868,2.291665,-12.456747404844288
FERG,Ferguson Enterprises Inc.,228.41,USD,2.3204766384446565,1166826,0.8121855748392354,44186534888.00001,USD,Distribution services,Strong buy,235.5349056439093,236.10920401726807,236.694952682979,-2.5513033832501346,-9.915204101755084,2.3525721455457966,223.25799999999967,237.53699999999998,235.6656,239.68365000000034,20.44559418525547,11.368972,37.48477054284554
IQV,"IQVIA Holdings, Inc.",267.77,USD,-1.4174213975406902,1197936,0.904444487395689,44074941826.0,USD,Health technology,Strong buy,242.23893791848357,228.7203675307385,216.39305146855338,2.7710612166570603,14.68157094522248,18.792422696419848,264.55399999999986,254.01049999999995,230.13039999999987,201.88760000000002,33.215078705483954,12.968094,16.773614148934634
PAYX,"Paychex, Inc.",121.71,USD,-2.6942756635753153,1841370,0.8835582787290315,43290160727.0,USD,Technology services,Buy,119.18694532145643,115.01441246781052,111.14472174407696,-4.097391852493895,2.0714525327071445,8.553335711737414,124.75399999999995,123.58975000000002,116.37349999999996,104.02792499999993,24.88753476198266,5.960639,6.805276491657191
CBRE,CBRE Group Inc,147.85,USD,-0.5983595535834441,1069120,0.7229868108600853,42813712441.99999,USD,Finance,Strong buy,147.27552834328466,145.28551803601027,144.30319906045492,0.1965302249932177,-3.1381027253668714,-7.772440895764462,145.78400000000016,148.93800000000016,144.7818000000001,147.17454999999984,33.90121984774832,7.834381,22.18642310817247
A,"Agilent Technologies, Inc.",150.86,USD,0.5867448993199252,1825450,0.6417705829690059,42531783920.00001,USD,Health technology,Strong buy,146.8518462222234,142.20982124280445,137.63662757817116,-3.3072682989360316,7.54205873966354,10.731062830299473,151.14400000000006,152.1199999999996,142.3294,131.58950000000004,29.702112579000218,6.202461,19.1074736768051
IDXX,"IDEXX Laboratories, Inc.",535.38,USD,1.1505979708666387,407845,0.8835071232755044,42177836571.0,USD,Health technology,Buy,554.0111490823288,558.0509507049896,566.1411443266779,-2.269034884357706,-9.291450645522014,-20.863819786262248,541.1020000000001,555.190499999999,558.1452999999989,607.1428000000002,37.62835515634554,14.770758,18.42736095620182
PRU,"Prudential Financial, Inc.",122.02,USD,-0.9577922077922133,1412235,0.8727516711000471,42096898842.0,USD,Finance,Buy,119.76371908268447,117.05951521478444,113.78453791953942,0.668261694579657,-1.6285069332473476,8.10667139186674,119.9600000000003,121.65650000000012,119.09219999999992,107.9895000000004,11.052536231884059,14.352993,144.26399982299708
AXON,"Axon Enterprise, Inc.",515.67,USD,-4.177273994239528,649667,0.83433226270023,41891694599.0,USD,Electronic technology,Strong buy,557.156523180307,539.6790399860411,524.4822588121298,-15.570509357041116,-16.456865127582024,-10.063309904599132,529.1319999999998,592.4329999999999,566.8272000000002,505.55940000000015,213.56332311770063,7.713503,-40.31097817219983
MSCI,MSCI Inc.,573.01,USD,-0.2853911076307294,477327,1.252093590341194,41657825961.00001,USD,Commercial services,Strong buy,573.5883650757979,576.1062655415885,576.6753152089643,0.3783831129018075,-0.9541423953813946,0.25193764543274505,568.4040000000005,566.2315000000001,578.5400000000001,573.0891000000006,31.34165085025735,19.722014,21.125612826288588
YUM,"Yum! Brands, Inc.",150.71,USD,-1.199685328438432,1623232,0.8762655112051755,41128925487.0,USD,Consumer services,Buy,152.22849405483936,152.8917792977442,153.562781767121,-0.6132946452123308,1.7073829126737758,-0.5477101755312024,151.972,150.65649999999997,153.23279999999994,154.83674999999997,18.954133286380845,6.598706,57.04100173803127
LYV,"Live Nation Entertainment, Inc.",173.5,USD,-2.2480139726181805,1947238,1.172154411716018,40882475639.0,USD,Consumer services,Strong buy,178.77904030056146,176.86597048760842,173.02068783925,-4.00044264925579,-5.670635567879088,21.814224531348724,177.53399999999993,182.20449999999988,181.56940000000003,160.4410999999999,nan,-0.341203,-148.655692133953
ADM,Archer-Daniels-Midland Company,84.61,USD,0.27257643991467645,2363065,0.6850607720321066,40778601604.0,USD,Process industries,Buy,81.26994612973877,80.20053498370073,78.23085423617701,5.643650892745656,3.372021991447777,47.301532033426184,84.04200000000002,81.30199999999999,80.97060000000005,72.12127499999995,23.160516807182745,5.302981,60.792253521126774
FLEX,Flex Ltd.,109.51,USD,1.5015293354342427,4494235,1.5350413093743691,40453318292.99999,USD,Electronic technology,Strong buy,117.28042888249759,118.81663749573659,115.18275054514199,-4.4582097365206765,-12.789679063470565,78.23893229166669,107.89199999999994,114.70600000000009,123.0353,94.838475,42.28511854197236,4.698455,13.732378902990646
ROP,"Roper Technologies, Inc.",407.28,USD,-3.5681306972889897,616799,0.9447541552095128,40280346732.99999,USD,Technology services,Buy,396.9811726021363,385.7708083183856,379.3742248303158,-3.657094195013492,2.481002465905077,-8.420839610550232,417.67399999999986,409.4159999999998,384.0731999999999,376.10477499999985,16.87808476339269,22.218238,69.57863076079778
MCHP,Microchip Technology Incorporated,74.17,USD,1.4498700588154867,7673631,0.9673772575411811,40274951837.0,USD,Electronic technology,Strong buy,78.15565088951014,80.08784361684818,80.55890602689662,-1.618251757527522,-7.403245942571777,13.653079987741336,72.97999999999995,76.06049999999999,79.86360000000012,77.37940000000005,110.88354014052922,3.641002,nan
WAT,Waters Corporation,409.38,USD,-1.0107360479736935,352082,0.6467505323886852,40220810896.0,USD,Health technology,Strong buy,399.22031823953847,388.7422271551024,377.1390343208096,-2.015318334131167,2.637516923231204,7.973097718581042,411.12199999999996,411.9869999999998,391.7051999999999,360.77339999999947,102.2223332001598,14.573953,-63.8963263466306
TTWO,"Take-Two Interactive Software, Inc.",214.69,USD,0.2615233736515212,2081195,0.6637456091569304,40142830741.0,USD,Technology services,Strong buy,233.7495538763332,233.50320310721702,231.55692339743686,-10.171548117154812,-11.562860438292962,-16.691565937797087,216.26799999999994,234.31799999999993,239.66769999999968,227.88534999999973,nan,6.940007,92.76511480231275
DHI,"D.R. Horton, Inc.",142.75,USD,-1.149504881933382,1665675,0.964098219218979,39927359710.99999,USD,Consumer durables,Buy,147.58161741115794,148.44672539655986,149.00440185736196,-2.612907627234283,-4.117409994626542,-1.1015657475405316,143.06999999999985,147.02699999999996,149.31700000000023,149.83460000000005,13.580493559373632,10.474922,-15.746358980113653
AIG,"American International Group, Inc. New",76.21,USD,-0.8456934686442957,3135920,0.907643499681286,39849684764.0,USD,Finance,Buy,77.13842207491629,77.22202733090951,77.25614878603648,-1.2184057031756472,-4.330906351995987,-10.583128006570467,76.2879999999999,76.44799999999981,77.88459999999992,77.37142499999985,13.961966876740435,8.040637,1.1714116251482827
RKT,"Rocket Companies, Inc.",14.06,USD,-1.1251758087201134,24682831,1.0597815928163121,39812892662.99999,USD,Finance,Buy,14.000829406496354,14.132763508023608,14.48532444492979,-1.1946591707659868,0.4285714285714321,-27.897435897435898,13.656000000000024,14.080999999999994,14.157200000000005,16.158124999999988,93.54624085163009,0.61946,nan
ED,"Consolidated Edison, Inc.",107.29,USD,-1.3425287356321782,2189382,1.0744149104143872,39539554438.0,USD,Utilities,Buy,108.34859273709975,108.71944403388807,108.68485341518543,0.04662439388289013,-1.1243203391392487,7.688447254842931,107.68600000000029,107.75200000000015,109.73639999999997,107.28139999999976,17.619720160283784,6.104395,10.407600812300547
ODFL,"Old Dominion Freight Line, Inc.",185.87,USD,0.06460296096904686,2389882,1.2774313190418236,38541375511.99999,USD,Transportation,Buy,206.64983904059156,210.24535461414672,209.32003856442262,-7.946413094619016,-13.576974938392148,17.8256735340729,189.23999999999992,202.07049999999978,214.62130000000002,196.5506999999994,35.77105906352841,5.819727,1.4843460088670244
RKLB,Rocket Lab Corporation,64.26,USD,0.7052186177715136,14951974,0.9903447379998765,38457026602.0,USD,Electronic technology,Strong buy,73.21522936215833,77.71403491277226,80.2875217406629,-3.7159124962541052,-14.182692307692296,-9.018830525272534,63.52599999999999,71.75450000000001,74.91539999999999,79.47357499999998,nan,-0.2761,38.885245901639344
SYY,Sysco Corporation,80.05,USD,-1.2703502713369526,2161905,1.0133804440010747,38351639369.0,USD,Distribution services,Buy,82.19645026419307,81.78428809920841,81.10301425852825,-2.981456793115995,-4.702380952380956,9.762786233374456,81.21600000000001,82.69249999999992,83.1002,79.40387499999994,21.906299600459747,5.073495,-2.142359809329979
VIK,Viking Holdings Ltd,85.81,USD,0.26875438186492634,2133868,0.5787482484934189,38284740548.0,USD,Consumer services,Strong buy,93.69768727465343,93.67994556848204,91.1724063925927,-5.20326999558108,-20.494765125544337,19.99720318836526,85.66399999999992,93.33650000000006,98.41260000000004,82.40150000000003,28.453478347370517,3.261369,62.43671226974038
HEI,Heico Corporation,325.48,USD,-0.06754682222903606,477489,0.7864617415842949,38279046072.0,USD,Electronic technology,Strong buy,345.27594302516775,342.4766582865754,336.21293386050246,-4.256508310045587,-11.968193005706867,0.6992141575397534,326.0760000000002,350.61550000000005,352.1290000000001,322.65554999999983,54.178942987931755,6.286364,31.659690109360284
EL,"Estee Lauder Companies, Inc. (The)",103.86,USD,2.97441998810232,4713143,1.3247407776259448,37576398454.0,USD,Consumer non-durables,Buy,94.45861148970917,91.4626942750152,89.93093973896086,-2.9255070567342703,18.873755293579027,-1.6616957818491649,101.63400000000003,96.6295,88.49739999999991,92.26715000000006,208.72186495176848,3.321818,nan
HIG,"The Hartford Insurance Group, Inc.",138.37,USD,-1.164285714285711,1607128,1.3053053716469643,37480558601.0,USD,Finance,Buy,138.34386708409792,137.75051005259772,136.95659287721804,0.10128047457137726,-2.5494753151630425,0.8674733926228296,138.01800000000006,138.17099999999996,139.10579999999993,136.23855000000006,8.942732131662456,12.73837,40.27124298548596
RPRX,Royalty Pharma plc,63.96,USD,0.1252348152786448,3402567,1.3518830416336418,36780283420.0,USD,Health technology,Strong buy,59.908875400212246,58.29010713456744,55.90216089792145,3.2945736434108515,7.441626070888628,65.2926734720248,62.93599999999998,60.8775,58.94310000000006,49.23397499999998,34.048442906574394,5.329002,-18.219416630387464
PEG,Public Service Enterprise Group Incorporated,73.7,USD,-0.1490312965722794,2016402,0.7078064543712762,36733555718.0,USD,Utilities,Buy,75.48159431503444,76.67706694907588,77.85630218999941,-0.27063599458728393,-3.191908577433328,-8.775838593885386,73.52800000000009,74.31900000000005,77.2625999999999,79.94285000000002,18.326039387308533,4.367533,1.5555555555555636
MLM,"Martin Marietta Materials, Inc.",514.77,USD,1.1455181357330892,692254,1.0268588225242203,36559133937.0,USD,Non-energy minerals,Buy,541.4227493178604,553.027616644918,566.4412756870895,-3.2696318845481667,-7.521917217591262,-16.872022607993543,512.8800000000001,530.903,552.5726,601.0149500000002,12.65257465896522,18.185771,125.40291081945053
NTAP,"NetApp, Inc.",185.59,USD,0.1132808285683504,2247795,0.8248788385410026,36453402669.0,USD,Electronic technology,Buy,182.8862343111367,174.3628988183136,162.19748807776205,-2.403239377366425,-2.068492427840213,72.401300510915,184.03799999999993,193.28849999999989,178.69860000000008,130.61799999999985,26.194777699364856,9.909753,25.18552547883242
QSR,Restaurant Brands International Inc.,80.17,USD,-0.11213555943185075,3340477,1.3214960284627004,36438180562.0,USD,Consumer services,Strong buy,77.48546920503732,76.65553116809713,75.76606653146408,2.218538824429421,8.133261397356355,17.86239341370186,79.08000000000004,78.03349999999992,75.64960000000005,73.38834999999997,23.69579995862028,4.060493,28.374122557389498
UAL,"United Airlines Holdings, Inc.",111.38,USD,2.503221056506533,2933150,0.8987335644040043,36152139495.00001,USD,Transportation,Strong buy,116.7089526126162,116.34785062460902,114.11364054467548,-1.642529141646061,-16.506746626686663,-1.083481349911189,108.20199999999997,115.91649999999993,121.60090000000002,108.28775000000003,10.40992952875862,10.140514,7.196601576980504
VG,"Venture Global, Inc.",14.42,USD,-0.41436464088398134,7470690,0.6408762864081476,36051339250.99999,USD,Industrial services,Strong buy,13.78926171234891,13.454546561290039,13.042044796670229,-0.8934707903780122,11.782945736434105,110.20408163265306,14.676000000000013,14.188499999999996,13.34420000000001,11.38022499999999,10.959112327101382,1.664415,147.3308270676692
KVUE,Kenvue Inc.,18.74,USD,-1.1081794195250705,26856871,1.326253249168168,35995296067.0,USD,Consumer non-durables,Buy,19.00418606546371,18.868710271893647,18.64952992088787,-2.699896157840099,-4.045058883768575,8.51187029530978,18.889999999999993,19.048499999999986,19.179400000000005,17.953450000000007,21.725017389288197,1.176411,17.18516505909524
KR,Kroger Company (The),58.59,USD,0.13672876431380174,3848563,0.7243118087108864,35895007678.0,USD,Retail trade,Buy,58.2156350020687,59.168563250708395,60.69917231212729,2.1087486929243653,0.8086717136958121,-6.045542014111604,58.15999999999999,57.355000000000054,57.699399999999976,64.05275,34.267165750380165,5.194721,-53.52794085670798
TWLO,Twilio Inc.,232.98,USD,-3.1187624750499006,1475696,0.9034213787409564,35779955457.99999,USD,Technology services,Strong buy,224.09789765223343,214.8662979546666,201.08147240143126,-3.2515260994144812,21.654221711659968,63.09415470773539,232.89799999999985,234.33249999999998,215.55499999999992,163.24194999999997,32.418668076698296,5.926652,5800.328407224959
EXPE,"Expedia Group, Inc.",298.04,USD,-1.6823909744672318,1845844,1.2266136249881383,35770430332.0,USD,Consumer services,Buy,301.75949949260894,289.44401142413017,276.3341460175019,-6.684617552208887,-7.727554179566558,5.307045438484927,306.1180000000001,321.1562499999999,294.7271000000001,258.693575,18.588580160289396,20.875168,96.19323813369553
ALNY,"Alnylam Pharmaceuticals, Inc.",266.11,USD,0.6086956521739182,1431221,0.7961937468332403,35607945041.0,USD,Health technology,Strong buy,250.09291241494228,259.21068503802445,274.48794509127856,18.553003809057095,20.00992152971949,-33.36254820453748,256.96200000000005,237.64000000000024,258.8253999999997,321.13642499999975,44.92900437285789,6.717983,nan
TKO,"TKO Group Holdings, Inc.",186.01,USD,-1.8002322880371644,993319,1.0398713360494607,35206058507.0,USD,Consumer services,Strong buy,189.25176121569373,190.61237438430135,192.11940322868247,0.46991465917684166,-0.438901675319821,-11.3942742819035,186.01999999999995,191.57950000000008,189.6633999999998,197.3208500000001,64.3455098934551,4.640149,33.093922651933696
UI,Ubiquiti Inc.,579.66,USD,-2.7350828914692373,158938,0.8702227215635515,35085879906.0,USD,Electronic technology,Buy,575.0446866266346,588.5613493335954,611.3337522959292,-3.3900000000000055,2.9609762162738162,3.718150586888057,590.1580000000001,581.8164999999999,557.4427999999999,656.6522500000002,36.56053687211444,17.714,34.80826460335006
KMB,Kimberly-Clark Corporation,104.96,USD,-2.769800833719323,4151296,1.1986594335668206,34907495789.0,USD,Consumer non-durables,Buy,108.14168302229685,107.43536451512577,106.53207674065963,-5.398828301036511,-5.5775458798128845,3.725664591362779,107.44599999999996,108.98050000000003,109.72519999999997,103.2401499999999,17.88714872441589,7.450267,-19.11699840105862
HSY,The Hershey Company,173.15,USD,-1.0910544956015062,1494526,1.2854994231050763,34790320227.0,USD,Consumer non-durables,Buy,179.10754756485755,180.71188300994265,183.5451148077202,-4.967069154774964,-3.8055555555555522,-4.852181558413004,175.57,182.40300000000002,178.87660000000014,192.44560000000035,25.296575502571294,8.493649,-9.041620156274913
IRM,Iron Mountain Incorporated (Delaware),116.86,USD,1.6350669681683732,1342783,0.7998806001658516,34789551706.0,USD,Finance,Strong buy,121.39451978933465,121.6713618077394,119.95917608486839,-4.906827243876639,-9.340574088440656,40.795180722891565,114.64999999999995,121.2415,122.45219999999998,109.55814999999998,83.4058953679252,2.493808,920.4661325564457
STLD,"Steel Dynamics, Inc.",242.06,USD,-1.613624354753485,1177839,1.0805680968842448,34693998200.0,USD,Non-energy minerals,Strong buy,242.1870769853266,240.58160680779164,233.82137969033766,2.0747237918529207,-9.574507826216891,41.035949426091015,240.48799999999991,243.38125,241.96449999999993,210.31165000000016,21.957547169811324,16.860682,60.82161405146758
MTB,M&T Bank Corporation,239.84,USD,-0.09164375572773427,677119,0.7712279344564631,34636795213.0,USD,Finance,Buy,241.83389334461276,239.04518422040815,233.81099272977102,-0.17896533066966613,-5.671360025171079,19.34713375796178,236.26800000000003,243.63649999999984,244.85599999999974,220.73945000000012,12.663547947664657,19.347027,22.687551418336348
WEC,"WEC Energy Group, Inc.",105.94,USD,-0.7122774133083459,1586909,0.8317173227460006,34520482548.0,USD,Utilities,Buy,108.83779510149621,110.2129353581621,111.20644326689968,-0.8238157648380411,-2.753809436387002,0.255512444402381,106.14799999999984,107.65600000000009,111.2652000000001,111.72764999999985,20.517488476585193,5.601055,-1.0217187110625514
EQT,EQT Corporation,55.17,USD,-0.7912245998921017,5236228,0.8251913975367848,34509716090.0,USD,Energy minerals,Strong buy,53.7399470592544,53.78267012136354,54.30684672021756,0.3273322422258587,4.094339622641512,3.411433926897845,55.25999999999998,54.33150000000005,52.66640000000003,56.14940000000005,12.796901094822786,4.096083,131.89715453714166
HBAN,Huntington Bancshares Incorporated,17.03,USD,-0.17584994138333873,13262451,0.6709509880697264,34407667424.0,USD,Finance,Strong buy,17.23900267732298,17.20871259964508,17.1094657622563,0.41273584905660543,-3.5127478753540933,-2.01380897583428,16.81500000000001,17.230749999999997,17.514699999999994,16.98742500000001,13.128276287388223,1.380613,-3.4102755026061105
RJF,"Raymond James Financial, Inc.",178.29,USD,-1.5516289342904486,983806,0.8268122882819192,34296170633.0,USD,Finance,Buy,174.4082283434643,170.4590482565113,166.4351814512249,0.6435224386113386,-0.9500000000000044,11.271297509829623,177.40199999999987,177.84550000000002,172.32120000000018,160.34370000000007,15.540776123566122,12.150608,12.601462433135408
NTRS,Northern Trust Corporation,186.63,USD,-0.43479420630051363,785383,0.9180403867027843,34145015337.999996,USD,Finance,Buy,184.24444665181468,180.6521492389868,174.6024746178926,-0.19252366436708573,1.3962838204933137,36.45536301820573,185.2590000000001,187.1607499999999,183.82390000000007,158.47587499999997,16.0201550254513,11.470172,36.923203497802106
VMC,Vulcan Materials Company (Holding Company),262.63,USD,0.9222610767397983,1113060,1.082307635536166,34031263897.999996,USD,Non-energy minerals,Strong buy,276.77034118580804,280.06191331364465,282.7547157309788,-4.837307051235605,-7.9395681435782315,-7.874982461063558,263.212,273.7014999999998,282.43140000000017,288.3852500000002,30.999763928234184,9.14136,18.428225953003338
ACGL,Arch Capital Group Ltd.,98.1,USD,-1.7329460082139678,2121267,0.7327270713790812,33474576738.0,USD,Finance,Buy,98.855890417703,98.39335497463921,97.60543078661797,-1.2084592145015134,-1.8214571657325935,2.432912185444292,98.56400000000001,98.86625000000006,100.06470000000009,96.09957500000006,7.665679479265157,9.391713,32.18712556294673
CQP,"Cheniere Energy Partners, LP",68.73,USD,0.46776787019442684,139521,1.4200986489209892,33269287946.999996,USD,Utilities,Neutral,66.92714343502736,65.76478352084192,64.44475849829622,1.8071396830099227,4.548220261636765,27.89356159285449,69.79399999999998,68.54850000000002,65.65379999999999,61.27696000000002,12.370855682349978,4.691117,34.31486316603809
EME,"EMCOR Group, Inc.",754.16,USD,1.7320455403874058,344607,0.9158342559702092,33265922077.000004,USD,Industrial services,Strong buy,777.6152880387904,784.9579889327446,784.3383722026767,-2.5519763279967957,-8.827582871926301,22.333246820659216,739.9059999999998,783.3534999999995,779.2172000000007,759.1794500000001,23.401132573113024,32.949496,33.73516474396216
DXCM,"DexCom, Inc.",87.9,USD,-2.0176123063203524,2361537,0.81256440585991,33170010351.0,USD,Health technology,Strong buy,85.22630280184747,81.73579063940981,78.1239070575596,-2.1212627359278446,1.6537527466173318,31.92255740657363,89.69999999999997,89.88999999999999,81.22240000000001,70.89849999999996,34.696455356437994,2.667527,77.35928311397369
CNC,Centene Corporation,67.04,USD,-1.4407527197882826,2926371,0.6916295474992941,33117424925.0,USD,Health services,Buy,65.23498139868673,63.55535081008086,60.27180714511496,2.4919737043265706,4.407413175517852,62.79747450218554,66.39399999999998,65.68449999999994,65.53299999999997,50.33560000000007,nan,4.801888,-358.10710577065714
P,"Everpure, Inc.",99.51,USD,1.3856342333163518,2151023,0.6036842757700197,33077616065.0,USD,Electronic technology,Strong buy,93.72656867274816,88.83012094510698,84.06102496816814,1.8005115089514119,17.610211558917392,45.418676019289784,95.36399999999996,105.02299999999995,87.7568,75.37589999999999,135.77568563241917,2.780066,79.9852652259332
ILMN,"Illumina, Inc.",218.22,USD,-1.5519263737255247,1747924,0.9515815041314208,32951220184.0,USD,Health technology,Buy,202.97561865480503,192.82278468049444,179.80514476484058,-2.896809504739016,7.233415233415234,66.16157770501788,214.77799999999993,208.51775000000012,198.17550000000003,151.87270000000004,40.66792150431428,5.352501,-32.04022442595337
RMD,ResMed Inc.,228.35,USD,-0.36650813735328913,843837,0.621140035688591,32940018000.999996,USD,Health technology,Buy,221.8271146689234,217.844337235343,217.8702685243362,-3.5032116294793747,2.860360360360358,-5.542916235780767,231.974,229.68699999999995,215.28200000000004,228.38980000000006,21.881408229364304,12.094344,9.756944079258734
BIIB,Biogen Inc.,220.83,USD,-1.6391252060041772,465108,0.6933383420986726,32628515605.0,USD,Health technology,Strong buy,212.52988036175802,208.50317857407256,202.97543492405464,-0.15372790161413166,4.857549857549866,25.9223356332326,220.14000000000024,215.77099999999996,209.52699999999942,191.0465749999998,39.108490064817765,12.4885,-45.98105806945374
JBL,Jabil Inc.,310.57,USD,1.5200052301255156,714194,0.8122990063413766,32543726218.0,USD,Producer manufacturing,Strong buy,322.3527124396969,325.2567219790202,320.90740760083804,-0.6239600665557369,-7.94925753578944,34.277314194301525,304.0559999999997,325.62150000000014,327.11760000000015,292.82425000000006,38.759718946172946,12.758785,55.77091312039503
CCI,Crown Castle Inc.,75.83,USD,-1.8508930882733712,2460030,0.9805233371872214,32262287122.999996,USD,Finance,Buy,77.01696352690546,78.70933424961606,80.90717783907112,0.49032600053008824,-1.9016817593790414,-14.653911086100164,76.09000000000003,75.33999999999988,76.40860000000005,84.77495000000027,16.71442426379827,1.928738,nan
CCL,Carnival Corporation Ltd.,23.51,USD,0.1277683134582672,16199341,0.7860596471670445,32200452298.000004,USD,Consumer services,Strong buy,26.06854120309113,26.5837490766757,26.984806892005178,-6.706349206349198,-20.988069232061832,-23.395242750081458,23.569999999999997,25.874000000000002,26.830199999999987,27.787264999999984,10.588182309493785,2.237381,20.346883468834697
CRDO,Credo Technology Group Holding Ltd,170.57,USD,3.8983980020710276,10756181,1.2600433346399014,32058960295.0,USD,Technology services,Strong buy,219.36599756273176,218.52668546643292,209.19149097200787,-28.50316468960892,-27.041361905984004,14.939353099730448,186.55599999999993,229.42924999999997,230.21529999999996,175.34477499999997,60.87003069017201,6.26796,312.1488454184439
PCG,Pacific Gas & Electric Co.,14.3,USD,2.4355300859598845,46971804,0.6466583962092003,31493847710.0,USD,Utilities,Buy,16.60987371301724,16.808604473014775,16.873267704242817,-21.514818880351253,-17.62672811059907,-11.67387276096356,13.783999999999992,16.685500000000008,17.091000000000005,16.764775,10.43110365453352,1.653792,26.79430262671107
ARES,Ares Management Corporation,140.15,USD,-0.9680610514414955,1013795,0.5529905327859329,31387674935.0,USD,Finance,Strong buy,136.33743723452417,133.07283150543634,131.23481375109742,-1.7869656622284396,-2.8288150870137865,-13.849274649618883,140.39800000000008,141.72500000000008,131.03740000000005,133.23362499999988,63.90497469335644,5.866107,25.463386727688775
ZTS,Zoetis Inc.,75.81,USD,-0.6291781360597771,4170458,0.974364368328907,31326480281.0,USD,Health technology,Buy,76.56646927213656,78.98316802949196,84.82403893029934,0.8111702127659567,-0.3810775295663496,-40.02373417721519,76.524,75.83349999999999,75.57660000000004,103.0384,12.471211423307231,6.253119,4.590502408809359
FTI,TechnipFMC plc,79.84,USD,-0.2997002997002933,2394156,1.0199763887017326,31310401679.0,USD,Industrial services,Buy,75.38612057717046,73.6978378523804,71.21710954124381,4.8181698831561,13.087818696883867,79.37542125365088,79.20999999999995,77.25749999999992,73.34160000000001,64.40050000000002,27.82269305826596,3.098433,35.896950179958324
CPRT,"Copart, Inc.",33.72,USD,0.4169148302561066,6589887,0.87688890131428,31218365700.0,USD,Retail trade,Buy,31.80340466848082,31.554677287202235,32.110040452327965,2.6327803987216623,13.49713901043419,-13.858730361476573,32.98299999999999,32.204750000000004,30.0821999999999,34.448174999999985,21.00803688243723,1.582993,6.087243886318578
CBOE,"Cboe Global Markets, Inc.",298.38,USD,-0.040201005025127155,779818,0.7368121186638856,31160126770.0,USD,Finance,Buy,295.77286889115885,293.7583508518495,291.8865989379631,-5.276190476190478,3.4963579604578507,18.900179318589366,299.764,298.093,284.24039999999985,285.28025,23.241394888731374,14.037196,50.504091346041115
GEHC,GE HealthCare Technologies Inc.,68.86,USD,-1.2335054503729195,2812732,1.0884676908293143,31103115366.999996,USD,Health technology,Strong buy,69.68120416072428,68.84326936316324,68.90413245903645,-5.43806646525679,-2.0901464524385025,-16.614192298377333,70.15799999999999,72.51775000000002,68.29200000000004,72.73685000000003,15.82406471183013,4.925288,-10.913669212029383
WTW,Willis Towers Watson Public Limited Company,334.74,USD,-2.1399754429047517,508259,1.192221388718044,31087952494.0,USD,Finance,Strong buy,326.0000949555483,315.0543844526015,306.58244495707265,-1.9163150492264311,-2.41669824796664,2.2200506916664065,337.51000000000005,338.7700000000001,316.02440000000007,300.227975,20.651107697432955,19.833583,1032.8045286183522
RBLX,Roblox Corporation,43.31,USD,4.33630450493858,9982153,0.991739439805955,30939622681.000004,USD,Technology services,Buy,41.88055385251634,43.895445319886484,47.906630762290085,12.4935064935065,15.647530040053404,-46.82627378759975,41.598,38.819499999999984,45.30859999999998,59.910100000000014,nan,-1.435997,0.7500350483667568
HAL,Halliburton Company,37.07,USD,-0.5899705014749232,12548258,1.0165886388007315,30884142602.0,USD,Industrial services,Strong buy,35.29249299909545,35.389500044302906,35.39730846109462,4.36373873873873,13.746548020865283,30.804516584333097,37.12800000000003,35.18050000000001,34.09100000000001,34.8006,19.417526583206747,2.341991,-10.677022411453711
BAP,Credicorp Ltd.,382.53,USD,-0.43207787813322185,149367,0.52483207987643,30423795236.000004,USD,Finance,Strong buy,380.7240910915756,376.57718370393087,366.8064030421516,1.2546652902405973,-2.2886919206110083,32.47792207792207,377.0360000000001,376.5089999999997,385.0832,339.5446050000006,14.152472141239844,29.97155209286,27.602160284009358
OKTA,"Okta, Inc.",170.6,USD,0.10562140593827418,2341637,0.4575190522627737,29824421913.000004,USD,Technology services,Strong buy,150.0400878389525,140.7107380881009,129.12706574531262,-0.9291521486643406,13.077483926559283,95.75444635685596,168.7279999999999,151.3614999999999,145.94259999999994,101.85124999999998,103.06288890231377,3.928315,95.17745548873954
CFG,"Citizens Financial Group, Inc.",70.78,USD,-0.07059155724974892,1948366,0.6783125584012099,29810892564.000004,USD,Finance,Strong buy,70.8023091147196,69.91646111438139,68.19152324586136,0.18400566171266164,-4.36427509795974,21.074238795757783,69.68399999999998,71.26849999999999,71.4748,64.00439999999999,15.3862875527151,5.31156,40.27566018174057
RDDT,"Reddit, Inc.",154.46,USD,-0.9808321046220918,2834643,0.748923752179484,29717567840.0,USD,Technology services,Strong buy,160.94536882430032,163.0259930488525,164.89325963740052,1.4515599343185603,-3.0261175288799556,-33.47402877078129,152.19999999999996,156.05450000000005,170.01220000000015,174.5445999999999,35.913413471598965,5.374702,263.03705579471597
MDB,"MongoDB, Inc.",368.74,USD,-4.086357133567429,2069730,0.8598207201950377,29704345160.0,USD,Technology services,Strong buy,389.926923649753,373.4076333774634,357.0361852072091,-16.37695456452472,-3.2203879163276508,-12.724260355029584,403.23399999999947,425.42100000000016,373.4451999999999,342.4477999999999,520.3782105560259,6.50373,nan
IR,Ingersoll Rand Inc.,76.36,USD,1.2732095490716098,3840325,1.2455964270495479,29627638291.0,USD,Producer manufacturing,Buy,80.16846264911982,80.26473041413946,80.41086965722367,-3.755986891857832,-14.211886304909566,-4.346736815733432,75.69000000000003,80.1309999999998,81.66680000000031,82.03319999999998,31.464007581688577,3.544495,89.48313554028732
ZM,"Zoom Communications, Inc.",101.33,USD,3.250458528632563,3513297,0.8645080497645836,29566445317.000004,USD,Technology services,Buy,99.68499948622578,97.88550616138387,95.69166268010892,1.5635962714242782,-0.471466457126023,17.443208159480758,97.38200000000006,102.54249999999999,95.86630000000007,90.43052500000017,9.385101279070843,6.145137,184.39837741017806
AEE,Ameren Corporation,106.47,USD,0.05638567803778054,1666227,1.3412191534453972,29475502413.000004,USD,Utilities,Strong buy,108.43286742955786,109.1907162310424,109.34736978343439,-0.8843790727983643,-2.3031748944760553,6.747543613394831,106.174,107.56600000000006,110.19160000000024,107.81885000000017,18.74174866658452,5.389736,24.769936966023163
KHC,The Kraft Heinz Company,24.85,USD,-2.2423288749016534,20432948,1.1110970151990878,29467720154.999996,USD,Consumer non-durables,Buy,25.238776142954706,24.98724698072758,24.694666442648323,-1.7398181099248626,-7.860585836114192,2.305475504322776,25.61400000000007,25.30400000000005,25.429799999999982,24.0301,nan,2.052717,36.07490402642621
HPQ,HP Inc.,32.64,USD,2.2236141559661786,13303997,0.7346864503973991,29434458200.0,USD,Technology services,Buy,29.19197627893333,27.71098405143313,26.222288025774052,9.236947791164665,13.926701570680637,44.80922803904171,31.580000000000005,30.235499999999966,27.208000000000002,22.865100000000048,12.444241107171452,3.257835,-4.5489282724989994
EXR,Extra Space Storage Inc,139.25,USD,-1.2271244148106042,967268,0.9558269426617276,29419286476.000004,USD,Finance,Buy,144.83704785504574,145.16463802186098,144.71997872896333,-2.839799051074514,-7.376613010509515,7.065969552514223,140.276,144.7674999999999,146.45040000000017,141.35002500000016,31.17723446175891,4.61874,-2.9317801490883015
DG,Dollar General Corporation,133.21,USD,1.4856010970592848,1710517,0.553481830444751,29388364180.0,USD,Retail trade,Buy,124.74336420855674,123.03921287654957,122.23896174075219,6.355289421157691,3.9241691371508822,0.32006627254585335,130.64000000000001,124.36699999999996,122.81459999999998,126.0982499999999,17.312365975696927,7.879972,42.337859336268444
ON,ON Semiconductor Corporation,74.38,USD,0.991174473862851,10320792,1.44865558515215,28957003662.999996,USD,Electronic technology,Buy,80.67610939875746,84.36098412157934,85.154837781478,-0.026881720430121277,-5.862400648002842,34.62443438914026,73.422,76.44549999999995,83.52640000000002,78.34925000000004,47.894397939471986,3.198916,44.896435902220546
LVS,Las Vegas Sands Corp.,44.37,USD,-0.3145360593125153,4292293,0.8467512646004071,28738500304.000004,USD,Consumer services,Strong buy,46.148181751162674,47.11333465113485,48.61020132551805,-1.4000000000000057,-4.560120456012055,-31.9478527607362,44.21400000000004,45.50799999999997,46.09140000000006,54.21694999999991,17.28678848326645,3.105494,29.605130276711776
ATI,ATI Inc.,210.65,USD,2.987190769531639,1790009,0.744849444005975,28684292853.999996,USD,Non-energy minerals,Strong buy,206.8988005579314,199.95923789299337,188.7199678544431,-1.7582315082548186,3.1839333823169236,82.63395179469394,204.40599999999998,216.0035000000001,202.41100000000006,158.49990000000003,61.584563660283585,5.05327,18.23775450240244
DTE,DTE Energy Company,136.08,USD,-0.722258699934326,1170239,0.9926817818680356,28316623378.0,USD,Utilities,Strong buy,139.99232555676787,141.84924593832218,142.79594364552827,-0.8380091816658,-3.6669970267591525,5.211071594247726,136.1779999999999,137.49399999999997,143.51360000000003,141.49234999999993,21.500347595272707,7.713905,-8.93892525717574
ATO,Atmos Energy Corporation,167.56,USD,-0.9224219489120165,694132,0.8634298764559833,28315719459.000004,USD,Utilities,Buy,170.0912427248794,171.80162231360063,173.3229341751857,-0.46926046926046455,-2.6832384713671766,0.24528866287765275,167.63799999999964,168.62950000000026,172.86340000000015,175.57190000000043,19.947856522101453,8.453338,15.998287623940136
TDY,Teledyne Technologies Incorporated,610.65,USD,0.4573346274696848,151856,0.6943820152790017,28307091584.0,USD,Electronic technology,Strong buy,638.3747231511691,638.673947091157,633.869739615826,-2.649576737290163,-10.822770021613415,19.035087719298243,609.6680000000003,642.7639999999996,646.5443999999993,613.8477499999999,29.502565440473084,24.71806,14.031501875898703
LPLA,LPL Financial Holdings Inc.,359.33,USD,-0.31072270772645433,441063,0.6682342424919607,28294464816.000004,USD,Finance,Strong buy,351.41823303428623,340.83488463550066,332.96874861943024,-0.707397275415182,0.6075708365998317,0.3687047847825461,360.5289999999996,364.89974999999953,340.2302999999995,330.86639999999977,28.654247938629364,23.757266,-14.22982483738808
FISV,"Fiserv, Inc.",53.0,USD,0.5120424805613563,7059551,1.3264567770431572,28183636353.0,USD,Commercial services,Buy,52.87694251837108,53.270505610527415,55.362617549796965,0.41682455475558705,-5.894886363636363,-21.516363097882422,52.53800000000005,52.633000000000074,52.16180000000005,58.31290000000009,10.166305411159918,7.249966,-12.858957643833776
SUNB,"Sunbelt Rentals Holdings, Inc.",68.59,USD,3.9399909077133035,21799943,2.153176274187369,28118302380.0,USD,Finance,Buy,74.99550180383662,75.25484381439803,74.7916826403381,-4.749340369393142,-13.896560381621885,-6.041095890410954,68.20800000000001,75.8015,74.9238,nan,nan,4.003839,nan
CTSH,Cognizant Technology Solutions Corporation,62.31,USD,-3.6045792079207897,4473413,0.8045687733259338,28067179585.000004,USD,Technology services,Buy,57.737904627690554,55.89068323952788,56.08214165034914,-2.7621722846441887,9.584945480126631,-24.91866489938546,63.664,61.238500000000144,52.45730000000014,62.777775,13.3721055003541,5.752066,-5.379117085651624
VICI,VICI Properties Inc.,25.42,USD,-0.8966861598440425,16786135,1.8093321575463575,27989390506.000004,USD,Finance,Strong buy,26.272676770382414,26.608975994812887,27.05477245140265,-1.8911617136240773,-4.256120527306964,-9.73011363636363,25.573999999999977,26.03600000000001,26.382599999999993,27.858449999999966,9.858062514542777,2.785065,-1.3542463657230337
CASY,"Caseys General Stores, Inc.",756.09,USD,-0.3072176366656902,405407,1.1278957123453761,27979045913.999996,USD,Retail trade,Strong buy,805.997488124118,808.5520260930693,793.9916524148352,-0.5144736842105221,-11.692361597757534,37.01502274251128,757.4439999999998,812.0614999999995,826.7225999999998,727.1114249999991,39.44831112456044,21.415575,30.89078889860139
AWK,"American Water Works Company, Inc.",140.7,USD,-0.1348569806231796,2074148,1.018772065475355,27961168096.0,USD,Utilities,Buy,136.30164826607,134.8086562093596,133.69231932544847,2.700729927007291,4.687499999999987,8.03962220686478,139.342,137.3859999999999,135.10520000000008,131.53110999999998,24.35773145904023,6.082198,3.9987037070377944
ZS,"Zscaler, Inc.",169.8,USD,-4.499437570303712,7741964,2.1943643914055686,27686689026.0,USD,Technology services,Strong buy,167.93445154235766,162.57970811102362,162.05360749214586,-8.793038620615555,3.3915849722949654,-25.10585744530698,177.41699999999994,179.45850000000002,160.96020000000001,172.45242499999978,nan,4.87444,-47.39000745712155
INSM,Insmed Incorporated,126.29,USD,-0.3078623302810235,1802693,0.9891151371362134,27579399866.0,USD,Health technology,Strong buy,119.34815962182218,118.16996669571324,120.59215845899382,5.14528349013405,27.35982250907625,-28.158598327549907,124.58600000000006,126.15399999999991,115.69179999999994,140.81927499999995,nan,-1.599321,28.022864356852285
CPNG,"Coupang, Inc.",15.29,USD,-1.4184397163120608,11808996,0.8549298949285083,27483954287.0,USD,Retail trade,Strong buy,16.297764646215622,16.66157710644232,17.364171802457683,-5.965559655596571,-6.368646662584196,-35.48523206751055,15.725999999999999,16.156499999999994,16.665200000000006,19.29865000000001,nan,-0.507101,-314.45115810674724
CPAY,"Corpay, Inc.",416.37,USD,-0.7886961494471983,329560,0.7757998287665993,27338687042.0,USD,Commercial services,Strong buy,397.35126822904493,384.1841065116065,369.2169433515309,2.5541871921182278,4.092500000000001,38.030830432620604,412.3120000000005,410.8270000000002,384.4256000000005,336.9451999999994,25.309092235311283,27.384829,11.781212841854936
OTIS,Otis Worldwide Corporation,71.21,USD,-0.3777280358142281,2976017,0.8996178520162479,27107463497.999996,USD,Industrial services,Buy,72.14813551609733,72.80742742271136,74.38245537550559,-0.7802703079281069,-3.3785617367707044,-18.35588167851411,71.04999999999984,71.80699999999987,72.34860000000008,79.98152500000006,18.280536016840376,4.046355,2.9847984137475154
FE,FirstEnergy Corp.,46.77,USD,-0.5739795918367262,3992219,1.0066407412060054,27062990894.999996,USD,Utilities,Buy,47.05539656323322,47.28137525029524,47.40587486985351,0.5374032674118658,-3.0271615177275426,4.257690592955871,46.42399999999999,46.705,47.75179999999996,47.533609999999896,24.958642403543415,2.730429,-17.27806471549022
MTD,"Mettler-Toledo International, Inc.",1345.26,USD,-0.8088598541545333,103033,0.6576682213729884,26954380413.999996,USD,Health technology,Buy,1362.585607785492,1337.4262532905936,1315.929852195107,-3.984754726677082,-6.909508618721061,-3.8323789916146533,1370.0660000000003,1401.9810000000014,1360.5973999999999,1319.4709499999994,30.27744080160068,47.329332,12.537359553407695
WSM,"Williams-Sonoma, Inc.",227.42,USD,2.0919375112228393,1033169,0.7306338389227933,26785339718.0,USD,Retail trade,Buy,232.32351093623222,227.84936835467818,220.95726259609353,-3.5006576993253278,-8.18361661754613,24.490913072038527,224.4539999999999,236.68400000000048,232.77680000000004,204.37145,23.265711158170415,9.508993,7.441277657481413
ES,Eversource Energy (D/B/A),71.05,USD,-0.587659157688543,1695749,0.9339739639354478,26762741686.0,USD,Utilities,Buy,71.62201825266449,71.61499860568985,71.32009640592736,-0.46231437377416407,-2.5644541963796,4.808968874465246,70.72,71.311,72.77459999999999,70.17529999999992,18.401491802854107,4.646639,66.18317982267368
CHTR,"Charter Communications, Inc.",151.99,USD,0.4029594398203287,1952407,0.7840197872327951,26615758037.999996,USD,Consumer services,Buy,148.2144212220517,149.2867569601054,157.03143848663674,1.9930210709971807,-0.6406484931685885,-27.43375507280973,152.19399999999996,151.85450000000003,143.2707999999985,182.16622499999994,3.9487152840923856,41.120689,4.731715280801037
LH,Labcorp Holdings Inc.,326.89,USD,-1.3906485671191595,438651,0.728504031633262,26510779689.0,USD,Health services,Strong buy,316.1940383044854,305.3871660710212,294.6819811052795,-2.8241029757127145,4.301075268817192,30.07441009112251,330.064,329.38750000000005,306.5314,275.57177500000006,27.03178750992326,18.350181,33.345095271700785
PPL,PPL Corporation,35.11,USD,0,10269275,1.3519971882792552,26421848379.999996,USD,Utilities,Strong buy,35.22378422262666,35.525924051605045,35.845424398991746,1.32756132756133,-0.3971631205673775,0.31428571428571267,34.67200000000001,35.056000000000026,35.54800000000001,36.286499999999975,20.854122119268233,1.949174,26.567433468651323
VRSN,"VeriSign, Inc.",292.08,USD,-0.43292994716210614,494592,0.7678198484796502,26374823679.000004,USD,Technology services,Buy,285.86104702078956,282.5606901670651,277.88897720347927,-2.160586875690882,-3.3263826829510514,20.157972683890065,290.4080000000001,286.63824999999986,279.01829999999984,261.74449999999973,31.701651941737033,9.789784,9.963478385410445
CINF,Cincinnati Financial Corporation,171.1,USD,-2.0718864468864497,383708,0.8403816308714337,26260094026.0,USD,Finance,Buy,173.54865060528655,173.434251610631,171.9079737512897,-1.397493156605683,-5.385976553859771,4.763654175851091,171.56000000000003,171.50300000000001,177.3169000000002,167.3025249999999,8.06774833906233,8.36986,83.98615412643468
DGX,Quest Diagnostics Incorporated,237.14,USD,-0.9440267335004258,798704,0.8878833598129574,26173938447.000004,USD,Health services,Buy,232.7190104765501,225.85683980086347,217.89377265807244,-3.275278378268141,1.2466911450772724,36.82995787894523,238.77199999999985,239.85850000000005,227.53760000000028,201.08384999999984,25.154871011541072,11.191837,12.727794518582284
CNP,"CenterPoint Energy, Inc (Holding Co)",39.67,USD,-0.7753876938469115,4139244,0.7168172985266403,26131434559.000004,USD,Utilities,Buy,40.71378677688795,41.3251175211996,41.640315180161075,0.10093363613423958,-4.478690103539608,3.495956170101757,39.646000000000015,39.84849999999996,41.891199999999955,41.461074999999994,23.382058234115288,1.912264,18.23820475294446
ECHO,EchoStar Corporation,89.8,USD,0.011137097672336456,2433387,1.0024136076870631,26086065403.000004,USD,Communications,Strong buy,91.18445369393676,95.26081256864266,99.23014555271126,3.6592404478817984,0.16731734523144615,-17.372101582627906,87.75200000000002,88.36975,90.97770000000006,107.66775,nan,19.048617,-2120.0623052959504
SMCI,"Super Micro Computer, Inc.",39.59,USD,4.54185371006075,53632901,1.4747893678580182,26009260012.0,USD,Electronic technology,Buy,35.265238299289535,33.98858101320664,33.21771855114529,4.143101407339215,24.85020498265532,32.14285714285715,37.69,37.03450000000002,31.70660000000001,31.368249999999954,12.04221924808371,4.338365,98.09592672933236
SYF,Synchrony Financial,79.92,USD,0.08766437069506249,2736537,0.8229118784407942,26003637705.000004,USD,Finance,Strong buy,77.92678334303956,76.87974951934711,75.8750414461609,-0.18733608092917634,0.7183364839319565,-4.527535539362074,78.37199999999999,79.2345,76.82859999999998,75.10150000000006,8.196166507706982,9.352585,18.484270386526852
DOV,Dover Corporation,192.88,USD,0.9472968022190833,1358572,1.076593785486684,25977121792.0,USD,Producer manufacturing,Strong buy,203.3457205534054,206.44212089290184,208.1843036012233,-4.7459133784384475,-8.825336799810927,-1.17839942617072,191.402,201.09550000000007,207.31520000000023,210.00369999999967,23.217574480890764,10.693862,-49.914086757302634
SYM,Symbotic Inc.,42.94,USD,3.2211538461538374,1428904,0.9957678070263281,25970184578.0,USD,Producer manufacturing,Buy,42.05630391279752,43.12821925805138,45.16715509683556,4.3753038405444755,-10.20493517356755,-29.39822426833279,40.460000000000015,40.998750000000015,41.977299999999985,52.523774999999986,476.0532150776053,0.208571,nan
FOX,Fox Corporation,58.42,USD,-3.3901107987431742,1039692,0.9135869446305112,25963278134.0,USD,Consumer services,Buy,57.47434824638042,56.408803778857525,55.90659093781504,-3.438016528925617,9.894657637321304,-10.053887605850656,59.68200000000007,59.92000000000004,54.29259999999996,56.96050000000003,15.235363150345549,5.95399,-21.89155055813575
RF,Regions Financial Corporation,30.42,USD,-0.06570302233902618,6236327,0.8712375488611716,25915695589.0,USD,Finance,Buy,30.611764902151748,30.297551992756492,29.73365637552692,-0.3603013429413673,-5.292652552926513,12.292358803986717,29.992000000000008,30.77449999999998,30.886000000000028,28.457799999999924,12.372895143577646,2.636555,14.59867623753147
CRCL,"Circle Internet Group, Inc.",102.05,USD,-1.1430785624334077,14220026,0.884175750239784,25908033478.000004,USD,Technology services,Buy,82.44107474692515,81.33449691795511,83.2775638628891,10.193283662671416,64.70303421562298,26.237011380504693,95.79,84.15,72.4804,85.10479999999995,61.416706788637455,1.041782,nan
JBHT,"J.B. Hunt Transport Services, Inc.",273.77,USD,2.8128286014721384,860065,1.085862233182149,25711092059.0,USD,Transportation,Buy,273.4126051745819,271.75642345278965,264.2414373425174,3.6026490066225096,-0.32766592638440095,40.80283899503689,264.444,269.08750000000003,276.3255999999999,237.40492499999948,38.81280480889191,7.836231,28.1843458665746
INCY,Incyte Corporation,126.75,USD,-0.9765625,1036073,0.8913550843062701,25691940308.0,USD,Health technology,Buy,121.56071823187405,117.78447085491283,113.18405030240136,-0.7750117426021567,2.2259859666102146,29.00763358778626,126.36200000000001,125.21400000000003,120.80699999999997,104.72019999999996,16.15390497553018,3.76232,78.375920705647
WRB,W.R. Berkley Corporation,69.14,USD,-0.5179856115107906,1712180,1.0456873990875744,25666671824.0,USD,Finance,Buy,69.97400870451007,69.94191868111243,69.71216604962476,0.5526468877254151,-3.838664812239228,-0.9029668912139823,68.40800000000002,69.22999999999993,71.07960000000001,69.25609999999992,14.219023136246788,4.8749,10.669822700685069
NVT,nVent Electric plc,156.03,USD,2.5905713722138195,1610995,0.5296105834604107,25254694286.000004,USD,Electronic technology,Strong buy,156.70000423969148,156.24104810715693,152.18603373219307,0.5024154589371987,-2.6819684400923163,51.72112018669778,150.86800000000005,158.27400000000006,157.28780000000017,135.42705,43.1034006464267,5.137629,3.016591251885366
ROIV,Roivant Sciences Ltd.,34.93,USD,1.5111886079628107,5240613,0.5621937676267091,25230742542.0,USD,Health technology,Strong buy,34.93339661298717,34.10862585840263,32.57348522172363,-5.620102674952711,0.1146460303811956,60.89359742054353,34.53600000000001,35.918499999999995,35.278,28.489974999999973,nan,-1.352255,37.23526044647968
Q,"Qnity Electronics, Inc.",120.47,USD,1.688191103232886,1311172,0.7784284279678588,25203353294.0,USD,Electronic technology,Strong buy,131.07716880468436,134.0926443724578,133.10504672500824,-4.145448758752393,-14.048230593607304,47.47215081405313,118.31000000000002,128.979,135.5908,121.6252,43.13901024135214,4.5525,-26.24461875709796
TSEM,Tower Semiconductor Ltd.,222.335,USD,7.845847885137763,1725294,1.2821748757951472,25084934580.0,USD,Electronic technology,Strong buy,229.93088821842224,230.37193001779323,222.27612499155066,1.3562180889861388,-3.248476936466494,84.52568677898583,207.88300000000004,228.51474999999996,230.71069999999992,186.1336749999999,87.69573620478839,3.862068,45.74040009197516
NRG,"NRG Energy, Inc.",119.02,USD,6.419885550786832,3396432,1.2495543786122925,25019250593.0,USD,Utilities,Strong buy,122.66419664079356,127.25111350795986,132.83936651499772,3.7663469921534376,0.5491256230463728,-26.339893551182087,112.31600000000003,116.04850000000002,127.48299999999998,146.68155000000007,31.480110029623358,8.888127,59.993229232787435
PPG,"PPG Industries, Inc.",112.53,USD,1.6072234762979694,1174764,0.9536917640006534,25015419072.000004,USD,Process industries,Buy,114.62178055507754,114.73403097427764,114.15318800733108,-1.8662248190459585,-4.885470374440032,9.220615354751043,111.2920000000001,113.33849999999981,115.78980000000016,111.3760000000002,16.15812070129087,7.905816,23.48268586322452
TPL,Texas Pacific Land Corporation,362.42,USD,-1.113233287858113,272075,0.9588678047028673,24997803741.0,USD,Miscellaneous,Buy,375.3112182659651,382.55317369341026,388.6448072787274,-2.257342431025649,-8.171383687637773,26.720279720279727,368.1020000000003,365.32550000000055,387.91779999999994,391.58954799240024,46.204056655490255,8.800473,17.272672906138798
PFG,Principal Financial Group Inc,116.68,USD,-1.5441734874694104,1501909,1.1110504508867083,24981730017.999996,USD,Finance,Buy,112.58433409919289,110.75800017930854,107.59788126632458,3.3664068036853396,0.58620689655173,32.12546710451818,113.20399999999998,112.69250000000002,112.22340000000005,98.87687499999998,16.559985239642916,9.61237,41.87994603411126
TW,Tradeweb Markets Inc.,106.2,USD,0.8164040250617044,1531807,1.3250048764074003,24853800538.0,USD,Finance,Buy,104.94595452659122,104.72515701069337,105.72638503194898,-1.5390320786204308,4.199372056514915,-1.025163094128606,105.88399999999976,106.04650000000018,102.54219999999991,108.76662500000003,25.352717897300007,4.030394,61.45307380998266
GFS,GlobalFoundries Inc.,45.21,USD,1.5270604087132262,2637373,0.6891570452226379,24809033907.0,USD,Electronic technology,Strong buy,52.222449450920585,55.807227124893906,57.19932265137793,-2.4384980578334106,-6.086414624013295,27.20877884074283,44.46600000000004,47.979500000000094,55.7154,53.288949999999986,35.28723072119888,1.937415,nan
XYL,Xylem Inc.,105.69,USD,-2.0391139123181046,2425502,1.2911661682909548,24677222195.999996,USD,Producer manufacturing,Strong buy,113.77854151842052,115.11938373652333,117.07543879275318,-6.369596031183556,-13.898167006109981,-22.4521241470394,107.46399999999998,114.1235000000001,117.5266000000002,124.24565000000004,25.10510938502102,5.663771,9.421947289078346
DLTR,"Dollar Tree, Inc.",131.42,USD,0.2899877899877865,1209898,0.45973389043085827,24658372999.0,USD,Retail trade,Buy,127.60142756652165,124.47586732784244,121.04443247163569,3.114947038054127,-0.514761544284638,7.106764466177656,130.53400000000005,130.4045,127.30879999999996,117.11332500000002,16.05090562673278,7.875428,nan
DRI,"Darden Restaurants, Inc.",216.88,USD,-0.532012474775269,620301,0.7009410426252375,24624936525.0,USD,Consumer services,Buy,213.87858474358413,211.19586050275197,208.36974091965627,2.2488331526094862,5.36850799203225,17.524655901159644,216.9539999999999,219.77099999999942,209.62279999999973,201.27435000000025,20.87612740521133,11.279853,17.071219292314616
EXPD,"Expeditors International of Washington, Inc.",188.8,USD,0.8924277240421182,505167,0.6832736083612616,24542231549.0,USD,Transportation,Buy,182.31515124810144,177.14869042843208,170.81775907915375,-1.6205513000885756,1.7899503989648597,26.592463457154373,187.88799999999986,186.84549999999987,178.30019999999985,158.71879999999982,27.471008482837895,7.703164,12.143265073019503
FCNCA,"First Citizens BancShares, Inc.",2208.49,USD,0.2296419672964399,48257,0.8056489082327879,24522101525.0,USD,Finance,Buy,2185.014284763812,2153.7172318375397,2113.6162667729436,1.783113651027726,-2.0673049208242764,3.372916500891672,2178.9179999999988,2202.3270000000016,2160.7966,2044.3297000000007,11.811610247721367,194.200418,10.347745875154256
GPN,Global Payments Inc.,92.54,USD,0.8390541571319715,2970593,1.172659682589259,24487784913.0,USD,Finance,Buy,87.70200715425294,84.10790729138522,80.86005562628043,-0.5908260822859568,5.422647527910692,19.252577319587644,91.64599999999997,91.52650000000004,84.64039999999983,75.66887500000018,29.034889558232937,13.646061,-44.26120564523181
SN,"SharkNinja, Inc.",173.38,USD,-1.0444609325951786,1339646,0.8982337332311937,24424310289.0,USD,Consumer durables,Strong buy,172.2544765207326,163.01304235568523,151.81897407170038,-10.458090171977483,2.4099232132309414,54.6103085428928,178.24999999999994,183.63849999999994,166.83939999999996,128.1557000000002,35.425605819132855,6.5675,33.76882499248366
AFRM,"Affirm Holdings, Inc.",72.35,USD,-2.624495289367433,3867803,0.4872992180553203,24412427068.0,USD,Finance,Strong buy,75.14565570490153,73.94208217746232,71.794930529068,-15.87209302325582,-9.562500000000007,-3.5333333333333408,73.026,75.57349999999995,77.0875,66.51347499999996,13.105222163856032,1.973511,4209.679937548791
TPR,"Tapestry, Inc.",122.14,USD,-0.37520391517128365,2895930,0.843845598747838,24353699412.000004,USD,Retail trade,Strong buy,134.21801222042168,137.12088479393438,138.20364812602844,-1.9034615693518628,-22.29785609771614,-5.47902801423928,122.68200000000016,132.2045000000002,140.76940000000005,138.34944999999993,16.776320307671178,7.981415,1049.7946936197093
HUBB,Hubbell Inc,460.72,USD,0.12387265022276432,532647,1.164237415280022,24341021311.0,USD,Producer manufacturing,Buy,479.12061130179734,483.83519260944695,485.93334950682396,-2.1493500976977207,-8.672468134874224,2.901302124047977,453.45200000000006,478.00550000000004,485.0753999999999,485.54684999999967,27.279132695051842,20.458206,9.655239579275419
AMRZ,Amrize Ltd,43.82,USD,-0.431720063621899,3363125,0.8373477891254699,24255974567.0,USD,Non-energy minerals,Buy,46.841243843116736,48.42177532205743,50.02801823431275,-2.0782122905027927,-15.940916938423177,-19.90495339060501,43.46199999999999,45.003,48.42660000000005,53.524550000000005,20.12029937095367,2.55666,1.5243333954876082
ASTS,"AST SpaceMobile, Inc.",62.31,USD,0.2897151134717523,10248459,1.0316288078300422,24249027187.999996,USD,Communications,Buy,66.09671818722703,69.47984228669034,73.03410093608822,2.0638820638820725,-8.20565704183853,-16.18240516545601,60.348000000000056,65.05100000000002,66.73479999999999,81.40442500000003,nan,-1.65118,-12.655962095288231
VRSK,"Verisk Analytics, Inc.",185.79,USD,-2.52360965372508,854424,0.7982782190524523,24181686290.0,USD,Technology services,Buy,188.47402977815622,187.94679449011107,188.99099293010119,-2.7379332007119768,-4.251700680272109,-16.288185996215194,190.53599999999958,186.38149999999948,190.56870000000023,194.5722999999997,28.5479409956976,7.711934,0.3778823166499536
BIP,Brookfield Infrastructure Partners LP Limited Partnership,37.13,USD,0.7871878393051007,493407,0.6627298332990825,24163786074.0,USD,Utilities,Strong buy,38.58570179933376,38.54531795584049,38.21832820668286,-4.501028806584362,-7.866004962779143,6.116033152329238,37.03400000000003,38.48,38.78360000000001,37.19264999999998,61.85240712976846,0.604573,2994.329896907216
ULTA,"Ulta Beauty, Inc.",564.12,USD,1.258279334422285,515819,0.6056335464948693,24120345454.999996,USD,Retail trade,Strong buy,522.9079233769098,517.2822395479776,520.0484332857137,4.081180811808119,3.105294902491183,-6.929320926549198,551.1459999999998,532.762,505.66969999999986,556.2965750000001,20.55299102637437,28.982476,5.199190513058345
SW,Smurfit WestRock plc,45.83,USD,1.2593901900132574,2736880,0.611068378111217,23964011167.0,USD,Process industries,Strong buy,47.08944279971608,46.24893249089541,45.16435138659179,-6.48847174046113,-5.466171617161714,17.99691040164777,45.755999999999986,48.02550000000002,46.70600000000001,42.41555000000006,48.73458102934921,2.238474,42.24776887006504
WST,"West Pharmaceutical Services, Inc.",339.97,USD,-0.8052986315758733,364084,0.8693127471537769,23925648212.0,USD,Health technology,Strong buy,343.16898993243376,338.252985763807,327.35841638426183,-1.3178137064236057,-2.659909522991457,23.513169845594923,341.0179999999999,347.2289999999999,350.11900000000026,293.72689999999994,43.461086111679286,8.966825,17.17546960663891
BRO,"Brown & Brown, Inc.",71.42,USD,-1.5711135611907394,1361667,0.8936088194115677,23897870696.000004,USD,Finance,Buy,70.50728811253501,69.0864719235483,68.53798336860078,-0.5569479253689662,0.056038105912028936,-10.467594333709409,72.048,71.83250000000001,70.03359999999996,69.44520000000004,22.58411333164685,4.490611,-8.806736259299848
FWONA,Liberty Media Corporation - Series A Liberty Formula One,88.38,USD,-1.4715719063545232,145569,1.1727452675371213,23760139294.999996,USD,Technology services,Strong buy,91.47653047989148,90.14382883640457,88.45520615630278,-6.138487680543757,-0.9525944189174139,-1.1298802998098278,90.00400000000005,93.70499999999993,91.63999999999993,84.55602499999992,54.639876352395675,1.81296,52.752856738124464
KEY,KeyCorp,22.18,USD,0.2712477396021642,9683254,1.057769176896926,23668911344.0,USD,Finance,Buy,22.409958581463084,22.38289871605064,22.142165076317546,0.18066847335139632,-4.065743944636684,7.513330101793508,21.784000000000027,22.245500000000014,22.714599999999972,21.418299999999995,12.900599081021346,1.827253,nan
CRS,Carpenter Technology Corporation,475.33,USD,1.6792162231539243,445128,0.4614138797335225,23556673008.999996,USD,Non-energy minerals,Strong buy,514.2787028178657,515.3348220265608,498.4982097971334,-2.9423775881079806,-17.31665738936822,50.14056034618908,470.65200000000016,501.96349999999995,546.1135999999998,432.28682500000025,45.147410812659096,13.337362,41.99552234780028
SOFI,"SoFi Technologies, Inc.",18.22,USD,-1.5667206915181129,29120869,0.755277149017796,23532412431.000004,USD,Finance,Buy,17.995483616031205,17.880664243963317,18.091587215308188,-5.128872689403798,-2.8784648187633404,-31.65791447861966,17.899999999999988,18.239999999999995,17.881200000000003,19.970225000000006,38.414505587181104,0.593642,-4.336425978217027
IOT,Samsara Inc.,40.2,USD,3.741935483870975,25608920,3.0513424858642475,23497441492.000004,USD,Technology services,Strong buy,38.8725056108056,37.53257349217806,36.20993123956375,-3.689506468615235,2.958125240107571,11.977715877437339,39.13,39.75700000000002,37.63260000000001,33.650799999999975,261.0389610389611,0.7731,nan
VLTO,Veralto Corp,96.31,USD,-1.6040049039640305,1341319,0.8362287856631282,23479736963.999996,USD,Producer manufacturing,Strong buy,95.8935491141553,94.39271705178619,93.38063340784133,-2.4115918532779363,-0.7113402061855647,-2.9328764362023754,97.40400000000005,97.94499999999991,95.1545999999999,93.43055000000004,24.27534405404043,4.381649,11.103643339214205
TROW,"T. Rowe Price Group, Inc.",109.78,USD,-0.992063492063487,988801,0.8236074235206983,23417812839.0,USD,Finance,Buy,111.5862660458257,110.80449464190102,108.92068632727643,-2.582305439701834,-4.927686845067981,7.133795257148436,110.05899999999997,111.45625000000014,114.47509999999987,103.63222500000003,11.011143542061605,10.20053,11.482723918148286
CHD,"Church & Dwight Company, Inc.",98.55,USD,-0.04057206613247414,1340447,0.7926670578613062,23376445383.999996,USD,Consumer non-durables,Buy,99.46832308088291,98.89491107769567,98.01260944715033,-3.872415138509558,-4.505813953488378,17.995689655172416,99.13399999999996,100.47600000000001,99.27840000000023,94.91924999999978,31.709514463142316,3.779834,46.592141880099994
PHM,"PulteGroup, Inc.",124.45,USD,0.1126216716273836,962026,0.828721219513876,23328468674.0,USD,Consumer durables,Buy,127.70927733854646,127.21092138774597,126.39829630086159,-2.5068546807677263,-4.518950437317784,5.065428450823132,124.38200000000003,128.09800000000007,128.7878,125.21729999999998,12.712470376726323,10.166423,-26.81384239288892
ROKU,"Roku, Inc.",155.59,USD,-1.718147937590802,2073399,0.9746034226110736,23106456881.0,USD,Technology services,Buy,151.64609769034882,146.28588413232228,138.4871282946449,-0.6608140462889045,5.207283841259318,42.54042416746828,156.81199999999987,156.4162500000001,148.42729999999992,117.99402500000008,66.47156833425899,2.788237,nan
ARXS,"Arxis, Inc.",53.62,USD,0.7137490608564903,766568,1.7827477881004408,23100907803.999996,USD,Electronic technology,Strong buy,51.68676665983976,48.965048870790966,44.18,-0.13037809647979193,-7.694956102599424,41.10526315789473,52.220000000000006,54.64849999999999,49.64049999999998,nan,nan,0.47484,nan
BG,Bunge Limited,118.71,USD,-1.1738261738261828,1175035,0.7024282670235892,22806461196.0,USD,Process industries,Strong buy,115.03107729589912,115.44825547046364,115.5079863110435,5.053097345132738,7.996724890829687,33.08295964125559,119.78799999999993,114.82400000000007,113.63239999999989,114.19339999999991,23.019643584323912,9.516979,-48.493323079074315
RIVN,"Rivian Automotive, Inc.",15.74,USD,-1.0685103708359518,14134602,0.7263884262503993,22789325829.000004,USD,Consumer durables,Buy,16.108963086979994,16.131083826139765,16.08972908689008,-4.663840096910971,0.7360000000000013,-20.42467138523762,15.770999999999995,15.980750000000004,16.5069,16.290874999999993,nan,-2.29869,20.201582982933463
EXE,Expand Energy Corporation,97.91,USD,-1.1509338717819289,1912503,0.8383899676375404,22666536357.0,USD,Energy minerals,Strong buy,95.0759592537939,94.61316783000053,95.48852838557364,-0.39674465920651125,4.7726056714820695,-10.974722676850343,98.88399999999999,96.87474999999984,92.83689999999974,101.07877499999978,8.451226985921814,8.99996,2897.490297542044
OMC,Omnicom Group Inc.,82.62,USD,-2.490263188953145,2722083,1.1202643216405503,22666465437.999996,USD,Commercial services,Strong buy,83.76066257416164,82.14743727038433,80.56505358962082,-6.294658046954744,0.7560975609756153,2.315789473684216,84.54600000000013,86.4889999999999,82.70340000000012,78.02777500000016,70.82118978227327,10.416101,-83.26303405928094
MKL,Markel Group Inc.,1826.72,USD,-0.8822667636111077,58666,0.9164514803723542,22632984412.000004,USD,Finance,Buy,1854.9038180214707,1870.0021055938,1887.637792560017,0.6457300275482108,-3.6976898664107987,-14.771873673209441,1817.190000000001,1817.6634999999992,1894.304199999999,1958.6875000000011,10.078321721533067,98.627717,8.703805992214209
XPO,"XPO, Inc.",193.1,USD,4.491341991341981,1380323,1.468261747679976,22609398371.999996,USD,Transportation,Strong buy,199.9225223550958,201.9794861415273,200.64635634532758,0.6620445185841536,-4.904954200728852,42.47768021840182,188.5920000000001,197.00900000000001,202.6636,188.88274999999973,56.78075746883086,5.475928,17.642175176421745
USFD,US Foods Holding Corp.,104.04,USD,-0.3543721865721582,1225529,0.7537092626862165,22507048202.000004,USD,Distribution services,Strong buy,104.25367113595682,101.6653949444889,98.32131891268718,-3.6488238562696775,4.1441441441441444,38.757001867164576,104.94799999999991,107.83650000000009,103.3351999999999,90.36305000000004,31.994587613014335,4.791512,39.00739537468472
AER,AerCap Holdings N.V.,145.4,USD,-0.7373020207536757,863105,0.7916347865295009,22454131086.0,USD,Finance,Strong buy,147.8137823700513,147.21372431012364,145.76937610285748,-1.8363489062921947,-7.169763136053113,0.19984839087588174,145.38000000000005,147.96600000000007,149.25340000000008,143.5847499999999,7.151042409517674,18.720007,26.695329781599515
L,Loews Corporation,109.3,USD,-0.6724827335514441,625134,0.8467959706570203,22343950323.000004,USD,Finance,,111.67011032076759,111.66893760866199,110.89732090037118,-0.9784381228483406,-6.58918041193061,4.095238095238092,109.05599999999988,111.02100000000026,113.75559999999997,108.82819999999987,13.388045075943165,nan,29.801577206817598
RGLD,"Royal Gold, Inc.",262.11,USD,-1.0345478572777078,355607,0.5493762246206234,22208018012.000004,USD,Non-energy minerals,Strong buy,239.32104298409973,232.91737915284747,230.56039874839516,-2.648194919031346,22.195804195804204,17.013392857142865,260.17999999999995,250.7044999999995,220.4312999999998,236.5863750000002,28.57438759825137,10.504746,34.28537967178557
FFIV,"F5, Inc.",390.47,USD,-0.4284074971311871,312507,0.7158574566165737,22111215827.0,USD,Technology services,Buy,394.4827176158848,389.6594923918105,376.3371502510615,-4.696004490981414,-5.826881798229739,52.62869874526053,395.31000000000006,397.13700000000034,404.6551000000002,327.20197500000006,31.105463988974837,17.333083,10.691674161860927
IFF,"International Flavors & Fragrances, Inc.",86.35,USD,-0.12722646310432506,1476530,1.0016148973774301,22032198948.0,USD,Consumer non-durables,Strong buy,83.62633858192609,81.77028214344928,79.66985355641938,-1.6514806378132152,3.0060837409042063,27.869095216940607,86.37199999999999,85.13800000000006,81.49379999999998,74.64889999999994,80.11690480608647,3.425774,nan
FSLR,"First Solar, Inc.",204.45,USD,-1.4318773503037312,1521272,0.8875388316324825,21972197746.000004,USD,Electronic technology,Strong buy,217.24188290804352,221.6922598400575,224.42248301309866,-2.466367713004492,-13.460317460317464,-23.09862333559017,203.20400000000004,214.82499999999996,219.055,230.5971999999999,12.60372101051697,17.423205,38.72032564821782
STE,STERIS plc (Ireland),224.59,USD,-0.9875236961601239,567998,1.0031229375640311,21897548632.0,USD,Health technology,Strong buy,227.99925485325824,225.79259336760964,225.38777070344264,-3.6094420600858355,-3.9967513037530966,-11.379868208183721,228.81199999999998,233.88499999999962,225.32360000000034,232.88359999999957,27.45129195492214,11.206146,24.045182321279654
EIX,Edison International,56.77,USD,0.8348134991119113,4694105,0.5064843599693083,21845888960.0,USD,Utilities,Buy,68.80392811804184,70.21011303925476,70.42804981313239,-23.941586280814573,-18.033496967946867,-5.9632267682623725,56.207999999999934,68.10199999999996,72.55120000000004,68.48714999999994,5.848115870366937,6.134251,42.63841542259315
CDE,"Coeur Mining, Inc.",21.24,USD,-1.8937644341801392,32938193,0.9170873910586095,21833340408.999996,USD,Non-energy minerals,Strong buy,19.10063707014836,18.536727913053557,18.335972966932395,-4.966442953020147,24.941176470588225,14.810810810810802,21.058,20.308,17.574,18.94130000000001,17.444152431011826,1.06828,212.20512820512818
GH,"Guardant Health, Inc.",161.41,USD,0.22975658221560144,2402454,1.3059212718508866,21660603806.0,USD,Health technology,Strong buy,159.1105025489604,152.18968919088715,141.4643225806074,-2.9696423204087754,0.8812499999999979,57.78103616813294,161.78799999999993,163.7920000000001,159.5192,117.38454999999998,nan,-3.19185,-4.599796760117153
FIS,"Fidelity National Information Services, Inc.",41.89,USD,-0.9224219489120165,6658720,1.144274076558712,21602921203.0,USD,Technology services,Buy,42.015947291209535,42.370457615923215,43.813871433442436,2.6464101935800004,-4.55684666210982,-37.00751879699248,41.528000000000006,41.55400000000001,41.90659999999997,49.59940000000006,6.432146915210515,6.202081,2338.2628229127663
CMS,CMS Energy Corporation,68.46,USD,-0.18953200174954024,3159336,1.1086980552647732,21467489206.0,USD,Utilities,Buy,70.5418659020554,71.65058759145599,72.54754773916164,-0.4363001745200863,-4.45219818562458,-2.0740952653411573,68.22599999999983,69.27849999999997,72.35999999999996,73.53109999999997,20.5721497686159,3.871742,-1.7942513132267004
THC,Tenet Healthcare Corporation,265.05,USD,0.5920528293293872,557693,0.6900188028462736,21341559223.0,USD,Health services,Strong buy,252.54737620997147,239.05163023675232,226.45232100854287,-2.8444705106117776,3.4866468842729996,33.278020817619556,263.7639999999999,267.79049999999995,237.69220000000004,208.24709999999993,10.22131725996969,21.215261,66.00366178428763
DOW,Dow Inc.,29.44,USD,-3.030303030303024,9413133,1.1460828166029442,21265710542.000004,USD,Process industries,Buy,30.541047322880342,31.028800058960652,31.47523667572732,-3.8850799869409003,-3.8222803005553683,25.010615711252655,30.412,30.910000000000014,30.003399999999928,31.476250000000014,nan,2.477102,-30.144223904041116
ENTG,"Entegris, Inc.",138.74,USD,6.151491966335135,1884998,0.9139578776973726,21199473263.000004,USD,Producer manufacturing,Strong buy,141.8292839398686,141.68742376345193,138.9390054945712,-4.455616004407409,-5.102599179206552,61.0259981429898,133.10999999999996,144.61775000000006,141.7902,126.16447499999995,69.48464967195873,3.91804,2.647542669134273
PKG,Packaging Corporation of America,237.25,USD,1.1425160932770633,530378,0.9673581509414898,21138570992.0,USD,Process industries,Buy,243.43517041293626,240.3891500108947,235.5382370954549,-3.297464742805903,-7.099224684783458,15.197863559116296,233.68399999999968,246.70749999999998,242.29719999999995,223.1944500000001,30.83972442480177,10.498881,-23.22431911857167
SNX,TD SYNNEX Corporation,262.64,USD,0.04189997333638581,426107,0.9718818068812937,21000366709.999996,USD,Distribution services,Strong buy,254.8940653034127,250.98596815766214,241.04943616688277,1.1359698101582612,-0.43595284127526973,73.93377483443707,256.49399999999997,254.971,252.87199999999973,204.73426000000006,18.788451083068647,18.97409,63.39154218388386
CW,Curtiss-Wright Corporation,566.75,USD,-0.34639189759460315,249802,0.590574431878092,20932596379.0,USD,Electronic technology,Strong buy,653.7074135606628,676.1353093104215,684.8568502095604,-6.157896479782768,-25.81806282722513,2.1907681211684054,571.5040000000002,638.2015,698.8320000000006,676.2124750000003,39.00174793894601,15.293098,22.603017110458644
UTHR,United Therapeutics Corporation,487.61,USD,-0.5364719321148815,327024,0.6134052409098889,20913928649.0,USD,Health technology,Strong buy,515.3761707575944,522.9184533157834,525.1427308870605,-7.639125658218744,-3.443564356435641,-0.5019691064541758,498.5900000000003,511.61500000000024,525.6831999999999,523.4546000000003,17.44111597961191,26.146032,9.163357502918695
RL,Ralph Lauren Corporation,351.2,USD,2.033701336432307,682913,1.0066592432672745,20908717592.000004,USD,Consumer non-durables,Strong buy,371.48278085241094,374.5074359441819,373.1817059583955,-1.3483146067415763,-7.52053928797135,-1.0704225352112708,343.9239999999998,368.9600000000003,378.95139999999986,366.21955000000025,22.141942968104757,18.921331,26.61185392137298
AMCR,Amcor plc,45.15,USD,-1.612551754194818,2524849,0.7555457682836835,20874907824.000004,USD,Process industries,Buy,45.64966273758389,44.77660872746043,43.91279126391012,-3.9361702127659606,-4.444444444444447,8.143712574850296,45.88599999999999,46.68350000000004,45.33200000000004,42.75194999999991,18.93716970052848,nan,32.20583342575136
EFX,"Equifax, Inc.",177.05,USD,-6.367338304511075,2736937,2.5697838665311603,20800702156.0,USD,Commercial services,Strong buy,181.04177255057988,178.90331136776382,179.65936134613924,-7.366713755035831,-0.8734113431498808,-18.233039301713383,185.39600000000013,186.72150000000028,178.1773999999998,187.79030000000014,31.11161875307514,8.55726,11.283194493331768
MTSI,"MACOM Technology Solutions Holdings, Inc.",268.95,USD,3.4622042700519327,1011826,0.9438929836821159,20539961454.0,USD,Electronic technology,Strong buy,284.72710205316974,292.23900252410493,290.8310825934065,-2.271075581395349,0.0037183014798806073,53.87916237555783,262.46,280.27324999999985,288.55370000000016,263.57965,86.50135082979544,5.512437,nan
LYB,LyondellBasell Industries NV,63.52,USD,-1.9147621988882055,2589885,0.8909155805900572,20519369674.0,USD,Process industries,Buy,62.96203878115967,62.871539512013655,62.78132388492258,-0.7499999999999951,3.892705266601247,45.75493345571364,65.01999999999998,64.47700000000002,60.6454,60.48795000000002,nan,9.381197,-247.10743801652893
GIS,"General Mills, Inc.",38.29,USD,-2.47070809984717,7941849,0.8878081192635824,20470964680.0,USD,Consumer non-durables,Buy,38.405369611806854,37.83151263393597,37.92055700455842,-5.875122910521142,5.250137438152821,-17.62048192771084,40.08400000000002,39.515000000000015,37.80099999999995,39.905949999999926,nan,3.082755,-104.6300144229594
WES,"Western Midstream Partners, LP",49.54,USD,0.7115267330758314,740777,1.0549266733418103,20468669620.0,USD,Industrial services,Buy,47.66497495628313,46.714328829705096,45.565235676313605,3.1868360758175407,6.331830864992478,24.81733434114387,48.956,48.560000000000024,46.88340000000002,42.918549999999975,15.602166792642985,3.720147,-2.286505616248655
RS,"Reliance, Inc.",400.51,USD,0.57000803535556,334908,1.0365142015147168,20447859915.0,USD,Non-energy minerals,Buy,398.9125503011631,393.67382305592326,382.3012240440291,2.0563653042503294,-4.640476190476193,37.71275315476395,394.6239999999997,402.87149999999997,397.2127999999999,346.71825000000024,23.293455313159747,23.148541,25.544700487747875
WWD,"Woodward, Inc.",346.22,USD,1.068425969173291,355178,0.6414018387630436,20442844615.000004,USD,Producer manufacturing,Strong buy,362.340363558906,368.6794558389989,368.6809419434208,-0.5486456208887394,-7.652503267450855,13.933131499276042,340.14,349.70349999999996,378.8018000000004,359.7331,38.50397028403657,9.466328,42.25055765610414
TPG,TPG Inc.,52.65,USD,-1.0803193987787747,1765150,0.7908278574091429,20245228191.0,USD,Finance,Strong buy,49.76114272332118,48.02749305442859,47.221510551783965,-2.4458032240133414,6.342153100383762,-18.05447470817121,52.94499999999995,52.56074999999997,47.01610000000005,49.15707499999995,79.44771389769127,2.848041,nan
CF,"CF Industries Holdings, Inc.",133.35,USD,-3.2363398882519467,2663079,1.0092058214024695,20180939160.000004,USD,Process industries,Buy,124.23341874306387,121.61024657587984,118.35366995055718,5.240312524662616,12.560141808052668,72.10893133711924,135.212,125.811,121.18519999999998,108.07630000000013,9.89074564428918,15.018197,76.22078736864118
FTAI,FTAI Aviation Ltd.,196.28,USD,-1.5597572596419005,1050274,0.8379890095694911,20159347947.999996,USD,Electronic technology,Strong buy,210.51812874604028,218.31715144870603,224.38904122471484,-1.6091032131936478,-12.764444444444445,-0.8837044892188052,192.13400000000001,205.65600000000003,215.99799999999988,234.5686000000001,42.755075368127564,5.975444,13.859126984126977
FICO,Fair Isaac Corporation,932.26,USD,-16.68290241570072,1430714,4.3898971067525885,20134611667.0,USD,Commercial services,Buy,1102.4854290424337,1128.1826553868868,1164.83526156461,-19.70198105081826,-11.717803030303031,-44.8702861569576,1080.3060000000005,1105.2299999999987,1167.5820000000012,1304.5792000000004,26.936690427139528,42.937578,35.366545286716125
SBAC,SBA Communications Corporation,189.44,USD,-1.0860484544695137,668773,0.8927566188201174,20097332173.0,USD,Finance,Buy,187.0422455638091,188.56220661139346,190.94273018849142,0.8249507690670134,2.3557380592176274,-1.4308756959259066,189.16999999999985,185.4495000000002,183.17800000000014,192.97244999999953,20.400163683745774,7.700492,14.116129032258062
LEN,Lennar Corporation,83.58,USD,-1.0301953818827763,2328803,0.9552656263030131,20091167100.0,USD,Consumer durables,Buy,85.92833090396533,86.94139128167359,89.42898669922663,-2.7800395486797727,-3.016941285681142,-18.862246383846234,83.69399999999997,85.84200000000006,85.71620000000001,98.36219999999982,13.073878834331836,5.502361,-47.147333349868134
NI,NiSource Inc,41.39,USD,-0.6481036965914452,4668891,0.9255268321230369,19848991796.0,USD,Utilities,Strong buy,42.79520123790363,43.82277567626372,44.55725245021583,0.21791767554480246,-3.6545623836126637,-0.886015325670492,41.21599999999997,41.44800000000003,44.19159999999997,45.04895000000011,21.920347420824065,2.05424,0.32410605175070367
SNA,Snap-On Incorporated,383.0,USD,-0.30974257528826826,237072,1.0006373432494375,19811488209.0,USD,Consumer durables,Buy,395.8342511062417,394.8695295310299,390.31944228125474,-3.7180421830614194,-8.694304717858255,11.159483384124217,383.05800000000005,395.2279999999998,402.67,376.5249500000004,19.536330944426023,19.803778,4.492687190857923
TOST,"Toast, Inc.",33.95,USD,0.05894488653110264,5808901,0.6603323095715634,19724950443.000004,USD,Technology services,Strong buy,33.2208117951859,31.8711954107057,30.885732761848804,-3.0277063696086697,-3.2212086659064867,-5.088062622309198,33.91999999999997,35.069500000000005,32.358800000000045,30.11472499999999,43.37549508112943,1.384767,128.25896762904637
IP,International Paper Company,37.24,USD,2.195389681668508,3907329,0.9139056639206508,19721183416.0,USD,Process industries,Strong buy,39.289172690600815,38.85747187241317,38.53834587443494,-7.294000497883992,-10.286677908937596,-5.769230769230772,36.874000000000045,39.81700000000009,39.490199999999916,38.384675000000094,nan,1.37122,-6527.811860940696
BR,"Broadridge Financial Solutions, Inc.",172.88,USD,-3.3704097032027285,1250513,1.166210119502421,19712088853.000004,USD,Technology services,Buy,168.4594629502077,164.38783513712144,164.6396167223323,-5.674378000872983,1.8859028760018792,-22.534390823139308,178.52399999999994,177.11349999999987,161.0375999999998,177.12704999999977,17.96305147440826,10.555144,35.666760642796724
SSNC,"SS&C Technologies Holdings, Inc.",83.65,USD,-1.1579818031430815,2057452,1.3135874139875454,19628891006.0,USD,Technology services,Strong buy,79.20219708728291,76.66241738516425,75.100192144482,0.07177892092355817,2.24911380026892,-3.9830119375573907,83.14199999999991,82.15799999999994,75.29260000000005,75.35139999999987,24.019410785045658,7.10598,9.698554194097083
PR,Permian Resources Corporation,23.36,USD,-1.6006739679865167,6393830,0.6725878128602673,19565332191.0,USD,Energy minerals,Strong buy,21.922765103141273,21.284328594445892,20.536520890439387,0.04282655246251824,13.673965936739654,66.61911554921541,23.599999999999984,22.776500000000016,21.017599999999998,18.6106,15.505110845612638,2.092277,-2.149769435604347
RBRK,"Rubrik, Inc.",93.67,USD,1.6605166051660527,2115548,0.48243231403585535,19418205740.000004,USD,Technology services,Strong buy,89.53812865511128,84.71534348489787,79.43023660879676,-5.336028297119759,13.67718446601941,20.631036703155175,90.88599999999997,96.95850000000007,86.5562,68.91999999999999,nan,0.495468,46.36243667787664
VTRS,Viatris Inc.,16.88,USD,-0.35419126328218575,5732791,0.7726728235467399,19388212082.999996,USD,Health technology,Buy,16.582440567209783,16.433265640740107,16.02096820764953,-0.29533372711164035,-5.168539325842706,35.03999999999999,16.810000000000002,16.470250000000007,16.764,14.72167499999999,nan,2.499677,87.72002200220021
LUV,Southwest Airlines Company,39.62,USD,2.2979602375419588,5467707,1.1793363504939058,19382428002.0,USD,Transportation,Buy,42.7094703467188,43.43667577099236,43.454762041406774,-2.3175542406311753,-18.761533729751907,-4.553119730185499,38.634,41.34149999999996,45.41880000000002,43.07004999999998,24.03542829410337,3.346548,147.8796992481203
GFL,"GFL Environmental Inc. Subordinate voting shares, no par value",43.73,USD,0.5749770009199633,2143560,1.016687966635924,19067006499.61985,USD,Industrial services,Strong buy,41.47469237695254,40.68347872597701,40.37405706723779,6.140776699029112,3.0881659594530766,1.5088207985143887,42.71799999999998,41.68400000000001,40.45139999999995,40.986350000000066,nan,0.5914009135999999,87.87859681633327
CDW,CDW Corporation,152.38,USD,-1.0005197505197454,1291192,0.7778368147047732,19050157076.0,USD,Technology services,Strong buy,142.17256700796867,138.8768689190571,136.220781817905,1.5866666666666636,31.987873538328273,11.064139941690968,151.37000000000006,141.88850000000008,139.95450000000008,131.7668249999999,18.31578441271215,10.929632,3.423584694562535
MTZ,"MasTec, Inc.",237.19,USD,2.1138281384535893,1645819,1.0643736183771186,19047530551.0,USD,Industrial services,Strong buy,279.76157439801995,299.2501464679782,309.7049835994861,-4.865233434943043,-12.310991164183521,7.808735966546979,236.46399999999957,261.19650000000007,309.196,304.45295,37.78354785268255,9.342369,86.28445947950976
GPC,Genuine Parts Company,138.08,USD,0.3342537421886411,737245,0.7176829018396851,19035677533.0,USD,Distribution services,Buy,131.77543154975604,127.40782194654159,123.71922232750806,0.5388087956895362,4.408317580340274,12.150747238466543,136.67199999999997,135.52750000000017,129.28720000000004,119.84709999999991,553.2051282051283,7.739434,-95.70055465600991
BBY,"Best Buy Co., Inc.",90.27,USD,3.177506000685794,3954956,0.7452949177990863,19025947247.0,USD,Retail trade,Buy,84.58088207636474,81.94958855186073,78.71555795724406,7.656529516994636,6.841046277665998,33.892020172055766,85.50800000000001,85.38849999999995,84.02220000000003,71.46865000000003,15.022966316069764,6.795376,65.59098299666547
EVRG,"Evergy, Inc.",81.54,USD,-0.47601611131453747,1786433,0.8358098999909982,18796032759.0,USD,Utilities,Strong buy,82.68530857797373,83.03622919322152,82.74908156605372,-0.5852231163130819,-2.522414823670053,12.733305682289517,81.3559999999998,82.19250000000008,84.16680000000001,80.64444999999998,20.65715805740633,4.255644,8.627332269249818
DINO,HF Sinclair Corporation,105.41,USD,-0.6971267074894103,1979507,0.8666045328663478,18740195646.0,USD,Energy minerals,Buy,93.16963842214868,87.53330829178206,80.95947511495592,8.670103092783501,19.107344632768356,129.15217391304347,104.63999999999999,96.22199999999994,88.27140000000003,65.63609999999998,10.060125978240123,14.564574,nan
ZBH,"Zimmer Biomet Holdings, Inc.",98.07,USD,-0.8592802264456212,1325048,0.9919199258415126,18705644823.0,USD,Health technology,Buy,97.00880570309937,95.13355520642897,93.62789280072523,-1.5460295151089312,-2.9009900990099076,9.003001000333438,99.18600000000016,99.504,94.92879999999992,91.36479999999992,23.865959310814752,8.531728,0.06331271611552519
SITM,SiTime Corporation,612.09,USD,6.549572210665576,298823,0.9988925447503179,18406180856.0,USD,Electronic technology,Strong buy,618.1647032824472,616.5987304770376,595.1286421888465,3.9307909124868363,7.501141592609511,67.4344174850234,574.7090000000001,625.13025,609.7332999999998,500.0016249999998,1240.5553303607621,11.250787,nan
NTNX,"Nutanix, Inc.",68.06,USD,-0.029377203290240923,1963564,0.6120877005959704,18398012271.0,USD,Technology services,Buy,63.48824790625955,59.95349135190632,56.53438252324249,-2.2126436781609082,8.341292581980264,31.440710699111627,67.64999999999998,66.73124999999999,60.11730000000005,48.843725000000035,13.188133392756797,2.326458,702.472399315814
GEN,Gen Digital Inc.,30.65,USD,-2.1704436642195972,4838671,0.7969297064324077,18346692429.0,USD,Technology services,Buy,28.773273263564217,27.661772235823225,26.571173769721693,0.4918032786885199,7.543859649122802,12.559676827029005,30.729999999999997,29.39575,27.73439999999999,24.605874999999937,17.791838393219944,2.928811,79.82254697286012
U,Unity Software Inc.,41.66,USD,-0.9980988593155934,5201191,0.5683369115608344,18334104683.000004,USD,Technology services,Strong buy,39.734460904053975,36.93483512167311,34.44814853212079,-3.1613203161320467,15.242047026279385,-7.831858407079659,41.504,44.30799999999999,36.556200000000004,32.05875000000001,nan,-0.686231,-27.864387678437264
OWL,Blue Owl Capital Inc.,11.75,USD,-0.760135135135134,26843309,1.3139581776473817,18319334024.0,USD,Finance,Strong buy,11.239380662736675,10.877931372813679,10.810428122848997,-2.0833333333333335,0.08517887563883975,-21.926910299003325,11.822,11.878999999999982,10.5858,11.437599999999993,148.54614412136536,0.885531,42.266187050359726
ITT,ITT Inc.,204.33,USD,0.41773147238058916,502089,0.8280957042975498,18267102475.0,USD,Producer manufacturing,Strong buy,204.10861520276893,202.26944715331786,199.9887448046145,-0.841967340402293,-0.21487522586316243,16.820078897718837,200.6720000000002,209.21799999999993,200.7742000000002,194.6793499999999,40.123711340206185,8.26355,-19.95190040554559
TSCO,Tractor Supply Company,34.99,USD,1.127167630057805,6567418,0.8505265411043726,18231193976.999996,USD,Retail trade,Buy,33.93733590571114,33.949985357702154,35.379444004616,0.6472026463397136,4.776164096421616,-29.977986792075242,34.81199999999994,35.150000000000006,32.749399999999994,41.87859999999997,18.26963241436926,1.934051,-5.799026117751223
PAA,"Plains All American Pipeline, L.P.",25.7,USD,0.6856023506366337,1824733,0.7488483796797407,18133058748.0,USD,Industrial services,Buy,24.44964880695301,23.918506801211613,23.226755154470396,0.7843137254901933,8.898305084745752,42.77777777777777,25.690999999999985,24.64324999999999,23.967300000000037,21.382025,7.117930537860744,1.50058,299.22600619195043
EWBC,"East West Bancorp, Inc.",130.77,USD,0.12250210550493575,443172,0.6221735783025156,17917041005.000004,USD,Finance,Strong buy,130.8623399825253,129.66294041861224,127.07833277201487,0.5072630850818511,-2.33027111808199,16.33306645316254,128.794,131.25900000000007,131.34199999999998,119.95917500000004,12.556652327546475,10.633779,21.704783162520016
ESS,"Essex Property Trust, Inc.",278.61,USD,-0.014354925533810738,418804,0.6900103665323785,17905829196.0,USD,Finance,Buy,285.1124017087489,283.7577731514923,279.908721885557,-1.345561417796824,-3.947459146383503,7.563122538800106,279.30200000000013,284.38849999999974,289.30760000000004,267.02365000000015,43.3620743323165,5.651527,-48.34674534331261
OVV,Ovintiv Inc. (DE),64.76,USD,-1.744803519951436,3589799,1.3691699367758965,17841613794.0,USD,Energy minerals,Strong buy,62.59475528942773,60.961556167710576,58.80010866596775,-1.054239877769286,6.3557234357037355,65.62659846547315,65.96199999999996,64.89550000000004,60.53540000000008,52.705150000000046,18.10607543266139,7.262529,58.28207284152764
CNH,CNH Industrial N.V.,14.4,USD,4.046242774566478,26022819,0.7987707053424291,17823253239.0,USD,Producer manufacturing,Strong buy,11.818941754602061,11.440219871810795,11.192623161006207,24.675324675324667,28.571428571428584,54.67239527389903,13.243999999999996,11.518500000000016,11.043599999999978,10.746600000000008,57.69230769230769,0.443785,-62.02069385270846
DD,"DuPont de Nemours, Inc.",131.59,USD,0.3507969190879341,1832674,1.4962452097144734,17770303763.0,USD,Process industries,Strong buy,137.7489848365327,138.49540077964872,138.14327719054447,-6.0071428571428545,-8.446392541570992,8.465215957797568,132.4700000000002,138.39699999999996,138.30679999999995,136.66345000000018,312.56532066508316,7.253369,nan
NDSN,Nordson Corporation,318.36,USD,0.27402437872059104,428941,1.2097378963740946,17732449829.0,USD,Producer manufacturing,Buy,312.16271947562024,305.63193145990545,297.5464973364096,-3.166347294461164,1.9861609431060956,32.000995107388675,317.7199999999999,319.35175,304.86609999999996,279.17885000000047,32.2115871056519,11.892857,24.235110742388816
TSN,"Tyson Foods, Inc.",51.42,USD,-0.6568778979907194,5834270,1.821885774984474,17729647016.999996,USD,Consumer non-durables,Buy,56.30594730117589,57.40468537184358,58.426947292892486,-6.509090909090906,-12.84745762711864,-12.207614819873653,53.83800000000002,56.376,57.602799999999974,60.47372499999986,31.06197897789054,3.7409,-26.43647513664845
BEN,"Franklin Templeton, Inc.",34.73,USD,3.5171385991058117,4847764,1.6407264372107795,17645510654.0,USD,Finance,Buy,33.93077706394639,33.21877019054331,32.01199072218057,-0.4300458715596493,-3.5277777777777866,44.82902418682233,33.70800000000001,34.065,33.717000000000006,28.533150000000013,23.67739296427597,2.891795,181.2655800575264
JHX,James Hardie Industries plc.,30.39,USD,2.5649679379007817,8276733,1.2713770506781372,17642079088.0,USD,Non-energy minerals,Strong buy,28.924088186890206,27.664721242897375,26.253893363277324,1.2662445851382838,7.120197391610854,46.31680308136736,29.351999999999997,30.09149999999999,27.7628,23.19400000000002,122.34299516908213,1.356766,-67.61408083441981
LNT,Alliant Energy Corporation,67.97,USD,-0.0441176470588252,1850067,0.9176340204311504,17623581272.999996,USD,Utilities,Buy,70.0805376469533,70.9911672427181,71.32687321492841,-0.9039218544977468,-3.766105054509411,4.553145669896929,67.92199999999995,68.85800000000005,72.10640000000001,70.43485000000014,21.53812028645668,3.42464,-2.475354615408382
MKSI,MKS Inc.,260.31,USD,4.269977969156818,1689425,1.2529629866683123,17601525241.0,USD,Producer manufacturing,Strong buy,291.60999840334523,300.2087102011564,296.45295794028175,-2.8983885407341026,-18.456911944366137,58.20469186823874,252.804,278.81050000000005,316.1222,262.34975,41.50681655106434,13.134026,59.397636294319476
IREN,IREN Limited,44.68,USD,7.274909963985597,36264967,0.8230226475953911,17583253255.0,USD,Technology services,Strong buy,41.59357762676104,42.77036573635275,43.84907293186997,18.687740735821478,11.560549313358308,14.534734683414516,39.973,41.13225000000001,40.22369999999997,45.660075000000006,nan,-1.513195,-427.0100709922404
APG,APi Group Corporation,40.04,USD,0.02498126405195606,3201058,1.1418010202543845,17463859165.0,USD,Industrial services,Strong buy,40.90340523097599,41.20797164575943,41.4010171885622,-2.721088435374144,-4.16467209191001,4.652378463146893,39.55999999999999,41.51750000000004,41.030799999999964,41.92314999999997,nan,1.723192,-299.9401913875598
FLUT,Flutter Entertainment plc,100.11,USD,-2.1790111393394604,2491853,0.9657292391232397,17373000235.0,USD,Consumer services,Strong buy,101.74085012754315,103.2252448300599,109.25262964709539,4.498956158663885,2.4614912235811897,-53.727755951005314,100.32199999999997,99.14099999999985,102.58419999999957,131.69497500000014,nan,4.855294,-311.80179292680526
ROL,"Rollins, Inc.",35.86,USD,0.42005040604872185,5237150,1.1929788338541067,17253874921.0,USD,Commercial services,Buy,38.31642894345834,40.635830709091195,43.801810131169226,-0.582201275298034,-5.1573657762496765,-39.98326359832636,35.908000000000094,36.36249999999997,39.51000000000005,52.27434999999985,32.5526506899056,1.142464,9.06930693069306
CHRW,"C.H. Robinson Worldwide, Inc.",147.64,USD,0.6510549817636323,1116221,0.9283355411590386,17251919560.0,USD,Transportation,Strong buy,156.817407700003,162.81688510238405,166.6806680232737,-3.0724789915966433,-5.0424491896063826,-8.508396851955146,147.41300000000004,146.71424999999994,168.19109999999998,172.72429999999983,28.174497156597074,6.231749,19.290657439446353
FTV,Fortive Corporation,56.94,USD,-1.094319958311625,2249886,0.92824083137296,17196850943.0,USD,Electronic technology,Buy,59.86010814189391,60.05621078458979,59.68694298977201,-5.462394155736343,-6.101583113456469,2.9098138442074815,57.35000000000001,59.67200000000015,60.65219999999991,58.05924999999998,33.61671980162947,3.017387,-23.54428094249345
NLY,Annaly Capital Management Inc.,22.81,USD,-0.08760402978536827,5940332,0.9880858312501939,17192225438.0,USD,Finance,Strong buy,22.898458280301174,22.776313221338015,22.632007066033143,-1.3834846519671435,0.04385964912279829,1.966919982118899,22.778000000000002,23.102000000000004,22.90480000000002,22.553349999999988,5.716648705546227,3.094556,297.10390127388536
ZBRA,Zebra Technologies Corporation,362.74,USD,1.4657342657342682,401453,0.7616729852766458,17161468824.0,USD,Electronic technology,Strong buy,336.9513487327916,315.7950109281692,295.4656831638511,0.5376940133037688,-0.9989082969432228,47.25774367718102,353.71999999999997,364.3174999999999,314.842000000001,257.2445499999997,33.193327293857116,21.124852,3.257963017206364
WCC,"WESCO International, Inc.",351.46,USD,3.868546265921912,467901,1.0537741203178206,17127649417.0,USD,Distribution services,Strong buy,346.5462030878918,343.47118760628723,335.4967348887916,-0.1647540052266904,-6.087002992731944,42.957087655074226,339.01800000000003,348.86050000000034,341.1759999999998,309.8155950000001,24.28920924960953,16.828757,13.292254210349114
J,Jacobs Solutions Inc.,146.23,USD,-0.8878948081876118,703708,0.8367324832456241,17114555786.000002,USD,Technology services,Strong buy,142.72177636110004,138.7379240012229,135.71982712345218,-3.178176521220957,0.9109102201366318,10.229157244082613,147.24599999999998,147.67999999999995,138.45140000000015,132.71564999999998,51.3303847233923,7.255943,-28.810255641352413
AS,"Amer Sports, Inc.",29.53,USD,3.5776920378814436,6476384,0.83371980915385,17076366343.0,USD,Consumer durables,Strong buy,32.749204124134415,33.505624163876774,34.09492343127277,-4.247730220492863,-18.962678375411627,-21.525378687217646,29.322000000000024,31.824999999999996,33.76620000000001,35.51985000000001,30.86329431438127,1.296727,132.23300970873785
NWS,News Corporation,33.9,USD,-2.3617511520737335,1552796,1.256153676333957,17076316471.999998,USD,Consumer services,Buy,33.01334082981389,32.22694673503646,31.461246904042135,-3.9115646258503474,3.259214133414561,14.372469635627523,34.33399999999999,33.96300000000001,32.25129999999999,29.856225000000023,32.999123917064146,1.321115,26.23494716146475
ASND,Ascendis Pharma A/S,270.56,USD,-0.2065506048982009,723515,1.390567401240049,16876679386.0,USD,Health technology,Strong buy,255.08829232528998,251.58722585824538,246.11710899944677,9.04840594897424,9.698345767109966,27.118962601014847,266.456,255.45450000000005,257.56919999999997,232.48647500000007,20.615508872989384,16.46571407004,nan
NVR,"NVR, Inc.",6298.85,USD,-1.178233277637877,29530,0.8705418998036637,16785553735.000002,USD,Consumer durables,Buy,6360.613938485638,6388.068526789688,6468.836345475265,-1.6112152452358581,0.58847013733632,-13.563652780808175,6318.159999999999,6343.782999999999,6416.5934,6808.258800000005,16.335132600659644,361.099709,-18.614432631103945
INVH,Invitation Homes Inc.,28.39,USD,-0.2108963093145825,2527186,0.6559877199415298,16767793139.0,USD,Finance,Buy,29.488927426548607,29.411898743940203,29.11272277116532,-3.303814713896454,-6.73455978975033,2.6020961329960204,28.79000000000003,29.650999999999943,29.8942,27.88077500000002,50.714540907466954,1.006013,24.788230049041456
CLH,"Clean Harbors, Inc.",317.1,USD,-0.48642711438881364,224420,0.6405945466399187,16738836251.999998,USD,Industrial services,Strong buy,311.44830882841313,307.40954181556566,301.0706736604607,1.481742247255735,1.4298052010363775,35.40866000512427,316.29400000000015,316.45,309.6848000000003,282.68609999999984,38.459206073910565,9.80103,15.793834702619211
CG,The Carlyle Group Inc.,46.97,USD,-1.6335078534031438,1939458,0.686893080784484,16736953211.0,USD,Finance,Buy,47.483183330698665,47.224724905199196,47.66964879447038,-5.378726833199036,-9.950153374233125,-20.72573839662447,47.35799999999998,48.54799999999999,46.53439999999997,50.915650000000056,48.658448150833934,3.657376,-71.83825889080141
LDOS,"Leidos Holdings, Inc.",133.05,USD,0.5213055303717118,1078777,0.9983215661582133,16696738975.0,USD,Technology services,Buy,131.52298685339306,130.09112162543468,133.37906761095135,-5.268778924884285,2.6303609996914727,-25.91870824053451,135.71599999999972,139.5555,122.97560000000001,153.14809999999997,12.39981360671016,12.38496,1.4695591322603239
JLL,Jones Lang LaSalle Incorporated,362.36,USD,0.016560861164781195,240859,0.7923306183138809,16671350177.0,USD,Finance,Strong buy,359.5753629057775,349.0388838571092,338.8772455692048,-4.601937657961237,-1.7808256308784844,7.707398270071042,359.0259999999999,372.4580000000002,349.68760000000015,326.8924499999998,17.362804805006252,25.008397,79.38097366430587
BURL,"Burlington Stores, Inc.",265.33,USD,2.618347772277221,2127018,0.9578177394990156,16666755374.000002,USD,Retail trade,Strong buy,313.40775215260174,319.9092473389529,320.57581080714647,-8.91520768966702,-27.35660506502396,-7.627767720373217,260.57399999999996,314.1850000000001,332.05519999999996,312.3212500000001,23.801749271137023,11.907369,31.537027422476054
STZ,"Constellation Brands, Inc.",128.18,USD,-0.7049345417925451,1658065,0.8892246024107126,16604846125.0,USD,Consumer non-durables,Buy,133.61425734491687,135.98166929341338,139.02732681848516,-3.3406228791192265,-2.5839793281653787,-7.384393063583814,129.5739999999997,132.93950000000035,133.11740000000003,145.15450000000027,12.22834901070386,11.802038,nan
WY,Weyerhaeuser Company,23.02,USD,-0.0868055555555537,5101995,1.0916742595731335,16591343578.0,USD,Finance,Strong buy,24.06619765540376,24.183729458581624,24.262591412367694,-3.8027580442958637,-10.497667185069982,-2.9919932574799866,23.20000000000001,24.102500000000006,24.136599999999927,24.268799999999988,35.20415965743997,0.328587,70.19781363872984
BALL,Ball Corporation,62.67,USD,-0.4131574765612554,1887536,1.1405411095141489,16588957747.000002,USD,Process industries,Strong buy,62.777588196782965,62.15231351145586,61.280903824057496,-1.9402284462525348,-0.8386075949367107,18.111571805503203,62.928,62.86850000000002,62.910599999999995,59.09905000000008,17.826767173943963,4.022756,64.14530513143762
RGA,"Reinsurance Group of America, Incorporated",253.27,USD,-1.0316126763315174,245582,0.8995700721576942,16538953292.999998,USD,Finance,Buy,242.51094981240084,236.37997845336147,229.17815909527133,2.725613465828432,6.3936147868094935,24.59169618260528,251.06200000000018,246.6944999999997,238.36759999999987,213.6662000000001,11.134656050927413,29.300717,97.91092046532266
MEDP,"Medpace Holdings, Inc.",591.29,USD,-0.35389878494750887,146430,0.7362612830042959,16503880996.000002,USD,Commercial services,Buy,580.7696420266705,561.3710541194089,541.2284046138622,-2.3935687284372476,1.2430868277314506,5.840761822933447,590.9799999999998,600.7349999999999,574.0597999999998,520.7602750000002,34.68098584114397,17.602326,26.790561393332286
IEX,IDEX Corporation,223.74,USD,0.2868668758404369,450937,0.8928340551911892,16494091286.999998,USD,Producer manufacturing,Buy,228.63617817021125,225.896131699091,220.66019273521067,-4.771227920834211,-5.730176118648351,25.675447958209297,224.58999999999963,232.61850000000027,228.75599999999943,205.90114999999986,32.145627999195426,8.805955,12.346456184526994
LSCC,Lattice Semiconductor Corporation,115.9,USD,1.9977118718648335,948320,0.778231766368311,16461307140.000002,USD,Electronic technology,Strong buy,122.90344096873496,124.53584808077723,122.1634097114291,-3.223112892451569,-12.396069538926684,53.46927966101696,114.08600000000006,120.36500000000005,127.4978000000001,108.00810000000003,447.66319042101196,2.132308,13.056768558951969
SGI,Somnigroup International Inc.,69.87,USD,0.5034522439585853,3113142,0.6880615689987966,16086812245.0,USD,Consumer durables,Strong buy,67.95150136082245,69.30050205261897,71.40433592288615,9.979537226507167,1.3489991296779908,-21.77563815494849,67.122,65.21450000000002,69.33840000000001,78.86874999999998,27.856630252770913,3.031667,75.6319585463203
WPC,W. P. Carey Inc. REIT,70.38,USD,0.15653906361178233,1704256,1.4228501117320582,16033751337.0,USD,Finance,Buy,71.80550711730685,72.22476326311808,72.2172881353244,-0.2974925626859441,-3.017775940471266,9.370629370629374,70.27000000000001,70.94649999999996,72.30799999999999,70.95855,24.10439071169258,3.122717,91.85228990078191
JAZZ,Jazz Pharmaceuticals plc,246.81,USD,-0.3049704118110377,321869,0.2209716452823914,16021567651.999998,USD,Health technology,Strong buy,246.92335175149933,242.42086452526837,232.7707950962913,-1.0702260702260653,-6.120197793837952,45.610619469026545,246.86699999999982,249.73949999999977,248.87560000000053,205.51137500000007,17.020675006551453,25.023581,nan
IONQ,"IonQ, Inc.",39.52,USD,1.2813941568426448,13111661,0.7670390111783147,16011057583.0,USD,Electronic technology,Strong buy,42.07546434164482,43.269611732093324,44.14004099124757,-5.295950155763225,-3.492063492063491,-14.10562921104107,38.65399999999999,42.05950000000001,41.21299999999997,44.21897499999996,nan,-3.446667,-125.36928720134827
VNOM,"Viper Energy, Inc.",44.39,USD,-1.1138338159946537,813509,0.7288808331100871,15944660884.0,USD,Miscellaneous,Strong buy,43.88906141066524,43.965965382431996,43.9899474722614,-0.6712911165808843,4.275311252055439,14.910691172663727,44.91600000000007,43.913999999999966,43.303400000000074,43.33952500000003,347.61158966327326,2.604284,-96.30860842920738
TIGO,Millicom International Cellular S.A.,94.83,USD,-1.1260556771973709,571987,0.7017597024471236,15887897455.0,USD,Communications,Buy,93.96517908751082,92.31878898963458,88.5661617155887,1.2708244340025605,2.7633289986996066,69.33928571428571,94.47,93.65800000000004,94.5258,76.34214999999998,23.908329971762807,4.062078,-29.71239212489588
KIM,Kimco Realty Corporation (HC),23.6,USD,-1.3377926421404693,6003466,1.156189010732426,15830629332.999998,USD,Finance,Buy,24.339568803103013,24.422643898550852,24.219218190812693,-1.4613778705636655,-5.826017557861122,16.658428077113204,23.885999999999957,24.073500000000003,24.91140000000002,23.040224999999975,27.66705744431419,0.837796,2.91988416988417
NBIX,"Neurocrine Biosciences, Inc.",155.64,USD,-1.7113988001263076,933569,0.9097717367725457,15820677932.000002,USD,Health technology,Strong buy,158.7652591627374,158.90608077403124,156.4477443948045,-0.17957927142124241,-7.659448234945135,9.923017162228957,156.514,155.61000000000004,165.86810000000006,147.5377249999998,22.80172287497436,7.036067,101.47584049115972
H,Hyatt Hotels Corporation,165.85,USD,0.2781304794727662,623072,0.9620935701590899,15649065285.0,USD,Consumer services,Strong buy,177.1117025122866,178.49362459933516,176.96808636906343,-4.271284271284275,-4.776942068094387,3.159793493811024,165.15600000000015,174.56900000000013,181.92919999999992,169.3222,205.69267022200174,3.558915,-80.90422508525957
SOLV,Solventum Corporation,91.69,USD,-0.8113370835136305,576350,0.6546056136051659,15607815102.0,USD,Health services,Buy,86.80523708123106,84.08383612286953,81.3478688941565,0.7803912947900569,3.909791477787855,15.711761736496722,91.60799999999998,89.2195,84.01359999999997,77.38901999999999,11.20726534902766,7.15966,276.8621309134461
PFGC,Performance Food Group Company,98.63,USD,-0.5244578920827133,1273910,0.9531826315460644,15537482837.0,USD,Transportation,Strong buy,105.16738733845851,105.00876748411008,103.28528497551117,-3.4837068206282438,-12.732259777030615,10.225748770675,99.09400000000001,104.00200000000014,109.30119999999994,97.05647500000018,43.10563349503955,5.68209,5.204837004000183
SUN,Sunoco LP,75.6,USD,2.1759697256385993,359291,0.9642217277096302,15484741732.0,USD,Distribution services,Strong buy,73.89188322578089,72.39671479835897,70.24454312538941,1.015499732763216,0.7999999999999924,43.99999999999999,75.80600000000004,75.29499999999999,73.45920000000001,64.53289999999997,16.585858142647155,8.637534,123.93023827069516
RBC,RBC Bearings Incorporated,488.54,USD,-0.4564163168833189,157337,0.6251055337634541,15466807597.000002,USD,Producer manufacturing,Strong buy,534.5356504723629,548.9878540479135,553.5345762819155,-4.387819007358689,-13.46688630284996,8.677952528196126,490.63199999999944,519.1030000000012,560.6550000000004,543.9106500000004,48.275180584788394,14.928889,27.276729006049464
CRBG,Corebridge Financial Inc.,34.47,USD,-0.8057553956834564,2420327,0.8364931162979965,15365779377.000002,USD,Finance,Strong buy,32.525495235198264,31.594806059873086,30.65827929077675,5.996309963099617,9.359137055837563,14.594414893617024,33.493999999999986,33.10449999999999,31.912000000000013,28.98295000000002,19.59524756978,4.564853,nan
LAMR,Lamar Advertising Company,150.76,USD,-0.521280105575731,321981,0.7472930496949032,15309630031.999998,USD,Finance,Buy,153.7225161533353,153.1803415811394,150.5162397577343,-0.07953340402969548,-4.931264976667941,19.49904882688649,150.77999999999997,152.21899999999994,156.46400000000014,140.98210000000003,27.517476773687186,5.917944,27.705647886995642
WSE,Wise Group plc,12.78,USD,-3.1818181818181817,1264291,1.1186075762557286,15308859390.000002,USD,Commercial services,Strong buy,12.674358375703653,12.585501232807086,12.542427062943368,-2.3682200152788426,5.271828665568359,7.939189189189184,13.006000000000004,12.898,12.604099999999994,12.354957499999996,nan,0.581769,nan
TRU,TransUnion,79.88,USD,-5.934997644842212,4227153,2.2001594862712053,15305007961.0,USD,Commercial services,Strong buy,80.28680757458979,78.5352327158033,77.2484270338335,-6.023529411764711,-3.3046846628737487,-7.116279069767447,83.15400000000004,82.624,79.61760000000008,76.58760000000001,21.07040173036849,4.843367,90.78556690654723
PTC,PTC Inc.,141.02,USD,-6.0367803837953105,2119748,1.6808679892335536,15301552699.0,USD,Technology services,Buy,143.1479326853397,140.49171840559885,140.910219405151,-10.752484019998723,-1.7692950682641349,-19.112079843983015,149.75599999999986,151.4065,136.5081000000003,148.7182499999992,13.633023975251355,8.190005,143.8529904052429
PNFP,"Pinnacle Financial Partners, Inc.",101.01,USD,-0.3551346552234383,533985,0.5800152415777031,15263888127.999998,USD,Finance,Strong buy,102.19935932329687,101.31418586311179,99.90873517705181,-0.5219617884577518,-7.955166757791134,6.315124723713293,99.89400000000005,102.76299999999992,102.3398,96.61280000000001,13.869284635452424,10.18375,-3.4648215895233556
TLN,Talen Energy Corporation,317.0,USD,3.7575281487300405,577750,0.8210413973975368,15188819485.000002,USD,Utilities,Strong buy,334.2980560349825,344.10306215868997,350.82093182433846,4.0777464048854215,-7.746929747977418,-16.8219149326966,302.80800000000056,322.4940000000005,347.58040000000005,358.0510500000002,nan,20.580739,-224.49463225216994
UNM,Unum Group,95.85,USD,-0.7455731593662617,1297063,0.9701825836824114,15173705888.0,USD,Finance,Strong buy,91.16170864288705,89.53891764942007,87.25680019802795,3.1643525992896326,4.983570646221246,24.077669902912614,94.02599999999993,91.45100000000001,89.7868000000001,81.03474999999996,22.366640220282818,8.666004,-48.71469602680708
AKAM,"Akamai Technologies, Inc.",105.22,USD,-1.2018779342723016,1758465,0.648016179758586,15121862276.0,USD,Technology services,Strong buy,113.19986279551318,115.62141826071394,115.66067635685856,-5.130285817329364,-14.455284552845528,20.52691867124857,106.37800000000013,112.44799999999994,115.97040000000037,109.58419999999997,37.95678366581292,6.715832,-1.7160078000354546
HST,"Host Hotels & Resorts, Inc.",22.05,USD,0.2728512960436666,5247722,0.7545135687503952,15106992269.0,USD,Finance,Strong buy,23.020933796702217,23.056031471860475,22.650281987104773,-1.8254674977738208,-11.445783132530112,24.22535211267606,21.944000000000006,22.57750000000002,23.500599999999984,20.92679999999998,14.791708593278328,1.380286,57.82953943885653
LECO,"Lincoln Electric Holdings, Inc.",276.44,USD,0.9531461125515882,238048,0.5378678652826818,15067571426.0,USD,Producer manufacturing,Buy,274.94481727425375,271.37550749977436,267.77269333302814,-4.675862068965518,-0.9282156040569026,15.361181821975546,274.554,281.31125,267.92780000000005,261.69464999999985,27.634051741373103,11.220382,12.502389815450027
BMNR,"BitMine Immersion Technologies, Inc.",24.97,USD,-5.595463137996221,46697269,0.9429993182564342,15062562279.0,USD,Finance,Strong buy,20.786786760614707,19.857695879907812,20.050294004338937,-0.5179282868525998,37.95580110497236,-10.821428571428575,24.633999999999997,21.928500000000025,18.45880000000001,22.317349999999998,nan,-21.88,-196.1904431170996
WMG,Warner Music Group Corp.,28.78,USD,-2.6057529610829087,1408425,1.0542871912967307,15055099235.0,USD,Commercial services,Strong buy,27.634393674256362,27.842877657510904,28.194401147083184,1.3380281690140936,11.636927851047323,-6.162373655037498,28.571999999999992,27.21050000000008,27.41089999999995,28.660424999999968,22.75998418347173,1.490955,123.7261146496815
DT,"Dynatrace, Inc.",51.9,USD,-1.6300227445034108,4394592,0.6909464793794646,14999211311.0,USD,Technology services,Strong buy,48.77138997993037,46.84978868020299,45.051668164650685,-2.827185920239652,0.7669158334142239,19.77844449573044,52.596000000000046,50.77150000000012,47.09160000000006,41.51860000000005,103.13990461049285,1.984568,-69.03194042710321
APA,APA Corporation,42.77,USD,-3.1914893617021196,4225535,0.9550638226199326,14984533878.0,USD,Energy minerals,Buy,40.094478684733105,38.81712624920829,37.36541160423173,0.682674199623367,19.302649930264998,74.00325467860051,43.81900000000001,42.338499999999996,37.832600000000006,33.57442500000002,9.044960453411157,5.890193,58.661879676542625
ARMK,Aramark,56.78,USD,-0.8729050279329609,1208551,0.6212780473867352,14968628911.0,USD,Consumer services,Strong buy,57.629581779957604,56.32623750581099,53.93442497549545,-3.8116212095544637,0.7809726659566875,54.04232230059686,56.74200000000004,58.99500000000004,57.699799999999954,46.59595000000003,39.60106011996095,2.275188,6.0659860926172575
EQX,Equinox Gold Corp.,12.81,USD,-2.3628048780487707,7863889,0.6646440995285795,14955160535.966198,USD,Non-energy minerals,Strong buy,11.877243845466808,11.710090858506664,11.879932310852595,-5.321507760532143,25.958702064896762,-10.979847116052815,12.719999999999995,12.565999999999992,10.76300000000001,13.2745,15.094170657215038,1.144409,nan
YUMC,"Yum China Holdings, Inc.",43.6,USD,-0.20599679560539325,799690,0.4705860337592768,14931173940.0,USD,Consumer services,Strong buy,45.65024372527536,45.643547797852115,45.937999229820356,-3.731508059174206,-9.768211920529799,-9.693454846727423,44.30599999999999,46.73099999999996,45.16380000000007,47.8305500000001,16.00528614955398,2.956402,12.575419456153403
TYL,"Tyler Technologies, Inc.",364.03,USD,-4.0182455770295595,631306,0.5054491188591578,14907856372.000002,USD,Technology services,Strong buy,340.86552502689506,333.63721268222696,335.7248098823134,-1.698531000216035,14.92659826361483,-19.21753988860041,373.3659999999996,349.4190000000008,325.25939999999963,357.5743000000008,48.24145242512589,13.080909,7.9048218269175825
ULS,UL Solutions Inc.,73.83,USD,-1.0719549778909248,395303,0.8370025584176982,14906142498.0,USD,Commercial services,Strong buy,79.79130325628961,82.88449976321803,84.68113664826822,-2.0172528201725233,-5.3461538461538485,-6.128417037507956,74.11200000000011,75.46099999999996,83.473,84.96199999999988,29.85442782046098,2.316547,52.38153921991496
ALB,Albemarle Corporation,126.28,USD,-4.449152542372878,3240466,1.5744517990893883,14901678617.0,USD,Process industries,Strong buy,133.75124656799923,138.1653421141957,143.29263834622407,-8.987387387387388,3.465792707906599,-12.16526396327468,133.33999999999995,134.1495,127.97640000000003,156.57564999999994,nan,11.498956,99.60973099314884
MAA,"Mid-America Apartment Communities, Inc.",128.32,USD,-0.18668326073429456,580411,0.7751288774239179,14887937444.0,USD,Finance,Buy,131.7340762282876,132.29743045369693,132.49589493025516,-0.8269572609938892,-4.066985645933013,-7.356869540105406,128.73999999999995,130.94849999999997,133.7656000000001,132.21144999999999,37.48867919016039,3.686444,-29.495973140538425
STRL,"Sterling Infrastructure, Inc.",486.49,USD,5.751798795730721,570093,1.0673618239997784,14881007893.0,USD,Industrial services,Strong buy,558.7135538282602,591.1784320746317,594.9648991305252,-2.8030847918165054,-9.409332985736095,57.22134246840965,466.05800000000033,512.8944999999998,599.6420999999999,522.6645250000004,35.05602594127185,19.799,50.88175176132904
SWK,"Stanley Black & Decker, Inc.",97.36,USD,0.891191709844559,1341177,0.9420482201817696,14702980877.0,USD,Consumer durables,Buy,96.50502746389348,93.6545252118394,89.98369170160073,-2.2588093564903122,-4.399057344854678,30.14302900681726,96.32600000000001,99.29399999999985,95.18380000000016,81.96325000000049,23.739972202579796,5.596218,30.0409043345911
BBIO,"BridgeBio Pharma, Inc.",74.84,USD,-0.7558679220262474,1539365,1.0252776584827303,14630695121.0,USD,Health technology,Strong buy,78.23710573448794,77.37792135133704,75.70642339096806,-6.438304788098502,-9.678976587014235,-2.2210608831983314,75.982,80.02850000000001,80.60260000000002,73.84157500000002,nan,-2.775,12.833414753297514
EXEL,"Exelixis, Inc.",59.01,USD,-0.20294266869610103,1580988,0.7721782409948974,14621597259.0,USD,Health technology,Buy,54.891867107356646,53.85933879027578,52.18376265690562,7.018498367791073,4.869379776079607,35.59283088235293,57.639999999999965,54.47000000000007,55.04559999999993,47.652150000000034,18.534455681889565,3.512857,52.70023980815349
EG,"Everest Group, Ltd.",380.87,USD,-1.3928802588996751,236573,0.8017053942021206,14603597402.999998,USD,Finance,Buy,373.4532089923617,368.42336440386987,361.5475726037734,-0.29320139270661655,1.9077433509926673,12.62345496481164,379.732,372.81000000000023,373.4164000000008,342.8297500000001,8.060587205746346,53.543051,146.14074294019287
IVZ,Invesco Ltd,33.07,USD,1.1005808621216735,2864866,0.8597585919034443,14600397800.999998,USD,Finance,Buy,31.471930318362457,30.47247795173836,29.317433312536753,-1.0176593834181273,3.343750000000001,25.12296632614453,32.454,32.333999999999996,30.427799999999998,27.23925,nan,2.811481,-175.02685284640174
FN,Fabrinet,407.4,USD,3.139240506329108,578592,0.6496332990510237,14599122460.000002,USD,Electronic technology,Strong buy,470.0662665776643,495.7690924326071,515.0283246726502,-4.235814019087028,-21.98690207192372,-12.33808150793993,402.54999999999984,466.4549999999996,482.6240000000001,536.1079500000001,31.233469031026473,18.2021,42.246286723810755
DOC,"Healthpeak Properties, Inc.",20.65,USD,-1.806942463147896,3167964,0.7503062897342078,14589786857.999998,USD,Finance,Buy,21.09382013216495,20.86718848519381,20.33785105096194,-3.233364573570765,-6.136363636363643,28.740648379052367,20.86999999999999,20.972500000000004,21.542800000000003,18.6129,59.033733562035444,0.448259,49.04132935662548
SUI,"Sun Communities, Inc.",119.44,USD,-0.3420942845223167,911161,0.6849881268403923,14547906569.000002,USD,Finance,Strong buy,121.69184554948454,122.31218430533184,123.29439640668788,-3.3422351703487867,-1.7439947351102374,-3.3578768508779073,120.67799999999997,121.5355,121.38040000000002,125.52480000000006,nan,-3.305304,-166.36077557562254
RVTY,"Revvity, Inc.",130.22,USD,-0.31386358416902443,1175228,0.6917824245419155,14530780527.0,USD,Health technology,Buy,120.45063293382243,115.79808152705792,110.94243453474762,1.2833475927510352,15.802578923966204,33.971193415637856,129.41000000000003,123.0984999999999,116.39700000000013,102.36314999999988,61.84460486322189,5.355816,-10.658520027155461
EQH,"Equitable Holdings, Inc.",52.96,USD,-1.0833022039596532,1984023,0.8909705403826369,14459941625.0,USD,Finance,Strong buy,49.94561604451468,48.532479465893104,47.13270448481125,5.121079793568873,9.829946080464543,11.12043642467479,51.501999999999896,50.851499999999945,48.99960000000003,44.64877999999992,nan,7.18639,-366.9731429954029
BWXT,"BWX Technologies, Inc.",157.59,USD,-1.6599063962558482,654313,0.5146080747111452,14438707297.0,USD,Electronic technology,Strong buy,166.4602985120588,173.5672438588009,180.5071919248505,0.8511455266863002,-8.377906976744184,-9.706067724746461,157.46800000000013,160.75999999999996,171.1240000000002,192.7686999999998,40.795775194801834,4.742068,20.519780356919995
PAG,"Penske Automotive Group, Inc.",219.77,USD,0.06829979054731157,175439,0.6804373533690645,14430729729.0,USD,Retail trade,Buy,212.22385460473123,204.4896410169092,195.05396209929336,0.35618064751815204,-0.14539506565495625,38.21143324319227,218.1920000000001,217.78899999999993,208.1015999999998,174.00320000000002,16.18371539872015,13.603442,-5.429234015585708
ARCC,Ares Capital Corporation,20.04,USD,0.14992503748124728,2530059,0.6873308828521274,14389179337.0,USD,Finance,Strong buy,19.626870323630918,19.412980465384905,19.290023985329526,0.8048289738430591,2.140672782874608,-0.9881422924901151,20.01000000000004,19.922500000000024,19.29159999999995,19.289649999999984,14.89630565673084,1.905516,-34.09914764377388
MAS,Masco Corporation,72.7,USD,1.7922150658078986,1992193,1.1275741234583105,14335526211.0,USD,Producer manufacturing,Buy,74.30126102180951,74.14871707834197,73.20371384674722,-0.723747098183806,-4.842931937172779,14.20043983663212,71.494,73.34149999999995,76.09020000000004,69.59707499999992,16.75694364411663,4.529916,15.220162532533058
CPT,Camden Property Trust,105.69,USD,0.08522727272727597,811117,0.9620006442458362,14293447486.999998,USD,Finance,Buy,108.89863341864424,109.31969408665888,109.01617860799851,-0.6112469437652865,-5.219262846381496,-3.585112205801867,105.71800000000016,107.59000000000006,111.23600000000008,107.32604999999988,34.979314909813006,1.07585,110.85136078157711
MLI,"Mueller Industries, Inc.",63.74,USD,1.2388818297331656,828659,0.6482588144326591,14098102583.0,USD,Producer manufacturing,Strong buy,63.97366438338024,63.86892765248173,63.30382916598318,-0.6855718292302972,-6.894536955886638,10.755864465682023,62.444,64.2705,62.85239999999999,61.819424999999995,16.613668352186835,4.165,21.80455901962029
AIZ,"Assurant, Inc.",285.74,USD,-0.6847172500086791,330015,1.2633850519246796,14093772073.0,USD,Finance,Strong buy,281.33912530597814,275.5533325336742,266.79724351998226,0.028005321010986513,-2.8557829604949947,19.242165004381764,284.03200000000015,283.56350000000003,280.66840000000064,245.8277999999999,13.559724192913105,22.10712,52.56584758401992
OHI,"Omega Healthcare Investors, Inc.",46.38,USD,-1.4030612244897886,1446545,1.017699541525317,14053743286.000002,USD,Finance,Buy,47.33042194208892,47.464688705281084,47.23525826978495,-0.06464124111181649,-5.172766305458994,4.979628791308291,46.58399999999997,46.51849999999994,48.28359999999998,46.36625000000001,16.56606064935529,2.654151,74.66467028510824
SMMT,Summit Therapeutics Inc.,17.605,USD,2.772913018096914,6946115,1.0385929424815639,14044381938.0,USD,Health technology,Strong buy,14.672587844659581,14.803522600606145,15.292118324049161,24.76966690290575,26.563623292595256,-0.8169014084507018,15.422999999999991,14.111499999999998,14.216600000000001,16.411075,nan,-1.188019,-11.097875719674398
MKC,"McCormick & Company, Incorporated",52.08,USD,-0.9509319132750096,2804370,1.1703927531029574,14003417423.999998,USD,Consumer non-durables,Buy,53.046608893102835,52.68115219226679,53.23084280281707,-4.894083272461651,-0.3444316877152693,-23.68112543962485,53.38800000000019,54.35149999999999,52.854199999999956,57.116199999999935,8.667720728967296,3.086134,108.65020661874499
CHKP,Check Point Software Technologies Ltd.,137.05,USD,-0.26198966596316514,768719,0.8764031852084766,13992891887.999998,USD,Technology services,Buy,133.35040393781046,133.31497643687086,136.38593649087207,3.363752922543184,9.833306619650592,-26.21803499327052,136.34599999999995,132.4195,132.25200000000004,150.8734749999999,14.037549548811342,10.443949,27.25293918302442
CSL,Carlisle Companies Incorporated,352.14,USD,2.0577324368189096,401365,0.5225763149688725,13984935804.999998,USD,Producer manufacturing,Buy,359.30439947671124,358.09271026939604,356.5153250366663,-2.863290301224759,-8.194071486299766,9.902936862145364,344.10799999999983,362.0449999999996,356.71860000000015,351.406550000001,20.070561011336498,21.053707,-2.518557205084889
JBS,JBS N.V.,13.03,USD,-0.8371385083713943,4615683,0.9187041099068503,13954205862.000002,USD,Consumer non-durables,Strong buy,13.332936439834235,13.383003570367002,13.619920378822735,-3.4814814814814863,-5.236363636363641,-8.432888264230506,13.311999999999998,13.509499999999989,12.998200000000008,14.500600000000004,12.161657644203846,0.815303,-18.413036856533658
GRAB,Grab Holdings Limited,3.42,USD,0,25875105,0.7992082128878678,13948528758.0,USD,Transportation,Strong buy,3.542917509068532,3.5779246924006274,3.673343431607995,-4.735376044568243,-8.310991957104559,-32.21010901883053,3.474000000000003,3.5605000000000038,3.618199999999998,4.043299999999999,24.693140794223822,0.150333,422.64150943396237
HL,Hecla Mining Company,20.68,USD,-2.498821310702504,17936684,0.6279088665504078,13892171392.0,USD,Non-energy minerals,Buy,18.565498118303463,17.99131494484636,17.788383663945066,-4.259259259259267,25.561627200971472,5.241730279898225,20.327999999999996,19.691499999999998,17.07279999999998,18.97485,26.516220028208743,0.74061,398.3386581469649
FIVE,"Five Below, Inc.",252.2,USD,5.100850141690273,1907674,1.2426473902681217,13884627506.000002,USD,Retail trade,Strong buy,234.7801279873838,227.29880726430022,220.35807004064185,1.5870458390397155,12.303513381128377,32.44059340947879,245.43200000000002,244.7599999999999,218.16980000000015,208.3452750000002,22.62756040446091,10.246877,125.47996196718655
TRMB,Trimble Inc.,59.47,USD,-1.0482529118136483,2731711,0.5505636689542536,13867205375.0,USD,Technology services,Strong buy,58.12874951614421,57.74364078572364,58.806319845739964,-3.2850870060172435,-0.5684668115699772,-24.587877250824246,59.511999999999986,58.98299999999997,56.06020000000002,64.80912499999988,nan,3.669212,-141.84954316454613
QXO,"QXO, Inc.",13.35,USD,-0.8172362555720742,12998891,1.0995915962954712,13850501543.0,USD,Distribution services,Strong buy,14.306853432829662,15.049515374472417,16.11075942941182,-5.1846590909090935,-13.029315960912053,-30.649350649350648,13.237999999999996,13.944999999999997,14.546999999999985,19.11444999999999,nan,0.270248,-307.70985401459853
SMTC,Semtech Corporation,147.885,USD,9.22082717872968,2801670,0.71169046343365,13801459179.0,USD,Electronic technology,Strong buy,135.6177887924669,133.78478263206844,128.22021294528844,4.320682844243793,16.58257784785179,96.18599097903954,136.473,134.2677499999999,132.84470000000002,107.44114999999996,98.30164849773996,3.474217,537.1876323591698
REG,Regency Centers Corporation,75.26,USD,-0.8693361433087415,884123,0.8641196666604114,13781652565.000002,USD,Finance,Buy,77.20772900736942,77.75045415247627,77.70161683501654,-0.2650410813675969,-5.2737570799244775,9.596621523227032,75.56400000000004,76.0679999999999,78.73899999999998,75.9282999999999,25.39650401565769,2.504565,38.2053912881261
CACI,"CACI International, Inc.",623.61,USD,-1.0142857142857122,205332,0.7734274711168164,13781493069.0,USD,Technology services,Strong buy,596.0820261649601,574.4111569810433,560.3781524606007,-1.6388012618296508,18.699202466832897,16.890346766635428,624.0700000000002,642.6980000000003,552.6122,560.1371,25.81338168090602,32.868263,8.109656227904525
CRL,"Charles River Laboratories International, Inc.",288.5,USD,-1.6533151525481582,738889,0.8961034503710292,13772664724.0,USD,Commercial services,Strong buy,267.0116204311091,249.68048049507118,231.52983955087697,-1.0834533360762617,7.653270644427027,44.15629840603608,288.83799999999997,288.5289999999999,254.6256000000004,200.15065000000024,nan,11.319686,-266.286706424096
BWA,BorgWarner Inc.,67.54,USD,2.7536893351589873,1444218,0.8784737205082067,13755626585.0,USD,Producer manufacturing,Strong buy,66.44055841195205,65.84180050242249,64.07750496684652,3.414484764967086,4.5187248529866935,48.60286028602861,65.23000000000006,66.5095,65.24180000000004,57.613649999999964,34.30341815226777,5.222959,110.21780909673289
RNR,RenaissanceRe Holdings Ltd.,330.38,USD,-2.245761458117594,293441,1.303877404660066,13727915320.0,USD,Finance,Buy,324.166504199877,319.77436391422697,313.41912685410654,-0.042357497277013906,2.313338081818454,17.976003428081693,331.398,325.30799999999965,322.9156000000002,298.0482999999999,5.676407977004345,43.173517,48.472225056631494
W,Wayfair Inc.,99.43,USD,2.52629408125387,1720117,0.8410834882875355,13618744162.0,USD,Retail trade,Strong buy,97.1805032064892,93.44066313935149,89.9208741770614,-5.717807699601732,-13.456349551745141,-6.202537616150171,96.82,101.70749999999995,96.13279999999997,88.16045000000003,nan,2.836937,-2.663498812054533
TXT,Textron Inc.,79.07,USD,-0.3779765654529562,2061408,1.3295789996733791,13599005966.0,USD,Electronic technology,Buy,85.47247212839707,87.15318266814822,88.31617310866942,-4.3777965896722755,-11.416087833296002,-9.644612044337803,79.58999999999996,84.1155,87.86699999999992,90.04435000000007,14.92224654638786,6.466332,19.88235294117647
COO,"The Cooper Companies, Inc.",69.59,USD,-1.486409966024911,1957081,1.2370839276452794,13572180437.000002,USD,Health technology,Strong buy,72.01760039561799,71.48553228869064,71.24481619513723,-2.2337735318909853,-6.8967823934711365,-15.227189669874527,69.86600000000018,73.77949999999989,72.64519999999986,73.38297500000017,58.775337837837846,4.630558,-42.568878540939075
GWRE,"Guidewire Software, Inc.",162.42,USD,-19.93493049393672,4709352,2.7446509678615425,13522499551.0,USD,Technology services,Strong buy,169.04942599360248,161.50584735021974,157.31380472989133,-18.692430917100523,-1.0539141029546257,-19.161855464861638,192.77600000000004,186.24550000000005,160.78820000000002,157.06764999999984,99.6931009084213,4.177906,103.98146988856894
LII,"Lennox International, Inc.",390.53,USD,1.1526108578532919,443867,0.9144713122268898,13496980981.000002,USD,Producer manufacturing,Buy,434.477093233759,456.31217411318624,474.1811451733464,-1.2016798218984013,-11.798450662872375,-20.00286779466591,382.09999999999997,402.3849999999998,472.9195999999997,498.1134500000005,17.654105563893456,23.609046,-5.415644053737405
SJM,The J.M. Smucker Company,126.08,USD,-1.8909034316395554,1111112,0.6962361981640642,13468266875.0,USD,Consumer non-durables,Buy,122.48949432949766,118.94960139109851,115.1283664238437,-4.441412763377293,4.82208180911207,28.705594120049007,129.7220000000002,124.8885000000001,119.48099999999995,106.82025000000026,59.11755052281146,10.790427,nan
RPM,RPM International Inc.,105.52,USD,2.0206903219568684,1196021,0.5465105434700608,13462675289.0,USD,Process industries,Strong buy,108.32774643488605,108.04948019693992,107.64856604229041,-1.124437781109448,-8.474282244774056,1.2959585293270561,103.62599999999998,108.9434999999999,108.53640000000004,106.56650000000008,20.434167973818237,6.001178,-3.4911320014203726
GL,Globe Life Inc.,174.27,USD,-1.274643099932019,225310,0.5514677986960189,13392552503.0,USD,Finance,Strong buy,175.38333091587654,173.22397334457025,168.4259821642953,-1.2802356539964828,-5.529354366563663,24.80842225882691,173.82000000000008,175.64949999999993,178.5051999999999,153.98250000000021,11.570867997689414,15.732901,20.325157785411843
ALLE,Allegion plc,157.12,USD,1.0028284906145553,746265,0.4351030784388938,13360979863.0,USD,Consumer durables,Buy,155.95475013581822,152.55780304191393,150.3864242539018,-1.8061371164302147,-4.625470438266362,-1.325127174527404,154.96400000000008,160.76599999999982,152.7141999999999,151.09159999999991,20.61265988848803,8.950091,5.885703172751004
BAX,Baxter International Inc.,25.83,USD,1.0168165819319437,3415196,0.7866006503604848,13354005908.999998,USD,Health technology,Buy,25.25760569378333,24.175028735813672,22.982092353051474,-0.6156213928434019,-8.404255319148941,33.834196891191695,25.716,26.364000000000015,24.715999999999973,20.345050000000093,nan,2.053674,-626.1393596986817
ALLY,Ally Financial Inc.,43.73,USD,0.3211745813259772,1561224,0.516256079316243,13302651715.0,USD,Finance,Strong buy,43.62624648416242,43.68375425842501,43.46195431861065,2.268475210477079,-2.9085257548845522,-3.805543334799833,42.80799999999997,43.180999999999976,44.24179999999995,42.81975000000003,10.299590183239907,5.229265,175.80875665843834
AVY,Avery Dennison Corporation,175.06,USD,1.173206958330926,774369,0.5479488210597389,13267471488.0,USD,Process industries,Strong buy,173.9711318874432,171.65937857829388,170.61125769855957,-2.4028544349668297,0.7771573311841542,-3.6543753439735753,173.9379999999998,178.68399999999994,170.08079999999995,173.0882999999998,19.160510042138675,10.172575,2.413352463794099
SEIC,SEI Investments Company,110.39,USD,-0.9599856450744602,590385,0.8587729213756251,13248917240.0,USD,Finance,Strong buy,105.47859888623603,101.72280044189282,97.54375191088218,-1.1550859598853924,4.6350710900473935,34.96759995109426,110.29799999999996,108.5732500000001,102.14210000000014,88.67092500000007,19.485975534412457,6.343957,6.380861172140525
TTMI,"TTM Technologies, Inc.",125.6,USD,8.848253748158413,2321331,1.080041935570471,13231817826.0,USD,Electronic technology,Strong buy,130.50266972378887,135.86530623052846,135.81239655066284,2.2718019705235664,-3.7547892720306555,79.7624159152712,118.16799999999981,123.0565,134.1255,120.15414999999999,56.688933020400796,4.83958,148.6365166647963
DOCN,"DigitalOcean Holdings, Inc.",112.47,USD,2.806215722120652,1505627,0.7995928819665723,13224171465.0,USD,Technology services,Strong buy,120.51698857297292,122.89078615976359,119.42945933503337,-7.057267994380635,-10.525059665871126,131.22944078947367,109.27000000000005,118.5845,124.69979999999998,97.10610000000001,51.27421928424892,1.461039,72.28243795161794
DTM,"DT Midstream, Inc.",129.52,USD,0.7310623736195346,554434,0.5553729690788215,13213021694.999998,USD,Industrial services,Buy,134.02339975305264,136.1793065545556,136.67993471143714,-1.6552771450265593,-3.766996062114565,8.493885072876541,129.59999999999997,131.54950000000002,138.05640000000002,133.78699999999998,28.407246567530816,4.719238,22.56781096266029
AA,Alcoa Corporation,49.97,USD,-2.115572967678743,2824751,0.7955919812017392,13187554231.0,USD,Non-energy minerals,Strong buy,50.55936524440341,52.25210827805184,54.012387679835534,-2.4594963888346633,4.47417938532302,-7.6681448632668125,50.58400000000002,50.84950000000001,48.73820000000001,57.67025,10.25025641025641,6.568963,25.044887908479964
ONTO,Onto Innovation Inc.,268.01,USD,6.159391586786018,722590,0.891180606181396,13152389003.0,USD,Electronic technology,Strong buy,286.7004404783458,286.29019583586575,277.3938830947418,-7.426341059030777,-5.753068185814261,64.82779827798278,259.7200000000001,295.23449999999997,293.9664,241.03880000000018,100.30314371257484,8.102727,-33.86629705714922
CNA,CNA Financial Corporation,48.47,USD,-1.4035801464605324,309945,0.8379555231608748,13116028481.0,USD,Finance,Buy,49.7931547325458,49.46387239084376,48.857059722230865,-1.4837398373983819,-8.287606433301802,1.7849643007139888,48.68799999999995,49.67500000000004,51.02040000000009,47.56904999999999,10.665405096158077,4.2,41.211198458813655
DOCU,"DocuSign, Inc.",68.41,USD,3.6986509019251144,7999781,1.9804441138772677,13062521510.000002,USD,Technology services,Buy,60.23802425636163,57.19719992075234,55.21721085107145,6.857232114964075,16.98016415868673,-0.29150269639994586,66.136,62.516999999999996,55.69039999999991,53.64055000000018,41.61192214111922,4.60629,24.01931200965601
TOL,"Toll Brothers, Inc.",141.73,USD,-0.04936530324402088,561082,0.7844259540217309,13059994366.000002,USD,Consumer durables,Strong buy,147.0910399402973,147.2768714789895,146.50273742496557,-3.295578602620096,-7.0622950819672194,4.822128540788389,141.57799999999995,146.19099999999995,149.9874000000001,144.46924999999993,11.380644954069506,12.765207,-8.472483537158991
HAS,"Hasbro, Inc.",92.53,USD,-0.5053763440860203,1259393,0.974298159483763,13050844091.999998,USD,Consumer durables,Strong buy,91.84482421260073,90.79865549869896,90.00487755739252,-2.5384453338950883,0.6307775965198459,12.841463414634147,93.266,94.62349999999998,89.219,89.59612500000007,16.63161678799317,6.143535,nan
WSO,"Watsco, Inc.",315.13,USD,-0.0792694527236984,281445,0.5039972193256865,13002154598.999998,USD,Producer manufacturing,Buy,329.64347670607776,343.31053533100385,356.65364340689865,-0.26269147993416386,-5.460054600546003,-6.978185789768866,312.8459999999994,313.3375,346.3521999999997,374.84134999999986,27.406898471065034,12.077729,-11.972806822792649
MAIR,Madison Air Solutions Corporation,25.9,USD,0.8566978193146373,1511404,0.501656800676123,12994615198.0,USD,Producer manufacturing,Strong buy,29.524274620904368,31.645612262311328,35.23952380952381,-5.336257309941524,-17.620865139949117,-19.062500000000004,25.879999999999985,27.933,31.764800000000005,nan,nan,1.093807,nan
BMRN,BioMarin Pharmaceutical Inc.,66.53,USD,0.15053439710973102,2299208,1.2610818027988,12878462081.999998,USD,Health technology,Strong buy,63.824631811522025,62.16210552079061,60.56330567246436,2.3695953223572954,8.249267816465993,11.946828201245165,65.99999999999997,66.93275000000001,62.57679999999999,57.850975,179.37449447290373,5.03325,-89.01492714133396
FIG,FIGMA INC,24.12,USD,-4.361617763679611,16510722,1.103892959344959,12856192408.000002,USD,Technology services,Buy,24.80134104597253,24.093235657628888,24.528405306839847,-20.079522862823058,-12.227074235807859,-36.526315789473685,25.951999999999988,26.446000000000005,24.167400000000047,25.930165000000006,nan,0.286469,-1737.8941742383752
IESC,"IES Holdings, Inc.",322.57,USD,2.373924910343083,386889,1.4358939909709427,12853998388.0,USD,Industrial services,Buy,337.2100666963774,334.90896787649785,323.36231755356647,-2.676200820661358,-16.407738056674916,62.2748767481638,308.7779999999998,342.8215000000001,334.6727,279.310625,28.666009046717672,11.57,82.836948574214
GDDY,GoDaddy Inc.,101.31,USD,-2.2387339573482516,1622243,0.9121825720280123,12830678692.0,USD,Technology services,Buy,94.63728211259831,92.60546550624343,92.47532391445341,4.046420868850773,12.56666666666667,-18.040611601003153,101.048,97.27500000000002,93.45120000000011,96.17695000000009,15.02135104679438,7.401865,20.188897799162422
NXT,Nextpower Inc.,84.5,USD,1.1976047904191618,1762320,0.9316847516556738,12821144669.0,USD,Electronic technology,Strong buy,94.67371199048677,100.35847040895361,104.60509712193407,-5.639307649357898,-13.08372762806007,-4.009996592070886,83.13000000000002,91.06549999999997,99.05599999999991,108.47370000000002,21.90083715626053,4.667169,5.139384690846653
CHYM,"Chime Financial, Inc.",33.76,USD,0.3268945022288245,2890518,0.5099104685352095,12781032185.999998,USD,Technology services,Strong buy,29.310785994542634,26.95402465494005,25.099801949520607,0.9267563527653069,35.03999999999999,33.65003958828185,33.117999999999995,32.532,26.482200000000002,22.779725,nan,0.41504,97.70790140520617
JEF,Jefferies Financial Group Inc.,55.23,USD,1.7876889052709157,1767718,1.2676062599908042,12733401879.0,USD,Finance,Buy,54.30984948501262,54.03519880151031,53.63818275209419,4.207547169811315,-1.3750000000000056,-11.177227404310072,53.402,53.63099999999996,54.00320000000002,53.51560000000005,15.390831823881845,3.545705,36.0156161164386
ICLR,ICON plc,164.85,USD,0.7763785303826762,796396,1.4306591214767552,12718872476.000002,USD,Commercial services,Buy,165.12865878227126,160.58365775635042,155.0444462417907,-2.69169470515318,3.907973526630941,-10.383256319652078,162.93199999999985,167.53174999999996,167.9996,147.41042500000006,299.2376111817027,10.596872,-94.52907761976643
AUR,"Aurora Innovation, Inc.",6.34,USD,0.3164556962025249,21670654,0.7098057464420653,12706286695.000002,USD,Technology services,Strong buy,6.349490874575569,6.310153682369943,6.1432379367182985,11.130587204206833,-12.43093922651934,64.24870466321244,5.919999999999996,6.232250000000003,6.337100000000005,5.351775000000004,nan,-0.491818,1.1927582534611276
PEN,"Penumbra, Inc.",322.17,USD,0.3207323908575791,174065,0.5849158808534433,12690091056.000002,USD,Health technology,Buy,322.50218002518596,322.4546038979567,322.13077219323924,0.41766667705639493,-0.3680108857001477,3.684989701338822,322.3579999999997,324.2975,321.1528000000003,324.52225000000004,79.11642641388964,4.708007,7.97030359273498
AGNC,AGNC Investment Corp.,10.65,USD,-0.09380863039399424,16562917,1.0539214642906831,12625376940.0,USD,Finance,Buy,10.80428774111053,10.780746691619175,10.74280653790003,-2.739726027397251,0,-0.6529850746268683,10.652,10.850499999999988,10.886600000000012,10.769450000000012,5.586152635719905,1.578033,487.157376039421
GGG,Graco Inc.,77.88,USD,0,1333245,0.3687442745201273,12612963594.000002,USD,Producer manufacturing,Buy,79.1658734551551,79.0419660464799,79.51494142670485,-2.5769326995246464,-5.600000000000006,-5.140073081607794,77.5359999999998,80.31249999999999,78.40520000000001,82.3114000000003,24.469020987809476,3.28,12.853242562847916
COKE,"Coca-Cola Consolidated, Inc.",189.33,USD,-4.088145896656532,433248,0.996150346855059,12602618624.0,USD,Consumer non-durables,,189.89535354251535,188.4402320358164,185.87521210712316,-3.056835637480798,3.5155822854018624,23.50293542074364,194.14399999999998,191.03250000000006,187.2898000000001,179.50922499999996,25.907579468794047,nan,21.71313413943573
CCK,"Crown Holdings, Inc.",115.16,USD,-0.37200449865905943,517620,0.7320678590501363,12524860232.0,USD,Process industries,Strong buy,116.2818405728564,114.04805419132613,111.29610690795148,-2.5636686690921406,-5.404961393132904,11.96888672824502,116.15999999999997,118.04550000000015,116.45600000000006,106.22394999999992,16.570737884194774,8.406344,45.86822828117456
CSGP,"CoStar Group, Inc.",30.91,USD,-2.430555555555554,3875315,0.49875280107371783,12524657794.999998,USD,Technology services,Buy,31.137853125037694,31.730422874755323,34.25256594297354,-2.52286345001577,0.9965691880411688,-53.941290418715546,31.579999999999995,31.937999999999995,30.293699999999973,43.726600000000005,170.1155751238305,1.366381,-28.717143978030606
HALO,"Halozyme Therapeutics, Inc.",110.19,USD,-0.5146262188515777,1010602,0.6604891295965207,12506345018.0,USD,Health technology,Strong buy,97.91818774269234,91.45224821928474,85.1824186363986,3.513386566463123,31.3505781380379,62.73814798404963,108.96399999999994,105.9135,90.66610000000003,74.21094999999993,32.92201971915148,8.414857,-23.547819730921223
MDGL,"Madrigal Pharmaceuticals, Inc.",541.08,USD,-0.28197047603250447,177171,0.8882728787760283,12501181910.0,USD,Health technology,Strong buy,522.9856749078851,519.1775318983584,513.9242615337554,0.31517668434128915,5.911368618853752,-7.034122538744363,541.8720000000001,528.8394999999998,529.5932,515.2992999999999,nan,-6.261658,-0.28488254432803495
MANH,"Manhattan Associates, Inc.",213.77,USD,-3.8587812008095272,394160,0.6739260415069093,12463854456.0,USD,Technology services,Strong buy,196.669746803271,184.30435192647218,173.95642536633045,-4.139013452914794,10.807588637777329,23.139400921658996,218.458,209.49700000000007,182.43880000000007,158.15669999999997,61.1960380167182,5.502184,-2.647567025249434
TXRH,"Texas Roadhouse, Inc.",189.555,USD,0.2618216439225667,471236,0.7281636734966972,12442566039.0,USD,Consumer services,Buy,197.1947419899766,194.15882165760803,189.72461967540235,-5.336096683979226,-9.675497951014965,14.368891034149872,191.3330000000006,201.51425,198.69749999999974,179.77457500000037,30.35211042080318,6.599424,-4.7523182040019565
DKS,Dick's Sporting Goods Inc,139.15,USD,-0.44358589110682156,2192230,0.2544882572608202,12374180220.000002,USD,Retail trade,Buy,178.15356244831136,190.2232106065616,198.77910082059765,4.781626506024092,-29.959228871998786,-30.068348577746498,136.86200000000005,167.60549999999972,195.22020000000012,207.40135000000006,14.942923722898167,11.705528,-34.9976964637228
HUBS,"HubSpot, Inc.",247.6,USD,-2.9476324866729424,710299,0.6375258111703871,12346871299.0,USD,Technology services,Buy,233.30643376447384,227.93813478676643,232.5269075645098,-3.110937194286839,-2.087946852261943,-37.94486215538847,252.13999999999996,238.51349999999942,223.76780000000056,260.59010000000063,87.6429152950338,13.286581,nan
BF.A,Brown Forman Inc,27.13,USD,-2.829512893982818,271124,1.9040195062206977,12332833269.0,USD,Consumer non-durables,Buy,27.9141247669891,27.817915257050362,27.744760348688317,-4.303350970017645,-5.536211699164346,2.3001508295625923,27.443999999999953,28.285499999999985,27.754399999999997,27.599649999999944,17.48743070774784,1.70715,-13.06248248809191
SF,Stifel Financial Corporation,81.49,USD,-0.9601361205639357,648928,0.6769041083458809,12305131429.0,USD,Finance,Buy,80.72452903477539,79.48771900076542,78.46815354454645,0.5552813425468763,-4.129411764705888,-2.500646978917957,80.67999999999994,82.1125,79.64779999999999,78.6673641762001,14.578860741376841,6.52386,62.1301775147929
FNF,"Fidelity National Financial, Inc.",45.78,USD,-3.1725888324873095,2970242,1.6346354666413299,12277866517.0,USD,Finance,Strong buy,48.26632752714042,48.66959254512099,49.19885707017714,-3.5804549283908926,-11.638679791546036,-15.861054953133607,46.346,47.56500000000007,49.22479999999994,51.02530000000007,15.934563174382179,5.13276,-27.175483511191096
ELAN,Elanco Animal Health Incorporated,24.5,USD,0.3276003276003206,3718067,0.7849423908479477,12240735489.0,USD,Health technology,Strong buy,24.22419899193544,24.162611804804854,23.951450631225555,0.2044989775051154,-9.527326440177246,7.3149364870784135,24.286000000000012,23.86099999999999,24.636000000000003,23.73665000000001,nan,1.133848,-146.3504067835453
ARWR,"Arrowhead Pharmaceuticals, Inc.",86.34,USD,-0.17343045438778065,757847,0.6495612990386009,12195910493.999998,USD,Health technology,Strong buy,84.54243938397207,82.38906839968149,78.71042888632587,-1.8752130923968537,-1.31443593553548,30.226244343891413,84.66600000000001,86.96,84.00890000000003,71.1368,nan,-3.606775,-77.55877463785323
GLPI,"Gaming and Leisure Properties, Inc.",41.92,USD,-1.0387157695939513,2552226,0.49892435803582585,12195367709.0,USD,Finance,Strong buy,43.517361330254126,44.13446546469175,44.71780269003299,-1.561582716919101,-5.372460496613986,-5.945703387929098,42.098000000000035,42.7575000000001,43.77819999999997,45.44987499999999,12.29325513196481,3.219939,30.98256126603672
PSKY,Paramount Skydance Corporation,10.86,USD,-1.6304347826086931,8469050,0.8596403918812383,12184331956.0,USD,Consumer services,Buy,10.08324319039243,10.002235901744838,10.18572953605703,0.7888631090487153,27.91519434628974,-18.95522388059702,10.865999999999996,10.399000000000004,9.563999999999979,11.010600000000002,nan,0.501599,-2130.4347826086955
WTS,"Watts Water Technologies, Inc.",363.13,USD,2.137653643855659,265943,1.3404236444958775,12122387340.0,USD,Producer manufacturing,Buy,364.1824431686449,356.2122469361764,344.46789649568683,-3.4177349859035115,0.9676073960795268,31.78370531663944,358.39799999999985,372.85249999999985,362.18559999999945,316.07015000000024,31.69586355582323,12.858125,23.210195192773014
AR,Antero Resources Corporation,39.41,USD,-0.7054673721340418,2656579,0.8341228980508258,12116170760.000002,USD,Energy minerals,Strong buy,37.23415718452346,36.769371544352786,36.54275474660761,1.7032258064516042,10.454035874439452,15.233918128654949,39.39600000000002,38.05049999999996,36.00360000000001,36.27550000000001,11.314308681672024,4.254948,142.66406576564023
ELS,"Equity Lifestyle Properties, Inc.",62.42,USD,-0.30346590001596824,853198,0.6462426642347929,12113513286.0,USD,Finance,Strong buy,64.28019887011082,64.33660851478838,64.24442655395022,-2.208992636691206,-4.5419788958556335,3.293066357769323,62.952000000000034,64.36899999999999,64.79979999999999,63.85130000000003,30.33189173429224,2.065361,11.382333838493189
CORT,Corcept Therapeutics Incorporated,111.62,USD,-1.0460992907801354,604556,0.7144862888067801,12065943292.0,USD,Health technology,Strong buy,107.95834416525632,99.99144360324628,89.91285599414356,-4.712310056342834,0.5585585585585626,212.13646532438486,112.31599999999987,115.99200000000012,104.07579999999999,66.81337500000012,266.58705517076663,2.06078,-62.739165257631036
BTSG,"BrightSpring Health Services, Inc.",60.73,USD,-1.1395083835259692,1729143,0.8198734350970218,12016294433.0,USD,Health services,Strong buy,61.90221096367964,61.64320064985164,59.22985562896708,0.31384208787578083,-3.296178343949045,61.86034115138591,59.994000000000014,59.831999999999994,65.10230000000001,50.11877500000001,45.35812980805138,1.818109,352.94316644113667
EHC,Encompass Health Corporation,121.79,USD,-0.6525817766538846,517750,0.6221109838785841,12014995405.0,USD,Health services,Strong buy,118.14556482009078,115.23530642294746,112.51957654247805,1.1292867225774303,9.631830047709066,15.178740306411965,121.56399999999982,122.01300000000015,115.26140000000007,107.23155000000004,19.83130607526094,6.113152,20.07625378824911
AHR,"American Healthcare REIT, Inc.",54.72,USD,-1.8651362984218063,2324005,0.8874730846871278,12013330189.0,USD,Finance,Strong buy,54.92298348753555,54.12395781074509,52.93778479816527,-3.577092511013218,-0.054794520547947284,16.848174247277388,55.688000000000024,55.27550000000001,55.25760000000002,50.700000000000024,81.16285968555324,0.597196,nan
AIT,"Applied Industrial Technologies, Inc.",325.57,USD,0.9644607083049104,199177,0.7332213004769066,11948046932.0,USD,Distribution services,Strong buy,336.1746775444481,332.7133802898945,323.95492133969447,-4.435247152753321,-9.279126145958148,25.765828408081273,322.1139999999999,340.56500000000017,339.2437999999999,296.53345000000013,29.71206935888661,12.0325,8.195507282152557
DKNG,DraftKings Inc.,24.01,USD,-0.7441091360066131,8317027,0.865605615458998,11919862359.0,USD,Consumer services,Strong buy,24.946932573122048,25.029636306835414,25.383501996112777,-1.112026359143326,5.677816901408463,-30.586874819311944,24.027999999999967,24.93450000000003,24.78450000000008,26.75075000000001,nan,0.122862,42.920625191541525
AMKR,"Amkor Technology, Inc.",47.77,USD,1.7682147422241274,4151969,0.918662635819875,11868574551.999998,USD,Electronic technology,Strong buy,54.88886974005401,58.10537024814763,59.113281901253536,-6.862936244882036,-12.058173784977905,16.370280146163232,46.982,51.358999999999966,58.850600000000014,56.10564999999999,21.435943459726275,2.524304,81.84414524683802
HRL,Hormel Foods Corporation,21.54,USD,-0.6457564575645782,3816356,0.5217974496876125,11854557384.000002,USD,Consumer non-durables,Buy,23.366420687709144,23.596237924438473,23.638346155232707,1.1742602160638798,-15.296893432953206,-9.495798319327738,21.822000000000013,23.331999999999994,24.437800000000024,23.437200000000043,34.6135304515507,1.488,-54.62632154575282
AFG,"American Financial Group, Inc.",142.72,USD,-1.1223500069280896,166229,0.5926488708122508,11834552390.999998,USD,Finance,Buy,142.82838135376107,141.32879310106665,139.31928541807025,-0.6058917751932618,-1.224998269776462,4.503185179761299,142.92600000000007,144.08650000000006,142.8880000000001,134.79729999999995,12.472253779603252,12.33845,25.54582757334387
WTRG,"Essential Utilities, Inc.",41.7,USD,-0.4060186290900277,3190156,1.3010342961563088,11833567627.0,USD,Utilities,Buy,40.35911357296513,39.89352352669796,39.539967721759055,2.7346637102734648,5.011332158146567,9.048117154811719,41.47999999999991,40.712999999999894,39.816999999999915,39.004149999999896,21.299417713760345,2.235296,-16.251015955854044
CR,Crane Company,204.69,USD,0.8672941408367373,391464,0.9915868215997855,11831154602.0,USD,Electronic technology,Strong buy,210.62758837770033,208.93655788024466,204.96116270633243,-2.5703270027131255,-9.01049075391181,11.299004948072428,202.36000000000004,210.3740000000001,215.49239999999986,195.34945000000036,35.71752634885181,7.014646,8.120141876084833
NVMI,Nova Ltd.,372.1,USD,5.500425290615263,700439,1.4157661973311342,11826444200.0,USD,Electronic technology,Strong buy,399.4757941550855,420.23855950742006,433.27227693069375,0.9522775984155968,-8.552469894322918,10.744047619047626,352.09799999999984,377.60175000000015,417.5993000000002,437.8282750000003,46.396508728179555,10.673463,9.600273317389815
CART,Maplebear Inc.,51.07,USD,-1.2567672080433074,2567304,0.9347622324022901,11822708046.0,USD,Transportation,Buy,48.592895876817394,47.148377167827995,45.53852865922263,1.068672075994457,10.63691507798961,13.362930077691463,50.97800000000005,50.334500000000034,47.85499999999995,42.34869999999998,28.1176017177779,2.34069,4.849044622755878
PNW,Pinnacle West Capital Corporation,97.52,USD,-0.489795918367351,492602,0.56377524160063,11819153961.0,USD,Utilities,Buy,100.30632339047061,101.22285782069156,101.20732176201727,-0.8540056933712926,-3.8738294726466305,9.943630214205179,97.64000000000024,98.82000000000012,102.91180000000011,98.51219999999988,18.701697190526417,4.716033,7.42686444169757
FHN,First Horizon Corporation,24.94,USD,-0.08012820512820341,3770553,0.9754879783824282,11816002639.0,USD,Finance,Buy,25.150799638756656,25.098238463782998,24.87125569808219,1.58859470468432,-5.026656511805028,3.657522859517883,24.564,25.010499999999972,25.396600000000017,24.287325000000024,11.974840351466847,2.139853,34.32441148016769
MOG.A,Moog Inc.,371.68,USD,0.42148492380849517,156062,0.7525031281567863,11780604664.0,USD,Electronic technology,Strong buy,390.5622794186455,386.47087776360956,372.43713543333934,-3.0087941337647695,-8.895261906512738,52.540425182631544,368.69799999999975,396.52750000000015,402.79840000000013,328.7495700000005,31.613775740203625,11.475914,78.61114487117162
ERIE,Erie Indemnity Company,252.8,USD,-2.155823044471105,170958,0.43310253346159017,11772989132.0,USD,Finance,Buy,251.06830125634036,247.41780755973662,247.2551059399682,-2.5593586185630537,2.4851015526817304,-11.298245614035084,256.24600000000004,258.158,246.49469999999997,254.2833750000002,23.08212048720805,12.68,-7.666756592702501
IT,"Gartner, Inc.",186.42,USD,-4.624987209659276,839561,0.7923596596583559,11772231873.000002,USD,Technology services,Buy,176.89613217190026,169.87125836634584,168.5345864329387,-5.519233693173186,-0.8456996968246389,-25.548144893965414,191.33399999999992,190.55700000000004,163.90760000000003,177.5875,16.726633228952632,14.465515,-31.447674347082632
BJ,"BJ's Wholesale Club Holdings, Inc.",93.19,USD,0,1223899,0.6966623533408998,11771266947.0,USD,Retail trade,Buy,93.20602655593927,92.90895992693412,92.92024042931199,2.3840914084816545,-4.898459026431266,3.509941130734196,92.25200000000004,93.2490000000001,92.65379999999993,93.38754999999999,20.360498142888353,4.70759,5.100002296263983
DVA,DaVita Inc.,183.99,USD,1.2826158758119635,473725,0.7796700048453185,11738562209.999998,USD,Health services,Buy,193.49827255175833,195.86082083560544,191.28762819444248,2.2166666666666717,-10.358099878197315,61.84904996481351,179.438,178.73999999999995,208.28420000000014,164.0802999999999,15.517023268366323,14.845336,16.519919026748696
KNX,Knight-Swift Transportation Holdings Inc.,71.99,USD,3.4785108523789012,3764352,1.2830133734479512,11716803855.0,USD,Transportation,Strong buy,71.38183466718971,71.32059358994003,69.78266323732873,4.393851508120652,0.7980957714925695,37.41171979385378,68.844,69.80150000000002,72.2132,63.33374999999987,273.8303537466717,2.314349,-74.09852216748767
UDR,"UDR, Inc.",36.38,USD,0.02749518834205421,2311328,0.8898686107376151,11687592710.000002,USD,Finance,Buy,37.77538698868333,37.94744933263125,37.85198092498312,-2.335570469798651,-5.897568546301072,-0.5195515449822197,36.632,37.360999999999976,38.70059999999992,37.10595,23.182310584336967,1.074659,309.3114241001565
DECK,Deckers Outdoor Corporation,85.81,USD,1.5502958579881683,2693597,0.934426116337083,11685764580.999998,USD,Consumer non-durables,Buy,93.41243373294172,96.50109476695022,99.1217704131109,-1.5601697831822867,-14.633903700756063,-17.73559582015147,85.14600000000024,89.53549999999987,97.18779999999998,102.5514499999998,12.177158426519838,7.534283,8.21585429527934
AMH,American Homes 4 Rent,32.47,USD,-0.7337205747477896,1988162,1.1062889572701773,11683193705.0,USD,Finance,Strong buy,33.47616020777534,33.27953578184983,32.89781834935601,-3.3918476643856015,-6.074631183106744,1.9786432160803988,32.97800000000001,33.795500000000004,33.784,31.702174999999983,25.68219568140473,1.088682,13.757423070001803
TEM,"Tempus AI, Inc.",64.62,USD,-0.06186204763376438,4574980,0.6526605062188262,11659695007.0,USD,Technology services,Buy,58.98746524589731,56.71802874114014,55.645230593577345,-6.408863784488373,39.08738699956953,7.324364723467868,63.30800000000001,61.39949999999999,55.68960000000001,56.41080000000004,nan,-0.207853,-21.60770075149878
LULU,lululemon athletica inc.,100.61,USD,-17.377022255071033,37426193,4.044712572271333,11653260250.0,USD,Consumer non-durables,Buy,116.36881971026625,119.94326196588216,127.26866749057886,-13.743141289437586,-18.823624334355333,-51.91186311060128,116.14200000000002,118.9165,118.40169999999944,152.770125,8.246450936034885,9.921991,-16.471659489398405
UHAL,U-Haul Holding Company,67.19,USD,-0.6212098801952399,134042,0.9316384679488203,11621410748.0,USD,Finance,Strong buy,69.35822942983891,67.54762778196071,64.63118523631742,-2.2121961868723563,-8.944301395853108,32.91790306627102,67.24199999999996,70.71050000000004,70.32779999999997,56.993649999999974,461.15305422100204,1.17,-89.74954270437597
JKHY,"Jack Henry & Associates, Inc.",165.64,USD,-1.6214289956643215,691827,0.7979136031001851,11613452655.0,USD,Technology services,Strong buy,159.03291186053548,155.47401132071016,154.10187868468984,-1.953356221143608,4.19576020632823,-8.948988566402814,167.41000000000003,163.02300000000062,155.1512999999997,159.9406249999998,23.75345962456799,7.345694,11.760557736998164
PINS,"Pinterest, Inc.",20.4,USD,-2.1582733812949777,10015251,0.8806574226480771,11552785331.999998,USD,Technology services,Buy,22.449896096618104,22.233397059921877,22.0758619288586,-11.227154046997397,-14.929107589658056,-22.077922077922082,21.085999999999995,22.824499999999993,22.896600000000007,21.926500000000022,59.457883998834156,2.014523,-87.73503967970258
HUT,Hut 8 Corp.,93.545,USD,6.192530366670448,5733438,1.296740731827903,11530306716.0,USD,Technology services,Strong buy,91.52164088729279,93.07946189964248,90.4084574958165,9.794600938967134,-7.910021657806651,95.49634273772205,83.70500000000008,84.45775000000005,95.80519999999999,75.12112500000002,nan,-4.696667,-479.26734216679654
EVR,Evercore Inc.,297.92,USD,0.34017042201340164,332424,0.7123760182341379,11457355719.999998,USD,Finance,Strong buy,308.59825281939675,316.13606002055445,321.2957958495846,2.2374742621825803,-8.174084576501043,-12.64367816091954,291.2359999999992,295.4735000000002,318.3157999999999,329.9759,16.846676694450412,19.546178,60.841488703750876
TECH,Bio-Techne Corp,72.43,USD,-0.02760524499654385,1856314,0.9394391474695785,11358344976.0,USD,Health technology,Buy,71.00316632515579,68.67393488360938,65.84074205237981,0.041436464088399357,0.40199611865817336,23.159326645128388,72.33400000000002,72.3175,71.84619999999997,61.002925,62.52589779005525,2.055385,155.43550165380375
DPZ,Domino's Pizza Inc,341.08,USD,-1.7145491744229573,635002,0.6643985114590605,11284607720.0,USD,Consumer services,Buy,339.58162884630485,337.4146904389338,341.20356211327754,1.2106824925815975,-7.566395663956644,-18.14734821214303,343.44400000000087,344.1612499999992,333.6915,364.6408499999995,19.337793400612313,18.947569,2.40302831497728
ALGN,"Align Technology, Inc.",158.635,USD,-0.7631916424259478,990518,1.2050330413933799,11269405948.999998,USD,Health technology,Buy,166.88241354115084,169.26201435770116,170.41037109164023,0.07885937795722668,-7.1712797706126725,0.5801420238397109,158.4780000000001,164.56600000000014,171.39070000000015,170.54625000000007,27.51929915864342,11.291493,-2.7613778212610978
HII,"Huntington Ingalls Industries, Inc.",285.93,USD,-1.651016406975548,312680,0.8634055810991826,11266956485.0,USD,Electronic technology,Buy,300.4099331654698,305.3823574564524,314.35803330586,-3.538897510289457,-12.658459846656688,-15.920251712882637,289.7999999999996,305.44599999999986,297.3086,347.9266999999998,17.04714151995183,18.659297,25.6208807669263
CLX,Clorox Company (The),93.06,USD,-1.304486159720017,2216371,0.6854733480553475,11253839252.0,USD,Consumer non-durables,Buy,99.67552991079137,99.45229418536739,100.11453427118126,-10.536435300903666,-11.640714014432199,-7.9525222551928705,94.85399999999997,103.1415000000001,99.85579999999987,103.16950000000075,19.34035787767317,5.80566,-26.25068971859481
AEIS,"Advanced Energy Industries, Inc.",280.9,USD,2.406124681006185,370067,0.6917409125438896,11250168841.000002,USD,Electronic technology,Strong buy,297.2282126701743,304.50643537549905,306.75050339046834,-1.7144856543037208,-18.579710144927542,30.25736146533734,273.4500000000002,296.76699999999994,303.5108999999999,299.1218749999999,52.378377370452554,11.244505,143.32577132486387
SCI,Service Corporation International,82.21,USD,-0.688572118869301,894080,1.3280736025615565,11204531938.0,USD,Consumer services,Strong buy,82.37572345720663,81.51972358181715,80.82324377303551,-1.592051711754863,-4.083537510208844,5.927071253704412,81.83000000000008,83.16499999999998,81.49340000000012,79.82450000000001,21.446832933319417,4.190335,4.0555947662739555
SWKS,"Skyworks Solutions, Inc.",74.02,USD,3.5244755244755193,4805405,0.7647501140145524,11137994545.999998,USD,Electronic technology,Buy,68.02812970769774,67.33558837710413,66.69576338251989,9.903489235337792,11.207932692307681,15.34985195574255,70.3220000000002,68.44199999999992,64.8766,63.88694999999996,38.34239834239834,5.040243,-23.08152043987568
GNRC,Generac Holdings Inc.,187.35,USD,2.365861654463984,605786,0.541503037287252,11054841737.999998,USD,Producer manufacturing,Strong buy,206.1829856982846,214.8437773546001,218.50424984902733,-5.688396677573627,-14.213104995649982,35.78054790549355,183.58599999999996,202.3569999999999,216.5402000000001,208.50385000000003,43.18710956409488,9.722809,-27.948113207547177
ARW,"Arrow Electronics, Inc.",215.97,USD,2.4185517143263597,464364,1.0501983522548788,10994044097.0,USD,Distribution services,Buy,210.478313875983,207.8215640180354,200.01103060695277,2.608323831242878,-5.2513819426164785,94.23509308391043,209.07600000000008,208.46000000000012,209.41839999999985,169.42490000000006,13.80097003623258,21.806,76.91568498880774
OC,Owens Corning Inc,138.72,USD,2.97676490238289,1421399,1.4867187307969285,10965633425.0,USD,Process industries,Strong buy,143.58072116833083,140.75372593778238,136.56530837510263,-3.713472617477611,-6.8555697307459935,23.559276743564627,135.902,146.7815,145.30160000000006,124.81444999999998,nan,10.043267,-314.5313117996045
BPOP,"Popular, Inc.",171.32,USD,-0.005836689429766723,712137,1.5386086221558501,10926533019.0,USD,Finance,Strong buy,170.53269515839673,167.50561542063454,161.906200592522,0.4397021750600926,-3.31828442437923,37.58432380340508,169.72800000000007,171.80599999999978,171.4012,145.94647500000008,11.5670785227196,15.943626,43.684516880093135
UMBF,UMB Financial Corporation,143.76,USD,0.22308979364193612,400244,0.8947579031612645,10918575531.0,USD,Finance,Strong buy,144.36810999935832,142.0952240160299,138.19681219950493,-0.6907985631389887,-3.6138115990613575,24.878387769284213,141.73800000000003,145.68674999999993,144.9336,127.85070000000015,11.972716597403245,13.232003,37.85490407687627
NYT,New York Times Company (The),67.28,USD,0.3280644199224558,2022473,1.1661790080132703,10851158890.0,USD,Consumer services,Strong buy,68.64825772196636,70.15910775082233,71.41566825339831,-1.8526622902990462,-4.186841355739102,-2.6197713127804345,67.40400000000002,66.3255,70.29080000000002,73.51951500000001,28.07661811960105,2.836065,23.367998352553553
RRX,Regal Rexnord Corporation,162.86,USD,0.15374208228276243,906252,0.7758550503065444,10845151262.0,USD,Producer manufacturing,Strong buy,178.54217657009815,186.21583718616517,189.88665773575875,-1.3268706452590109,-15.603461677981027,14.811420514628141,160.33999999999992,166.30250000000007,192.11140000000012,187.56289999999987,33.55101872643745,10.623059,29.057215782197165
ALSN,"Allison Transmission Holdings, Inc.",131.24,USD,2.1800062285892334,528534,0.737546384985331,10837542564.999998,USD,Producer manufacturing,Buy,125.04225440785372,122.9393069206902,120.56920272028628,0.9538461538461609,6.768630003254154,33.78185524974517,126.96200000000002,127.18500000000024,120.82320000000007,114.79145000000004,20.835053183044927,8.142492,-28.496832928462773
AXSM,"Axsome Therapeutics, Inc.",206.68,USD,-0.8015358771298235,438242,0.8433363282823316,10826066959.0,USD,Health technology,Strong buy,213.87509084004057,216.42798977037646,213.03281240652095,0.47642197374818585,-3.64119539372465,12.736595210822012,205.26000000000016,209.71250000000015,223.75720000000013,194.7303,nan,-2.674691,25.865672819056634
BXP,"BXP, Inc.",67.69,USD,-0.7914407152279148,848363,0.7349722844279662,10807491389.999998,USD,Finance,Buy,68.15271989075119,67.20532036680842,65.9667625528751,-3.890387618912408,-4.01304594441293,0.17759360663016807,67.614,68.31499999999988,68.63120000000002,63.573549999999926,36.369009241349666,2.12335,9299.999999999998
FROG,JFrog Ltd.,87.6,USD,-3.321929146893285,1661140,0.7656457656996929,10801195033.0,USD,Technology services,Strong buy,89.70532767041203,86.13419461082633,80.34256120712669,-15.48888138536492,0.8635578583765113,39.091775166719586,92.35800000000006,92.39449999999998,89.14749999999998,65.68392499999999,nan,0.980067,51.508817766165905
FDS,FactSet Research Systems Inc.,301.96,USD,-3.514826175869121,633305,0.7084089593730166,10739371401.0,USD,Commercial services,Buy,284.6945232621176,273.1865954801808,264.127810384353,-2.1801807638731474,7.6314382463018955,4.64737480505977,307.996,296.3119999999993,272.7754,249.7278000000003,19.90048439713975,17.838235,9.523534549339184
AM,Antero Midstream Corporation,22.6,USD,0.623330365093502,2197986,1.14705674220033,10727632835.0,USD,Industrial services,Buy,22.275050680164476,22.180242611000697,21.944141996370586,-0.08841732979663826,3.432494279176201,26.966292134831463,22.493999999999982,22.324999999999996,22.31600000000001,20.95519999999998,27.124339894383102,1.091032,-11.39940450871969
RYAN,"Ryan Specialty Holdings, Inc.",41.91,USD,-1.0155880963627935,1099503,0.7834734092558207,10721197742.0,USD,Finance,Buy,42.03483172967225,41.04564375171744,40.56078086945608,-4.074158846417947,-6.3672922252010755,-18.240343347639488,42.218,42.6785,42.25540000000001,41.72075000000001,61.514751210920295,2.160802,2862.1739130434785
EGP,"EastGroup Properties, Inc.",198.62,USD,0.07557817302363365,428601,1.2352186945849648,10680455648.0,USD,Finance,Strong buy,203.15329837000866,203.5788954536339,201.9700201093934,-1.1447342225761412,-3.6433318779411006,11.930121160890403,198.8299999999996,201.2644999999997,206.99280000000002,194.80411999999987,34.863351529725655,5.946671,22.85911453278988
SAIL,"SailPoint, Inc.",18.82,USD,-2.939659618359981,1900974,0.5736215972662045,10674383574.0,USD,Technology services,Strong buy,18.002472201272102,17.198224994754607,16.592982864292107,-6.877783275606138,6.327683615819215,-8.618596746783194,19.262,19.083000000000006,16.9627,16.012524999999997,nan,0.319901,78.71144203008662
GSAT,"Globalstar, Inc.",82.34,USD,0.4391314954867034,375588,0.6081811725317435,10668248647.000002,USD,Communications,Buy,81.83985514995182,81.04483197057327,78.77985626246493,0.21908471275560715,-1.3537798011261477,32.80645161290323,81.73999999999998,82.34025000000001,81.31279999999997,72.178575,nan,-0.620333,-29.915406306075372
LFUS,"Littelfuse, Inc.",419.07,USD,1.1659907300115835,98021,0.5419378309328235,10643852878.0,USD,Electronic technology,Buy,425.30005277441313,425.30618142113474,415.8124075009654,-0.42058739663529654,-9.898733632904047,64.9232585596222,412.9839999999998,427.1572500000004,425.63269999999994,371.0454000000003,nan,16.59,-110.53256904637831
SANM,Sanmina Corporation,198.47,USD,1.4206142368031076,330925,0.521189747401926,10637467090.0,USD,Electronic technology,Buy,201.49074334488114,204.17591757361663,201.50643080634265,-2.0819971384873446,-2.658296140075525,28.960363872644567,193.1699999999999,197.80099999999976,204.13840000000005,183.3896249999999,35.51908656513413,12.098333,19.620226066107215
KRYS,"Krystal Biotech, Inc.",358.24,USD,-3.561525829811295,323022,1.3907572178828003,10603486358.0,USD,Health technology,Strong buy,345.6394205191136,338.98228597293524,325.7849539419586,0.3698307744032257,9.600440555589547,45.839439830646484,364.428,346.8164999999998,349.75739999999985,290.3246,44.89560618592877,7.641,62.32479606159854
AES,The AES Corporation,14.79,USD,0.0676589986468186,4341283,0.5359420797584638,10551756847.000002,USD,Utilities,Buy,14.741170231095621,14.716992211416349,14.672235862386483,0.4073319755600728,0.7493188010899144,1.9297036526533382,14.775999999999996,14.745500000000012,14.740999999999994,14.591849999999997,5.527318932655653,2.288875,88.92889924451038
DCI,"Donaldson Company, Inc.",91.03,USD,0.47461368653422387,592051,0.8944712989339032,10551383333.0,USD,Producer manufacturing,Buy,92.36321297254261,91.57024358451845,90.74009257461046,-1.322493224932248,-7.910976226605962,2.5690140845070437,90.43799999999999,93.30700000000012,92.352,91.41174999999997,23.635561094666876,4.354286,26.25885129819041
GMED,"Globus Medical, Inc.",78.29,USD,0.21761392729134885,1123661,1.0743129708409083,10511365419.0,USD,Health technology,Strong buy,81.69460883578066,81.88601897529338,82.29404496184966,-5.229391114877125,-2.9983892950067994,-10.12512914705544,79.78400000000008,83.79299999999999,80.98419999999993,85.89405000000006,20.01892195970134,5.000451,50.93203658677782
FRHC,Freedom Holding Corp.,164.54,USD,0.673029858051881,79071,0.5846193885344478,10495621560.0,USD,Finance,,160.0082263397165,156.14050424149625,152.1609870662928,-3.40495479628978,6.333204084270378,34.86885245901639,168.77200000000002,161.9139999999999,156.0989000000001,141.21534999999977,65.09217501384603,nan,87.5639979223863
MOH,Molina Healthcare Inc,200.8,USD,-1.0398698930560275,258291,0.45443573231447976,10481760313.0,USD,Health services,Buy,203.10517140040685,201.32214099987868,196.30231231367688,0.545791397526415,5.428961461724248,15.402298850574718,201.63200000000066,201.50600000000034,210.8007999999994,177.38014999999987,nan,5.233027,-100.92903989348588
CGNX,Cognex Corporation,62.25,USD,2.401710807698636,1246212,0.8847836986669587,10471934440.999998,USD,Electronic technology,Strong buy,63.04604427500185,62.86964488591005,61.20991055904997,-0.9073543457497617,-12.96140939597315,70.87565193521823,60.804000000000016,61.67999999999995,63.91739999999998,53.535324999999986,60.2730441518203,1.680421,44.54863540937718
SSB,SouthState Bank Corporation,107.98,USD,0.8122490897208521,411026,0.5855470765027985,10471310407.999998,USD,Finance,Strong buy,106.1142036449204,104.39619764931273,102.41919541307965,1.2375773485842936,-1.6575591985427989,14.860121263695351,106.05199999999995,107.70599999999999,104.97699999999998,98.44858500000001,11.33755420459676,9.454634,41.60756501182035
GKOS,Glaukos Corporation,177.47,USD,-1.5968949265317414,572538,1.0083231773896995,10467879249.0,USD,Health technology,Strong buy,171.85921450617124,163.19163242169438,152.40501936267742,-2.0044174489232445,3.1742340561595306,55.03625404035992,178.72199999999987,182.80649999999986,166.66679999999997,129.33989999999983,nan,-0.306772,-96.75336431114599
WTFC,Wintrust Financial Corporation,154.12,USD,0.3908285565398608,227758,0.5869345107173956,10397854238.0,USD,Finance,Strong buy,156.29318975770616,156.00651164773097,154.19889047134865,0.30589000976244635,-6.275845293116026,10.393238306711545,151.7920000000001,155.4200000000001,158.76659999999998,148.79482499999997,12.382597517374363,13.12518,17.676256748196543
VSAT,"ViaSat, Inc.",75.32,USD,5.019520356943661,1555019,0.9960920997922197,10375767837.999998,USD,Electronic technology,Strong buy,74.23745761841268,72.851270224758,69.26692049190818,3.0087527352297436,-2.6747641814187975,114.70923603192702,70.10200000000002,75.60499999999998,75.66439999999999,57.200650000000024,nan,-1.42,94.73331169533701
BIO,"Bio-Rad Laboratories, Inc.",386.11,USD,-0.46145913895332913,112950,0.47573398657078136,10373019299.0,USD,Health technology,Buy,356.48529370002467,339.7661254297949,324.3165332570011,-1.2051583849342355,13.561764705882359,27.336587296352477,385.92000000000024,374.34850000000006,336.2023999999999,302.00095,46.77853162103223,9.641321,-29.659204213289247
MGM,MGM Resorts International,41.22,USD,0.2188183807439735,1472557,0.8036628141463193,10370653170.0,USD,Consumer services,Buy,43.52300832640287,43.62840288502451,42.88027364265664,-4.64954892435808,-10.176509043364572,12.53071253071252,41.184000000000026,42.92650000000002,44.95099999999999,39.58954999999997,24.947043515100162,1.842162,-8.95917130420408
MOD,Modine Manufacturing Company,194.66,USD,4.302630873921664,1279198,0.9993426764832396,10338919395.000002,USD,Producer manufacturing,Strong buy,206.15086336824467,216.13904889700092,220.4236308341496,4.594057277953889,-1.3830487866659862,42.89069955222786,184.02800000000008,192.5300000000001,213.1054,210.4580500000002,73.35971358583004,7.512848,-23.959766162310856
GLXY,Galaxy Digital Inc.,26.33,USD,-0.6415094339622706,3655175,0.6710356615522061,10292109629.0,USD,Finance,Strong buy,23.923228934900507,24.298121101564213,24.728048161049163,6.7504561118994495,28.56445312499999,15.028396679772817,24.983999999999998,23.01700000000001,23.301300000000005,25.067200000000017,nan,-0.745308,71.4400987279286
DAR,Darling Ingredients Inc.,65.19,USD,-0.8517110266159731,1906675,0.6712521436994818,10287172576.0,USD,Consumer non-durables,Strong buy,63.32129507584095,62.01100903528846,59.93589258543347,4.942047649710238,6.6241413150147155,79.8344827586207,66.50600000000003,65.17850000000006,61.976000000000006,53.53537499999999,17.51760090288601,6.374711,470.41692213366036
XP,XP Inc.,19.86,USD,-0.7000000000000028,5019985,0.8734895241670739,10267928752.0,USD,Finance,Strong buy,17.460862503914402,17.28028542631811,17.355759548431568,11.57303370786516,15.532286212914475,18.49642004773268,19.36,17.224999999999994,16.852399999999992,18.03225000000001,10.356155811649371,2.0618572293,20.428284350665656
FRO,Frontline Plc,46.12,USD,1.5411712901805277,3088344,1.1227445545501826,10267367647.0,USD,Transportation,Buy,42.105843671460036,40.614540017092715,38.727464820772894,3.8738738738738716,17.984139166027102,117.44460160301742,45.012000000000015,42.84799999999997,39.82599999999999,33.60109999999998,6.90687992332345,9.816667,524.5230078563412
PAYC,"Paycom Software, Inc.",231.67,USD,-3.6795276900049987,662018,1.0770686762291062,10259571231.0,USD,Technology services,Buy,204.99972962335,187.86713175339435,173.56237809806453,-2.0049913286240044,29.678141617688205,45.3114219406636,237.098,227.06349999999998,182.10000000000002,149.24484999999999,24.62086189489346,12.09022,27.296463648908244
WMS,"Advanced Drainage Systems, Inc.",135.76,USD,0.6897574723726013,504019,0.835321289912848,10237028829.999998,USD,Producer manufacturing,Strong buy,141.63633963594017,142.6765521574495,143.57077469605056,-2.6810035842293973,-8.6836618013049,-6.398234969663542,133.94199999999975,140.97600000000028,144.5313999999999,147.56690000000017,23.435584940185397,6.271556,4.580083766608902
FRT,Federal Realty Investment Trust,117.09,USD,-0.05974735404574358,455252,0.7619012553533683,10235484982.0,USD,Finance,Strong buy,118.96020317692171,119.06181794575427,117.63900197092333,-0.0938566552901019,-4.9208282582216825,17.8560644187217,117.05,117.36000000000001,120.89659999999996,111.17290000000034,23.640218049666867,4.261305,25.62138581718576
PODD,Insulet Corporation,147.48,USD,-2.058706335502738,1058435,0.5704908899918757,10228356329.0,USD,Health technology,Buy,150.45026278198628,155.40522616428268,167.08930986307516,2.2746185852981977,15.218749999999993,-48.336019056960694,148.64799999999985,146.01449999999983,154.3226,210.20135,29.237540145117162,6.503135,53.510453756961574
BSY,"Bentley Systems, Incorporated",33.71,USD,-5.282382691767357,2634865,1.332301787327649,10183550902.999998,USD,Technology services,Strong buy,34.84156161694453,34.373918868985584,34.47786388956005,-10.058697972251858,-7.160561828697332,-11.892315734448504,35.358000000000004,36.10449999999999,34.1142,35.46912499999997,37.15419376171057,1.396944,15.934065934065938
SOLS,Solstice Advanced Materials Inc.,63.73,USD,3.845527130519797,2715171,0.6369759926786391,10126023608.0,USD,Process industries,Strong buy,63.57639735759833,65.99840475938234,67.4615668420975,-1.9538461538461587,0.3622047244094439,31.37497423211709,62.24199999999998,59.998499999999964,62.708400000000026,68.022625,48.357234995067905,2.888495,nan
AVTR,"Avantor, Inc.",14.97,USD,-1.4483212639894594,7654022,1.1789034615149196,10125091801.000002,USD,Health technology,Buy,13.475835857346855,12.551551366086459,11.708150051768792,3.241379310344832,8.478260869565217,29.94791666666668,14.710000000000003,14.218000000000007,12.611599999999994,10.366750000000001,nan,0.812164,-184.09136047666337
ZIONP,Zions Bancorporation N.A. - Depositary Shares each representing a 1/40th ownership interest in a share of Series A Floating-Rate Non-Cumulative Perpetual Prefer,17.8001,USD,-0.11167227833894391,4470,0.8283453477382651,10124784560.0,USD,Finance,,18.205615230015503,18.36552450952216,18.628476654567272,-1.602542841348808,-2.731693989071039,-11.265702891326015,17.82905999999999,18.156714999999956,18.26689199999994,19.271592999999974,2.2675286624203825,8.00345,43.201138312233205
CYTK,"Cytokinetics, Incorporated",72.72,USD,-1.6632860040568003,1140923,0.6168706532284679,10109783435.0,USD,Health technology,Strong buy,75.47948593998998,75.64130374340216,74.30729804892907,-1.5701136978884633,-8.436162175774367,15.136162127929074,72.182,75.27700000000002,79.18649999999998,69.76280000000003,nan,-6.053118,-41.03370172218533
DDS,"Dillard's, Inc.",656.69,USD,0.7085128897204294,93106,0.5156393127762867,10108534829.0,USD,Retail trade,Neutral,606.6333500498343,596.7477826486996,592.1150454103813,3.3051220739995135,6.902277425971462,8.303921892007788,639.5499999999998,622.559,586.3472000000007,605.8804500000003,15.037588819759149,39.417239,20.41520869351818
CFR,"Cullen/Frost Bankers, Inc.",162.62,USD,-0.0675966324586648,543693,1.1745668121517923,10106635054.0,USD,Finance,Buy,162.07921526585773,158.96588953147662,154.39378360965634,0.2713034899494375,-3.8832082274366058,28.573687539531942,161.23999999999995,164.38799999999998,162.28020000000006,143.36389999999992,15.379813876068699,10.977124,13.85622604126288
HSIC,"Henry Schein, Inc.",89.81,USD,-1.155624036979966,887873,1.1008733976932163,10009013560.0,USD,Distribution services,Buy,87.78781943872538,85.99772758552518,83.7010387769348,-0.8062734702893792,0.7177301783110918,18.717779246530064,89.87599999999995,89.58050000000001,87.4342,79.08430000000003,26.171465205734936,5.384536,10.347932342915946
ORI,Old Republic International Corporation,41.43,USD,-2.6779422128259354,1388676,1.2958961831759028,10002566047.0,USD,Finance,Buy,41.87104187312582,41.6039447856983,41.32690240623682,-2.3338048090523382,-5.172808422980083,-3.3138856476079384,41.90800000000005,42.174999999999976,42.19899999999997,41.54400000000001,9.073587385019712,2.9835,29.326460091769093
AYI,Acuity Inc.,334.05,USD,1.6987852771942595,165512,0.8960597344282335,9999969068.000002,USD,Producer manufacturing,Strong buy,338.39521723547585,333.69254597376545,327.51622229050605,-2.5525087514585763,-4.385035921802099,-8.048666354702856,330.1959999999999,343.71849999999984,342.80900000000014,319.2563999999999,22.159203980099505,19.808928,18.78683770920667
VIRT,"Virtu Financial, Inc.",64.43,USD,0.37389001402088967,947339,0.8631691335479883,9999550935.000002,USD,Finance,Buy,62.43745058875075,60.417915410123584,57.300112295102636,-4.534005037783358,11.93537178596248,92.32835820895525,64.45399999999998,62.381999999999984,60.876599999999996,47.66113500000003,10.694130925507903,7.166751,36.75943160666454
UHS,"Universal Health Services, Inc.",169.65,USD,0.2600319130075041,428933,0.7492948278876944,9996466223.0,USD,Health services,Buy,167.84621519193345,166.40236414941754,168.50899513619862,-2.4719747053750982,0.6824925816023772,-22.114590028463866,169.4860000000002,172.1869999999999,163.28880000000032,186.03010000000017,6.908585949080484,22.528523,29.3490513363463
ONB,Old National Bancorp,26.04,USD,0.23094688221708512,2648251,0.827517227085109,9962123341.000002,USD,Finance,Strong buy,26.109361807866474,25.845730917359184,25.35429937079492,0.23094688221708515,-4.264705882352942,16.718960107575082,25.685999999999943,26.164999999999974,26.321499999999965,24.103725000000026,11.597042843145987,2.606325,33.31354271804312
APTV,Aptiv PLC,47.95,USD,3.051794541156247,3868924,0.6386192480222057,9956018394.000002,USD,Producer manufacturing,Strong buy,51.077439205981705,53.54448339656141,56.02071195357327,4.466230936819182,0.968624973678671,-26.326716962206778,45.823999999999955,47.50300000000003,53.28000000000003,61.02515049369998,45.484727755644094,5.748849,-75.87201318319143
ENSG,"The Ensign Group, Inc.",170.79,USD,-0.7554186762740492,270479,0.9344900950179,9954056265.0,USD,Health services,Strong buy,174.5865229547083,174.71017000097714,175.92121460361983,-2.13168299810899,-3.1692935706996277,-1.6129961403306707,172.2079999999998,178.0855000000001,174.34719999999973,182.34310000000005,26.76120338451896,7.794301,15.21519352975158
SPXC,"SPX Technologies, Inc.",196.37,USD,1.2634075907590847,309561,0.8021495964259423,9835360320.0,USD,Producer manufacturing,Strong buy,208.97317139394667,212.14734163193555,213.382119413493,-4.503233963915767,-9.197262554332742,-2.6135687363618243,194.48800000000006,205.5325000000001,213.17120000000014,214.50795000000002,34.41646073225021,8.382632,27.513073794305647
PRAX,"Praxis Precision Medicines, Inc.",351.81,USD,-0.9404476981557018,175356,0.6010303024071237,9822531133.0,USD,Health technology,Strong buy,345.40074744172284,337.68596893726806,326.57302104654156,-3.189323059988986,11.685714285714285,21.100822691129398,353.64000000000004,366.31949999999983,339.1103999999998,307.88300000000004,nan,-13.595501,-5.316222902154806
RRC,Range Resources Corporation,42.0,USD,-0.8732593816379454,1787847,0.8375845087575128,9814539825.0,USD,Energy minerals,Buy,40.301763458069296,39.92318452808611,39.73666012849564,0.6229036895064638,5.0,20.27491408934707,42.11399999999998,41.005,39.08299999999996,39.26079999999999,11.590363440682175,4.06243,82.40712775596496
FCFS,"FirstCash Holdings, Inc.",225.62,USD,0.7591997141836446,258124,0.520248293175888,9785545184.0,USD,Finance,Strong buy,217.36218926247898,215.70026767721478,211.86247672503148,0.6917481144285319,4.768980729045744,41.78344749575819,219.93399999999997,217.87475000000018,213.9962999999999,196.57882500000014,25.72575311851497,11.29146,34.81622676894226
SIRI,SiriusXM Holdings Inc.,28.99,USD,-2.6200873362445454,3179265,0.8742373712171336,9771569195.0,USD,Consumer services,Buy,28.990526092436255,28.718446258470323,27.93924604615158,1.541155866900167,-5.784855378615538,44.30064708810353,28.849999999999994,28.632749999999966,29.693499999999943,25.034899999999997,11.418780526232865,2.964968,nan
DRS,"Leonardo DRS, Inc.",36.6,USD,-1.1345218800648342,638687,0.6902754986982632,9768228859.0,USD,Electronic technology,Strong buy,41.600654288180884,42.58491378561447,42.947801116836615,-5.6944086575624855,-20.15706806282723,7.268464243845265,37.26799999999996,40.92699999999997,43.35809999999999,41.91755,30.53053053053053,1.380307,28.84780739466897
KYMR,"Kymera Therapeutics, Inc.",117.39,USD,0.09379263301500634,378568,0.6156371057276167,9761051173.0,USD,Health technology,Strong buy,113.43370222861586,108.88413001555529,102.53754968886552,-1.68341708542714,11.949265687583445,51.76470588235295,118.232,118.91100000000002,114.05219999999994,89.08934999999998,nan,-3.82472,6.7318757192174905
FLS,Flowserve Corporation,76.64,USD,-0.7125275294727259,2058602,1.1749872589975678,9741923206.0,USD,Producer manufacturing,Strong buy,77.4118380461935,76.67373177918087,75.94434736051907,-6.695885074263453,-3.4152488972904775,9.6266628522386,77.45999999999997,79.5954999999999,75.28280000000007,76.01120000000007,26.875197250762703,4.116589,29.30534143466038
MP,MP Materials Corp.,54.53,USD,1.3945704722945331,7041377,1.3827933124932408,9711879650.000002,USD,Non-energy minerals,Strong buy,54.16003267681249,54.29599414935038,55.08890196726235,-7.56060349211731,11.78761787617876,5.924630924630934,54.3,56.44600000000001,51.38040000000001,57.65029999999998,nan,0.017846,43.46421069639684
OSK,Oshkosh Corporation (Holding Company),157.08,USD,0.4604758250191857,316532,0.722910002121692,9698080029.0,USD,Consumer durables,Buy,152.36183828900502,149.94797820027404,147.784307411826,-0.6640106241699759,-0.279329608938546,24.41980198019803,153.62400000000005,154.06149999999997,150.3267999999999,145.67659999999995,17.98200425853424,10.703,-12.33214909375564
OGE,OGE Energy Corp,46.92,USD,0.06397952655150595,1301607,0.884140876249812,9692793447.0,USD,Utilities,Buy,47.053094056410686,47.3249780514689,47.352206418186725,1.3828867761452044,-0.9708737864077688,10.063335679099223,46.37800000000005,46.48600000000003,47.70440000000004,46.517650000000025,20.55010511562719,2.422901,-6.226384097256455
CHWY,"Chewy, Inc.",23.66,USD,-1.2520868113522567,7370969,1.027199839370967,9686976814.0,USD,Retail trade,Strong buy,22.79435491924557,22.601471449461346,23.130644146715376,3.318777292576426,-2.0289855072463703,-28.21601941747573,23.861999999999988,23.344000000000023,22.24519999999997,25.828125,39.26970954356846,0.775003,-32.51568100358423
LTH,"Life Time Group Holdings, Inc.",43.23,USD,0.3249013692271837,1688879,0.6504264835051541,9660260422.0,USD,Consumer services,Strong buy,43.039352176572294,41.369924275879605,38.862557421562464,-2.4153498871331838,-4.358407079646031,63.74999999999999,42.73199999999997,44.074,43.21300000000002,32.41588000000001,23.63715894800153,1.585489,79.02310101801095
IONS,"Ionis Pharmaceuticals, Inc.",58.09,USD,-0.06881128505074685,2671062,1.1600094483638188,9653647533.0,USD,Health technology,Strong buy,60.003873900458736,62.39446910458327,65.25392350635954,-4.173540085780261,5.292731557005622,-27.27841762643965,59.55800000000005,59.489499999999964,61.23599999999997,73.41852500000007,nan,-3.656244,-87.54657881946319
ESTC,Elastic N.V.,91.81,USD,-4.49391449079371,1957300,0.5097786844792901,9639249124.0,USD,Technology services,Buy,81.56390987764411,75.32396460138774,70.43150874207377,-11.627683126383673,26.425227210134945,21.699363732767768,93.49199999999999,86.20849999999992,71.83900000000001,63.84387500000008,25.709165243202374,3.359707,nan
EAT,"Brinker International, Inc.",230.22,USD,0.5854596295001763,815392,1.0048517785952393,9615140844.999998,USD,Consumer services,Strong buy,219.2565520668695,206.0029838183761,191.4735120861431,-1.7832764505119483,3.927410617551457,58.838139919966885,230.51600000000008,236.00550000000004,209.78959999999998,163.74239999999992,21.130987893418023,13.221096,31.088544236021708
PNR,Pentair plc.,60.21,USD,0.316561146284568,2365318,0.4539573957326641,9611801107.0,USD,Producer manufacturing,Buy,65.059023705103,67.95410294973112,72.4615084955304,-3.4786790638025034,-12.07651869158879,-42.2279792746114,60.19599999999988,63.37600000000001,67.0498,85.72044999999989,15.152125223343484,4.64608,8.53545285698678
MTCH,"Match Group, Inc.",41.86,USD,-1.3433891114777285,1883848,0.5865904992384451,9609004146.999998,USD,Technology services,Buy,39.75734637434241,38.78812977883001,37.62291738294531,1.3804795349963679,10.390295358649782,28.99845916795068,41.858000000000025,40.012,39.22559999999999,34.67100000000001,14.780551534197238,2.782247,39.471092287993685
HLI,"Houlihan Lokey, Inc.",137.11,USD,0.18266842028350136,720510,1.0909715295965643,9583651791.000002,USD,Finance,Buy,133.81702777126912,135.9805118339552,140.38254620249208,4.226529836564046,6.875048717748868,-21.278061663891584,134.67400000000004,129.87849999999997,133.59760000000006,153.74070000000017,23.030150331737637,6.935941,0.3742855697739075
AMG,"Affiliated Managers Group, Inc.",370.22,USD,1.1032825386422034,243923,0.9040222044572728,9573864743.0,USD,Finance,Strong buy,363.8957161466119,355.9434083664359,343.10838942978876,-0.27206852894431777,-4.486468357369517,28.214718614718624,364.36199999999997,364.17499999999984,362.22519999999946,314.58360000000016,12.921262041044256,36.951304,115.62311860325106
WLK,Westlake Corporation,74.79,USD,0.25469168900805894,570445,0.8962813699265073,9557903862.0,USD,Process industries,Buy,77.0334184112435,79.2515521410478,82.31957200213347,0.0936830835117872,-5.829765802064965,0.2950248089044027,74.99200000000012,77.11499999999998,75.96680000000006,88.06616499999986,nan,3.085257,-1710.041525103813
SAIA,"Saia, Inc.",357.94,USD,3.507706544055983,466348,1.1493823968626051,9547924354.999998,USD,Transportation,Strong buy,376.7310132775393,388.60964803644873,393.92482245298993,-0.3729681585392939,-3.0314523338661172,9.458426347818113,344.50799999999987,357.41000000000037,387.71380000000033,384.99717499999997,34.521869122823944,11.337664,-4.220629260812543
FPS,"Forgent Power Solutions, Inc.",31.35,USD,2.450980392156863,4497141,0.8699175855822056,9543845962.0,USD,Producer manufacturing,Strong buy,36.12125571953065,38.40298302833584,37.99996189285327,-0.9478672985781901,-19.615384615384613,20.57692307692308,30.23599999999999,33.830500000000015,38.440999999999995,nan,nan,nan,nan
R,"Ryder System, Inc.",248.44,USD,0.5952139936024614,183179,0.7844962010527673,9526895634.0,USD,Transportation,Strong buy,254.7252721092591,254.33721933887117,248.8014814105533,-0.2088688946015465,-6.947825761264471,29.85573907589379,245.2960000000005,252.09950000000012,260.20000000000056,226.09384999999992,20.417991896578645,14.673182,3.8793508234229437
JXN,Jackson Financial Inc.,140.63,USD,0.9185504126300691,838684,1.7208836404390544,9524693671.0,USD,Finance,Buy,129.63407544611877,124.95345061975863,120.26876017782328,4.178087265723376,4.721125921513146,32.084155161078236,136.658,133.3234999999999,124.70480000000002,112.56899999999987,193.19961533177633,27.07525,nan
JAN,"Janus Living, Inc.",30.79,USD,-1.5979546180888464,873582,0.6426794753991264,9479957619.999998,USD,Finance,Strong buy,30.20418076455878,29.510325820502143,28.100368144252442,0.19524894240155782,-3.08467107333963,33.8695652173913,30.68599999999998,30.55200000000001,30.161200000000008,nan,nan,0.185702,nan
RGEN,Repligen Corporation,167.6,USD,-1.1850716349271972,806066,0.8144763643862892,9458610148.0,USD,Health technology,Strong buy,161.93753443718288,154.51220091727862,147.81093798150692,-6.7645749888740525,11.73333333333333,2.488839968201549,172.2300000000001,173.1995,155.63439999999997,141.97469999999998,228.43123892599152,2.061231,nan
VOYA,"Voya Financial, Inc.",104.09,USD,-0.7343124165554035,594271,0.6932082456962825,9430173909.0,USD,Finance,Strong buy,99.88093888539586,96.8724806575307,92.57048687043813,2.4810475534114507,8.82383690538421,39.7744058009937,102.74199999999996,100.64249999999997,98.87100000000002,81.57410000000006,17.55252773936798,9.141921,18.72509960159362
PTGX,"Protagonist Therapeutics, Inc.",145.72,USD,-2.069892473118288,501305,1.0262519719276926,9429291001.0,USD,Health technology,Strong buy,142.58275570795772,135.95609666653178,126.77390125837104,-1.360590266025852,5.985889882900567,68.38456205223017,146.96799999999993,150.9105,140.99640000000005,106.062975,140.50718349243084,4.670262,45.53746842548413
WYNN,"Wynn Resorts, Limited",91.54,USD,-0.021843599825246855,1203020,0.7310143004193995,9426230187.0,USD,Consumer services,Strong buy,97.62895747184622,98.91086954284204,100.70999755889551,-3.3674654280586904,-10.334019002840629,-23.76748834110592,91.29999999999994,97.99550000000018,97.99430000000001,107.11964999999992,21.925223347943767,4.64442,23.166558499026475
MSGS,Madison Square Garden Sports Corp.,391.16,USD,1.0566564187356373,245071,1.1424635566474446,9419298965.0,USD,Consumer services,Strong buy,393.16735425556544,387.0121708915434,373.17256558441164,-0.5820307535900276,-1.2346925893195269,51.477365139604224,386.3399999999997,398.15300000000013,395.2502000000002,328.6516,1258.1537471855902,-0.692967,nan
MUSA,Murphy USA Inc.,511.33,USD,-2.100325483438631,198100,0.70037146910782,9398423200.999998,USD,Retail trade,Buy,546.0918384222764,549.491239696095,540.4608715998198,1.2514603671214417,-13.3192066451941,26.965957341146662,521.1879999999999,545.3334999999998,570.8054,492.8295,15.56839736817267,34.906,35.93962120459587
AGCO,AGCO Corporation,133.4,USD,6.024479415037366,2021045,1.319618443532623,9342231424.0,USD,Producer manufacturing,Buy,114.8271398639813,114.09681177386159,114.17876538360001,18.514570007107324,24.60302634036989,27.229375298044836,125.30799999999985,109.83199999999985,112.03740000000016,115.07664999999997,18.462390146010655,5.653907,443.1481620687063
VMI,"Valmont Industries, Inc.",481.46,USD,1.334399730594371,77238,0.4411794945610824,9294516409.0,USD,Producer manufacturing,Strong buy,493.66665917896245,498.30911459328297,494.44820972942733,-0.07679056928792408,-4.565006243929519,19.501600933257215,471.6239999999998,482.9115000000003,505.70619999999957,468.19564999999915,18.743771022798057,23.099448,139.09672254749557
RMBS,"Rambus, Inc.",85.46,USD,1.327958264168829,1890670,0.9909752573552266,9269128344.0,USD,Electronic technology,Strong buy,95.91286217519273,101.77011283150968,105.85295168374506,-4.917668001780154,-15.844411619891684,-10.43806329909873,85.12200000000004,91.57500000000002,99.10859999999994,107.97157500000003,39.11749897011031,3.037143,3.388386730396084
SNAP,Snap Inc.,5.47,USD,-4.035087719298254,20162411,0.5316976349349269,9250851476.0,USD,Technology services,Buy,5.210965969605314,5.1779707991106125,5.281434069908429,2.2429906542056095,-4.035087719298253,-33.535844471445934,5.531999999999997,5.401999999999995,5.001800000000003,5.838800000000004,nan,-0.048718,42.927278306228914
ONON,On Holding AG,27.99,USD,-1.3046544428772955,7244249,1.1010802527071675,9219136761.0,USD,Consumer non-durables,Strong buy,32.2145548668693,33.793093699055134,35.42802354819596,-4.1766518315645405,-26.342105263157897,-40.24338172502136,28.075999999999993,30.18900000000001,34.296399999999984,39.59630000000002,18.76131107983109,1.729075266,226.7411300919842
CTRE,"CareTrust REIT, Inc.",39.01,USD,-1.5147689977278502,1095395,0.6264048998193631,9217797243.000002,USD,Finance,Strong buy,39.89595740578403,40.011291270582475,39.805890500539476,-1.240506329113929,-4.340362923001479,8.105861161147283,39.41400000000001,39.42650000000002,40.70419999999997,38.98864999999996,24.587167528047395,1.533849,32.349015682349005
TTEK,"Tetra Tech, Inc.",35.91,USD,-1.0471204188481746,1495115,0.6953175938560046,9194555571.0,USD,Industrial services,Strong buy,34.77162899851743,33.67915339931947,32.96132309361304,-2.497963616616893,1.9880715705765286,6.8114217727543105,35.99799999999999,36.18299999999998,33.499,32.96892499999999,21.599999999999998,1.57707,106.08652535019216
ARE,"Alexandria Real Estate Equities, Inc.",52.65,USD,-0.07591573353577367,909379,0.5056119833808053,9174134226.0,USD,Finance,Buy,51.32670721058923,50.94076697317527,50.95386149494617,0.30481996570774733,6.632911392405061,7.911457265833161,52.19600000000004,50.77949999999988,50.75739999999994,50.1312499999994,nan,1.516062,-4488.115064345193
ALV,"Autoliv, Inc.",125.2,USD,0.11995201919232762,559426,1.0087725229916056,9169299816.0,USD,Producer manufacturing,Strong buy,122.79018279672381,121.93879198922616,120.94139851948167,1.1880707993211015,-0.29465636696662445,3.2918076066331237,122.36799999999998,122.31600000000019,121.03160000000005,119.14449999999995,14.742766977144,10.126858,-7.086433260393877
PCVX,"Vaxcyte, Inc.",61.16,USD,-0.016347882949166448,986706,0.9790158306502423,9100931060.999998,USD,Health technology,Strong buy,58.72861524977726,57.54015374059632,56.26125954018131,0.16377333770061303,11.199999999999994,33.4497054331224,61.091999999999985,60.59300000000006,58.187200000000004,54.0608000000002,nan,-8.206667,-83.87235260446478
PRI,"Primerica, Inc.",295.62,USD,-0.7420340462679984,180722,0.9769342917331797,9098399901.0,USD,Finance,Buy,300.5471341581941,297.7181222053954,291.73833217184927,0.9458767287006937,-7.4510049464654715,14.763771885554576,292.9920000000001,301.09400000000005,305.6950000000001,274.2770499999999,11.867713652567684,25.249165,23.365541286766344
QRVO,"Qorvo, Inc.",102.84,USD,2.4506873879258895,718294,0.7707948406642261,9072712508.0,USD,Electronic technology,Buy,95.99051360769379,94.55587514299084,92.86703534697634,6.758019308626601,7.945838144221693,20.4215456674473,99.26599999999999,97.04849999999979,92.2138,87.83482500000028,23.862449822493446,7.648126,402.999533146592
DY,"Dycom Industries, Inc.",300.23,USD,1.5800514277980835,520787,0.5219440978705693,9055224552.0,USD,Industrial services,Strong buy,369.35459607765216,387.661186477227,395.2802481844463,-1.9945158973689225,-27.998944793515275,-11.78527354997942,294.2559999999998,360.17200000000037,400.2808,394.34329999999994,27.328915509111766,17.052867,23.491456834532357
LLYVA,"Liberty Live Holdings, Inc. - Series A Liberty Live Group",95.625,USD,-2.133865520417556,43455,0.4520972505870346,9040326781.0,USD,Consumer services,Strong buy,98.79135516782037,98.17116006090349,96.73048719168405,-3.6232614392259612,-4.736999402271365,16.801026016855985,97.79099999999998,100.91625000000008,100.13349999999998,91.61204999999997,nan,-7.69,nan
ADC,Agree Realty Corporation,72.62,USD,-0.15124432833768653,1497710,1.270040075911884,9032425878.0,USD,Finance,Strong buy,74.90391614963185,75.4878332021106,75.74893295853961,-1.1972789115646196,-5.158678333550984,0.6932889628397115,72.54600000000002,73.74549999999995,76.50120000000007,75.54295,39.11872441284206,1.903142,10.717480765789942
KMX,CarMax Inc,63.29,USD,1.0376756066411217,1158183,0.7821225315372479,8981552828.0,USD,Retail trade,Buy,59.47902923861008,56.811211655728656,53.769403730026205,-0.3777742798677821,8.596431022649275,63.24477688934741,61.93799999999999,60.94999999999997,57.81699999999997,46.27979999999995,41.654600500197446,2.707808,-57.98003263364584
KTOS,"Kratos Defense & Security Solutions, Inc.",47.82,USD,-0.5821205821205845,2827495,0.9902166075956035,8976833882.999998,USD,Electronic technology,Strong buy,53.35091844617687,54.7798485995037,58.05452272981688,-10.633526443655388,-18.77017156446407,-37.5310254735467,48.80400000000001,56.243999999999915,52.334999999999994,71.61179999999996,274.9856239217941,0.838758,86.58798283261801
AAOI,"Applied Optoelectronics, Inc.",105.53,USD,5.130504084478986,6839787,1.0530014130518202,8960160485.0,USD,Electronic technology,Strong buy,119.24200739237617,123.21181771351633,122.06097556065424,-4.463154082925939,-17.843518878941214,190.35630760764892,104.02400000000003,121.10799999999999,117.63199999999998,101.51035,nan,0.74,76.82331945270673
QGEN,Qiagen N.V.,43.47,USD,-0.8891928864569097,1922422,0.7190938324419832,8958069756.000002,USD,Health technology,Buy,42.38755706408715,41.64744891533115,41.43907151739367,-0.34387895460797474,2.693125442948265,-8.14821544148158,43.64199999999991,43.39600000000017,41.89560000000019,43.14381123924993,22.079439252336446,2.425227,9.469001946066173
BRX,Brixmor Property Group Inc.,29.15,USD,-0.40997608472839425,2179179,0.9547670375771395,8945327848.999998,USD,Finance,Strong buy,30.069321456087817,30.31889350437026,30.23893206743163,-0.27369141293192556,-6.720000000000004,11.64304864036767,29.194000000000067,29.4885,30.757200000000044,29.1573,20.79914377452729,1.052069,28.22506861848125
BRKR,Bruker Corporation,58.5,USD,-1.5317286652078719,1334184,0.7403401843459179,8913019867.000002,USD,Health technology,Buy,57.941639555397856,56.660882638109705,54.16598175419711,-0.3067484662576682,17.434507678410124,23.966942148760335,58.194,57.954499999999996,58.74259999999998,48.02474999999993,nan,2.123217,-234.26226379079975
CUBE,CubeSmart,39.5,USD,-0.628930817610063,1548186,0.781432093002667,8893908745.000002,USD,Finance,Buy,40.645886058196425,40.65766544909892,40.43208178297231,-1.6679113766492448,-5.9523809523809526,11.267605633802816,39.63200000000008,40.60250000000004,40.947799999999944,39.11069999999986,27.004854037054763,1.54136,-10.854461238420292
KNTK,Kinetik Holdings Inc.,54.43,USD,0.18406037180195364,723027,0.7872853910767637,8838296333.000002,USD,Industrial services,Strong buy,52.32546488432098,51.153101913982496,49.6720530863381,-0.31135531135531447,11.081632653061224,50.98474341192789,54.54800000000004,53.74050000000002,51.21439999999998,45.11584999999997,19.71101615122764,1.359357,281.67242570836214
TTC,Toro Company (The),93.33,USD,1.03929847353036,1370183,1.4135720279697193,8834933042.000002,USD,Producer manufacturing,Buy,96.17175635904327,95.51452949963459,94.3798077413367,-6.716641679160419,-6.021548685932942,18.6046511627907,96.12400000000011,97.87299999999993,96.17499999999997,91.19170000000037,24.989959032854042,4.631304,13.265398962787742
WAL,Western Alliance Bancorporation,80.95,USD,-0.06172839506172488,766544,0.7542926282730633,8831714949.999998,USD,Finance,Strong buy,80.61834169575346,80.61695166013979,80.577812187225,1.9778281683043681,-4.663761629961128,-3.8255910657003667,79.29200000000003,80.08349999999996,81.18140000000004,81.49834999999996,9.120304648595056,9.073776,16.700852003786686
OSCR,"Oscar Health, Inc.",32.25,USD,0.031017369727040972,3689944,0.8470827588081415,8819375061.0,USD,Health services,Buy,30.600311087458707,29.177366585247633,26.902419832348617,7.5,5.564648117839605,123.18339100346022,30.922000000000008,30.831999999999983,30.404799999999994,20.48815,23.55390008764242,1.72404,nan
PCOR,"Procore Technologies, Inc.",58.01,USD,-4.258128404027076,3048392,1.1120336739446988,8814928874.999998,USD,Technology services,Strong buy,56.68153974316451,54.57187057394943,53.95854973366416,-8.645669291338587,2.945874001774617,-20.52335936429648,60.23400000000008,60.82800000000002,52.35619999999998,56.98905000000001,nan,1.68162,72.92211186617877
PBF,PBF Energy Inc.,74.34,USD,-1.3142174432496945,1872745,0.7180959315840926,8812028676.0,USD,Energy minerals,Buy,67.28494230828706,62.282531541320125,56.55676417769355,7.942500363002757,13.081837541831472,172.00878155872672,74.62600000000002,71.91050000000003,63.90459999999997,44.28184999999999,6.573234891020824,17.312909,nan
ESI,Element Solutions Inc.,36.01,USD,2.9445397369925708,4272514,0.7125526618053362,8775308998.0,USD,Process industries,Strong buy,37.19498238940823,37.92739405645353,37.82133320448953,-3.4325556449450287,-7.713992824192734,42.95355299722111,35.063999999999965,36.40049999999999,38.27159999999997,35.136149999999994,49.06663033110778,1.813531,-25.906108026249374
BAH,Booz Allen Hamilton Holding Corporation,72.8,USD,-1.4618299945858126,1253484,0.8599957723481519,8756746412.0,USD,Commercial services,Buy,73.49764964374256,73.35152472757164,74.58144749389436,-3.525046382189235,-1.6747703943814276,-13.580246913580245,74.17600000000017,75.9,70.29859999999996,78.87344999999999,11.431981281700978,6.409482,-21.793753914549225
PB,"Prosperity Bancshares, Inc.",72.81,USD,0.5385252692626354,393079,0.513915754366262,8750070554.0,USD,Finance,Buy,72.99632185774333,72.57231810533116,71.89259548877685,-0.4375769178175758,-2.919999999999997,5.216763005780345,71.91599999999998,73.05549999999995,73.14040000000003,70.63140000000004,12.615000779666303,5.811957,5.186710648612203
IDCC,"InterDigital, Inc.",337.94,USD,0.6043285403828325,119579,0.6724400194569486,8720882199.0,USD,Technology services,Strong buy,322.32367178836927,313.87069384984636,310.3737839003899,0.8625578271899675,4.019945826151195,6.106942133190992,331.714,339.9079999999998,303.99240000000003,318.9190250000002,38.99202713773091,9.0725,-38.22946660204693
COLB,"Columbia Banking System, Inc.",30.8,USD,1.1494252873563264,2305311,0.8369705781539196,8713390091.999998,USD,Finance,Buy,31.078707466713585,30.99332968813059,30.632607985969805,1.2824728707661972,-3.5389915440025024,9.80392156862745,30.057999999999982,31.02400000000003,31.562099999999987,29.665724999999984,12.28952198547602,3.02978,-0.5002382086707934
LNC,Lincoln National Corporation,45.47,USD,-0.4161191414805031,1667360,0.9769476082431653,8705110871.0,USD,Finance,Buy,43.26511999916942,42.023611173600926,40.801284768195316,4.217281686912666,-3.5426389478150226,2.0880107768298153,44.122000000000035,43.90149999999996,42.394800000000025,39.42520000000001,3.932574551996125,7.935353,101.7413152338911
VICR,Vicor Corporation,188.55,USD,5.476616692772444,507674,0.7388517827003774,8693424685.0,USD,Electronic technology,Strong buy,214.99489319492625,225.90289587829344,226.1617869419513,-6.658415841584153,-15.25842696629213,69.16382558765478,182.51400000000007,205.72149999999996,232.4223000000002,202.38280000000015,60.52192334852668,3.436,114.63313813296591
LINE,"Lineage, Inc.",38.17,USD,-0.4174276024001998,832086,1.0523816907546946,8691691122.0,USD,Finance,Buy,40.79584435710322,41.039805689891786,40.76083185807203,-3.6840777188998253,-7.444228903976721,9.432339449541281,38.66400000000009,40.5615,42.089400000000005,38.622424999999964,nan,-0.691357,72.1732745961821
AAL,"American Airlines Group, Inc.",13.13,USD,1.233616037008482,74077434,1.1596361410379423,8691664990.0,USD,Transportation,Buy,14.359986417207553,14.505919663770507,14.379443107080947,-5.06146059291395,-21.14114114114113,-14.57384515289524,13.118,13.957999999999998,15.259999999999998,13.927325000000023,nan,0.020582,-163.46104397017228
SM,SM Energy Company,36.44,USD,-3.085106382978733,2123201,0.6235604107931348,8667401799.999998,USD,Energy minerals,Strong buy,34.01190834234977,32.72900326357552,31.249874417694627,-1.2733676510430747,17.170418006430857,95.5984970477724,37.51,35.6645,32.0768,26.767800000000012,7.183267953241735,7.186377,-28.25564292583584
SFD,"Smithfield Foods, Inc.",21.97,USD,-0.272355878347718,1572569,1.086695266632221,8651070068.999998,USD,Consumer non-durables,Strong buy,23.439046208781907,24.08730791110242,24.523398382878636,-0.9467989179440977,-13.843137254901965,-1.7002237136465437,22.029999999999983,22.466499999999975,24.281399999999973,24.620525,8.180058083252662,2.4628,15.982208403506492
VIAV,Viavi Solutions Inc.,34.86,USD,3.6574487065120334,3315544,1.05325622284935,8601699299.0,USD,Technology services,Strong buy,38.91231167145167,40.08146046724363,39.78464273890594,-9.242384795626132,-12.767128772333725,93.13019390581715,34.817999999999984,38.5795,39.81199999999999,34.81330000000002,nan,1.644338,-204.1015625
GME,GameStop Corporation,19.16,USD,-0.36401456058242476,7146363,1.0379790247382457,8596924352.0,USD,Retail trade,,19.5226999425701,20.214336573619313,20.93787392906586,4.699453551912565,-0.6224066390041545,-5.429417571569602,18.909999999999986,18.439,20.26780000000002,22.182949999999988,14.596983087002895,1.3,184.60537727666954
CNM,"Core & Main, Inc.",44.32,USD,0.7730786721237004,1330719,0.6587022597416946,8576807640.0,USD,Distribution services,Buy,44.957396138073015,45.73065559611847,46.88906745371427,0.9337280801639802,-4.729148753224425,-15.046961855472496,43.419999999999995,44.61149999999999,44.95639999999996,49.921099999999996,18.801968437128796,3.133769,9.276343238607408
TGTX,"TG Therapeutics, Inc.",55.985,USD,-1.2784341385998967,992966,0.5577805438698185,8569570635.0,USD,Health technology,Strong buy,53.013127392845846,51.19671060621096,48.11841225698048,0.8193769133801518,16.103276648693488,89.39445196211096,55.997000000000014,52.869749999999996,53.59300000000001,39.016449999999956,20.391549808778002,1.00331,633.6985569214324
ACM,AECOM,66.58,USD,-0.37408349543618136,1300135,0.4741913679215641,8568608305.0,USD,Industrial services,Strong buy,68.39098053452454,70.00453933712197,73.54679661592502,0.49811320754716726,-12.151998944451783,-30.399330963830234,66.70599999999986,65.44400000000003,68.43520000000001,83.92419999999984,24.309029172295446,3.978942,-44.29846860954627
NNN,"NNN REIT, Inc.",44.63,USD,-1.2173528109783027,1330442,1.0723384033253047,8565899111.0,USD,Finance,Buy,46.09943105971452,46.139645449152944,45.77465678285022,-2.0412642669007894,-6.768330896177136,12.958744621614793,45.06399999999996,45.693499999999965,46.971999999999845,44.05959999999995,21.988471202640785,2.05426,-3.513025289979087
IBRX,"ImmunityBio, Inc.",8.08,USD,-1.3431013431013363,4330218,0.5613872136458401,8563477253.0,USD,Health technology,Strong buy,7.827629392485486,7.761474812203536,7.542261033093529,-2.7677496991576462,16.091954022988507,300.0,8.008,7.897999999999998,7.8844,6.598550000000001,nan,-0.96,-96.55242344352058
COMP,"Compass, Inc.",11.12,USD,0.5424954792043284,9175104,0.8452129001296151,8536208418.000001,USD,Finance,Strong buy,11.442503695319925,11.127422584335907,10.678890876349232,-0.2690582959641358,-12.784313725490202,4.708097928436912,10.732000000000008,11.790499999999993,11.854000000000001,10.136849999999999,208.63039399624765,0.184917,nan
TKR,Timken Company (The),123.16,USD,1.70947229333553,669068,0.8359135950588908,8534598680.999998,USD,Producer manufacturing,Strong buy,128.4152432733647,128.503470711233,125.09491115107708,-1.4720000000000026,-6.704037572911139,45.03061705134243,120.80400000000002,125.45649999999996,133.083,111.17432500000001,33.405663447976565,6.282028,-16.14047857337822
LAD,"Lithia Motors, Inc.",386.81,USD,2.066072088236842,222794,1.2550714024166971,8503289103.999999,USD,Retail trade,Strong buy,363.77386939409115,349.24539327174585,334.49756528169826,3.1493333333333338,3.1300823846215398,15.783644636015332,374.98799999999994,372.94199999999984,351.6634,311.56700000000023,12.814600581081395,36.143003,-10.572470573596386
KNSL,"Kinsale Capital Group, Inc.",373.17,USD,-2.561491461695128,131139,0.7185155314283085,8500225244.0,USD,Finance,Buy,367.28241134937747,359.46764566626365,355.7334469361405,-2.8000625130235464,2.300016448270202,-4.560102301790277,375.8680000000003,378.4604999999998,360.4723999999998,358.0159899999998,15.125059277002956,21.229085,28.788653874261378
FR,"First Industrial Realty Trust, Inc.",61.85,USD,0.22686760654675184,1055907,1.33623255531427,8475363880.000001,USD,Finance,Strong buy,63.184820709842135,63.25291528579583,62.76018271344397,-1.544094237503978,-4.034134988363074,8.167191325638338,61.903999999999996,62.63799999999999,64.17319999999997,61.044000000000025,22.5220304420654,2.503086,34.28194220331523
RHP,"Ryman Hospitality Properties, Inc. (REIT)",123.49,USD,1.0143149284253536,509702,0.8736808490834957,8424400184.999999,USD,Finance,Strong buy,126.22359658393711,124.32037687219561,120.30191155336054,-4.515580298461314,-4.152437131325682,30.470153195985198,123.71999999999991,126.1744999999999,127.64359999999999,107.88569999999999,30.328110417996957,4.204978,-1.0041088230288726
TTAN,"ServiceTitan, Inc.",87.92,USD,-5.563909774436083,1420352,1.3610400521896582,8387354691.000002,USD,Technology services,Strong buy,87.19439886271775,83.21332791421972,80.29412122577348,-12.202915917715199,-0.09090909090908897,-17.12696766896032,93.33599999999998,93.01324999999996,83.91,78.39885000000001,nan,1.311305,59.33493143048278
SNEX,StoneX Group Inc.,69.46,USD,-0.1150417026172167,561551,0.7699501819604785,8378038467.0,USD,Finance,Buy,70.82230189663787,71.70470840793836,70.4783285197158,-0.18680844948988312,-7.890200238695137,64.1820799007659,68.42999999999998,67.769,72.8009784795999,61.866838675649994,17.999015314451555,4.365,47.982974154459704
CBSH,"Commerce Bancshares, Inc.",58.365,USD,-0.008566044200780285,631724,0.7678503535113382,8371419116.0,USD,Finance,Buy,58.3456278874068,57.6018218026259,56.51028383416943,0.3007389585839565,-2.951446624542731,11.468678380443091,57.909000000000034,58.69825000000012,58.76770000000004,53.760535853000036,14.30795253971367,4.250517,3.34937927539904
BOKF,BOK Financial Corporation,136.7,USD,-0.47324353840553746,493034,2.076068122340616,8306830750.999999,USD,Finance,Buy,139.42727828758953,138.49032417270124,136.32017837904638,-1.2996389891696833,-5.665585535849844,14.922236233711631,135.96999999999997,140.40749999999997,140.63419999999996,130.66485000000014,12.86273476608077,10.65,27.078799473873012
GTLB,GitLab Inc.,49.83,USD,1.0545528290407544,5599235,0.723515161813338,8302425754.999999,USD,Technology services,Buy,40.96433455721028,37.77447369858178,35.21329422836978,12.255012390177964,34.45763626551537,31.200631911532394,48.07199999999998,43.65150000000001,37.2809,31.583500000000008,nan,0.866466,-829.7619047619047
WULF,TeraWulf Inc.,16.51,USD,1.725200246457185,20478752,0.7825145217065753,8237973169.000001,USD,Technology services,Strong buy,17.49845380135816,18.45213557968678,18.772539541180333,2.1974620860414755,-10.756756756756747,41.050832977360116,15.468,16.079500000000003,18.431299999999993,17.871650000000006,nan,-2.912736,-1179.5811518324608
HESM,Hess Midstream LP,39.91,USD,0.15056461731491885,1407297,0.9082594670423025,8228578349.999999,USD,Energy minerals,Buy,39.68963231918907,39.467572479030835,39.089852280559626,-0.2748625687156585,-1.4567901234567986,15.41353383458646,40.04600000000001,39.853500000000004,39.64920000000004,37.637849999999986,13.763967443785349,2.947861,7.6317743132887905
AOS,A.O. Smith Corporation,60.48,USD,-0.08260366760284861,1311985,0.9900640055021626,8219750233.000001,USD,Producer manufacturing,Buy,61.18816828716633,61.251292172086366,61.915711529550826,-2.749638205499278,-4.10654827968924,-9.812108559498965,59.578000000000046,61.62399999999985,61.323599999999914,65.19915000000002,16.86135660319496,3.736149,0.04183633625258149
MOS,Mosaic Company (The),25.85,USD,1.4123185562965985,8510357,1.1354716868402792,8217602943.0,USD,Process industries,Buy,23.56904160171426,23.337158379792122,23.563743467002265,7.933194154488527,19.12442396313365,7.261410788381743,25.203999999999972,23.53650000000001,22.72900000000001,24.51869999999993,nan,0.60603,-168.4390789786022
TWST,Twist Bioscience Corporation,124.72,USD,-3.09999223059592,901850,0.6107035540597076,8210619546.000001,USD,Health technology,Strong buy,118.48837529885994,107.7071362833998,94.68893666791784,-16.88103965344886,19.349282296650717,293.0664985817838,131.09800000000004,133.707,110.91719999999995,64.75400000000006,nan,-2.158429,-53.16848050695688
SARO,"StandardAero, Inc.",24.81,USD,0.6899350649350574,2310708,0.7209584199037375,8210110971.0,USD,Transportation,Strong buy,26.506172662016002,26.880216642365,27.13356170422633,-2.13017751479291,-18.307540335857762,-13.884068031933356,24.443999999999996,25.85099999999998,27.6118,27.76594999999999,25.54045707226683,1.185675,144.62352052379754
REXR,"Rexford Industrial Realty, Inc.",36.79,USD,-0.5944339367738418,1857233,0.9591083776308007,8203733458.0,USD,Finance,Buy,36.72882257928522,36.46920525167874,36.385077283147034,-1.2348993288590626,-0.835579514824804,-5.0580645161290345,36.906000000000006,36.889,36.43739999999993,36.98385,nan,-1.195,-234.26552621792487
RIOT,"Riot Platforms, Inc.",21.8,USD,3.1220435193945133,15368424,1.008017076209203,8180644642.0,USD,Technology services,Strong buy,20.726887225472037,20.988639241454845,20.7363096338699,6.2378167641325595,-3.5824856258292734,67.56341275941584,19.672,19.873250000000006,21.070200000000003,18.656500000000005,nan,-2.553149,-701.7460659624919
TXG,"10x Genomics, Inc.",62.65,USD,-0.9016134134767484,1469824,0.5761215735427093,8162741845.0,USD,Health technology,Buy,54.947240830993884,49.31102662794455,42.807234770033844,-1.925485284909211,29.710144927536238,284.12017167381975,61.989999999999995,61.148,50.873399999999975,28.93869999999998,nan,-0.744126,16.021076616348623
EMN,Eastman Chemical Company,71.19,USD,0.5934718100890233,627317,0.7753584344240422,8142528704.000001,USD,Process industries,Buy,72.05212424670253,71.9186693605877,71.76771815551676,-2.958015267175575,-4.069532408031257,10.87058090640088,71.34000000000002,72.93000000000004,70.6294,70.59437500000001,18.545340870607237,6.367412,-46.07052542849115
NEU,NewMarket Corp,885.0,USD,-1.6830528245292427,106671,0.912935195645476,8138819633.0,USD,Process industries,Buy,877.9740401941622,847.5185035180332,811.4942669462348,-4.289144117837905,-1.0233182351954344,28.461940428496785,899.0240000000009,924.5484999999986,849.5366000000016,732.7123499999993,19.053155073306208,nan,-7.931171866173245
UGI,UGI Corporation,37.94,USD,0.3703703703703719,1406142,0.8146150588111796,8137938661.999999,USD,Distribution services,Strong buy,36.768510034591294,36.41898175444413,36.230837034691476,-1.4033264033264012,5.2135330005546185,1.7703862660944114,38.10599999999993,37.207499999999996,36.44459999999998,36.70040000000002,12.66228348296232,2.797805,57.932742989668995
BROS,Dutch Bros Inc.,46.58,USD,0.7352941176470509,2810754,0.725835653017197,8137796293.0,USD,Consumer services,Strong buy,54.11598960476687,56.28968648313383,57.28326093302674,-9.112195121951222,-28.54732320908115,-24.08735332464146,47.22400000000002,49.72000000000001,59.369199999999985,57.19595000000004,65.66112207499295,0.957061,50.6476959014653
FORM,"FormFactor, Inc.",103.9,USD,7.379082265398925,1100435,0.9983022869140559,8116743711.0,USD,Electronic technology,Strong buy,112.2780167707574,114.67167531804543,113.63935229813306,-5.079481088982266,-11.874469889737064,79.60242005185825,98.65200000000002,113.09025000000004,114.06390000000005,102.03720000000004,71.23268887974771,3.048201,159.21450151057402
IMVT,"Immunovant, Inc.",39.25,USD,0.3323108384458143,765742,0.6573301207731708,8107193027.0,USD,Health technology,Strong buy,40.13688051331341,38.69375968709684,36.34690216476104,-9.290501502195523,-1.2081550465643014,53.440187646598915,39.716,42.153000000000006,40.44140000000003,30.559425000000005,nan,-2.936197,1.2756536407084698
LEVI,Levi Strauss & Co,21.06,USD,1.739130434782606,2177855,1.1448345808901035,8104952629.999999,USD,Consumer non-durables,Strong buy,22.447558282153175,22.704648852964787,22.63284620768147,-1.450631726719711,-14.215885947046852,1.1527377521613758,20.667999999999992,21.649500000000007,23.35980000000003,21.927549999999968,17.23404255319149,1.540759,20.72712902588421
ATR,"AptarGroup, Inc.",127.41,USD,-0.7014262333411314,323986,0.9502240015251168,8100871645.0,USD,Process industries,Strong buy,130.73271387942984,129.48360218778626,128.37002864073628,-4.597529015350067,-6.911668006137216,4.6574667323804855,129.71799999999993,132.47799999999998,131.2256,126.52210000000002,23.02021789798905,5.517143,-4.529694857951115
PCTY,Paylocity Holding Corporation,152.25,USD,-1.4116428155151244,566124,1.0503762157853664,8077922901.999999,USD,Technology services,Strong buy,144.11780629259397,136.92328612238214,131.38124139356097,-3.529337219617281,1.5,0.32948929159802304,155.504,151.77450000000007,136.47750000000002,125.30742499999991,30.80175605413826,8.830307,23.061793556739516
MHK,"Mohawk Industries, Inc.",133.63,USD,1.4654517843583954,1032214,1.186605768398434,8076349569.0,USD,Producer manufacturing,Buy,128.6815938142663,124.36678618588881,120.34100389380306,2.618645369374901,-1.2926577042399172,22.00310417237286,129.56800000000004,133.45450000000002,123.84219999999993,113.86085000000008,17.716232698732565,9.845964,0.2445377704534548
FIGR,"Figure Technology Solutions, Inc.",35.96,USD,-0.6904170118751726,2755293,0.7071719579234568,8039404267.0,USD,Finance,Strong buy,33.36889199748966,32.82086355379046,33.075066777024986,-4.081088290210726,28.017087931648277,-13.847628174413035,35.15,35.030750000000005,31.686399999999985,36.889025000000004,39.40821917808219,1.204962,nan
CHRD,Chord Energy Corporation,146.39,USD,-1.087837837837847,344824,0.5625222472830991,8007221472.0,USD,Energy minerals,Strong buy,139.8804228489121,136.7917742243871,132.98709639255063,0.10257111597372624,6.573966220151406,58.12270468783754,148.29800000000006,143.87325000000004,133.58070000000004,120.99689999999997,9.813503874721798,19.748632,281.93409632076197
PRMB,Primo Brands Corporation,22.0,USD,0.41077133728890847,5805111,1.2450658907155463,7962761962.999999,USD,Consumer non-durables,Strong buy,23.177151449003688,23.18527389853553,22.867044025150125,-3.0837004405286312,-14.695618456766185,34.80392156862745,22.34000000000001,23.233999999999988,23.6692,20.719900000000006,80.46817849305049,1.326,nan
THG,Hanover Insurance Group Inc,228.38,USD,-1.424378453038679,209393,0.8492378099476895,7952242230.0,USD,Finance,Buy,223.30254928524198,217.84697250594792,210.19241119597083,-0.1530188431775431,-0.3751526784156402,25.59392872855257,227.84199999999993,225.26700000000014,221.71259999999995,191.4539499999999,10.89443304870486,20.285878,37.99164006187672
CDP,COPT Defense Properties,35.16,USD,-0.39660056657223963,537210,0.704966416954153,7950165443.0,USD,Finance,Strong buy,36.419887421265884,36.00728742922465,35.14503030431273,-6.0646540208389075,-7.522356654392443,26.56587473002158,35.48800000000004,36.629500000000014,37.014800000000015,32.6708,24.500034840777644,1.44545,13.008898338451846
HQY,"HealthEquity, Inc.",96.07,USD,-2.7434703381251344,432485,0.4020437732554367,7946458258.0,USD,Finance,Strong buy,98.41874630384204,96.52817321533094,94.09243723589691,2.616962187566747,-9.725615485810946,4.742695159180108,97.3860000000001,101.94124999999991,99.2297999999999,89.38369999999998,34.697341808725795,4.723607,67.61305163750833
NFG,National Fuel Gas Company,83.32,USD,-0.25140668023465573,444249,1.0345126299314693,7919158118.0,USD,Energy minerals,Buy,82.0444747679581,81.86027097043264,82.20962324751059,0.2044497895369663,1.9080234833659344,4.110958390603514,83.39000000000001,82.76600000000003,81.33719999999994,83.67270000000003,11.590735202058843,7.28,169.00048647232722
ZWS,Zurn Elkay Water Solutions Corporation,47.61,USD,-0.020999580008395656,570531,0.7205937015828076,7896789425.0,USD,Producer manufacturing,Buy,48.911850158733664,48.94972414525704,48.772462752659564,-2.3384615384615395,-10.473862354268523,2.3650827778972294,47.31399999999998,49.13049999999997,49.15299999999995,48.330924999999944,29.233697654427115,1.830509,60.9129532654876
GAP,"Gap, Inc. (The)",22.43,USD,0.4928315412186354,7841032,0.6632285779587247,7878988699.000001,USD,Retail trade,Buy,21.30440610280248,21.33063276633165,21.793535581343704,-9.135102288839372,7.784718885151375,-12.994569433669515,22.223999999999954,21.02850000000002,20.25439999999998,23.927699999999977,6.701123326959847,2.426745,43.84185646755479
PATH,"UiPath, Inc.",15.19,USD,-16.630076838638853,104578089,1.5759665115614319,7870251171.000001,USD,Technology services,Buy,14.906233964341265,14.002360431263185,13.298357484016039,-16.193103448275867,7.047216349541931,-7.939393939393943,17.642000000000003,16.679999999999996,13.89459999999999,12.892000000000003,22.60080345186728,0.786188,1782.6330532212885
ZETA,Zeta Global Holdings Corp.,31.35,USD,-4.06976744186046,4785871,0.5854481484776647,7869276263.0,USD,Technology services,Strong buy,27.181200698931928,25.200808642779883,23.32184286769963,5.201342281879197,27.18052738336715,52.6290165530672,31.4,29.451,24.851799999999983,20.089650000000002,nan,0.970637,92.81997918834547
MORN,"Morningstar, Inc.",209.4,USD,-2.9477196885428185,269214,0.956391932621216,7855341094.0,USD,Commercial services,Strong buy,200.87919647818902,193.93818041430413,189.98927446626726,-4.160373472470138,2.868932992729418,-3.1049002822636655,212.7520000000001,210.79849999999982,190.08529999999976,187.93289999999976,19.851916458888333,12.315837,12.230544974783475
IDA,"IDACORP, Inc.",135.7,USD,-0.30855127828387885,278667,0.6586593949495855,7849165307.0,USD,Utilities,Strong buy,140.33701902364692,141.78611803331083,142.02533537572637,-2.155887230514103,-5.197708537096548,7.349102127996197,135.9000000000001,138.70650000000006,144.34339999999986,139.36784999999995,22.450532724505322,6.378671,6.241541138628657
SYRE,"Spyre Therapeutics, Inc.",88.98,USD,1.9828080229226406,803857,0.5878936287834192,7845702092.0,USD,Health technology,Strong buy,95.41453088869939,92.11001688521188,84.68862746132451,-3.0190735694822846,-15.208690680388788,171.61172161172166,88.22200000000005,99.29800000000007,98.07680000000006,61.9856,nan,-2.739089,28.51287096245286
CBC,"Central Bancompany, Inc.",32.64,USD,-0.12239902080783092,599079,0.8897541023171399,7817447696.000001,USD,Finance,Strong buy,32.12813576902212,31.348306132032995,30.136675190716563,0.9588617383235456,-2.0995800839832115,36.11342785654712,32.251,32.478249999999974,32.079299999999996,nan,17.915363082496295,1.908,nan
Z,"Zillow Group, Inc.",34.59,USD,-2.122241086587436,3785137,1.188484196495389,7808647985.0,USD,Technology services,Buy,34.58026675502905,35.10301162839655,37.44539862274188,-2.9733520336605754,-4.7632158590308284,-49.540481400437635,34.584,35.02099999999999,33.78009999999999,46.810499999999976,153.52862849533958,2.23955,nan
CMC,Commercial Metals Company,70.28,USD,2.2254545454545474,730988,0.7794683597295936,7774678216.000001,USD,Non-energy minerals,Strong buy,69.22494885613368,69.25277045132154,69.11677909495138,2.002902757619732,-5.664429530201341,0.25677603423681433,68.55799999999998,69.20599999999995,67.84359999999997,69.78620000000005,13.24538258575198,6.390177,1609.9581050596196
CELH,"Celsius Holdings, Inc.",30.66,USD,-3.0053780449224905,5985402,0.8185588595988501,7758054577.0,USD,Consumer non-durables,Strong buy,30.787520924151245,31.069611052617574,32.51277740429564,-6.438815990234979,1.7928286852589612,-33.965108765884125,31.145999999999997,31.304749999999938,30.199900000000074,37.736174999999974,132.61245674740485,1.450746,-36.255858836504004
VLY,Valley National Bancorp,14.025,USD,0.8992805755395683,3836375,0.6428256617931135,7750288064.0,USD,Finance,Strong buy,14.265858269679645,14.202471578685042,13.945194091246297,0.1428061406640455,-5.809267965077234,19.871794871794883,13.751000000000005,14.29075,14.486500000000001,13.1416,11.840439003799071,1.278804,51.664532650448145
ALKS,Alkermes plc,46.1,USD,-1.6638225255972718,1064034,0.8165541548807926,7733886024.999999,USD,Health technology,Strong buy,48.135275634181134,47.29023309784994,45.01831213891492,-5.571487095452681,-8.167330677290838,64.58407711531595,46.97799999999998,48.584999999999994,50.56869999999998,37.71079999999999,119.74025974025975,-0.478707,-81.51881720430107
APLD,Applied Digital Corporation,26.37,USD,1.7753763025858775,13466963,0.911320786522279,7686040839.000001,USD,Technology services,Strong buy,28.616189797457793,30.23856039208658,31.290266119814035,-1.6044776119402975,-15.127132281943995,4.188067957329128,25.377999999999997,27.889000000000017,29.271900000000002,32.20065,nan,-0.77,18.887368901048795
OKLO,Oklo Inc.,41.27,USD,3.5893574297188744,8127272,0.8364091808123266,7676948683.0,USD,Producer manufacturing,Buy,43.83540789171628,46.87701206802025,51.589599043085755,-1.7380952380952306,-4.090169649082031,-44.22219218813352,39.9459999999999,42.3675,44.07259999999996,64.85,nan,-0.93154,-132.91201982651796
AXTA,Axalta Coating Systems Ltd.,35.78,USD,-0.5282179594106137,1798918,1.3300212643053115,7657635492.0,USD,Process industries,Buy,35.72130065571505,34.8575988977264,33.82199190943197,-3.791341758537232,-5.218543046357613,9.788278613071487,35.80800000000001,36.384,35.076,31.83264999999998,22.044236337871975,2.65115,-20.225105671876545
NOV,NOV Inc.,21.39,USD,-0.4653327128897063,1824522,0.5875990053738654,7625066746.0,USD,Industrial services,Buy,20.499421014608576,20.207941899376483,19.824561005181792,2.5899280575539527,7.00350175087545,36.06870229007633,21.447999999999986,20.86499999999999,19.911199999999994,18.955050000000018,82.11132437619962,0.825349,-78.59842260926717
TAP,Molson Coors Beverage Company,40.5,USD,-0.1725412866650241,1989652,0.7797391320330419,7591357254.999999,USD,Consumer non-durables,Buy,41.565148525110416,41.64229152463145,42.12364671527867,-2.197536826853409,-4.255319148936164,-13.848117421825139,40.225999999999985,41.610499999999945,41.059599999999776,44.08369999999998,nan,4.719771,-327.2976113113172
SFM,"Sprouts Farmers Market, Inc.",81.4,USD,2.868697080753204,1512926,0.9719330799374079,7590357001.0,USD,Retail trade,Buy,81.93095085488851,81.89310827499851,82.13583635006914,0.15996062507691605,-6.587101216433321,2.364185110663996,80.428,82.13799999999995,81.40709999999994,79.16962499999994,15.596857635562369,5.569376,7.524001813012498
APPF,"AppFolio, Inc.",214.28,USD,-4.155298116920871,358235,1.0185212300555526,7589233574.0,USD,Technology services,Strong buy,204.33285091313175,194.93672610895163,189.2686534851997,-7.446440912232208,5.129400220777635,-7.812768886594388,224.32199999999997,216.26899999999964,192.25750000000008,187.72009999999995,48.84876669858205,6.9,-20.83378451543044
SSRM,SSR Mining Inc.,37.15,USD,-4.474157881203399,2534211,1.0157098066111672,7575231438.0,USD,Non-energy minerals,Strong buy,33.6042722195764,32.223735554055985,30.910902270075468,-5.374426897605704,35.9809663250366,65.55258467023171,37.446000000000005,35.69000000000001,30.934099999999997,28.122749999999986,34.26805645235679,4.107509,41.490472461498314
DBX,"Dropbox, Inc.",34.83,USD,-2.436974789915979,2722504,0.7873827600361365,7573526798.000001,USD,Technology services,Buy,33.31939072700045,31.902885486547934,30.45014711278145,-2.926421404682286,0.9272674587076218,26.01302460202604,34.895999999999994,34.64399999999999,32.11780000000003,27.660600000000066,19.34247792525129,3.066418,10.168247170388492
AVT,"Avnet, Inc.",92.06,USD,1.3653380312706553,1119973,1.0840453521306168,7555637893.0,USD,Distribution services,Buy,90.2659621124325,88.46020646131639,84.66761835104491,0.6230189091704093,-0.6260794473229688,89.4238683127572,90.36399999999996,91.71775000000004,89.30349999999991,71.75645000000003,23.07036888532478,11.612,46.114976199194444
FLR,Fluor Corporation,56.16,USD,-2.3304347826087013,2251957,0.9546259568856064,7510897817.0,USD,Industrial services,Buy,53.16211106591844,52.15193453807575,50.91143004494342,3.807763401109048,8.837209302325572,39.63202386872202,56.20399999999999,53.584499999999956,51.915999999999855,47.87564999999992,nan,2.698259,-152.5275023879319
HNGE,"Hinge Health, Inc.",92.37,USD,1.7739092111062134,1179523,0.5811498472189554,7453743731.999999,USD,Technology services,Strong buy,85.47521616655747,80.59983307928859,73.80900503001729,0.4021739130434832,20.808265759874462,98.90180878552974,91.51199999999997,89.47649999999997,85.37820000000004,56.78937499999999,71.13044817495765,2.351417,nan
OMF,"OneMain Holdings, Inc.",64.63,USD,0.0774233508826218,580688,0.6823539641859585,7435129616.000001,USD,Finance,Strong buy,62.842514324386464,61.697204094860595,60.60774952182861,1.1107634543178875,-1.2226807274950502,-4.506501182033113,63.18400000000001,63.666499999999985,62.19900000000001,59.95345000000002,9.746497564506642,7.092059,19.86587371884095
KEX,Kirby Corporation,140.77,USD,-1.744957074055978,418015,1.216642135811391,7432656117.999999,USD,Transportation,Strong buy,139.0953126215176,138.95854638146986,137.58758914444834,0.17791061770566466,4.7551719005804545,27.163504968383023,141.69400000000002,138.93499999999995,138.90299999999993,132.3046999999999,21.6266457728411,7.122245,23.236396682949007
FAF,First American Corporation (New),72.75,USD,-4.91439027578095,1219088,1.588670197890492,7427774889.0,USD,Finance,Strong buy,72.78482492237538,71.81327324128281,70.40702848443208,-2.792624265098882,-4.852210306042367,18.678629690048943,74.16399999999997,73.26449999999997,72.65500000000006,66.86350000000003,10.069622268052653,6.962,299.0224235060201
SSD,"Simpson Manufacturing Company, Inc.",180.97,USD,1.622866127583101,145012,0.6778444087839496,7416998311.999999,USD,Producer manufacturing,Buy,188.07685686016626,188.97644979130044,188.3205493463794,-1.4431979087245428,-7.654232790733276,11.366153846153846,179.21399999999994,187.71699999999967,191.25799999999995,183.83470000000034,19.764317854178497,9.17,16.600448247758752
CAG,"ConAgra Brands, Inc.",15.48,USD,-0.8962868117797618,7716818,0.8022869699815436,7408195939.0,USD,Consumer non-durables,Buy,15.344366661471636,15.10411522675077,15.138222041587538,-3.9106145251396587,3.0625832223701788,-10.15670342426001,15.881999999999996,15.814999999999994,15.0124,15.875499999999949,nan,1.447841,-266.5292868739853
AXS,Axis Capital Holdings Limited,101.14,USD,-0.25641025641026144,612456,1.2314259972402013,7379813950.0,USD,Finance,Strong buy,102.96405817758999,103.63435291105179,103.56050048928782,1.863228925370122,-2.656400384985568,-5.2197544747446285,100.15799999999994,99.88749999999995,106.51899999999986,102.9395000000002,7.182677489684755,12.28255,35.40560812370181
CIFR,Cipher Digital Inc.,17.74,USD,2.1301093839953795,25036667,0.9016691097865654,7362645077.0,USD,Technology services,Strong buy,18.216204232384854,18.959576677290737,19.088142802578414,9.573810994440995,-12.782694198623409,18.503674014696042,16.080000000000005,16.468749999999993,19.4457,18.377725,nan,-1.295457,-522.4881463084218
SLAB,"Silicon Laboratories, Inc.",220.58,USD,-0.05890082008064675,346881,1.0526211976566135,7360040038.0,USD,Electronic technology,Buy,218.66791414785575,217.4686018529276,213.04911167121185,0.6295620437956314,0.767473732297856,66.07438638759224,219.93799999999993,218.93399999999983,218.327,194.05707499999997,nan,2.907218,63.222884090345
AVAV,"AeroVironment, Inc.",144.65,USD,-1.739012295360371,1539913,1.1534544354139507,7351490626.0,USD,Electronic technology,Strong buy,159.42358083499454,164.37703706432453,174.80291411038104,-4.935594111461613,-16.863038105638257,-41.77902998591265,145.95399999999995,164.08650000000003,158.95959999999994,212.46819999999988,nan,3.226747,-451.9178437216534
AWI,Armstrong World Industries Inc,173.33,USD,1.4575040974010822,441535,1.2805584010153168,7325415537.000001,USD,Producer manufacturing,Strong buy,173.11265895809836,170.91047652437956,170.27246945111793,-1.4442485927105202,-5.768185277807974,-9.21328305049234,170.9600000000001,177.51200000000043,169.4911999999999,174.40704999999969,23.745462017946437,8.435944,8.054297302898426
MTDR,Matador Resources Company,59.15,USD,-0.9544541192230414,2349459,1.378633212267333,7320062246.0,USD,Energy minerals,Strong buy,55.0753166212918,54.41148549863246,53.894042096714905,3.6809815950920273,20.76357697019192,39.603493037526555,59.13399999999999,56.38650000000007,52.93220000000004,51.77740000000004,10.158343065192003,7.767049,-14.615441014737145
NE,Noble Corporation plc A,45.61,USD,-2.1034556771839537,1129089,1.0032666238794,7281281382.999999,USD,Industrial services,Buy,44.39096437968689,44.175939312561454,43.807501948601285,-2.1874329830581236,10.677020140742535,61.56571023733617,46.54199999999999,45.663999999999994,42.49760000000003,41.83614999999998,49.30810810810811,0.61576,-52.02530989056584
FSS,Federal Signal Corporation,119.28,USD,1.8094912939569858,326123,0.8665438551600098,7281043252.0,USD,Consumer durables,Strong buy,120.99704496649929,120.175893810822,118.77472598784561,-0.847880299251867,-10.241553164271192,9.210767258743822,116.43400000000001,121.42999999999999,121.95660000000005,115.25300000000001,25.693053311793214,5.231016,29.12691569549134
MSA,MSA Safety Incorporated,188.69,USD,0.5220819348995737,237641,1.0588505255465996,7279337452.000001,USD,Electronic technology,Buy,185.59543849396118,182.15338891618305,179.0664347272245,-1.8670688579155417,-2.2179613411411108,17.761967172189983,187.8180000000002,189.55299999999977,181.44440000000043,174.51109999999946,23.466570490498455,9.162821,14.6474656020532
MBLY,Mobileye Global Inc.,8.56,USD,2.8846153846153872,2725552,0.860456370658906,7277606092.0,USD,Technology services,Buy,8.71782810608581,8.779874439676401,8.930268864995895,-1.040462427745663,0.3516998827667191,-18.47619047619047,8.454000000000002,8.733500000000005,8.794599999999999,9.247650000000009,nan,0.490912,-36.48789592139211
STAG,"Stag Industrial, Inc.",37.68,USD,-0.05305039787799237,1523614,0.9086414611030362,7265018097.0,USD,Finance,Buy,37.81696278398874,38.058848785754705,38.156973142088844,1.0187667560321785,-0.23828435266085096,2.7262813522355507,37.54400000000008,37.01500000000002,38.45000000000002,38.15690000000004,28.897921619756115,1.097368,3.189300411522634
PPC,Pilgrim's Pride Corporation,30.48,USD,-0.09832841691249142,955639,0.7723030582308581,7257548061.000001,USD,Process industries,Buy,29.890063469193155,29.92475798438651,30.818275235671322,-2.7130545802744908,11.812179016874536,-21.946222791293206,30.916000000000004,30.03250000000001,29.044499999999985,34.50262499999997,13.326337880377755,2.46125,-55.971355971355976
MAAS,Maase Inc.,16.35,USD,-1.8018018018017847,53306,0.4158355442424961,7229570887.0,USD,Technology services,,16.41349188791136,15.659707618422622,14.192613833815413,-1.2681159420289694,-16.41104294478526,202.77777777777777,16.607999999999997,16.616999999999997,16.682200000000005,9.708408499999997,nan,nan,nan
TEX,Terex Corporation,63.23,USD,0.7488846398980225,642542,0.6749143334976481,7227189141.0,USD,Producer manufacturing,Strong buy,65.32554191070001,65.16716420377757,64.25696953321362,-2.633199876809364,-5.230815347721826,18.054518297236733,62.120000000000005,64.9385,66.07019999999999,61.18972499999993,32.80244864079685,5.042071,-28.130942172178518
DUOL,"Duolingo, Inc.",154.46,USD,-2.7452461906560797,1056458,0.9558155887460974,7226567802.0,USD,Technology services,Buy,139.59318691494545,134.23575278093472,132.9411361337542,7.863128491620125,11.757470515881629,-12.601142986476537,155.65199999999993,144.75199999999998,135.17410000000004,131.3623500000002,18.52460392655401,2.750347,246.51124132485563
VFS,VinFast Auto Ltd.,3.08,USD,0,193652,0.6268809877198633,7205770359.0,USD,Consumer durables,Strong buy,3.1297429733253623,3.1851495509931174,3.261034334646991,-2.222222222222217,-8.333333333333327,-7.784431137724545,3.105000000000003,3.1192499999999983,3.108500000000002,3.399449999999998,nan,-1.532,-29.11998820754717
ZGN,Ermenegildo Zegna N.V.,12.56,USD,-0.7114624505928843,1782700,1.6670762585224097,7171971231.999999,USD,Consumer non-durables,Buy,13.650428822565377,13.598684233329775,13.251136982380471,-8.853410740203186,-16.378162450066572,22.178988326848263,12.878000000000004,13.58950000000001,13.843199999999994,11.978299999999996,36.60740308947829,0.46932657423999996,-15.304862996790916
TRNO,Terreno Realty Corporation,65.65,USD,-0.22796352583585333,669677,1.0081613137589465,7153901281.999999,USD,Finance,Buy,67.89121248434651,67.84865518363623,67.18174839920846,-2.2338049143708116,-7.103438517051076,11.76370446033368,65.96999999999996,67.63049999999998,69.3066,64.92755000000007,17.683978019609956,2.11,47.77485868959479
NCLH,Norwegian Cruise Line Holdings Ltd.,15.57,USD,-0.12828736369467333,11726463,0.8490078826682971,7149554462.0,USD,Consumer services,Buy,17.69076821188354,18.193050252545998,18.691301048939046,-7.266229898749249,-22.72952853598014,-30.861456483126105,15.659999999999965,17.251000000000012,18.758199999999967,19.846599999999988,9.83948432760364,1.547216,13.899085870582311
ACA,"Arcosa, Inc.",145.45,USD,-0.02062139125653089,755671,1.4066354342029728,7142585031.000001,USD,Non-energy minerals,Buy,143.98064544572426,141.06728967373851,136.03330399813547,0,0.08257070116285427,36.09993449985962,145.43200000000007,145.23349999999996,145.10319999999993,123.40683999999989,54.42265958242909,4.28,42.46268656716419
CLF,Cleveland-Cliffs Inc.,12.5,USD,1.7915309446254124,7494736,0.584407032915408,7131750488.0,USD,Non-energy minerals,Buy,11.665118506890988,11.48663936169645,11.350736692151203,5.042016806722686,0,-7.475943745373796,12.058000000000021,11.83350000000004,11.008999999999988,11.418949999999986,nan,-0.196375,52.62541022034692
AUGO,Aura Minerals Inc.,84.91,USD,-3.631823856542961,849466,0.9166626919646187,7114543856.0,USD,Non-energy minerals,Strong buy,76.17431426471873,73.49448242301088,71.55180108332878,-4.820087434144152,36.69806004990742,66.05065023956195,84.04899999999999,82.77374999999998,68.41310000000001,68.54994999999997,24.092727633856367,7.010736,nan
SGHC,Super Group (SGHC) Limited,13.99,USD,-1.2702893436838372,2304899,0.920571084222246,7108272006.0,USD,Consumer services,Strong buy,13.732253633561278,13.590777055392204,13.240384943987161,0.5028735632183928,1.450326323422778,15.524360033030561,13.789999999999988,13.453500000000023,14.028399999999994,12.077750000000007,19.230240549828178,0.840268,175.8816837315131
ESE,ESCO Technologies Inc.,274.02,USD,0.05477051155656963,132481,0.6856264833650922,7099190969.999999,USD,Electronic technology,Strong buy,295.5949592777398,300.3423216504884,298.0834991810894,-3.1286456676211767,-15.769088897085949,40.602391092411104,271.09000000000003,286.4999999999999,310.66020000000015,277.0847000000004,49.983583233008645,8.357803,23.50635306839687
CAVA,"CAVA Group, Inc.",60.76,USD,-1.4755959137343988,1969792,0.9267864000389197,7097144402.0,USD,Consumer services,Strong buy,68.33621072418649,70.65653437843541,72.50786799684585,-9.3134328358209,-4.928806133625409,3.087885985748219,62.20999999999998,67.44400000000003,68.16180000000013,72.03385000000002,108.49999999999999,0.54552,-52.83018867924528
CAI,"Caris Life Sciences, Inc.",25.07,USD,-0.9873617693522907,4711320,0.8134040153151967,7084661184.999999,USD,Health technology,Strong buy,22.41199246805138,21.14028376138219,20.559920068630277,-4.1300191204588845,56.39426076107298,-7.490774907749081,25.092000000000002,24.370999999999995,19.98059999999997,20.94757500000003,67.33816814396991,0.124545,nan
BLDR,"Builders FirstSource, Inc.",65.79,USD,2.5085696478653774,2444192,1.1324435577525171,7078770596.999999,USD,Retail trade,Buy,70.80639985915485,73.31534335003708,77.5374588432672,-2.993217340017675,-11.382004310344813,-36.057925940324616,64.45000000000007,69.09500000000013,73.14500000000007,90.1199000000001,71.54975530179446,3.11046,-86.04047427469675
RYTM,"Rhythm Pharmaceuticals, Inc.",102.74,USD,-2.0497664219658747,466906,1.1213566584049033,7073862685.999999,USD,Health technology,Strong buy,106.51615701244327,104.63614852630518,102.11735713487295,-6.777969331276653,-7.2994676531625045,-3.239781503107941,104.78399999999996,111.15225000000005,109.5086999999998,99.59022499999993,nan,-3.010297,-3.3095908563856176
NAVN,"Navan, Inc.",27.78,USD,0.25261638397690467,1486163,0.6278448740969014,7065322621.0,USD,Technology services,Strong buy,27.269338437513163,25.75121362778184,23.698311382150983,-8.678500986193296,-1.5417331206804845,64.18439716312056,27.751999999999992,28.79974999999998,27.003900000000016,17.955775000000003,nan,0.253592,-85.00579672806904
ETSY,"Etsy, Inc.",76.51,USD,-6.729245398025108,3077136,1.0754846780614074,7022222158.999999,USD,Retail trade,Buy,79.78724329678693,77.71748594723131,74.12713362748302,-8.568355640535374,-12.19876061510213,36.77154093671793,80.66799999999999,81.21100000000007,81.28600000000004,63.928649999999976,45.01117778562184,3.295188,35.9404990403071
RAL,Ralliant Corporation,63.46,USD,1.1475932419509065,572078,0.5334695298014012,7021214743.999999,USD,Electronic technology,Buy,65.31613665528003,64.53314418930522,62.09689330244422,-0.17303759635047888,-4.800480048004794,23.36702954898912,62.12199999999998,65.84899999999996,67.56439999999996,54.90684999999998,nan,2.858031,nan
AN,"AutoNation, Inc.",212.36,USD,2.5002413360363,358394,0.9483196811645053,7020792841.0,USD,Retail trade,Strong buy,204.73428302055925,202.82462131940463,201.4337248409789,6.217176011604065,-3.4332226820062677,3.102393552459103,206.1420000000001,203.14999999999995,202.77519999999976,201.56494999999998,9.837265429210694,21.795745,35.24606083388153
VCTR,"Victory Capital Holdings, Inc. Class A Common Stock",113.73,USD,0.2379693283976822,668186,1.0320671942027562,6995483725.0,USD,Finance,Buy,108.78163045402249,103.00902622579088,96.12218951893094,-6.801606162419075,10.417475728155344,79.55478370697821,113.92999999999998,115.99475,103.67110000000002,80.34915,20.840739586960108,7.946286,34.7132735935224
LUMN,"Lumen Technologies, Inc.",6.77,USD,-2.0260492040521068,8543315,0.6846436634450146,6982885572.0,USD,Communications,Buy,6.565079190483605,6.853569940280995,7.152040755314405,9.991876523151896,3.3587786259541947,-14.30379746835444,6.624000000000004,6.308499999999998,6.481399999999988,7.743249999999992,nan,-0.878451,13.542895668295976
WFRD,Weatherford International plc,95.88,USD,-0.5703619205641515,520873,0.5079254717983873,6969362887.0,USD,Industrial services,Strong buy,91.8853829948025,91.97135655816575,92.15027912598248,4.319442933304319,6.580702534459763,21.95370134825743,96.46200000000002,92.95275000000004,87.60269999999993,92.33484999999995,18.943749629541816,5.16167,-22.193697156033817
HXL,Hexcel Corporation,91.98,USD,-0.4868549172346671,512918,0.7685137669113169,6955845298.000001,USD,Electronic technology,Buy,97.4514083792846,97.20173539768716,95.12464211504373,-4.207456779837526,-11.989283322170127,23.84542884071632,92.18200000000004,96.56949999999992,100.43959999999991,88.5966150000001,46.363223952820206,2.403421,84.24034175334324
URBN,"Urban Outfitters, Inc.",80.97,USD,0.48399106478034326,681381,0.431404051676986,6935112233.0,USD,Retail trade,Buy,76.92699161519317,75.48217387320425,74.0827618565433,1.9516494585746627,1.9388140501070024,7.544162571390613,80.05600000000003,77.89200000000008,74.8824000000001,71.96834999999997,12.62729441853937,6.291988,25.49023445144625
S,"SentinelOne, Inc.",19.88,USD,0.40404040404039543,6573301,0.6572416287043601,6919216477.0,USD,Technology services,Strong buy,20.197940962091973,19.342748349643724,18.33450045814172,-7.491856677524428,-6.754221388367735,31.655629139072843,20.417999999999996,21.48399999999999,19.823199999999996,16.022750000000002,nan,0.320278,23.480830428852858
LW,"Lamb Weston Holdings, Inc.",49.87,USD,-1.1300555114988111,1071774,0.7836029839635319,6856178224.000001,USD,Consumer non-durables,Buy,51.181085175281204,49.882799381495495,48.753910894446236,-9.426080639302587,-6.487905494093384,18.51235741444867,51.969999999999985,53.24450000000007,50.46319999999995,47.090600000000066,23.900124604619958,3.02296,-16.745800582532027
VNO,Vornado Realty Trust,36.59,USD,0.13683634373290712,893176,0.8658602730363847,6832104414.0,USD,Finance,Buy,38.04999692847428,37.528374703694006,36.481429186639325,-6.05905006418485,-10.777859058766142,10.045112781954897,36.745999999999995,38.22849999999994,39.040799999999955,33.41114999999999,1475.4032258064517,-0.355,-99.38629052214797
ALGM,"Allegro MicroSystems, Inc.",36.61,USD,2.952755905511803,2508920,1.1853945287927763,6824179305.0,USD,Electronic technology,Strong buy,41.21534946190512,42.91286623128884,43.0543160516671,-2.399360170621164,-12.874821513564976,35.592592592592595,35.87199999999998,38.7495,45.5348,39.41964999999997,487.48335552596535,1.027337,nan
CAMT,Camtek Ltd.,145.72,USD,4.910007199424041,304546,0.8715560491878296,6800486481.0,USD,Electronic technology,Strong buy,148.48629309757328,152.0264630772317,153.915183624437,2.3027239539455215,-1.805929919137471,31.813658977838084,135.73399999999987,149.99024999999995,147.99050000000017,152.03159999999997,241.2183413342162,3.612417,-77.69531826908876
CHE,Chemed Corp,519.84,USD,-0.8790161121174589,84283,0.5572230809610764,6794288666.0,USD,Health services,Buy,518.7748704104703,504.3441053651377,486.5716163151468,-0.33933398516132396,-5.475043185744161,21.557348298842527,520.4320000000009,532.1369999999997,516.2592000000009,447.7949,26.110935310338593,25.5225,2.3551730520081344
TTD,"The Trade Desk, Inc.",14.43,USD,-4.37375745526839,25537140,1.3864117937072913,6780376854.0,USD,Technology services,Buy,15.291915874903214,16.64866158667962,19.03663944344774,7.414024117909785,-26.075819672131146,-62.220185888205265,14.314000000000064,13.705500000000061,16.578599999999927,25.032224999999904,17.125563731307857,0.402121,1.5915119363395211
MSM,"MSC Industrial Direct Company, Inc.",121.41,USD,2.985834252269061,429690,0.8373845865422129,6780299270.999999,USD,Distribution services,Buy,120.9766483977531,119.05581332520532,114.95964366282452,-0.9383159268929551,-5.333333333333336,45.995670995671,118.47799999999984,120.31299999999983,122.05739999999987,101.82650000000005,29.379310344827584,4.613643,16.559485530546635
ACT,"Enact Holdings, Inc.",49.27,USD,-0.4847505554433345,553757,1.4047750840824949,6773820636.0,USD,Finance,Buy,48.18385416559777,47.118059134189224,45.77530429237613,-0.1216298398540344,2.5176862255513957,23.980875691997987,48.826000000000036,49.265000000000036,47.54339999999999,42.804525000000034,10.386188287870484,4.800104,7.784240661637735
MATX,"Matson, Inc.",225.59,USD,1.493678859045302,232961,0.9199886581555444,6745920900.0,USD,Transportation,Strong buy,216.05994497977065,209.32787959964963,199.0928017145393,0.08429458740017645,5.258491974617399,81.78082191780823,222.0280000000001,218.91650000000004,211.80059999999997,171.48235000000014,15.082771715875054,16.053383,1.1325755782897002
SRRK,Scholar Rock Holding Corporation,55.33,USD,-1.0904540579191981,658048,0.6314364274819855,6738379672.0,USD,Health technology,Strong buy,53.924075869782705,52.66010000064682,51.020168958790975,-5.821276595744684,15.102974828375281,25.778586042282324,56.011999999999986,55.60000000000006,53.43710000000008,47.725875,nan,-3.325022,-14.401246229823336
POOL,Pool Corporation,185.22,USD,0.6247623186831128,587500,0.9623098844212595,6731033358.0,USD,Distribution services,Buy,191.9931967058057,194.92051389455486,200.5205008296443,-0.3067979977393795,-8.578479763079958,-18.805891635981066,184.3119999999999,190.36199999999982,197.61320000000015,215.54149999999953,17.031567525815856,10.981721,0.3534253654215226
PACS,"PACS Group, Inc.",42.5,USD,-1.3234269793359654,649463,1.1139354141357283,6729263076.999999,USD,Health services,Strong buy,43.69669996518435,42.83060139064905,41.00982692794691,-4.149751917004969,-5.555555555555555,10.418290465055852,42.62199999999998,44.05950000000002,44.59420000000004,37.75544999999999,25.468927907952295,2.367539,103.6241610738255
DOX,Amdocs Limited,62.21,USD,-1.6908975979772443,1062481,0.9681733627189455,6691991758.0,USD,Technology services,Buy,59.31911313023807,58.92901067969622,60.23332562495467,-1.1598347632665982,9.679125528913968,-22.91201982651797,62.722,60.68799999999999,56.22140000000003,66.3236250000004,14.872812470115711,7.416,-15.478499838344648
LB,LandBridge Company LLC,86.53,USD,0.5110930421651733,182186,0.7484611614528492,6670200588.999999,USD,Commercial services,Strong buy,81.79380467520221,78.91425097385154,75.75677343342417,-3.5124888492417545,17.79199564388784,73.47634322373696,86.30799999999994,84.22449999999995,79.2516,67.74990000000004,97.90676623670514,1.884103,74.42273534635878
JOBY,"Joby Aviation, Inc.",6.74,USD,-1.8922852983988339,23761786,1.05052244553907,6666697336.999999,USD,Electronic technology,Buy,7.531246459802121,7.944753825363908,8.553810316138645,-5.734265734265736,-15.113350125944585,-49.88847583643122,6.791999999999999,7.470000000000001,7.6884000000000094,10.352250000000003,nan,-0.890731,7.325141776937619
INGM,Ingram Micro Holding Corporation,28.84,USD,1.0157618213660216,629620,0.535664910383623,6652289549.0,USD,Technology services,Buy,28.43342090612048,28.182536062743917,27.537216768288427,-2.2704168078617473,0.3828750435085257,34.20195439739415,28.17199999999998,28.135499999999986,28.387000000000004,25.276305000000008,15.699510070767555,3.40739,61.537108688005624
ANF,Abercrombie & Fitch Company,149.67,USD,4.270586596070778,1457239,0.3985101065223026,6650093848.000001,USD,Retail trade,Strong buy,120.39647536161043,111.4310715269589,104.45421604995151,2.464571780653108,35.952402579707496,18.88950671220906,142.71399999999988,123.52250000000004,107.43880000000003,97.06359999999991,12.81926101032941,12.809613,10.50599125447214
LEA,Lear Corporation,134.68,USD,2.769935139259821,507908,0.8359345812081442,6643058887.999999,USD,Producer manufacturing,Buy,130.71155120009192,131.58633505929825,131.11636375975647,7.916666666666674,7.101391650099409,16.6464576476702,129.098,125.12400000000002,131.62140000000016,127.0667500000002,12.5539471108584,15.054323,25.316559200074746
CGON,"CG Oncology, Inc.",74.67,USD,0.4574196152293871,282523,0.44344823645968445,6618776507.0,USD,Health technology,Strong buy,73.84763451938927,72.03419131750536,69.14867321555147,-4.4529750479846495,4.477403106198409,81.2818645302258,74.92200000000004,76.76899999999998,73.6574,61.09985,nan,-3.317708,-60.32954613050978
WEX,WEX Inc.,193.91,USD,-0.5589743589743608,369085,0.6862655410785015,6608764697.0,USD,Commercial services,Buy,185.47006779714533,177.41137848771035,170.06292951059308,-2.1792866871815533,2.0578947368421034,29.67099103918684,192.2059999999999,194.42399999999967,176.95640000000006,158.19525000000002,19.309706137162546,20.065931,26.891924335662566
USAR,"USA Rare Earth, Inc.",17.61,USD,-0.45223289994348126,22190549,1.7647745011583482,6605098602.0,USD,Producer manufacturing,Strong buy,18.367415843876657,18.842474979234133,19.231454933836154,-9.460154241645245,1.6156953260242422,43.40390879478828,17.646000000000008,18.466000000000015,17.671499999999977,19.238549999999996,nan,-0.537143,-189.8499879022502
POWL,"Powell Industries, Inc.",181.17,USD,3.4311486640785516,475485,0.9027028402148487,6600487514.0,USD,Producer manufacturing,Strong buy,206.76502197042254,217.85612938612977,220.50061522601783,-5.85147845969964,-12.393617021276606,67.75016775016773,175.74200000000002,194.07750000000004,217.38320000000007,200.40589030395,34.69825522379484,5.384617,8.781615900662528
PL,Planet Labs PBC,18.12,USD,-1.253405994550411,32194744,2.9169275795099896,6592925758.0,USD,Technology services,Strong buy,22.37994392223038,24.461751281439952,25.997721747736655,-14.041745730550272,-19.502443358507332,-8.738353059682696,19.113999999999994,21.827499999999993,23.56299999999999,26.977649999999986,nan,-0.056967,-262.4588002636783
LNTH,"Lantheus Holdings, Inc.",100.97,USD,-0.009902951079426733,859896,0.8131022116501948,6590551216.0,USD,Health technology,Buy,101.46267500771692,100.59215930214508,97.265873601218,0.25816701419919086,-0.18782127323052367,51.15269461077845,100.91999999999996,100.72350000000013,103.1133000000001,84.21535000000002,24.402445803224015,5.389,9.907827980981214
FNB,F.N.B. Corporation,18.67,USD,1.0828370330265449,3243412,0.9899361946149856,6590528258.999999,USD,Finance,Strong buy,18.738896700440066,18.63286655189593,18.38198253481239,0.5385029617662973,-4.059609455292904,8.862973760932963,18.304000000000006,18.705999999999992,18.89800000000001,17.775325000000002,11.117065618673337,1.687089,30.448966910051254
MAC,Macerich Company (The),23.24,USD,0.7805724197745001,2108989,0.9000872734976605,6589920094.000001,USD,Finance,Strong buy,24.248561731022118,24.122966232639115,23.51332109425691,-3.8477451386015855,-9.289617486338807,25.9620596205962,23.372,24.16300000000001,24.90319999999999,21.262600000000006,nan,-0.151508,45.78130273371583
GTES,Gates Industrial Corporation Ltd.,25.95,USD,3.017070265978555,1274599,0.7179272535109802,6569273024.0,USD,Producer manufacturing,Strong buy,26.595317560336607,26.55727630629429,26.245405065500528,-2.223059532780708,-12.360688956433638,20.13888888888888,25.28599999999999,26.536499999999982,26.891000000000005,24.96629999999997,18.378186968838527,1.675607,81.51433346188455
ENS,EnerSys,181.91,USD,1.066725929218283,375114,0.697504344131448,6560624974.0,USD,Producer manufacturing,Strong buy,192.4061251500257,196.17961096313425,195.8843712612213,-4.868737579751073,-4.769134122081464,23.95911413969335,181.38599999999994,189.7345000000001,195.54779999999985,186.21194999999992,19.459569324247706,13.368333,6.6404289299566575
PLXS,Plexus Corp.,245.98,USD,1.6152352625273667,210153,0.9266136030137991,6555883348.0,USD,Electronic technology,Buy,253.21611783963428,254.94617378825092,249.79976161819303,-0.3443665680833054,-10.633969118982746,67.07192827548734,241.07599999999994,250.49050000000003,258.7172,221.5153,36.28665840561751,8.691667,15.340638399237735
HR,Healthcare Realty Trust Incorporated,19.12,USD,-0.778412039439536,1916307,0.6152939168000955,6552802042.999999,USD,Finance,Buy,19.679628863064636,19.782246544570643,19.627992137341515,-0.46850598646538183,-5.905511811023619,13.136094674556228,19.21800000000001,19.251,20.218199999999992,18.730900000000005,nan,-0.077621,77.63043855087537
MIRM,"Mirum Pharmaceuticals, Inc.",100.9,USD,0.26830964920998734,350960,0.805440533239454,6551659604.0,USD,Health technology,Strong buy,102.80796188064853,103.83652673343653,102.62733012955141,1.4784270340943364,-4.748418767110357,27.54392617873847,99.54999999999998,98.99500000000008,109.06230000000006,96.06175000000002,nan,-15.131329,-1101.5528206822498
MMED,"MiniMed Group, Inc.",23.285,USD,-2.3280201342281868,1719503,0.6896884358483178,6551233427.999999,USD,Health technology,Strong buy,19.6547885362112,18.3970290070624,16.832696707135955,17.779463834092063,23.3969263381028,25.864864864864863,22.712999999999994,20.57075,18.186800000000005,nan,nan,0.679754,nan
AAON,"AAON, Inc.",79.4,USD,1.8209797383944621,1418286,1.273172360674987,6546819443.000001,USD,Producer manufacturing,Strong buy,89.45368501987824,95.75998070285512,99.60023297360087,1.547512469625282,-15.925455315544252,2.043439146639254,76.66399999999989,80.82750000000019,95.6826000000001,98.55307500000005,41.53371344876288,2.361096,30.331333515134972
RIG,Transocean Ltd (Switzerland),5.85,USD,-2.82392026578073,40663787,1.093482903489184,6533748636.000001,USD,Industrial services,Buy,5.671451938857846,5.669238729126028,5.660643499964742,2.0052310374890903,11.322549952426256,40.96385542168673,5.964000000000001,5.832499999999998,5.421199999999998,5.557750000000001,nan,0.227048,3.916576381365115
UBSI,"United Bankshares, Inc.",47.83,USD,0.5043076276528575,640727,0.803959474721766,6515048211.000001,USD,Finance,Buy,47.642115019514826,46.99989962912641,45.94397952913578,0.2725366876310177,-3.393253888103413,24.752217005738117,47.27000000000004,47.94149999999998,47.56109999999999,43.197025000000025,13.054039301310043,3.708333,29.442521020278388
ORA,"Ormat Technologies, Inc.",105.45,USD,1.2093291102793022,557311,0.9036704380745015,6484852200.0,USD,Utilities,Buy,107.82561695976226,110.2159394724655,112.1850371072603,0.49556847422090533,6.097192876546939,-5.273086597197262,104.72399999999993,108.25600000000011,106.57140000000005,115.50079999999994,51.66078777189889,2.544306,-5.416801816412596
