Symbol,Description,Price,Price - Currency,Price Change % 1 day,Volume 1 day,Relative Volume 1 day,Market capitalization,Market capitalization - Currency,Sector,Analyst Rating,Exponential Moving Average (8) 1 week,Exponential Moving Average (13) 1 week,Exponential Moving Average (21) 1 week,Performance % 1 week,Performance % 1 month,Performance % YTD,SMA 5,SMA 20,SMA 50,SMA 200,PE Ratio TTM,EPS Forecast Next FY,EPS Growth YoY TTM
NVDA,NVIDIA Corporation,218.36,USD,-2.3740331738722107,105556611,0.7212929855085398,5262475956919.614,USD,Electronic technology,Strong buy,217.58414058308742,214.1234744750785,209.40626699603567,-3.38908061233519,-1.7149030022055067,15.026206969210106,225.3139999999998,220.51299999999998,212.16979999999978,197.27565000000007,27.603468763431348,9.255033,125.14871211043119
AAPL,Apple Inc.,326.57,USD,3.5612354918500726,69945809,1.5645035064783022,4766021205198.313,USD,Electronic technology,Buy,317.0431007832961,312.5794849649609,305.0359852084402,0.5232862375719484,6.11535337124289,19.950046831095847,321.26200000000034,315.27549999999997,317.21639999999996,284.6496999999998,37.43652058280696,8.832768,32.60922440789274
GOOG,Alphabet Inc.,330.39,USD,0.6120957427370701,16397537,1.001651415404016,4055978631314.998,USD,Technology services,Strong buy,340.73391056166525,343.3064254860499,342.04153213684185,-1.8186680930730155,-6.669491525423733,4.030353600554178,333.708,338.4620000000001,345.6271999999998,335.41490000000005,16.598091965456437,20.575928,112.01789423230548
MSFT,Microsoft Corporation,492.44,USD,0.1606834129970549,16020623,0.7574756809998298,3656635536382.198,USD,Technology services,Strong buy,477.5050627450852,461.1801938562496,447.9999723112895,-1.837898178048883,-2.357583328376259,1.6629334104070124,497.57199999999983,494.4964999999999,451.4418000000002,431.1400000000005,27.441015524869883,19.72382,31.54908515130189
AMZN,"Amazon.com, Inc.",251.89,USD,-0.20206022187005518,25450616,0.7647639462666259,2716964681895.932,USD,Retail trade,Strong buy,257.39750299337425,255.35858830501903,251.55030266294372,-1.682279469164716,-9.616419677778179,8.883029307512745,255.734,259.37799999999976,254.95120000000014,239.61725,20.260444315750526,12.78255,89.7295812477109
AVGO,Broadcom Inc.,360.83,USD,-0.9742576431198231,23962231,0.8275331715366517,1716677642594.3281,USD,Electronic technology,Strong buy,374.54824037066925,378.6642221895155,378.42363374605884,2.584295218058786,-15.312037928039995,2.2833250655516992,361.76500000000004,370.28524999999973,383.23229999999944,370.0937000000001,46.05301783002131,11.629024,100.17117163149555
META,"Meta Platforms, Inc.",644.38,USD,-1.4242224907831018,21503820,1.1440990869183938,1641562008738.1643,USD,Technology services,Strong buy,602.8541002042749,601.4319705340998,605.3106089245804,6.59895118198812,7.7558528428093645,-2.768116488739677,627.8,583.8140000000004,600.1998000000003,622.9620000000003,24.272535850563326,31.383999,-3.857269092594742
TSLA,"Tesla, Inc.",363.56,USD,-1.1554878877681412,29611150,0.6778790776302639,1435897518622.8792,USD,Consumer durables,Buy,355.77555142318266,361.50816302071684,370.2851040686457,-0.6177901700289735,9.242788461538458,-20.585408475316733,365.9949999999995,353.85574999999983,355.69530000000026,399.05369999999994,337.7868623989594,1.705422,-37.67083622886263
MU,"Micron Technology, Inc.",977.41,USD,-4.899928972435468,26114213,1.0068011612609113,1103880098013.9233,USD,Electronic technology,Strong buy,953.1890594300138,921.4283235686992,851.9060755451751,2.1423122341704026,12.11401697637073,231.18509106310884,996.0379999999999,961.5352500000002,929.7502999999998,618.2277750000002,22.127315658526534,73.3679,697.287150515315
LLY,Eli Lilly and Company,1123.0,USD,-0.10763113653143419,1995808,0.816936142357695,1057143936778.2246,USD,Health technology,Strong buy,1164.266014896045,1153.8446449143291,1126.9521904676058,-4.017094017094017,-8.747409905334585,4.329245633593451,1136.0159999999994,1187.7894999999996,1186.1754000000003,1064.5694499999995,38.159508785521815,36.396548,95.1428306190653
BRK.A,Berkshire Hathaway Inc.,761245.0,USD,0.2771553637598285,174,1.0133954571927781,977669119231.8519,USD,Finance,Buy,755814.7400710859,751596.3357298392,746766.0819387576,0.32155823960042434,-4.543334507243819,1.4993333333333334,760109.8019999998,755324.0995,755249.693600001,738687.8845500003,12.760297103573729,33247.814093,36.30277029708534
JPM,JP Morgan Chase & Co.,353.56,USD,-0.3242085083589347,4184288,0.7756964914477654,939828318267.4506,USD,Finance,Buy,352.19254120093865,345.94353866098913,337.38944992634174,-1.426082107757722,-1.8025274267462876,9.631007751937984,356.4959999999998,357.08200000000005,351.29539999999986,319.1464000000005,15.146296534292937,24.758028,19.772185022704537
WMT,Walmart Inc.,105.73,USD,-0.09449116507606001,17166132,0.7397989210447979,838834989005.898,USD,Retail trade,Strong buy,108.44560958707912,110.79438252741492,113.21897467086754,-0.6437062444204316,-5.967627178939873,-5.111061251963198,106.63399999999997,107.71700000000006,110.36400000000017,118.71175,38.30658309481541,2.890431,4.131140119218296
AMD,"Advanced Micro Devices, Inc.",503.6,USD,-3.3573532657193033,15970065,0.9218265147454267,822114351484.8103,USD,Electronic technology,Strong buy,489.14803802099163,480.6753507509338,452.92694876878187,11.13317885909744,6.07688256977357,130.0593878483326,492.83300000000037,480.37874999999997,497.04340000000013,345.350675,129.24419350699347,7.624464,124.2848097622748
V,Visa Inc.,367.21,USD,-0.04899425678434547,3800462,0.7420166372707604,685598487850.0707,USD,Finance,Strong buy,366.50063770464703,359.74335884757477,351.6312423154265,-3.409001236289038,1.7258573882209434,4.956126561294187,371.4120000000001,372.7105000000002,364.8382000000004,334.74044999999984,31.513950035615284,13.225656,15.026505167767343
XOM,ExxonMobil Holdings Corporation,165.23,USD,0.6089021494245875,16617216,1.19528112856032,679411220157.4052,USD,Energy minerals,Buy,158.16073305162325,155.45073983950604,152.37173315544777,0.48652922216139566,3.491904418903253,37.58847531018401,162.35999999999987,161.96200000000002,154.57640000000026,145.42429999999985,21.262933031348123,11.688016,10.170981370686484
JNJ,Johnson & Johnson,266.35,USD,-0.2733263441665274,4929719,0.7663872137312577,641876416557.0723,USD,Health technology,Strong buy,264.4427897761932,259.5200988388735,252.5719662046719,-3.9557190249531122,1.959958657122078,28.783483222125533,271.24200000000036,269.26899999999983,262.4766,236.80827500000015,30.87113748580171,11.550916,-7.724064171122985
INTC,Intel Corporation,100.32,USD,-5.572289156626508,96502826,1.0740864074650402,530302089962.2229,USD,Electronic technology,Buy,97.81771333089712,98.32844015633087,94.80869385901734,12.277560156687185,3.6577805331680016,165.60762509928512,99.7,94.6902500000001,98.83390000000004,75.19477500000004,nan,1.501056,55.48626858150668
MA,Mastercard Incorporated,565.37,USD,-0.3753303964757701,1880229,0.7750839379625869,495269737701.6219,USD,Finance,Strong buy,566.5216358680361,555.6433310106947,545.1399830143864,-4.286512383822317,0.4727124095893032,-0.9356766133412822,573.7360000000002,580.653,561.3433999999991,530.9401499999999,31.103763568045157,19.955542,22.61557038106353
ABBV,AbbVie Inc.,255.0,USD,1.6300665577298645,4396316,1.0507761847940575,450614920517.6358,USD,Health technology,Strong buy,253.38394706853506,248.89698640440707,242.54231714564946,-3.409090909090909,2.764568388812773,11.48028329107283,254.27200000000002,257.9309999999998,254.38620000000006,228.6315,72.09907260800723,14.030545,68.31485271022699
ORCL,Oracle Corporation,152.94,USD,-5.37647713914496,56002995,1.9787627641171794,440539239983.08936,USD,Technology services,Strong buy,150.30673826553118,152.26538929743253,157.26459580476373,3.850071297616614,1.150793650793657,-22.550260799108724,157.98200000000006,149.67500000000013,140.52360000000016,167.8869,26.256695508858673,8.068783,34.18415535948765
BAC,Bank of America Corporation,62.56,USD,-0.1755225785862445,29359806,0.88924479511451,437466335577.6072,USD,Finance,Strong buy,61.92342767721812,60.681306743394934,58.8996435086203,-0.3980257920713262,-2.2194435761175284,13.683445393421772,62.66799999999988,62.6885,61.91739999999998,55.0374000000001,14.397496087636933,4.636139,27.24983161039038
CSCO,"Cisco Systems, Inc.",107.44,USD,-1.8185141186146478,11544497,0.8449608773021485,423591512997.9705,USD,Electronic technology,Strong buy,111.27655027445473,111.1125272752666,108.10844060707687,-1.2499999999999996,-12.650406504065042,40.17874616739513,108.77000000000007,110.50775000000002,113.82529999999993,95.22880000000005,32.274925651115986,5.117928,27.475683541395412
CVX,Chevron Corporation,212.76,USD,-0.49109022028904703,9625926,1.2108880072571317,420365084272.44165,USD,Energy minerals,Strong buy,201.27554426894338,196.8110742834275,192.33106732872355,0.17892456916846947,9.528957528957525,39.821903854368614,211.25800000000004,205.65100000000015,193.77479999999952,182.0235500000001,20.397676068490785,16.079039,34.62660368104495
COST,Costco Wholesale Corporation,902.38,USD,-0.024374030578332293,1925790,0.9535339191323975,400186407490.06274,USD,Retail trade,Strong buy,933.6054222984252,942.791052347502,951.4604949406869,-2.7387663156533235,-5.017630651018364,4.789000627075738,911.2620000000006,940.6170000000004,941.1829000000001,960.44335,45.38723858000785,20.516729,12.777024612434968
PLTR,Palantir Technologies Inc.,165.86,USD,-2.1648085884504145,21296118,0.7382533095584914,398577024461.92175,USD,Technology services,Strong buy,164.10766595590817,157.39460485297832,152.70496227796173,-3.8492753623188327,-4.776667814904118,-8.516271373414229,172.51,176.14399999999995,153.09679999999997,151.45787500000003,141.74856849841896,1.602179,288.8667331339315
KO,Coca-Cola Company (The),87.83,USD,0.31981724728726574,12021070,0.7741197478678136,377892876746.86914,USD,Consumer non-durables,Strong buy,87.3510431645398,85.9390684557698,83.94544440738761,-0.3177845874475101,1.3969060263218582,25.740873299928428,88.12399999999991,89.04199999999996,86.40959999999988,78.69677500000016,26.46199270886686,3.305443,17.602664493498224
LRCX,Lam Research Corporation,298.01,USD,-5.645263424518739,10598941,1.406451405552914,372906180273.71606,USD,Producer manufacturing,Strong buy,310.5584727799586,311.2476000360657,302.4103928269288,5.032953864589564,-5.402660064120872,67.56255271296037,306.91599999999994,312.28050000000013,316.1026,263.40845,51.7010461303586,9.489667,38.61340900346286
CAT,"Caterpillar, Inc.",805.0,USD,-1.2948158320663037,1782072,0.781252007028529,370038265799.4936,USD,Producer manufacturing,Buy,834.239488946439,845.4869728645212,837.6277917632365,1.016438699962357,-5.294117647058823,39.372219048113706,811.4239999999995,819.0325000000001,859.6411999999996,777.2017249999994,34.62693244091914,27.248627,18.21556423399235
AMAT,"Applied Materials, Inc.",454.01,USD,-3.1651914258291627,4838963,0.8093412442096911,360301165761.99023,USD,Producer manufacturing,Strong buy,487.34047592102525,492.9070604634113,479.2235732997209,4.994045072441977,-15.9225170836497,69.99026508911189,457.25400000000036,479.45250000000016,520.7418000000001,410.63875,39.148242679267405,12.813925,38.26930872499227
MRK,"Merck & Company, Inc.",144.71,USD,-1.9114756320748276,7543965,0.890348484414846,357024403747.5441,USD,Health technology,Strong buy,141.15462641146433,136.45562875092253,130.9405493699807,-5.294502617801049,11.375355960902024,37.12688335070597,148.67399999999998,147.35,135.67280000000002,119.17580000000007,115.66621373191592,2.746306,-80.7110590339341
UNH,UnitedHealth Group Incorporated,388.28,USD,-1.216099323258543,4340877,0.8851216379386158,348518125662.1873,USD,Health services,Strong buy,398.411603619977,397.21599845188143,388.735547070256,-2.9348532573371355,-5.066014669926657,17.342359358708954,396.05200000000025,395.1949999999999,410.11839999999916,352.73277500000023,24.968169249565943,19.759929,-32.64203819448956
GE,GE Aerospace,324.15,USD,-0.3902648884518587,3463732,1.0027358800954704,336325898252.62823,USD,Electronic technology,Strong buy,343.899030930972,343.6177298416067,338.32726427375013,-2.2319408837279546,-11.853483439386533,4.648910411622269,331.01600000000025,345.2619999999999,354.5754000000003,321.8113499999997,38.20676323947148,7.919412,18.431815961025716
MS,Morgan Stanley,212.66,USD,-1.249129324355699,4546828,1.1953910162296442,333996635459.8163,USD,Finance,Buy,214.5326072111694,212.40051162260676,207.1813388680073,-0.25328330206378613,-1.6919378698224836,19.127244209170104,215.82400000000015,214.86200000000017,215.81480000000013,191.74115,17.182702562942374,12.900074,40.22978086972287
PG,Procter & Gamble Company (The),142.97,USD,0.23135165451487139,10926692,1.3334456386470603,332072466357.6036,USD,Consumer non-durables,Buy,145.1617672675191,145.790662736227,146.52284190239365,-3.1893282773564517,-1.6780138917543483,-0.09782684648173766,144.9100000000003,144.74250000000023,146.46179999999995,147.51569999999984,21.597002975875768,6.975775,1.73974518573163
DELL,Dell Technologies Inc.,506.62,USD,-5.348902382064455,5879554,0.4890634456567705,322429786275.2615,USD,Electronic technology,Strong buy,467.26620407996995,437.702281825566,392.77644602753503,4.17634841973227,12.800302807650349,294.5638629283489,523.256,475.73450000000014,446.0562000000001,259.5325000000002,29.409681707621488,25.880235,153.3204905738066
NFLX,"Netflix, Inc.",76.01,USD,-0.026305405760878628,20005534,0.7380409059053273,316501069864.509,USD,Technology services,Strong buy,77.29586618239325,78.02344923984316,80.32528275186704,-8.619860543399858,-0.2493438320209944,-19.249973440985862,77.946,79.4859999999999,75.6365999999997,86.37875000000003,23.94619116627812,3.597805,35.26804738770987
HD,"Home Depot, Inc. (The)",305.69,USD,-1.5332581736189372,4492535,1.2203857736371941,304983756891.8036,USD,Retail trade,Buy,327.25903561759145,330.43858991045323,333.8638036247172,-3.934508657804589,-13.227738510885922,-10.989138980287105,313.79200000000066,328.7180000000009,336.6706000000007,343.5368999999997,21.39128365895986,15.006183,-2.9250730249303722
GS,"Goldman Sachs Group, Inc. (The)",1019.77,USD,-0.875794630533252,1896876,1.178536313810621,296927884610.99005,USD,Finance,Buy,1033.322682869329,1027.2522213464538,1007.7689133842775,0.6186482486433135,-1.6036434160885493,15.358597285067871,1032.324,1032.0844999999995,1044.3812,951.8262999999995,15.738600059881902,70.237475,42.76881720430108
PM,Philip Morris International Inc,189.77,USD,2.18620429702224,4661681,1.2190005984808205,295778099406.86584,USD,Consumer non-durables,Strong buy,187.93378758392217,186.42976540807945,183.5701372793484,0.5936920222634532,2.5174220733617827,18.413827530263333,185.78199999999998,188.71350000000012,188.24060000000011,174.8655000000003,27.277954261237046,8.373648,32.011992637431455
PANW,"Palo Alto Networks, Inc.",338.49,USD,1.0116383169203182,4670250,0.6467025102539802,275869355024.31885,USD,Technology services,Strong buy,344.37031587939447,330.637085536671,306.3026816282926,1.5556322287394435,-11.897449245184795,83.15567339429684,335.1540000000001,356.519,349.9712,235.18995000000007,666.7126255662793,4.184163,-68.27073307918255
WFC,Wells Fargo & Company,89.45,USD,-0.245344039255045,13089246,0.931231268429472,270496728961.71692,USD,Finance,Strong buy,87.42178668996488,86.37389002514578,85.3554154894358,-0.38975501113585115,2.0885642547363594,-4.126473740621645,89.24799999999993,87.0345,86.9904,85.07680000000003,12.995786720906581,7.289137,18.045551210811553
RTX,RTX Corporation,198.12,USD,0.2885345482156381,2651253,0.7794714171058033,267017854490.73166,USD,Electronic technology,Strong buy,205.56276260274086,203.44218195267965,199.80766324561958,-1.9207920792079185,-11.553571428571427,7.967302452316079,199.48000000000002,209.97399999999993,208.2602000000001,193.45660000000007,34.886423666138406,7.24657,24.774794568704138
SNDK,Sandisk Corporation,1692.59,USD,-4.057432106883132,8691889,0.7510346494156679,247827352127.553,USD,Electronic technology,Strong buy,1594.5400404555132,1557.0467103694812,1452.7116107137992,9.584668673723737,34.272862854604305,592.6908123593207,1697.9480000000003,1596.8659999999993,1525.8490000000002,1026.5071500000001,23.22029503640282,211.821287,nan
GEV,GE Vernova Inc.,923.91,USD,-2.852666554508748,1462534,0.7430917068676285,246068259277.09784,USD,Producer manufacturing,Strong buy,968.1351330414617,980.2224376622496,970.1442832897988,-0.07030371203599305,-7.701298701298705,39.73441824588997,946.0099999999999,962.1624999999995,1005.8712000000003,891.8090999999997,26.446694986088367,30.686321,735.9407527936638
ANET,"Arista Networks, Inc.",188.99,USD,-2.04219146840823,2811622,0.6843322771813188,238358829876.71442,USD,Electronic technology,Strong buy,187.303353607958,181.6395708860204,173.70257621523845,2.018893387314445,-2.86536633001824,40.98470719880641,192.4199999999998,193.36149999999998,184.6374,152.98545499999994,59.584463080900434,4.106389,24.726700747149035
TXN,Texas Instruments Incorporated,258.82,USD,-1.058908979701052,5840319,1.1146125762005539,236366761399.98013,USD,Electronic technology,Buy,268.9855442622323,272.07227034022696,268.301572407082,2.6757909352375306,-9.128572431711257,47.9267282027834,258.32,263.60800000000006,278.2371999999995,240.93734999999958,39.374439018453444,8.511411,20.161231354197135
C,"Citigroup, Inc.",138.5,USD,0.5079825834542733,7124754,0.8437914382518398,232324997454.30695,USD,Finance,Strong buy,135.74132604593882,134.58470200241806,131.87626588972157,2.429464186665678,1.9056728717533689,18.1639791826636,137.77999999999997,134.997,135.06360000000004,123.7666499999999,14.950506805988839,11.195774,36.96699982257968
KLAC,KLA Corporation,177.18,USD,-3.1326882073150673,10640595,1.1464076711673832,231493958318.82535,USD,Electronic technology,Strong buy,190.2606054168012,194.24217739471973,191.9715394241126,4.549477783678532,-10.814688042684915,40.651419771217185,181.52200000000002,185.25100000000003,200.16780000000008,172.5650349999999,48.30820405158546,5.488128,20.65993354607363
TMO,Thermo Fisher Scientific Inc,603.18,USD,-0.4144034076838159,1545768,0.9569518749352289,223024167623.57938,USD,Health technology,Strong buy,592.7047959978639,573.6493728519947,555.0165293593325,-1.7670146409784575,0.5316755279254556,4.0862812769628905,608.8199999999996,612.1404999999994,576.5552,536.5179000000003,32.44612752955858,25.109719,7.601479432074029
IBM,International Business Machines Corporation,234.02,USD,-2.467283487538546,5818800,1.1984052239165006,220478294394.70673,USD,Technology services,Buy,236.89193294569867,240.57875771787027,245.57433216900023,-0.15359672326989726,-0.9690660572976142,-21.35367656943137,235.1300000000001,234.0804999999999,238.85459999999992,261.50904999999983,20.77241942499046,12.311206,82.7337312658146
AXP,American Express Company,320.71,USD,-0.33871970167807075,2427879,1.043972615250775,216578602377.1702,USD,Finance,Buy,331.54658293151186,332.23532459752005,331.8748746867794,-3.6849060003603933,-5.252740110490717,-13.204330175913402,324.91800000000046,332.6814999999997,340.42359999999974,336.8105249999999,19.458196820774177,17.648387,15.718377892608398
CRWD,"CrowdStrike Holdings, Inc.",208.86,USD,0.5101058710298374,7402276,0.5972987561729295,213859028487.25928,USD,Technology services,Strong buy,204.29220719600542,195.29556945660835,181.47646850265707,0.24237479302153722,-6.758928571428565,76.25316455696203,210.95,208.45300000000003,202.31150000000002,143.7035375000001,5850.420168067227,1.252916,nan
LIN,Linde plc,461.62,USD,-1.077895639129963,2149074,1.1325403364672546,212797660325.5527,USD,Process industries,Strong buy,484.880325884497,490.9905061414441,493.0111607917648,-5.386349661815941,-5.990408015721897,8.29032560758188,471.28200000000015,481.3292499999998,498.4530999999999,481.27737500000035,29.804625456799368,17.880722,10.101512738853511
VZ,Verizon Communications Inc.,49.97,USD,0.46240450341776607,18477152,1.0209828230129012,207614133275.08862,USD,Communications,Buy,48.66105164898721,47.9660964307352,47.36408419353429,-1.2645722189290665,6.545842217484009,22.565611969585465,50.16999999999998,49.64049999999993,46.75479999999995,45.85087500000022,13.013020833333334,4.992403,-10.788960133816568
AMGN,Amgen Inc.,382.47,USD,-2.2490863086870845,3431138,1.2626713319226281,206775522517.01636,USD,Health technology,Buy,405.6001295168738,395.4542598147465,382.9964408873299,-14.180896178786993,-7.953889102810925,16.333607080938055,409.65199999999976,427.402999999999,398.77929999999964,359.1687999999995,23.75885203130824,23.076664,31.702528020944104
CRM,"Salesforce, Inc.",243.0,USD,-0.47509829619921223,10733141,0.5129282284533297,199989002999.68054,USD,Technology services,Strong buy,221.13408122288845,208.77369069396968,201.7166423709662,-7.244827849454163,23.387833858027825,-8.30188679245283,251.988,228.31599999999995,196.91680000000008,200.99440000000033,22.14728399562523,16.643669,59.33315907176673
MRVL,"Marvell Technology, Inc.",226.96,USD,-3.425386153780683,16371703,0.6586121827296894,199021224889.4522,USD,Electronic technology,Strong buy,222.13363967685342,217.89899837306567,205.050249741814,11.064350379251291,7.05660377358491,161.65552225040355,223.95199999999994,227.04950000000014,217.5647,154.0228000000001,74.73410385590569,4.197619,nan
APH,Amphenol Corporation,80.25,USD,-1.3400540939267314,13080172,1.161014614727247,197893846132.30267,USD,Electronic technology,Strong buy,80.27839574288676,79.16137965774095,77.24763971924565,-0.7052709725315432,-5.815386420984682,17.050758459743285,81.64000000000003,80.56149999999994,80.31429999999996,73.08250000000004,40.1792419766685,2.6411,59.36328093832282
STX,Seagate Technology Holdings PLC,862.33,USD,-2.6627686472819123,3235715,0.9594081531435674,196087819696.8276,USD,Electronic technology,Strong buy,857.716488687391,842.5926367418556,792.9979384977987,8.332914572864325,7.121739130434787,205.82331453700746,860.1039999999997,860.9905000000001,849.9078,602.9155499999999,62.15438950554995,35.990159,104.84275800974459
TMUS,"T-Mobile US, Inc.",177.16,USD,-0.10149994361114628,4544897,1.1281990318269066,190034502198.43283,USD,Communications,Strong buy,180.73608722853675,182.38805539685677,185.76164502067732,-5.9310784261668426,0.1866199174348154,-12.405438813349816,181.14600000000019,181.70349999999982,181.6539999999997,194.09765000000024,18.53991376784294,10.904366,-9.885985345014564
PEP,"PepsiCo, Inc.",136.65,USD,-0.029263296510346072,7446616,1.0308313796546333,186512424003.8452,USD,Consumer non-durables,Buy,139.49468612811683,140.86115443946287,142.94395703777778,-2.6154503990877904,-0.26275454346397,-4.587348135735228,137.8879999999997,140.3964999999999,139.57279999999943,148.63154999999972,17.922016603931958,8.553714,39.01002734731084
QCOM,QUALCOMM Incorporated,176.88,USD,0.27210884353740916,15587415,1.2565081127095254,185765363455.18228,USD,Electronic technology,Buy,170.7163996312076,173.20601996106126,174.11155368770181,4.973293768545991,8.01832061068702,1.773323053199688,172.936,165.99300000000002,168.60079999999994,168.0112,20.471274478033425,10.543905,-16.66602368735774
SCHW,Charles Schwab Corporation (The),107.33,USD,0.741505537826161,6687396,0.8496030884845236,185609601563.49557,USD,Finance,Strong buy,107.07524838306279,104.5788150372119,101.84338890803275,-1.332965618679907,-0.17671130952380742,7.57742808459457,108.08200000000004,109.83250000000002,106.01880000000003,97.65705000000008,19.517384346814083,6.497677,48.05481517378779
DE,Deere & Company,677.94,USD,0.10779521861756591,1175921,0.8769695385495396,182789847388.99814,USD,Producer manufacturing,Buy,644.1047792451785,628.710190617684,611.5579850501858,-3.599004621400632,11.418076635467942,45.48068669527898,684.7639999999994,643.9459999999998,622.0468000000002,571.2385499999993,37.68112719895507,18.126497,-5.943518537880851
DIS,Walt Disney Company (The),105.82,USD,1.574198502591655,7607941,1.0582172850729838,182718007198.32614,USD,Consumer services,Strong buy,104.50661629856664,103.5163304734615,103.16484516501782,-2.577794144724739,2.787761049052929,-6.717207334273629,105.50600000000004,106.8410000000001,101.63759999999978,103.97009999999976,21.82665731611732,6.910397,-23.99034240561896
GILD,"Gilead Sciences, Inc.",144.81,USD,-0.5767250257466552,6019356,1.1419044097573157,179557887339.02097,USD,Health technology,Strong buy,141.680075485363,139.01292980204659,136.86855220031845,-3.889294484635286,9.142297256557127,18.22189566495225,147.86299999999997,145.96725000000004,137.73509999999985,134.64562499999988,nan,-0.440837,-152.8405474220242
MCD,McDonald's Corporation,253.05,USD,-0.1696386302666792,4346013,0.950430246632631,179068673366.9477,USD,Consumer services,Buy,264.46558356542363,269.16924382032164,275.7418492599888,-3.2572542722789244,-7.385718991325991,-17.11159880769105,255.53199999999987,264.0510000000002,268.5729999999999,295.1965,20.551783509843418,12.919676,5.462051716901772
ABT,Abbott Laboratories,103.36,USD,-1.7770597738287603,7844893,0.976688122309463,178852423674.3134,USD,Health technology,Strong buy,106.61726666968231,104.55110420911552,103.48398128697178,-6.80732125146515,-4.842570429018601,-17.113071371291102,106.24600000000017,111.13650000000011,105.10459999999995,105.97545000000004,33.40875298985067,5.517003,-61.310089540293134
T,AT&T Inc.,25.55,USD,1.5904572564612411,34186925,1.0138017307872726,175078453057.3002,USD,Communications,Buy,24.859028417475997,24.56184228761517,24.591498147551064,-2.294455066921598,6.369691923397174,3.065752319483669,25.634000000000004,25.4695,23.752200000000038,25.143949999999954,8.449353483911505,2.339237,72.38057234066811
ADI,"Analog Devices, Inc.",361.25,USD,-1.046374667871913,2971705,0.9081986789531782,175049276010.8815,USD,Electronic technology,Strong buy,371.6518755420295,375.12802722517125,372.18718510434803,3.0905770218594784,-7.367044463818662,31.330206856436543,361.6540000000003,369.38149999999996,375.6383000000008,350.30794999999983,42.869179285137896,12.868145,114.37875241681084
BLK,"BlackRock, Inc.",1062.4,USD,-0.8982957566485903,368246,0.621406099076411,172614708649.4759,USD,Finance,Strong buy,1107.2086306520462,1094.971978697375,1081.3020423131077,-4.923842422723772,-6.036350771680007,-0.8437243336071047,1095.6480000000001,1141.8429999999996,1099.1403999999998,1060.2794750000003,26.42864961143119,56.253468,-2.840666020529752
NEE,"NextEra Energy, Inc.",82.44,USD,-0.2540834845735124,13595165,1.202929240048257,171968051875.9012,USD,Utilities,Strong buy,84.41227113229152,85.5344950701734,86.4514205151205,-1.3167344984438694,-2.4263226417327464,2.4735860783095025,83.28200000000002,84.09300000000007,86.2322000000001,87.7893,18.49716170432363,4.030254,55.29809401024427
WELL,Welltower Inc.,235.71,USD,-0.08054260279779471,2288320,0.8508058138496428,169886784017.06744,USD,Finance,Strong buy,235.83854008545205,232.77996656195918,227.06778906256767,-1.4219396930283157,1.0070277682550541,26.992080168094386,237.22999999999985,237.7420000000002,237.64299999999977,211.4897499999997,nan,2.84054,-145.4237568148026
UNP,Union Pacific Corporation,285.78,USD,0.3652454871110359,2507798,1.1383913787960616,169774890707.31976,USD,Transportation,Strong buy,293.0499279944421,289.28680036787176,282.1390138329362,-1.827550669872913,-2.0898999588872216,23.527123406094656,287.54800000000034,298.3920000000001,294.50039999999984,261.25804999999997,23.142517026083716,13.070862,7.263409337676438
WDC,Western Digital Corporation,460.93,USD,-4.426888944181797,4510882,0.8411688932118878,166184127711.5608,USD,Electronic technology,Strong buy,480.70654354340644,485.0391640826235,467.6052134747891,4.068546657334442,4.232104293160575,160.11851015801355,465.9079999999999,468.7365,497.8481,377.6817749999999,19.066312031801317,20.326053,370.6348433819378
COP,ConocoPhillips,137.04,USD,0.3735442759832937,5597219,0.9418857996793127,164631292873.97406,USD,Energy minerals,Strong buy,128.54588801771362,124.98090781369521,121.46769727188071,0.47657452892441216,11.64154786150712,46.394615959833345,135.718,132.45300000000026,122.05960000000005,113.45432499999995,18.156043402800776,10.368786,1.262443317502483
SCCO,Southern Copper Corporation,194.14,USD,-7.225461148810096,1747312,1.3665569757980376,163920879472.9528,USD,Non-energy minerals,Buy,194.8509917981185,190.79714423054435,185.64278341935145,-6.864955624850086,-1.701265822784817,36.45237814610294,202.0500000000001,203.01099999999997,189.3927584236,176.57418016064986,29.07723875567271,7.665838,55.917519032273155
SHOP,Shopify Inc.,126.6,USD,-0.14985408943923964,12120588,1.3866223200905352,162889138685.06024,USD,Commercial services,Strong buy,137.388472028859,133.66733658687278,130.59032455449668,-11.511847347452296,-17.712057198570037,-21.943399716382025,135.69199999999998,145.9904999999999,134.99519999999995,131.08584999999997,87.21122475972138,1.9302153293999997,-19.900471515478106
BA,Boeing Company (The),204.8,USD,-0.78480767367502,4626815,0.9267459830304764,161867773564.26706,USD,Electronic technology,Strong buy,214.63026297782957,216.68936078173417,218.1149226865734,-2.4483185672096726,-13.076694537583293,-6.119642447856977,208.94199999999978,214.1434999999996,218.88160000000013,220.58325000000067,93.26896802987521,-0.996802,nan
ETN,"Eaton Corporation, PLC",409.15,USD,-1.4618756321949928,1529353,0.8507651252569577,158913857970.11462,USD,Producer manufacturing,Strong buy,414.713536205215,412.5161144607491,406.42180528900866,4.902187011255546,-8.461417992259,26.589523838990132,410.8940000000006,417.2385000000001,415.5112000000004,382.2064000000001,41.629783380645684,13.548467,-1.1197633707593861
PFE,"Pfizer, Inc.",27.65,USD,-0.46796256299496963,28808704,0.8829499106401321,157595971742.5036,USD,Health technology,Buy,27.152356980002246,26.73577312400803,26.454503807633117,-4.95015469233414,2.635486265775788,10.688550840672532,28.096000000000082,27.957,26.191600000000044,26.20720000000002,36.612817796610166,2.974667,-59.82765040693653
BX,Blackstone Inc.,125.41,USD,-2.8356705663593376,4610157,1.363816846049314,155738770211.26978,USD,Finance,Buy,133.52919745691722,131.66560314679123,130.22423036774163,-9.063882242041911,-11.589707437433908,-19.16333634136908,132.45599999999993,139.97549999999998,133.40139999999997,130.69649999999984,28.133342306570654,5.944004,20.325532431775855
IBKR,"Interactive Brokers Group, Inc.",89.42,USD,-0.9525919361984929,2877293,0.7995587507601217,152131068574.58,USD,Finance,Strong buy,91.47463252304968,90.30172898809693,87.67451590539916,-0.4564176778359085,-1.8656716417910477,36.706925546552526,91.2479999999999,92.81599999999995,92.11260000000004,79.30357500000001,35.59996815033044,2.700625,31.735459170294224
UBER,"Uber Technologies, Inc.",72.56,USD,2.082160945413624,35344019,1.9663882429541024,148208170527.26395,USD,Transportation,Strong buy,74.76596595469158,74.39968900190134,74.53975721607233,-6.174435895778098,-6.974358974358972,-11.55533885909313,73.69800000000001,76.33000000000011,73.94780000000019,76.08682499999982,15.949005385207165,3.366036,-22.807404516687306
DHR,Danaher Corporation,200.53,USD,-2.1088601415669967,3021060,1.0107481783474481,140969803621.7005,USD,Health technology,Strong buy,204.48895637830336,201.4356897977875,199.17592092308,-4.74086741722483,-3.61451574140832,-12.359599667846686,205.86000000000007,209.63499999999962,202.25059999999988,202.52940000000027,35.60483656185082,8.505564,19.62321056879488
GLW,Corning Incorporated,163.12,USD,-3.169891962483678,5476433,0.6259049245588187,140509666019.4444,USD,Electronic technology,Strong buy,159.5151391933571,162.08970731959056,160.71005877480104,14.014118962745517,2.109546165884197,83.46642672365314,159.56799999999993,154.746,160.55259999999993,145.0671,74.81882396110448,3.286196,130.83112758073054
TJX,"TJX Companies, Inc. (The)",126.42,USD,0.23786869647954104,6194451,0.7664100143021443,139058715984.89346,USD,Retail trade,Strong buy,140.90341069664362,145.46542106783005,148.7947553435832,-3.9471184895338727,-19.94173896523336,-17.507340946166394,129.146,138.1959999999999,148.5179999999998,154.42510000000001,23.382099987053103,5.283072,23.37585286265203
NOW,"ServiceNow, Inc.",131.17,USD,0.04576309968726554,13829303,0.7507959027692127,135629780631.28871,USD,Technology services,Strong buy,127.56800383148278,122.04839166082526,118.86388553919957,-6.965032981062501,3.8888008870584367,-14.312777632610416,136.66799999999998,132.4405000000001,118.99779999999998,118.13054000000024,81.9146943108724,4.07112,0.7740717432347375
NEM,Newmont Corporation,126.14,USD,-1.996736850283589,6283231,0.7600076585828073,132912748702.64597,USD,Non-energy minerals,Strong buy,119.20549776460868,114.9362465080536,111.67248174330513,-1.5838339705079092,7.508736043637605,24.90345578770176,128.092,126.28600000000002,109.1094,109.13,15.928175470054171,9.446967,42.18029048995494
BKNG,Booking Holdings Inc. Common Stock,174.33,USD,0.5189413596263656,6423870,0.9543674328656001,130988155841.28802,USD,Consumer services,Strong buy,192.4196197896662,190.14099986607772,187.53652737684968,-13.091380427738168,-16.98571428571428,-18.640641130229106,183.29599999999985,201.29899999999952,193.9691999999998,185.66729999999995,19.281305992434802,10.453092,57.21166385561022
CB,Chubb Limited,338.67,USD,0.31100053314377446,1216273,0.7751085163266471,130658828299.10626,USD,Finance,Buy,342.4672746276303,341.50106175475946,337.8785933340671,-0.9823699675466939,-2.3161234496682934,9.086516781549971,340.55399999999963,341.4770000000002,347.6811999999994,326.97840000000025,11.985306347785158,27.694027,24.675593990602046
VRTX,Vertex Pharmaceuticals Incorporated,514.56,USD,-1.258827141541307,815050,0.8233395472294152,130420850926.6736,USD,Health technology,Strong buy,516.9357587123768,504.9593604488187,491.494405017257,-7.949910554561727,-1.992305055045529,13.25439098472509,533.7319999999999,538.0425000000005,510.30130000000025,467.576225,29.936294615585997,18.753525,22.86012451484244
BMY,Bristol-Myers Squibb Company,63.75,USD,-1.0246856078248667,6495318,0.9109997007803525,130223063128.60968,USD,Health technology,Buy,64.32589772369789,63.08795259964672,61.55425547804452,-6.360164512338423,-1.2546468401487023,19.808306709265175,65.5520000000001,66.23499999999994,63.28300000000004,58.407444999999825,14.04370621668062,6.929577,83.16587983698503
PLD,"Prologis, Inc.",134.41,USD,-0.921421200058971,2865964,0.9477913521914876,129977849312.71855,USD,Finance,Strong buy,139.6429596037482,140.487116665256,140.15360578034412,-2.047806442209592,-2.6931151813509007,5.221543760764054,136.84800000000018,139.94600000000003,141.95759999999996,137.5177,29.928746381652196,3.643333,22.353902738046575
ISRG,"Intuitive Surgical, Inc.",360.46,USD,2.043936134073143,3369263,1.5153758387438532,127342600816.10977,USD,Health technology,Strong buy,373.52136211465915,383.3150643402964,400.439918893753,-3.8234744790416073,-8.097496303095213,-36.402131338438195,360.0780000000001,375.1090000000001,378.12430000000074,460.8087249999997,41.312993547351894,10.799195,21.753509530853165
COF,Capital One Financial Corporation,207.11,USD,-1.7784311865692874,3946342,1.2733670515111388,127058837760.9189,USD,Finance,Strong buy,212.79631085405978,209.97417562751204,207.30631979446918,-5.498266106953816,-5.433541847404218,-15.240433803969708,214.40599999999986,217.08750000000003,212.31639999999987,207.71584999999985,73.00831923293852,20.354026,-76.17936014778739
PGR,Progressive Corporation (The),216.19,USD,0.3201856148491869,1303184,0.7459080442980491,125628003722.15503,USD,Finance,Buy,216.15303849520348,214.67356755688644,213.23540807516522,-3.019020276332312,1.6551464710584523,0.8631146776150015,217.8820000000003,217.03249999999989,217.1852000000003,210.46507499999979,10.838547306782175,17.940174,12.29942911191433
LMT,Lockheed Martin Corporation,530.12,USD,1.0792052778095502,1145048,1.0619964771019044,122346800815.96254,USD,Electronic technology,Buy,551.2636841163401,552.4243254388158,552.8121361003621,-1.0970149253731334,-11.692292315636912,9.698913605794102,529.7919999999996,561.7030000000003,556.3647999999998,557.7487000000002,19.537544133798196,30.42235,52.76697088614012
CVS,CVS Health Corporation,95.29,USD,-0.09435940448730258,3877715,0.6864549457819173,121873079894.99245,USD,Retail trade,Strong buy,96.87742327419089,96.80004306320329,94.84767433039286,-1.8640576725025624,-0.18854090290142728,20.19424823410697,96.13599999999994,94.90600000000003,100.3013999999999,86.8337500000001,25.156419124052906,8.002043,5.683276602868143
SPGI,S&P Global Inc.,410.42,USD,-1.8978869872836786,1710114,0.8646273439129357,120991806753.87585,USD,Commercial services,Strong buy,425.1125006015557,422.48622652583384,421.6155838755571,-6.467639015496808,-0.07790816574962096,-16.844829452726486,430.43600000000026,430.1634999999992,428.4054000000002,429.35589929300016,24.992540358184595,17.87558,26.218823258137665
PH,Parker-Hannifin Corporation,934.34,USD,-1.5935205957007588,655740,1.031144741435432,117771189572.34482,USD,Producer manufacturing,Strong buy,977.9681413483324,972.9155714743622,959.926006252585,-1.8498870739009414,-11.963516785858978,5.9811027551865354,953.3580000000005,997.9704999999998,989.7954000000012,938.0010000000001,32.79709356406971,35.12882,5.019759057463465
MDT,Medtronic plc.,91.62,USD,-0.29382957884426597,5119268,0.5543269466387705,117194606050.59944,USD,Health technology,Strong buy,89.94798244723378,88.26450310391695,87.41608880638812,-1.5262252794497009,2.6439614609007385,-4.602249062890464,92.63400000000011,91.98100000000001,87.45119999999999,89.59735000000002,22.555946724439305,5.973635,12.151416422773199
FTNT,"Fortinet, Inc.",158.85,USD,1.0367637705126544,3268502,0.7242923517367036,116550409925.85136,USD,Technology services,Buy,157.33517589089558,152.3339820808745,142.59262988757658,0.8571428571428535,-2.6892918402352453,98.63698887082656,157.238,158.59700000000004,159.04020000000014,111.2334250000001,55.97251585623678,3.449759,13.261763179949714
SNOW,Snowflake Inc.,329.72,USD,-0.5309520936406392,3433493,0.48674106001857687,116325215830.90262,USD,Technology services,Strong buy,315.1827778492762,295.49645632748684,271.6222149040295,-12.597913822582136,-0.4288216464335203,49.94088221919055,338.07,328.02599999999995,302.15340000000003,220.1697500000002,nan,2.215265,23.458070116217392
MO,"Altria Group, Inc.",68.79,USD,1.325673884224489,6513810,0.8303993358243352,114861681606.32301,USD,Consumer non-durables,Buy,68.81568223109419,69.16121509384529,69.00625472923446,-1.3763440860214964,6.02651048088781,19.3028095733611,68.644,67.59,69.5296,66.53224999999999,14.486069871754376,5.678953,-8.228814378200786
SBUX,Starbucks Corporation,99.22,USD,-0.8196721311475483,6980355,1.2400309821439468,113110801035.44261,USD,Consumer services,Buy,104.22660904878227,103.95392056665295,102.69784848615421,-7.5475214312336885,-5.1071155317521075,17.810496319164095,102.31200000000004,105.68750000000011,105.24940000000008,97.90067500000028,57.21040189125296,2.614173,-24.99351267191419
VLO,Valero Energy Corporation,385.43,USD,-0.9050006427561337,3157943,1.1514129948307723,110975884281.98474,USD,Energy minerals,Buy,343.3777610163298,322.97864335078873,299.143739542117,5.597260273972605,22.26169706582078,136.0980091883614,379.72799999999995,356.8745,322.4282,242.77070000000003,15.988169509524127,44.75604,899.6350970310168
NET,"Cloudflare, Inc.",311.17,USD,-0.9580495257495674,3669746,1.1539011680960782,110801322151.59589,USD,Technology services,Strong buy,289.81865747644895,278.01307827055854,262.30513806303196,11.159932840352948,1.1605981794538338,56.445449974861745,294.6159999999999,295.31199999999984,283.8951999999999,223.97369999999992,nan,1.261428,-72.17134416543573
BNY,The Bank of New York Mellon Corporation,162.59,USD,0.04922773983140269,2678135,0.8882534043962148,110317986083.19656,USD,Finance,Strong buy,159.69536418856774,155.7378776484412,149.62460897591293,-0.2515337423312862,1.9373040752351118,40.15171105939143,163.42400000000004,162.18700000000007,158.49899999999994,133.74220000000003,18.929145225510513,9.232948,31.18795246968262
LOW,"Lowe's Companies, Inc.",196.59,USD,-1.0120845921450106,2487974,0.8251737401898072,110297612416.95953,USD,Retail trade,Strong buy,208.87971992959666,212.70194034383144,218.17596031372642,-2.1940298507462668,-10.232876712328766,-18.596273291925467,200.46799999999996,209.26149999999998,212.00319999999982,235.83181000000042,16.624384798822874,12.268732,-2.844326136251599
MPC,Marathon Petroleum Corporation,392.42,USD,-1.7574604446224669,2568284,1.0815756899451916,110201244182.35991,USD,Energy minerals,Buy,353.3043261482185,330.9395277081435,305.28628173603295,2.2060164083865157,23.015673981191227,140.9702179920172,393.2479999999999,371.8739999999999,330.3910000000001,244.70610000000005,13.510526587595324,52.324629,330.27183171616923
ACN,Accenture plc,177.91,USD,1.2002275312855433,3961244,0.8837414572273394,108870627781.0117,USD,Technology services,Buy,175.90986217028373,173.20001412419114,176.55394492946826,-6.363157894736845,0.6107560934230527,-33.8107816511031,182.51600000000002,182.90149999999986,164.7968,201.95534999999984,14.208021211008,13.860556,-0.3414327441164492
SPOT,Spotify Technology S.A.,521.73,USD,-0.24282982791586652,1268817,0.8641815378070612,107414992975.86293,USD,Technology services,Strong buy,518.851788860029,510.34102304822545,506.8784799002861,-7.658407079646015,2.231845436375758,-10.949341162012695,535.1819999999999,532.9135000000001,506.43220000000014,505.89749999999964,32.48286295971162,14.23349249805,285.97793958618695
ADP,"Automatic Data Processing, Inc.",267.33,USD,0.7955659452529811,1661120,0.897994832118452,106200253142.74785,USD,Technology services,Buy,268.90177429625345,260.8540893420998,252.55702632089503,-5.507051712558778,-1.2339749510474125,4.007314321285458,272.3319999999997,277.6804999999998,264.55740000000014,237.29710000000017,24.429538787707095,12.257737,9.619738344719813
APP,Applovin Corporation,314.49,USD,3.0911951747197293,4729836,1.065344434532168,105244389998.29353,USD,Technology services,Strong buy,347.064908770196,375.72634680321426,406.0274175932999,-2.6045215236915356,-4.584344660194178,-53.97954256113086,313.1399999999999,311.4430000000002,382.3966,482.8152749999995,24.172572289434445,15.779013,93.2791585577823
SYK,Stryker Corporation,270.01,USD,-1.9535930861687048,3475707,1.1170397340038623,103568558951.55797,USD,Health technology,Strong buy,311.9356207763904,316.83093602479573,321.7824185041972,-13.998598547585678,-21.61126433444622,-23.135390571623773,286.5900000000001,318.3850000000002,325.7839999999997,337.13942499999956,27.976542020245972,15.011661,27.708308522885172
PSX,Phillips 66,258.51,USD,-0.8704655264974239,2942457,1.0810027693546502,103150893549.93286,USD,Energy minerals,Buy,234.5624743702124,221.33217749230408,206.7779280664872,1.0554708572768807,20.237209302325578,100.3953488372093,257.63599999999997,246.16000000000003,219.5774,174.25735000000003,14.714068609873129,26.921035,322.8171929149018
MCK,McKesson Corporation,880.86,USD,-1.2134397990310355,852967,0.9466026636409722,102699785911.57887,USD,Distribution services,Strong buy,869.2591560934444,855.0320767607597,844.2387939907292,-4.760566121376593,0.4023571518128837,7.684596577017117,898.2060000000004,883.6780000000002,855.1458000000006,843.7197499999991,23.57144003981825,44.630289,49.10940866650705
FCX,"Freeport-McMoRan, Inc.",71.21,USD,-6.585333858061144,22182287,1.5877130579106014,102258807549.12973,USD,Non-energy minerals,Strong buy,70.29589697509392,68.44413841890959,66.18376500466111,-5.481815768516073,0.6644048628781437,37.67037216046398,73.86999999999993,73.403,67.17739999999999,61.4502,35.16195931266048,2.946738,53.400999848507794
HOOD,"Robinhood Markets, Inc.",113.33,USD,-1.6915336571825146,16416864,0.738494518163355,101892994622.91618,USD,Finance,Strong buy,106.52251579045232,102.70520316529881,99.2874543415074,-0.4130052724077319,19.33870373295424,-1.860094563466631,118.556,106.40349999999985,103.3564,95.13252499999999,50.18598884066956,2.137232,14.69930922389272
CEG,Constellation Energy Corporation,285.97,USD,-2.699851992990914,2351770,0.9068195022894034,101321279049.54567,USD,Utilities,Strong buy,279.3139657860166,277.15498770886904,279.30939128744274,-2.1990424076607216,4.766266119577978,-20.12011173184357,292.587,281.2362499999999,268.5631999999998,295.54297500000047,27.850603817686014,12.044624,7.150310973828108
EQIX,"Equinix, Inc.",1023.81,USD,-1.845531417176385,467021,0.8941111738003128,101021062742.19844,USD,Finance,Strong buy,1045.898908998324,1046.6068555137044,1035.1559141716623,0.2835691512025959,-1.8191756650491981,33.628745953847755,1036.9779999999992,1059.5605,1043.4655999999989,965.1601749999995,65.88859928564533,17.206202,52.11304833041284
SO,Southern Company (The),87.75,USD,-0.667874122707724,4835342,0.8134597525807101,100944352321.24461,USD,Utilities,Buy,90.42805126134304,91.5908521183708,92.37587624265024,-0.948188283101934,-3.7723434587125757,0.6653665251806794,88.39200000000005,89.80000000000004,92.89500000000007,92.38892499999992,21.17314930991217,4.590899,7.0047248973690355
ABNB,"Airbnb, Inc.",167.65,USD,-1.1672463597240994,3954498,0.8033082380891032,100386425080.7605,USD,Consumer services,Buy,171.9940502888304,165.30304754467036,157.43017507626197,-9.011967110797531,-6.593865782655937,23.32646755921731,175.80199999999988,183.0532499999999,164.4824,140.261425,38.106603023070804,5.299805,6.145049218297618
ADBE,Adobe Inc.,248.83,USD,-2.3660048654163073,10330238,1.924104882049407,98909925237.25061,USD,Technology services,Buy,258.8327400956765,254.16332360312595,253.8267207559991,-12.838027182289478,-8.004288671990537,-29.042560775646965,262.64200000000005,272.39400000000006,251.78320000000002,266.9645249999998,14.231950537351509,24.42212,11.805369041681042
CME,CME Group Inc.,274.07,USD,-0.22934109938114144,1670335,0.8035060279488012,98549889109.16351,USD,Finance,Buy,271.77277473354496,269.6601307255113,270.50832373595017,-2.3689085209461505,4.280496157065673,0.6703520725816777,278.06799999999936,276.67425000000026,261.7745,278.7889,23.242619808848595,12.249739,14.121324739175051
USB,U.S. Bancorp,62.41,USD,0.4830140074062102,4814867,0.7819879758597298,97237995923.69426,USD,Finance,Strong buy,62.668564608277535,61.866272507821705,60.4327498055019,-0.936507936507942,-2.757868494858227,17.02606412900806,62.78199999999998,62.94349999999999,63.14259999999999,56.960449999999994,12.45261183606688,5.22134,19.95117514719256
PNC,"PNC Financial Services Group, Inc. (The)",242.98,USD,0.9514313016743495,1672989,1.1950004225029274,96935332596.09082,USD,Finance,Strong buy,245.54135256516736,243.52435313768922,238.74696491115452,-0.454750297021596,-3.5410877332274775,16.408757725291046,243.47200000000007,245.36700000000033,249.2303999999999,225.59295000000006,13.364207376769665,18.993266,24.22383164799126
TT,Trane Technologies plc,439.83,USD,-0.9771033613256257,656022,0.7425807801183381,96772797349.17921,USD,Producer manufacturing,Strong buy,456.370569201382,459.57891758966883,458.6603848659614,-0.3466557911908713,-8.55735046466663,12.523024969300039,444.6180000000002,453.9064999999997,466.0338000000007,444.9689000000004,33.316668560390866,15.273812,4.751362803208827
MELI,"MercadoLibre, Inc.",1906.24,USD,1.5940692735286481,450935,1.1870937204746848,96640266210.41835,USD,Retail trade,Strong buy,1890.6113932244136,1856.4761422252038,1838.503434072511,-5.864691358024691,3.0400000000000005,-5.983083031244603,1935.6470000000002,1918.4862499999992,1870.7309,1858.5323500000006,51.874005034356074,37.914647,-9.254677097532534
GD,General Dynamics Corporation,354.25,USD,0.44801088836589,850987,0.7928483058641206,95844888186.3853,USD,Electronic technology,Buy,370.912448537196,369.61418235613655,365.2354181270732,-3.408316291751875,-10.576801716521516,5.262375943424252,357.7520000000001,376.56999999999937,378.21700000000084,354.7311499999998,21.59771250198144,16.976164,10.135098839707785
VRT,"Vertiv Holdings, LLC",248.13,USD,-5.6145155768572375,10042912,1.931268730062283,95527124832.43855,USD,Electronic technology,Strong buy,270.8723981795494,277.38487516870833,277.79478585913733,-3.2593863308511106,-9.934664246823958,46.419614669695804,270.24199999999996,267.84749999999997,279.81980000000004,258.9365,56.14563062859211,6.723646,111.13128224727693
DUK,Duke Energy Corporation (Holding Company),119.37,USD,-0.8801793573029993,3270700,0.9570124754843642,93073052980.86232,USD,Utilities,Buy,122.01317809708004,123.13973522679888,123.95469501215108,-1.1919543084181754,-1.550515463917522,1.8689196108550927,120.53200000000007,121.60900000000001,124.29620000000001,124.2332499999999,17.908902691511386,6.711179,8.975868157739853
PWR,"Quanta Services, Inc.",618.73,USD,-1.315831445979138,553406,0.6536705673076129,93021958954.37392,USD,Industrial services,Strong buy,638.0521215792181,644.6676617197279,638.8020343626757,1.1823385118560945,-7.652238805970146,45.60065890104719,625.8460000000005,638.8274999999994,647.4237999999999,590.7112499999998,70.86506854806382,16.726041,35.41417869938117
HCA,"HCA Healthcare, Inc.",421.21,USD,-0.14697864068463706,1408141,1.0255795291517282,91192591958.14905,USD,Health services,Buy,411.11609124315174,410.8956984628408,416.52052596327314,3.5422812192723616,2.143705895191206,-9.572778016316024,411.85200000000003,414.3655000000002,404.30560000000014,451.0437500000003,14.101958893698797,29.469862,25.46742221531456
HWM,Howmet Aerospace Inc.,227.91,USD,-2.024761413464022,4429744,0.8671565294484094,90890823251.98595,USD,Electronic technology,Strong buy,261.549209203715,263.94160939136447,261.0983350807283,-10.92394278120848,-20.076448309720867,10.910506593994835,242.3639999999998,263.8180000000001,273.0644000000001,245.99314999999976,49.15561307020382,5.333394,35.486981677917065
CSX,CSX Corporation,49.04,USD,1.3851560884846015,10386383,1.0789731317860367,90845364810.44946,USD,Transportation,Buy,49.93458157893724,49.33418442684121,47.94458001708704,0.5948717948717931,-2.232854864433807,34.74378348674267,48.96200000000005,50.227999999999966,50.2042,43.383449999999996,28.32062832062832,2.008225,6.402851173651228
KKR,KKR & Co. Inc.,100.87,USD,-3.093476798924007,4246173,1.136051834386765,90544501815.90518,USD,Finance,Strong buy,104.48730458524314,103.18553353758861,102.67903413229841,-5.8785107772697565,-3.018940486491684,-21.733395406579756,105.63599999999992,108.17149999999997,103.3882,105.50375000000017,32.155950141859805,6.62573,50.4364089775561
ELV,"Elevance Health, Inc.",416.54,USD,4.948349710254483,1903986,1.738987397728705,90334734006.22481,USD,Health services,Strong buy,401.02204346473854,395.6179601123186,386.99061746651387,1.8609541975399246,4.6004721008487754,18.756949394155388,407.53200000000004,400.94899999999996,397.1982000000009,360.571975,18.513629434066253,27.148314,-4.238366624246124
CMCSA,Comcast Corporation,25.17,USD,2.358682391215949,23801794,0.991590657702047,89319181603.70923,USD,Consumer services,Buy,25.60265887155398,25.441003425676026,25.645940081481225,-6.396429899590921,0.5191693290734927,-10.098175118003072,25.845999999999993,26.387000000000008,24.926799999999993,26.914622761699935,8.150378861472703,3.507666,-49.000049543375226
WMB,"Williams Companies, Inc. (The)",72.82,USD,-3.1004657351962903,6315446,0.7660863651824884,89071057736.62912,USD,Industrial services,Strong buy,73.11460459447846,73.11901450798175,72.69523962436895,-3.2035092383357844,0.9566061278247577,21.144568291465635,74.39999999999999,73.7025,73.30180000000001,70.38189999999989,29.0686998523013,2.464226,26.392532795156416
ICE,Intercontinental Exchange Inc.,155.81,USD,-0.4408945686900944,3298753,0.9156756167081814,87470872404.5501,USD,Finance,Strong buy,154.90605649815288,152.61845888945945,152.017882519423,-2.3196037865964447,3.776475289729597,-3.4275443163505646,159.1839999999999,159.09450000000007,149.94599999999994,155.28757499999986,22.00426499456284,8.095145,35.9202242014742
DASH,"DoorDash, Inc.",201.03,USD,1.918933306294201,3363004,0.9193700821584542,87111105465.29984,USD,Transportation,Strong buy,207.9804116982299,201.37763049976002,195.4154727664383,-12.454818621260287,-4.13904916313004,-12.492926478910022,206.48900000000017,220.63125,204.55630000000022,188.4704499999998,105.56080655324511,2.615098,5.953043284744631
JCI,Johnson Controls International plc,142.81,USD,-1.4559757107369482,3090892,1.1101343869838052,86505944823.14977,USD,Producer manufacturing,Buy,144.2303717206701,143.69588659165933,141.78092773311278,2.358084862385315,-6.733281086729364,18.553876805578625,144.25399999999982,144.4395,144.7488,135.1782750000001,24.825727944372012,5.07237,70.84942084942087
WM,"Waste Management, Inc.",214.77,USD,-0.771576418406943,2164468,0.9610323909334211,85846830057.79684,USD,Industrial services,Strong buy,222.04258930189405,223.52817686698012,224.3347197701661,-2.368397127011537,-4.834278624601203,-2.083523297164217,217.94000000000037,221.25499999999957,227.87839999999971,225.2417999999998,30.40130228607828,8.111063,4.823871561266581
MAR,Marriott International,329.07,USD,-0.7390202702702668,1580376,1.0290719855380763,85810362308.0264,USD,Consumer services,Buy,350.0132161070994,355.2839822270641,355.5118099505143,-1.2602394454946406,-5.702495916554441,5.9636129447753925,332.3919999999999,347.45449999999994,359.23940000000016,345.4549499999998,34.106880039800174,11.716044,8.838426568298985
INTU,Intuit Inc.,312.77,USD,-0.372682678218773,2715517,0.784673343586758,85554164184.36562,USD,Technology services,Buy,328.63338482103416,329.50152027794155,345.8102717115473,-11.12721279799961,-5.868721220694014,-52.653648198607335,324.5279999999998,346.5214999999983,318.69440000000037,422.3036000000004,18.957825702197812,24.042424,20.323815775079325
UPS,"United Parcel Service, Inc.",99.97,USD,0.7558959887119533,2681957,0.7718776795442315,85052631823.5258,USD,Transportation,Buy,104.11445091981413,105.07205898333581,105.29132304296758,-3.522486006562445,-4.736039641700018,0.6747230614300118,101.092,103.06599999999996,107.24480000000011,105.00759999999991,18.609802863046593,7.193993,-20.137071836346333
BN,Brookfield Corporation,38.05,USD,-1.2201453790238992,5922249,1.2871915502405362,84940973716.1061,USD,Finance,Strong buy,41.2700700410421,42.04247853302254,42.69412718306447,-5.39532570860269,-14.398200224971891,-17.462039045553155,39.313999999999936,41.24050000000004,42.44760000000003,44.21315000000004,72.52857683111306,2.7764944475999997,78.2519800695957
EPD,Enterprise Products Partners L.P.,39.33,USD,0.025432349949130243,2249092,1.0390084836723423,84932241349.78154,USD,Industrial services,Buy,38.60480165073961,38.30568177304543,37.84739031556754,-0.07621951219512484,4.130262112787914,22.523364485981297,39.11799999999997,38.78099999999998,38.275,36.413600000000024,13.670965275122526,3.000284,7.479358912093255
MRSH,Marsh,177.29,USD,0.2544673150870779,2181433,1.0196490037375034,84604784872.49014,USD,Finance,Buy,184.35438853066182,182.42233310524608,180.52444336482466,-6.071523178807952,-6.280065549505734,-3.86096198687707,181.77000000000024,187.82750000000004,185.58320000000057,177.93124999999986,21.694280609872493,10.447877,-1.9073111593907066
MNST,Monster Beverage Corporation,43.09,USD,0.5835667600373482,9466755,1.007872478804348,84415540545.19981,USD,Consumer non-durables,Buy,45.5477765961575,45.55224054113155,44.75900039621897,-2.9504504504504396,-7.073538926029749,12.403808530063916,43.39599999999995,46.02200000000003,47.07415000000004,41.88664999999998,39.98700816629548,1.160447,34.5822405395279
MMM,3M Company,162.86,USD,-0.9367396593673918,2909067,1.1116613455401059,83990548917.83807,USD,Producer manufacturing,Buy,170.30939210548297,168.43219305084307,165.54406400942977,-4.053257923883584,-10.486973727602498,1.7239225484072576,166.32999999999998,174.90899999999982,171.73779999999985,160.87239999999983,28.916903409090914,8.943416,-21.668984700973585
LITE,Lumentum Holdings Inc.,935.7,USD,-5.38736880422253,3953829,0.984263475576676,83932285486.9775,USD,Producer manufacturing,Strong buy,875.0582000744478,856.2970101451488,820.6445384709072,7.059496567505726,14.715509948876395,146.63925351889927,926.368,900.7192500000001,823.9236999999999,695.991025,nan,21.515738,-34971.96776929601
SLB,SLB Limited,56.01,USD,-1.8229623137598583,14067878,0.8564238448412937,83126865711.67993,USD,Industrial services,Strong buy,54.32842644311501,53.321621014202705,52.204304662610824,-3.7132542547705065,4.730740463724759,45.82140067690707,57.01600000000002,55.37800000000002,51.39440000000009,49.372899999999944,27.186680904766526,2.477941,-29.425870101397646
EMR,Emerson Electric Company,148.37,USD,-1.3103631767992543,2529765,1.1903114515728557,82760782172.81589,USD,Electronic technology,Strong buy,151.84916635711176,150.03159215717716,147.57382336720858,-1.2512479201331084,-6.6855345911949655,11.36380695038656,150.77799999999993,155.17199999999997,149.85619999999994,143.07239999999996,32.42138845792453,6.559588,-1.699102117970537
REGN,"Regeneron Pharmaceuticals, Inc.",793.26,USD,-1.781712375410139,526852,0.830460713611859,81670074877.78185,USD,Health technology,Strong buy,778.8955000278276,756.2288198061653,738.1744695963271,-7.565385085966308,-1.9213649851632004,2.4552793025508546,816.481999999999,818.1614999999986,748.3214000000007,733.4034499999987,19.604528570475324,54.550154,1.954010824539639
MCO,Moody's Corporation,467.36,USD,-1.519270076068858,592650,0.9273447708723812,80946751822.7347,USD,Commercial services,Strong buy,485.8631132783309,481.8112727224182,477.13994813595593,-5.7988833571846055,-1.969585736759305,-8.310444950168723,484.206,495.4409999999998,490.58279999999996,473.09132500000067,29.635829829867916,16.93734,34.02768924810688
AMT,American Tower Corporation (REIT),172.98,USD,-1.3965684318531706,2283981,1.0382770567182653,80601766515.05489,USD,Finance,Strong buy,174.3583646588244,174.8043510715699,175.9771564329869,-1.1147316069284954,2.658753709198807,-1.3009243409791174,175.54800000000017,175.2900000000003,171.44279999999998,177.56160000000048,23.784185125603265,6.969845,164.01786038407087
MDLZ,"Mondelez International, Inc.",62.47,USD,0.08010253123998264,7098665,0.9043469662141741,79730957384.29813,USD,Consumer non-durables,Strong buy,62.22142884954838,61.87755221748074,61.35775621502892,0.4825478526620511,2.3092040615787695,15.81386725991843,61.85000000000001,62.780000000000015,61.680200000000006,59.19602499999997,22.913839269339395,3.0488,-0.4418638621092528
DDOG,"Datadog, Inc.",221.72,USD,-1.575886713721317,2516634,0.6117245491594345,79614119948.69836,USD,Technology services,Strong buy,232.73351012271033,230.52022576258548,219.49581725835336,0.7818181818181813,-13.603242021587498,61.544626593806925,216.98200000000003,230.70350000000002,247.405,177.09297499999994,452.95199182839633,2.529359,41.43311181739381
CTAS,Cintas Corporation,198.44,USD,-0.7998400319935985,2122576,1.2763883465977757,79409643960.4295,USD,Commercial services,Buy,198.96160326659475,195.68108152336222,192.33201766061566,-0.11074197120708691,-1.806125983472713,5.7895298006183955,200.09999999999974,201.7560000000002,199.0351999999997,187.08592499999966,40.42947660085977,5.501962,11.516790112237015
CDNS,"Cadence Design Systems, Inc.",284.95,USD,0.12297962052001611,1923290,0.7399907297720868,78473238562.94641,USD,Technology services,Strong buy,318.7450139092285,327.58852429489923,331.46421847785035,-7.3755038356520615,-13.800405360438031,-9.74025974025974,290.24700000000007,315.8167499999997,336.2095,326.8375250000001,56.69292905176873,8.13939,35.99761891877266
BAM,Brookfield Asset Management Inc,47.24,USD,-1.0058675607711585,3284672,1.3162920409957917,77390087053.27997,USD,Finance,Buy,49.90450199840696,49.502222154448916,49.1804659028721,-5.159606504717928,-10.75004723219346,-9.830120251956478,48.94399999999998,51.361999999999966,49.737200000000065,49.09964999999997,28.022330546760518,1.8666392598,10.931106900430727
EOG,"EOG Resources, Inc.",147.46,USD,0.30610162573975724,3888474,1.2533140038800938,77347069226.84322,USD,Energy minerals,Buy,144.26029754385084,142.22327147877172,139.18965250087842,-0.49932523616732843,4.285714285714287,40.438095238095244,146.1959999999999,146.82850000000022,142.4433999999999,129.27294999999995,11.471112182903017,16.597413,24.99538130937449
CVNA,Carvana Co.,70.28,USD,-4.263724288244102,6814781,1.2195790697399735,77340599572.8233,USD,Retail trade,Strong buy,70.7767811909516,70.02103168791947,69.79994811293307,-6.355762824783473,-3.673245614035078,-16.666666666666664,73.28600000000002,72.633,69.3018,73.1588850000001,32.600426755728726,1.619303,169.87981972959443
SHW,Sherwin-Williams Company (The),317.44,USD,-0.9980039920159646,1772934,1.2072958521544779,77061154926.46707,USD,Process industries,Strong buy,336.54331593232183,336.09802938744446,334.92216388733345,-5.301154500164071,-12.154084569404477,-1.7973704563031716,326.02799999999985,341.4520000000002,341.63700000000046,334.0741,29.266313867940184,12.108388,7.709876665806048
MSI,"Motorola Solutions, Inc.",463.88,USD,0.8675987736197808,770405,0.8631040106403991,76769254520.94893,USD,Electronic technology,Strong buy,459.86212480599704,450.566905037696,442.0468087765303,-3.4428208650763956,0.9729870921399121,21.01638317854534,465.40599999999984,475.1144999999995,447.74320000000006,424.04099999999994,36.536916557710185,17.701044,2.1851634244689984
TRV,"The Travelers Companies, Inc.",367.56,USD,0.1935395938394383,1244627,0.9032602153059733,76663832762.13045,USD,Finance,Buy,365.3135918920106,357.0394849774341,344.60525857400836,-0.07883648226179706,-1.5929961714545766,27.355254495686214,368.7520000000001,367.6735000000004,365.3572000000004,313.62235500000014,9.842017886788412,34.075679,65.14110353488454
ECL,Ecolab Inc.,271.6,USD,-0.2240916939127721,1175267,0.9718479505199487,76137240688.8814,USD,Process industries,Strong buy,277.4509939546876,276.08187050412596,274.4803036454535,-3.5305818000994518,-3.956999893914211,3.981623277182249,276.0339999999999,281.01200000000006,278.42639999999994,273.07669999999996,36.43583483137024,8.155323,-0.31693389855440474
BE,Bloom Energy Corporation,258.49,USD,-4.006981580510979,11496342,0.8428802790607361,76132372740.36266,USD,Electronic technology,Buy,234.15446406660297,232.86126373843305,226.10928294223368,18.03196347031964,20.508158508158512,185.403555261124,258.68199999999996,225.83950000000004,225.9834,193.74169999999998,352.21419811963483,2.698963,15514.893617021275
SNPS,"Synopsys, Inc.",397.17,USD,1.0045267280402799,1668590,0.8046456969835443,76112325521.05632,USD,Technology services,Strong buy,410.40397471599005,417.8909702050773,427.1724220783274,-5.232641374373659,-3.5995145631067924,-17.073119806238772,398.514,411.58299999999997,409.3054000000004,447.3251749999999,70.16394021835141,15.140179,-55.681346643178706
CMI,Cummins Inc.,550.03,USD,-0.8526209532049929,1115775,1.0011966533188736,75719600628.03784,USD,Producer manufacturing,Strong buy,594.1909202136792,609.4625847391441,612.9824829992273,-0.5370705244123015,-14.072581275093349,7.753942599666957,554.518,580.7159999999999,624.2698000000006,601.3717900000003,28.107354015810802,29.543556,-7.964331234156232
GM,General Motors Company,86.12,USD,2.8175740210124154,6141303,0.9409218050742462,75566128387.71011,USD,Consumer durables,Strong buy,85.65926792560491,84.27763950008038,82.49058616990898,0.46077573636629954,-2.280721661182334,5.785530033165469,86.12999999999995,85.96600000000007,83.77960000000006,80.12079999999997,43.43790981539393,13.445706,-68.57106623125456
APO,"Apollo Global Management, Inc. (New)",127.91,USD,-2.34386929302183,2166388,0.9453161428897948,75536379896.5713,USD,Finance,Strong buy,130.4909386031907,129.3062400091174,128.2545949245612,-3.18649712382683,-3.464150943396229,-11.79229018688366,131.77200000000005,133.82850000000008,127.76739999999994,127.82929999999993,48.38111808760117,8.767614,-50.116981132075466
ITW,Illinois Tool Works Inc.,265.2,USD,0.45835069510207943,1646396,1.3991332049601706,75528953968.48062,USD,Producer manufacturing,Buy,275.8652779693063,274.94811068980465,272.5696494659225,-2.449790333259775,-10.001018088030687,7.520778430975058,267.9300000000002,278.4940000000001,280.07199999999995,267.2656500000001,24.03697996918336,11.430316,-3.183629056318995
ET,Energy Transfer LP,21.73,USD,0.23062730627306602,8042058,1.1537318861490895,74822900503.44972,USD,Industrial services,Strong buy,21.00962060151053,20.630685126097646,20.17729550107506,0.9289363678587983,5.587949465500497,32.09726443768998,21.571999999999985,21.315000000000005,20.607799999999987,18.967400000000012,14.88866050017129,1.695488,12.650509416486564
CI,The Cigna Group,280.91,USD,0.9850091670561201,1546771,1.0586285766770238,74227804975.70142,USD,Health services,Strong buy,281.66302684843345,282.1394753545002,282.1844835325098,-1.105439183242382,0.5116645198225299,1.5361815947372224,280.738,279.3304999999998,283.4080000000001,279.68029999999993,11.617308304694319,30.504281,32.04187280888568
FDX,FedEx Corporation,311.8,USD,0.8441411429865175,1017207,0.6641775198742585,73793843985.03833,USD,Transportation,Strong buy,320.5247996323457,319.1522952382542,313.64289261801883,-2.161975587561576,-4.7095137679166195,34.01346157072359,316.38999999999953,326.5084999999999,319.00359999999927,293.02857122519976,16.82041322759886,17.691085,9.927059242127733
NOC,Northrop Grumman Corporation,518.95,USD,0.6555850805904135,934101,1.1884068812768676,73723612571.93883,USD,Electronic technology,Strong buy,538.8692981904712,546.3773521932833,559.073323340888,-1.9368858654572938,-9.895127964718547,-8.890605523271121,519.2640000000004,547.1439999999996,544.7134000000002,602.1691249999999,16.454805170921336,28.938661,15.966068289956544
HPE,Hewlett Packard Enterprise Company,55.22,USD,-6.247877758913412,19805795,0.6205036030669987,73302603829.69507,USD,Electronic technology,Strong buy,52.056670393678566,49.49099917093201,45.415362858632996,16.008403361344534,1.1355311355311308,127.42998352553542,55.31799999999997,54.53249999999997,50.74519999999998,33.80145000000001,28.79340911461049,3.798434,142.2076281889366
NSC,Norfolk Southern Corporation,323.3,USD,0,842923,0.7538269827818416,72615882607.00002,USD,Transportation,Buy,333.59513174003644,330.75663092237556,325.0890707071584,-2.4559497948346567,-3.273097175682144,11.911108034199879,326.3619999999996,339.32350000000014,335.7729999999998,309.5948500000001,27.599924874933837,12.983801,-20.859119530848844
NU,Nu Holdings Ltd.,15.02,USD,0.1333333333333305,76215540,1.0575086677321026,72553876995.74133,USD,Finance,Strong buy,14.58555357720915,14.3542904039237,14.280355238358679,-4.148053605615829,8.330328164442838,-11.957796014067991,15.27999999999999,14.835499999999985,14.332400000000021,14.965700000000002,20.44093630919978,0.874648,56.40698169433802
ROST,"Ross Stores, Inc.",225.48,USD,0.09322146757223755,1356747,0.6668408214140547,72030291991.5227,USD,Retail trade,Strong buy,233.4897906332436,232.75042949905162,228.57251180143754,-1.4811901953073863,-10.926759895709882,24.857411816822626,228.48399999999975,233.65749999999974,235.4152999999998,213.6135749999999,27.24471671439446,8.485218,31.42299080558334
WBD,"Warner Bros. Discovery, Inc. - Series A",28.2,USD,1.039054102472229,32196329,1.9211823941699095,70801834623.07417,USD,Consumer services,Buy,27.830464798257406,27.55167927903181,27.22709411765136,-0.7217039253652591,4.715930189379872,-2.0493226814866268,28.170000000000005,28.377500000000005,27.17259999999999,27.36662500000001,nan,-1.146103,-521.58940397351
TGT,Target Corporation,155.73,USD,-1.1363636363636491,3209492,0.9664026183358364,70747635252.20453,USD,Retail trade,Buy,154.47759095996093,148.99052111434878,141.92202831808748,-5.112113087984411,3.1051377118644052,59.05423347972627,160.882,160.75400000000005,148.45740000000012,123.59142500000006,16.160263993524687,10.078599,12.33563368460318
CL,Colgate-Palmolive Company,87.9,USD,-0.14767692831988577,3587167,0.8362206312157795,70071487315.66852,USD,Consumer non-durables,Strong buy,90.19730096668096,90.3691500149271,90.00827137390017,-2.3767214571301647,-5.1575312904618045,11.364500190041806,88.63999999999967,90.43000000000032,91.59380000000037,87.85912500000013,34.77194509276475,3.867237,-28.947664286918883
RCL,Royal Caribbean Cruises Ltd.,259.01,USD,-0.28872805666769324,2177758,1.0778082387849088,69465183553.83409,USD,Consumer services,Strong buy,282.3659116182428,286.1095418470745,287.5210983329663,-2.8433174537679524,-16.98397435897436,-6.998204667863558,262.802,282.5199999999999,293.82599999999996,287.9653999999997,15.99676371407043,17.761253,22.036223309239748
ORLY,"O'Reilly Automotive, Inc.",85.51,USD,-0.6621747211895832,4743671,0.8593390803868918,69174240798.39952,USD,Retail trade,Strong buy,88.31433025815696,88.84747053599754,89.64485624334392,-2.552706552706547,-6.729930191972079,-5.7637205201675,86.55000000000007,88.86799999999984,88.72100000000012,91.97679999999998,27.193512482111625,3.28748,12.468257090740005
HLT,Hilton Worldwide Holdings Inc.,306.24,USD,-0.244307632170429,1460072,0.9376490892890113,68923876118.20268,USD,Consumer services,Buy,318.6074673245976,321.0962354011414,320.597616390244,-1.9058906435183667,-1.962416365207925,6.752187401959077,308.6460000000001,320.76699999999994,323.3336000000001,313.4221000000004,44.99757556166155,9.04018,4.542242703533027
KMI,"Kinder Morgan, Inc.",30.95,USD,-1.4645017510347051,10869431,1.031095375917449,68919521626.07132,USD,Industrial services,Buy,31.564578284784936,31.732361881218985,31.732924823690958,-3.34166146158652,-1.5585241730279962,12.586395052746457,31.467999999999996,31.77399999999999,31.9004,31.146375000000017,19.96516578505999,1.526389,27.19067935674433
DLR,"Digital Realty Trust, Inc.",185.37,USD,-1.962132430717161,1534161,0.7087796197440659,68772033069.9247,USD,Finance,Strong buy,188.45959516547643,188.25239820546545,186.93961300977952,0.5478411802994092,-3.2616637094249032,19.87196068287637,188.026,190.639,186.76819999999978,179.30944999999974,90.1692771670396,2.708176,-46.11977460359062
RSG,"Republic Services, Inc.",221.08,USD,-0.6248033442711316,1672242,1.0037009116030722,67697566471.43668,USD,Industrial services,Strong buy,219.0578953394661,217.554191757769,216.52847187214985,-1.1623748211731018,3.077209996270059,5.001187366421277,222.60199999999992,220.5355000000004,217.96920000000003,215.0852499999998,31.31489114576694,7.276561,4.356116596700759
AEP,"American Electric Power Company, Inc.",123.47,USD,-0.9625411085265122,3339055,1.0512680400952503,67216745978.712036,USD,Utilities,Buy,125.52422378201538,126.960192537555,127.6610788557745,-0.2262626262626272,0.7671590630865892,6.955994455994457,124.55400000000006,124.08149999999989,128.48239999999996,126.92792499999992,21.3963885904412,6.381186,-15.46518611839503
SPG,"Simon Property Group, Inc.",204.67,USD,0.06844961619321681,1479909,1.1120115451929744,66221287907.643456,USD,Finance,Buy,214.6790505678388,215.17777626060635,212.70852896108605,-3.261331946873378,-7.082217278794217,10.950290020057455,208.4079999999999,215.37049999999977,221.4284000000002,202.18694999999977,38.83681214421252,6.647592,-25.407991394318557
APD,"Air Products and Chemicals, Inc.",293.65,USD,-0.5385449126134778,828952,0.8645380278484971,65391604196.44018,USD,Process industries,Strong buy,300.1249685485371,298.48013567212064,295.3020573792793,-5.6091288974606375,-4.652899538931113,19.720319634703184,298.4179999999998,303.69300000000004,301.0616,283.15750000000037,nan,13.444054,-103.09207216272551
PCAR,PACCAR Inc.,122.57,USD,0.5661306202822429,2290206,0.9614399042441631,64516547917.962326,USD,Producer manufacturing,Buy,126.17202838799587,125.4162626848785,123.66849757791225,-0.2928495891971151,-6.435114503816799,11.640404408416053,123.2320000000002,126.64749999999955,127.93259999999997,120.211275,25.802037723139104,5.940993,-18.58504147528622
HON,Honeywell International Inc.,202.18,USD,-1.3419216317767042,2007551,0.7634323411157977,64078927403.43639,USD,Producer manufacturing,Buy,219.79310646801983,224.37446521097408,227.31231335754853,-2.9660203493952806,-16.564872895344994,-1.4381535460149948,206.51799999999943,216.60850000000005,227.31360000000018,229.7447746080004,7.475937450312638,8.324974,53.73390557939914
ALL,Allstate Corporation (The),251.79,USD,-0.7058916318321715,2883354,1.8558410591013772,63667105183.615105,USD,Finance,Buy,255.22866754018673,250.44737178103026,242.69537574998665,-3.510251005939834,-5.6683650531994685,21.61418083462133,256.3020000000001,258.1795,257.5067999999999,222.38184999999987,5.028297779712669,35.333983,135.47341938821094
AON,Aon plc,307.77,USD,1.0108635006071693,2449263,1.3622218305505704,62776585081.3298,USD,Finance,Buy,338.37711787968914,340.3746587626144,339.83966646178794,-7.298192771084342,-13.05932203389831,-12.346206425153799,315.6679999999996,339.4355,351.94980000000055,336.68150000000077,16.970021118101467,18.795691,51.84785156904115
TRGP,"Targa Resources, Inc.",291.91,USD,0.18189306060815072,883779,0.8796004580241562,62594558641.86224,USD,Utilities,Strong buy,283.68032450223416,278.0436792602997,268.75303606149566,-0.7007517773922516,9.777744349591966,58.79345047054344,292.23399999999987,290.6565,279.0687999999997,239.8040000000001,27.868367288488344,11.280739,49.97780673243511
BSX,Boston Scientific Corporation,43.1,USD,-4.137010676156582,22675722,1.2173397735526998,62461789841.419044,USD,Health technology,Strong buy,47.03421753883973,48.31367860770849,51.89828093421527,-11.280362289007815,-14.262979908494135,-54.972837442540744,45.55800000000008,48.51299999999999,46.93879999999996,65.96325,17.476987956692753,3.288622,46.7741935483871
AJG,Arthur J. Gallagher & Co.,243.31,USD,-0.3970853119371209,1063122,0.792867605782541,62360349718.08396,USD,Finance,Strong buy,252.39807639271098,247.51753865150334,242.65024526744864,-8.464692825702569,-2.2772913487027022,-5.367352495041037,253.67800000000005,258.60699999999986,254.81539999999998,233.8564500000001,40.25778483735398,13.251395,-8.900712961427725
TDG,Transdigm Group Inc.,1126.88,USD,0.10660223154005094,396196,1.3046689640751394,62290011875.47324,USD,Electronic technology,Buy,1194.9701181688447,1212.6792716897485,1228.268444113914,-2.6781473196935797,-8.009795918367338,-15.210341376793592,1143.516000000002,1187.4244999999994,1230.3138000000006,1266.2429500000012,34.17117731786825,41.072753,9.481962989768064
NBIS,Nebius Group N.V.,228.11,USD,-5.092573330559593,13028761,0.9426386310323676,62012898090.28875,USD,Technology services,Strong buy,220.36314734023549,214.88545095218643,202.45504210936502,12.435922712933763,21.658666666666672,162.24061619819508,229.8719999999999,227.34599999999992,211.77240000000006,156.99877499999994,nan,-2.110214,-114.14427157001417
URI,"United Rentals, Inc.",989.08,USD,-3.8580051906645743,449723,1.024098676436665,61562802051.21406,USD,Finance,Strong buy,1052.9204241400307,1051.0968783007058,1027.4938694686596,0.4570476751508257,-13.162423178226511,22.019763382227758,1007.3499999999995,1058.6630000000007,1080.7856000000002,930.7206499999996,23.763679828934567,49.47657,7.655638525983063
MET,"MetLife, Inc.",96.78,USD,1.1390949942522766,2225669,0.7962802244198436,61501458729.969696,USD,Finance,Strong buy,95.51784181717294,93.39372705076237,90.29595665079815,-0.3808543489449352,0,22.59944261464404,96.96399999999991,96.18199999999993,94.9641999999999,82.27065,18.51965249339814,10.027122,-11.437626044367619
TFC,Truist Financial Corporation,50.33,USD,0.3589232303090722,8266573,1.3747516667292796,61484449558.415955,USD,Finance,Buy,51.11363005706302,50.96371229048415,50.54901540352406,-1.487570953219818,-2.76275115919629,2.182519541163325,50.858000000000004,50.964,51.533200000000086,49.7604500000001,11.554708664309654,4.631737,18.367346938775523
COR,"Cencora, Inc.",320.95,USD,-0.7330199183471497,1346330,1.0449768570298914,61245984472.634384,USD,Distribution services,Strong buy,317.34275697727236,312.86103222899635,311.1098920300477,-5.016277005031071,-1.4281326781326884,-4.81345275520494,327.42600000000004,322.6624999999999,314.46859999999987,321.34739999999994,23.861211684150266,17.875464,38.36887530989928
OXY,Occidental Petroleum Corporation,61.16,USD,-0.22838499184339411,9147153,1.3214273759952453,61137822020.12202,USD,Energy minerals,Buy,58.78078845811081,57.7561226691387,56.53835366159177,0.31162866983762133,4.591705857203926,48.302618816682816,60.75200000000001,59.951,56.82759999999994,52.692324999999755,18.11987082629692,6.238053,98.32540102238676
MPLX,MPLX LP,59.63,USD,-0.9961813049975001,1079201,0.9373644483842899,60456368559.80791,USD,Industrial services,Buy,58.90691219917805,58.399395324339466,57.774131234640244,0.5056463846283571,1.931623931623936,12.002253944402705,59.74000000000003,59.16449999999993,58.410200000000025,56.52464999999996,12.834972771691168,4.285736,10.254402202287725
OKE,"ONEOK, Inc.",95.72,USD,-0.10436234606553364,2344748,0.6965568509703649,60338986529.20643,USD,Industrial services,Buy,93.4875242659107,92.27246579980195,90.5898306188717,-0.7671573709309506,6.025697828976515,30.302205281786016,96.04600000000009,95.04999999999976,92.16719999999991,85.33380000000002,16.535664311503446,5.721031,12.846755170867707
GWW,"W.W. Grainger, Inc.",1271.49,USD,-0.5739621372660885,229870,0.9737588778664823,59888373038.11076,USD,Distribution services,Buy,1312.3866690414366,1308.465360700086,1283.7416875875158,-1.469254911077534,-1.9570195933285437,26.230045270431265,1295.3640000000007,1308.1035000000008,1334.8804000000005,1182.90815,32.27320376570206,46.510439,-0.5866737992742951
TEL,TE Connectivity plc,204.63,USD,-0.02442837600156897,1664608,0.8298245671757356,59243086883.81238,USD,Electronic technology,Strong buy,206.6449824716951,207.2488893739069,208.6226290227539,0.7334842965442597,-4.743506191229866,-11.184895833333337,206.47200000000004,206.164,205.91359999999963,215.89884999999975,20.059208140139003,11.445998,110.62705180352239
BKR,Baker Hughes Company,59.4,USD,-6.662476429918293,11194042,1.573265802808217,58964839326.96731,USD,Industrial services,Strong buy,61.2176815858303,60.961579937793,60.44867106262376,-7.7066500932256075,-7.519850537132189,29.921259842519685,62.81999999999998,63.172999999999966,60.33190000000001,58.71010000000001,19.087403598971722,2.628976,1.8091405764386397
CRH,CRH PLC,87.66,USD,-1.8914381645215421,4740930,1.0011366584808477,58318836946.78925,USD,Non-energy minerals,Strong buy,95.66298200134877,98.53073028706748,101.82124382868594,-6.535878025375849,-12.897456279809225,-30.151394422310762,90.7839999999999,93.98050000000002,98.54600000000006,111.17759999999993,15.458409014760083,5.887477,18.52726626674749
MPWR,"Monolithic Power Systems, Inc.",1186.08,USD,-1.4679127725856758,625208,1.0493746968316071,58287531286.4913,USD,Electronic technology,Strong buy,1292.1374344118774,1322.8077190694082,1326.4327246442792,-1.2176230532189654,-16.105462326041987,27.86477002603478,1209.1679999999983,1283.0039999999997,1320.5323,1255.59785,72.68359643102264,27.420919,-57.50593725261448
NUE,Nucor Corporation,255.46,USD,-0.9499437788375855,912021,0.8475287254046926,57957659835.211815,USD,Non-energy minerals,Strong buy,253.6090327788731,248.56039305660659,238.52848983785162,-3.846732911773562,-7.112210021089366,54.65552730354764,258.6619999999999,255.88100000000003,250.1362000000001,207.64315000000013,20.380387088538924,18.780712,126.28899480069322
TER,"Teradyne, Inc.",370.19,USD,-3.5184654278193332,2310640,1.0276770621878406,57875780396.325836,USD,Electronic technology,Strong buy,369.89867163428835,368.9300872950134,359.1412141157907,11.2142569593405,-0.9631076272773543,85.75442822018165,364.3120000000001,374.26049999999975,366.7719000000003,319.4801999999999,50.789578388464335,9.206802,152.82528009989946
FANG,"Diamondback Energy, Inc.",205.39,USD,1.3620885357548196,1971977,0.9655604276992944,57514203253.97616,USD,Energy minerals,Strong buy,199.91208584574403,197.41651418311838,193.5303165745661,1.023068220943379,3.8739695544429256,35.934345941295206,201.96599999999987,203.4495000000001,196.5859000000002,181.68392499999987,39.792695921728175,20.560225,-63.303828516583124
COHR,Coherent Corp.,293.17,USD,-3.397258468432846,5629010,1.0514633321260236,57412141308.252335,USD,Electronic technology,Strong buy,300.84280853260987,307.6116351626839,305.7112625467644,9.859102150940567,-9.47631692706725,55.94148936170214,288.96000000000015,293.68099999999987,301.7642000000003,278.84455,71.29100503367945,9.442466,nan
AFL,AFLAC Incorporated,114.47,USD,-0.2353146243681332,2005082,0.8488621838218227,57388769087.37615,USD,Finance,Buy,118.38363058498976,118.70472816332291,117.96856599691473,-3.368225561370923,-5.451391756834885,3.9313600871617926,115.98800000000001,117.39950000000002,121.24000000000002,114.63435000000003,12.267315379421944,7.010224,110.97696081756314
LNG,"Cheniere Energy, Inc.",277.84,USD,0.6922045446308731,1487728,0.5898148110705328,57383446482.44525,USD,Industrial services,Strong buy,274.10814566103,267.98673337350283,261.0668839924831,-6.135135135135144,4.498269896193764,42.87771264013163,282.5279999999999,280.54650000000004,268.0948,241.33435000000011,20.67384963390678,5.502616,-21.674311258239555
D,"Dominion Energy, Inc.",65.05,USD,-0.07680491551458858,6076622,1.2603019030809237,57213161052.0338,USD,Utilities,Buy,66.79723844888798,67.0162613414929,66.57271781046154,-2.136302091168951,-2.9683770883055027,10.422678662366321,65.80000000000027,66.84949999999951,68.5346,64.18555000000002,22.622152669101023,3.586569,-0.6529850746268628
NXPI,NXP Semiconductors N.V.,226.465,USD,1.4082930324198506,3078829,0.9472336625729993,57106360476.500854,USD,Electronic technology,Strong buy,237.09640112257475,245.07504434699894,248.9527154930131,0.5527928247935372,-4.08496039981365,2.6563314521429766,225.29600000000013,226.2124999999998,247.0180000000002,244.2524250000002,19.32773467837605,15.083894,39.66719511759026
CTVA,"Corteva, Inc.",84.49,USD,-0.30678466076696764,3589506,0.7264017273498626,56371388678.19067,USD,Process industries,Strong buy,83.31148076380552,82.62011054541404,81.50557278088094,-6.371897163120567,10.966640399264506,26.104477611940293,86.32400000000001,82.76000000000005,83.44159999999998,77.68314999999991,55.85746396932434,3.755249,-26.404904393519196
O,Realty Income Corporation,59.57,USD,-0.898353019464314,5952471,1.104983935283806,56366211515.360344,USD,Finance,Buy,61.88714442083664,62.26185151513068,62.353654027917656,-3.6084142394821956,-3.530364372469635,5.714285714285712,60.737999999999964,61.94449999999996,63.100600000000014,61.90835000000002,43.57080163838502,1.520584,33.38536585365854
FAST,Fastenal Company,49.01,USD,0.45091207214592927,7282689,1.1483484701943438,56238862384.482475,USD,Distribution services,Buy,49.28330975523866,48.65785814474363,47.822841932008195,1.6804979253111931,-6.021093000958774,21.733730750124195,49.201999999999984,50.19374999999995,48.77329999999996,45.508475000000026,41.707088758403536,1.266571,13.569150478399544
FIX,"Comfort Systems USA, Inc.",1590.81,USD,-1.5063709647460997,212746,0.6509033423252999,55987489923.49925,USD,Industrial services,Strong buy,1650.221527415779,1674.2560700121617,1654.9210651319888,2.2601484909844665,-6.422941176470592,69.52365728900256,1608.989999999999,1638.6345000000008,1692.3192000000004,1502.4926500000001,39.13865003505923,49.007236,108.88515440711674
KEYS,Keysight Technologies Inc.,325.65,USD,-1.6192864263919562,697268,0.6726582594513643,55440204790.84907,USD,Electronic technology,Strong buy,327.4894612295143,327.13628153047136,320.69112617789375,2.0558463129524593,-3.9946933962264186,58.613803516633375,327.98200000000014,328.39050000000043,325.5421999999998,290.86875000000003,44.854754066748384,11.48519,131.29440249769027
F,Ford Motor Company,13.88,USD,3.1970260223048443,47958210,1.0188458376747962,55349877721.21934,USD,Consumer durables,Buy,14.195244093783288,14.147914206929777,13.990508408415002,-2.9031129765652266,-0.03601008282318333,5.311077389984834,14.07199999999998,14.051499999999987,14.09919999999999,13.51557500000001,nan,1.850104,-320.88809493428613
DVN,Devon Energy Corporation,50.02,USD,2.1233156390363543,16665415,1.6105501911240105,55021999485.2985,USD,Energy minerals,Strong buy,47.128920223889416,46.35342950264645,45.58978699216601,1.790801790801796,10.639239106392395,36.36859323882226,48.85000000000004,47.975500000000025,45.25139999999991,43.715824999999974,11.844940680574961,5.117338,-5.407342696503363
PSA,Public Storage,294.6,USD,0,883427,1.0260529816938648,54935789670.0,USD,Finance,Buy,311.65115591289367,313.1298751458244,311.2473808839805,-2.935652861520203,-9.230958836578747,13.70127363952142,299.7080000000003,313.59300000000064,318.9091999999993,298.1898499999996,28.092726977981634,10.026551,14.418670623663427
SRE,DBA Sempra,84.0,USD,-1.1880955181743384,2538861,0.5561387653358896,54927634192.871414,USD,Utilities,Strong buy,85.85884996109706,87.34715551225315,88.69182125210673,-0.011903344839906101,-0.4149377593360929,-5.320108205590621,84.61799999999987,84.88250000000008,88.2442,90.91316500000005,24.34288695047382,5.114957,-16.443895588164086
CAH,"Cardinal Health, Inc.",236.02,USD,-1.658333333333329,1216425,0.8710754610539776,54892523646.10409,USD,Distribution services,Strong buy,234.98275249223866,231.3123627842154,226.0098297923614,-4.099792775588153,-2.8724279835390902,15.373710710270332,242.45999999999998,237.0000000000003,234.32139999999984,216.22774999999987,32.61025754393722,12.544261,12.39381939591583
MRNA,"Moderna, Inc.",136.62,USD,0.7447828331243941,7867399,0.47152206315267914,54543604853.87699,USD,Health technology,Buy,111.25601158861609,96.5830345331075,82.89020649795174,-6.389393264585967,126.90582959641256,357.99530673818305,141.39600000000002,129.388,89.60719999999999,56.52937500000001,nan,-8.332565,-6.204860141255336
NKE,"Nike, Inc.",36.62,USD,-1.9544846050870253,29857408,1.0487845972562362,54325720684.086205,USD,Consumer non-durables,Buy,39.86352000215697,41.21550386649831,43.49737307324425,-4.932502596054012,-11.716489874638379,-42.78125000000001,37.84799999999998,39.23250000000005,41.28220000000001,51.046850000000035,17.453054999523403,1.719623,-2.8296207104154196
AME,"AMETEK, Inc.",234.24,USD,-0.8591865238921578,1236075,0.8988802856462401,53702155170.753456,USD,Producer manufacturing,Strong buy,239.11951972462901,238.1915870147125,235.1746794047647,0.025621316935691463,-7.433313574392413,13.708737864077674,236.038,241.3055,241.17800000000028,226.6692499999998,34.23860613324758,8.3361,10.327366553781657
STT,State Street Corporation,191.3,USD,-0.30746782010525564,1169107,0.9347229715489653,52550444935.00652,USD,Finance,Strong buy,187.84285857189667,182.23820232223943,173.47318425655445,-0.32824467253686,2.45835788120615,48.767400264406255,192.65400000000017,190.959,185.80700000000004,150.15370000000013,16.867108697185582,13.644805,27.095263175588595
GRMN,Garmin Ltd.,272.2,USD,0.0073480784774714565,495254,0.6386179091902339,52494455566.37225,USD,Electronic technology,Buy,278.45203464401965,272.00701442381404,263.11527550090193,-2.3007070815835844,-12.798334134230336,33.64756714292729,274.8539999999998,288.2025000000004,274.8330000000001,239.63624999999996,28.069958338489457,10.169199,19.64318762260799
AU,AngloGold Ashanti PLC,103.88,USD,-4.284529623145679,2519180,1.0389647454010946,52460176100.27716,USD,Non-energy minerals,Strong buy,102.06352340340848,98.75015908311387,96.29175144420748,-6.9592476489028305,7.325136894307251,19.24467657693853,108.196,109.83199999999997,93.68439999999997,95.60760000000002,13.902383533410955,9.007885,9056.985294117647
DAL,"Delta Air Lines, Inc.",78.24,USD,-0.6476190476190542,5913306,1.1499249077414353,51452422412.22095,USD,Transportation,Strong buy,82.55234733997368,82.5713043259359,80.80526437633256,-0.4959938954597489,-13.057006334037116,12.01145311381532,78.97399999999998,81.92449999999997,85.70460000000003,74.5244,12.998189158207763,6.418522,-12.686577989236861
NDAQ,"Nasdaq, Inc.",92.01,USD,-2.345574188070467,3524814,1.2237324977489947,51431507188.32106,USD,Finance,Strong buy,94.53190894101364,93.27389242700728,91.98039413445807,-5.436793422404925,-3.583778685947817,-5.388174807197939,95.37199999999993,97.22500000000005,93.70960000000012,90.50105000000002,26.812565567082412,4.129092,31.852762621993403
ETR,Entergy Corporation,105.73,USD,-1.3436596062330854,2047580,0.7923067332722626,50515410597.97527,USD,Utilities,Strong buy,107.63942817205543,108.58077105708117,108.618825881236,-1.1869158878504635,-0.24530616095857244,14.216268769579791,107.296,106.9664999999998,109.80079999999992,105.70485000000008,27.034006647916137,4.39967,-2.653325368379127
VMRK,Vivmark Residential,65.02,USD,0.06155740227761163,8285635,1.4450513757055619,50311120576.14958,USD,Finance,Buy,66.06647284918344,66.16030570128113,65.82104676693267,-0.9294529940575949,-0.8690349138588311,4.332477535301662,65.30000000000004,65.5685,67.04159999999997,63.96905000000006,28.53631775290761,1.286,-12.81472411418075
EW,Edwards Lifesciences Corporation,86.77,USD,0.6846135994430136,2310038,0.8432044424681692,50014230295.60918,USD,Health technology,Strong buy,88.67195715037721,88.17438751117838,87.18408527605561,-4.732103645147126,-5.715527545365647,1.532880879943836,87.87000000000012,90.09100000000005,89.38179999999997,84.97545000000002,51.489437455494894,3.000897,15.046422719825225
MSTR,Strategy Inc,128.56,USD,-3.119819140919357,14411727,0.552031652283522,49396030462.13475,USD,Technology services,Strong buy,119.6214619928613,118.83037738801347,124.90707968946049,0.4492713989920716,31.991786447638596,-16.838087845268127,137.08,121.0,106.21900000000004,138.22292500000017,nan,-25.302581,-955.7415004313606
FITB,Fifth Third Bancorp,54.43,USD,0.44288614135449716,4396890,0.9986100644470347,49362161776.23344,USD,Finance,Strong buy,55.32860304406693,54.997229283027195,53.980187779507375,-0.4025617566331178,-4.5757363253856935,16.179295624332973,54.59399999999998,55.17999999999999,56.47579999999994,51.09430000000001,18.52557775433103,3.060225,-8.564404195064261
ALAB,"Astera Labs, Inc.",284.53,USD,-5.327077926399164,3226620,0.9099468423551261,49361719018.20559,USD,Electronic technology,Strong buy,306.06973911107,306.32393632720886,292.31784247773624,5.3775786081996895,-12.268746916625561,65.72793196843054,293.42800000000017,294.73549999999994,321.3117,227.40944999999994,140.09354997538156,3.994019,256.1283534981589
VST,Vistra Corp.,147.05,USD,-2.680344142951676,4535116,1.039727343923379,49355157104.97387,USD,Utilities,Strong buy,146.53394283318414,148.48741913035778,151.26205394295224,1.4137931034482838,1.7365435173654487,-10.275184575019816,148.67799999999988,142.64649999999997,148.94960000000023,157.37605000000008,24.82191688329226,8.609632,-6.008345364832065
CRWV,"CoreWeave, Inc.",89.12,USD,-6.1301874868337825,27795508,1.2496048609896082,49152941771.34865,USD,Technology services,Strong buy,88.63958805849798,89.73715331157298,91.29498378117,11.233150274588118,-2.0013195513525326,20.546462870282696,91.56200000000005,90.9005,85.46260000000004,91.79512500000004,nan,-4.006192,-47.0942608136873
AMP,"Ameriprise Financial, Inc.",553.53,USD,0.298978038704062,552287,1.162877662516663,48895088493.65769,USD,Finance,Buy,546.5890609481015,532.6771765305174,517.1593905682843,-0.6319001884929507,-0.3851206651429781,12.965306122448974,557.5439999999999,557.9254999999996,541.5016,489.2088000000001,13.352357703181235,46.473846,28.977620972132762
HUM,Humana Inc.,400.73,USD,0.1774911254437369,922237,1.0171331869346751,48119780105.63397,USD,Health services,Buy,387.7513200549561,374.567835726947,351.65355599050724,-0.30600059707432614,3.679076867351434,56.51070145289798,402.3799999999998,390.7244999999999,389.0252,282.3118000000002,37.950072920809895,9.153904,-18.957127726526167
BDX,"Becton, Dickinson and Company",176.42,USD,-1.8798665183537395,1704923,1.0578492203299132,48054481889.54437,USD,Health technology,Buy,177.43444489596388,172.36725675920235,167.43775501244056,-6.64126580938774,-1.0821418559013214,15.546008831648031,181.53599999999952,185.71300000000014,171.45940000000016,160.20742142299937,53.21228207757736,12.670374,-40.38122639812983
XYZ,"Block, Inc.",79.07,USD,-0.4156171284634918,3229678,0.7531803822050926,47505018043.11712,USD,Commercial services,Strong buy,80.53156792848351,78.99356882688592,76.58009986552197,-3.971338353169796,0.3171783811215428,20.313451004260493,80.94,81.57250000000005,80.47079999999995,69.07290000000003,140.7690938223251,4.057051,-87.9842556741609
CIEN,Ciena Corporation,334.56,USD,-1.01775147928994,2548876,0.9117409365090171,47443462705.45704,USD,Electronic technology,Strong buy,376.5639681628209,395.03008334887005,401.7844295934104,-5.622161414990551,-13.959469190412502,38.821576763485474,330.4620000000001,380.07750000000004,396.0368,379.47322499999996,74.65524166555095,7.151266,362.8589134476348
VTR,"Ventas, Inc.",90.44,USD,1.1859476392929094,2826710,0.9330427125882124,47421882446.02909,USD,Finance,Strong buy,91.56401772938887,91.03062821019495,89.57038510100803,-2.195306585919759,-0.4184100418409992,16.89285252681917,90.41400000000004,91.73200000000003,92.88920000000014,85.32034999999995,165.88407923697724,0.582831,26.057803468208096
WAB,Westinghouse Air Brake Technologies Corporation,280.27,USD,-0.07130887438943398,730363,0.974406914477053,47340642144.27393,USD,Producer manufacturing,Strong buy,285.5057069926042,281.88008022691923,274.9868793070156,-0.7577635352855929,-5.186062246278769,31.200262147738968,281.77599999999995,290.6755000000001,284.1801999999999,255.5012999999995,37.745784625329954,10.862538,10.817264640916962
XEL,Xcel Energy Inc.,75.41,USD,-1.023756398477492,7823548,1.3887442837685164,47103676966.45308,USD,Utilities,Strong buy,77.15154466287696,77.86784667560158,78.35441988684943,-0.6979194100605757,-1.3990585774058673,2.153887835274998,76.10799999999992,77.21949999999994,78.4297999999999,78.57047500000003,20.642176721778167,4.115166,1.3426542387927207
AZO,"AutoZone, Inc.",2881.47,USD,-1.0134079018334095,256870,0.8042777922328814,47041021724.72088,USD,Retail trade,Strong buy,2988.6911273029164,3042.0167242375715,3128.732085564004,-2.1199913039933795,-5.569228651672508,-14.630952416222515,2939.0759999999964,2983.5870000000077,3021.6501999999996,3367.7297999999987,19.81087515959213,150.997918,-1.5630245048673954
NTRA,"Natera, Inc.",326.14,USD,-1.2624504253580018,1070586,1.1126745851969526,47011177638.23159,USD,Health technology,Strong buy,310.01847450181214,293.3633469923041,273.7187229316789,0.15046829418087185,2.6307508339102568,42.45031666302686,327.288,325.03425000000004,295.7711000000002,237.26145,nan,-1.347542,28.01767211907642
ROK,"Rockwell Automation, Inc.",421.37,USD,-1.1054262110401754,725161,1.0316502625642754,46792582150.774124,USD,Producer manufacturing,Buy,439.7340823327522,442.63724534618467,439.0325603484303,-1.2514354010920707,-3.4374498705227214,7.492346938775511,427.7340000000001,431.7819999999998,450.25399999999956,421.3819999999998,39.49405766130544,13.225617,25.185680594177896
EBAY,eBay Inc.,105.03,USD,1.46845715389817,3565411,0.742466561515807,46738350964.96502,USD,Retail trade,Buy,106.46953121273037,106.94394725206652,105.81995821083532,-2.2522103303862275,-1.8869687062120468,20.724137931034484,104.48000000000002,104.25599999999982,108.9835,99.01069999999999,21.74399105645612,6.139308,6.7398846485316035
CARR,Carrier Global Corporation,56.64,USD,-2.2605694564279593,7138344,1.3545990967965464,46689772762.84245,USD,Producer manufacturing,Strong buy,61.170034905840716,62.57173827865173,63.16143933467104,-2.193058193748914,-11.250391726731433,6.646582564488799,58.497999999999976,59.611500000000035,63.79959999999996,61.48652500000003,39.91262067507575,2.895607,-43.37642646237332
LHX,"L3Harris Technologies, Inc.",248.37,USD,-0.8146639511201598,1674446,1.0682884503735461,46250124571.11406,USD,Electronic technology,Buy,269.5693978690224,278.9495202151302,289.0412845738048,-6.005903723887377,-14.058823529411763,-15.520408163265307,254.6219999999993,266.4734999999998,280.33820000000003,313.58959999999945,25.08585164835165,11.941943,10.543180930050802
CMG,"Chipotle Mexican Grill, Inc.",36.13,USD,0.2775464890369176,9981529,0.9101780562621627,45719549661.58673,USD,Consumer services,Strong buy,35.76033170759481,35.21872220844481,34.96087852054145,-7.04913815281707,12.870977819431443,-3.006711409395966,36.730000000000004,36.29150000000005,35.0472,34.935524999999984,33.32718383912923,1.149441,-4.172191284363114
PYPL,"PayPal Holdings, Inc.",53.31,USD,2.185163887291548,11350771,0.7593053591817928,45604617723.94652,USD,Commercial services,Buy,55.04900296087253,53.77523091983034,52.56025694071774,-2.736726874657909,-8.949615713065748,-9.135844554286688,54.08800000000006,57.965749999999915,55.55969999999999,50.919375000000066,10.074076873653578,5.387703,13.295366960691968
CCEP,Coca-Cola Europacific Partners plc,102.88,USD,-0.9054132151801173,1853805,1.294614604928517,45598228698.62916,USD,Consumer non-durables,Buy,105.71082971384406,104.64555419205867,102.78324904867817,-4.670126019273542,-2.427921092564494,13.503971756398936,105.63199999999992,107.33299999999981,107.07680000000003,97.92954999999996,19.875584405548473,5.212238571139999,42.72872663100424
TEAM,Atlassian Corporation,179.57,USD,1.0295937886800854,3075163,0.7658034655514038,45456139356.366425,USD,Technology services,Strong buy,158.92658433228493,142.2388219650639,128.67524268886422,-5.791931168354242,18.62201083366363,10.749969162452206,183.59800000000007,176.92224999999993,131.87080000000006,109.74387499999995,nan,5.494503,80.95723014256619
COIN,"Coinbase Global, Inc.",172.28,USD,-1.3965201465201451,4827483,0.5856396455767959,45453838360.0,USD,Finance,Strong buy,170.70909014557182,169.90474491781146,174.37232647325098,-5.04588420095351,14.975974372664174,-25.288926472820314,180.6560000000003,173.9575,164.7282,191.60395000000008,nan,-3.000051,-137.16237133348812
EXC,Exelon Corporation,43.39,USD,-0.7093821510297534,12461700,1.4026598975385283,44789497774.47345,USD,Utilities,Buy,44.59107363144885,45.0986676742489,45.49662583094511,-1.5206536541080382,-2.1645997745208585,-0.39026629935721235,43.84200000000003,44.40950000000004,45.58420000000008,45.905850000000015,15.896684374427553,2.857226,3.6177966745121837
WDAY,"Workday, Inc.",185.09,USD,-0.5159903251814071,2411934,0.5842513642170305,44606690731.207466,USD,Technology services,Buy,182.0693685000468,172.14854988564377,164.9039330588833,-9.707790623932876,2.24272220074021,-13.991635687732336,192.02600000000004,196.10675,169.53260000000017,159.63615000000007,37.56342087104762,11.072162,127.87772279517178
ADSK,"Autodesk, Inc.",211.61,USD,2.4150614654922125,2246201,0.8490041082678947,44226488954.342224,USD,Technology services,Strong buy,230.6431248138806,230.34874712301357,232.37395060742168,-13.983171415796097,-15.864180350681872,-28.51013513513513,217.17199999999994,243.98175,231.5647000000002,245.80290000000005,27.411331899790152,12.595033,60.05888329082955
RVMD,"Revolution Medicines, Inc.",203.35,USD,-2.084938366718034,810395,0.4701048263658503,43585310645.10593,USD,Health technology,Strong buy,200.44307073461508,191.41021127659508,176.48276807759893,-1.7822642967542495,-1.886519347679242,153.2693984306887,207.84800000000013,210.04525000000007,197.91549999999998,136.09262500000003,nan,-9.715244,-95.67340777410264
KDP,Keurig Dr Pepper Inc.,31.46,USD,-1.9326683291770494,10454317,1.2010761012243727,42811589969.9732,USD,Consumer non-durables,Strong buy,31.60990569374214,31.292637142826177,30.797027836147112,-3.1999999999999975,7.739726027397266,13.084112149532713,32.312,31.845250000000004,31.219500000000004,29.207375,31.884057971014492,2.291657,-12.456747404844288
FERG,Ferguson Enterprises Inc.,220.97,USD,-1.007974195860586,1030758,0.7998748456814193,42747246228.33953,USD,Distribution services,Strong buy,232.2982599452628,233.94646058622976,235.2654115299809,-1.0877350044762788,-15.894644692269637,-0.9813586664276742,224.42599999999965,233.038,234.78440000000003,239.51140000000035,19.779619750080563,11.368972,37.48477054284554
MDLN,Medline Inc.,32.39,USD,-4.875183553597641,7324830,1.035303275918345,42583374008.234955,USD,Health technology,Strong buy,35.69599106536065,36.689575699472606,37.93465888532339,-11.30887185104053,-3.313432835820894,-22.71534240038176,34.86199999999999,34.833500000000036,37.4521,nan,37.98076923076923,1.492612,-46.20915857196922
IQV,"IQVIA Holdings, Inc.",257.3,USD,0.12452330920693952,1319866,0.9599797627358245,42351583381.20515,USD,Health technology,Strong buy,245.585840603265,232.80317216920443,220.11186497141216,-3.201534930965724,6.555679794591466,14.147553347233936,262.57599999999985,256.3079999999999,234.04739999999987,202.49570000000003,31.91634518773956,12.968094,16.773614148934634
VEEV,Veeva Systems Inc.,260.98,USD,0.06901840490797807,853263,0.3937800998360986,42254968127.55468,USD,Technology services,Strong buy,244.32437155226253,228.75557503696484,216.27192931043004,-8.108869406006821,11.787886575858822,16.81661519179984,269.21799999999996,260.88050000000044,225.23579999999995,198.46829999999997,42.93776015531169,9.235162,24.69687955193567
ADM,Archer-Daniels-Midland Company,86.91,USD,0.4159445407279023,3721433,0.9722347079278854,41887109854.21768,USD,Process industries,Buy,82.52329143424126,81.1590299860292,79.01986748743364,1.8874560375146536,8.33956619296933,51.30571030640669,85.39000000000003,82.166,81.52860000000004,72.52542499999996,23.79010182853389,5.372481,60.792253521126774
PAYX,"Paychex, Inc.",115.18,USD,0.3747276688453218,2136686,0.9069451690389719,41001830390.56227,USD,Technology services,Buy,118.29651302779945,115.03806782955188,111.51156522188815,-7.307258973120874,-3.7680675077282904,2.729218694256156,118.72999999999995,122.79025000000004,117.34989999999998,104.12237499999992,23.552265663340425,5.960639,6.805276491657191
PRU,"Prudential Financial, Inc.",118.48,USD,0.7568670805340595,1532287,0.9550939357160168,40875598727.440765,USD,Finance,Buy,119.47844817542126,117.26244161267238,114.2113981086722,-2.2200214574564643,-2.885245901639341,4.970319836980597,120.13400000000031,121.07050000000011,119.69359999999993,108.21515000000039,10.731884057971016,14.352993,144.26399982299708
TTWO,"Take-Two Interactive Software, Inc.",216.96,USD,2.7564649048025114,2474475,0.7707193458428155,40567275761.35948,USD,Technology services,Strong buy,230.0185419038147,231.1398883776146,230.22993036130623,0,-14.370288510873424,-15.810713800663542,214.04199999999992,229.03399999999993,237.7822999999997,227.5176999999997,nan,6.945867,92.76511480231275
A,"Agilent Technologies, Inc.",143.12,USD,-1.1260794473229676,1521007,0.6379876393714495,40349654580.19592,USD,Health technology,Strong buy,146.0225470617293,142.33984677954666,138.1351159801556,-6.230754111249421,-3.0943191820705485,5.049911920140924,147.11200000000005,151.5334999999996,142.99040000000002,131.59660000000002,28.178220550884998,6.202199,19.1074736768051
LYV,"Live Nation Entertainment, Inc.",170.08,USD,0.05294429084063969,1753733,0.9146669883613594,40076609114.567215,USD,Consumer services,Strong buy,176.84592023377002,175.89654613223578,172.75335258113637,-6.188637617209046,-7.298195890336287,19.413045004563646,172.3019999999999,180.0654999999999,180.87720000000002,161.0419999999999,nan,-0.341203,-148.655692133953
CBRE,CBRE Group Inc,137.99,USD,-1.209908361970216,1570424,0.9100299307422408,39958495950.28558,USD,Finance,Strong buy,145.21207760033252,144.2433011737231,143.72927187314085,-4.68987429202928,-4.5448256779191984,-13.923024140727335,143.30400000000017,147.99450000000016,145.01680000000007,147.00694999999988,31.640374208933324,7.834381,22.18642310817247
IDXX,"IDEXX Laboratories, Inc.",506.53,USD,-1.6732990391148217,422338,0.8307243173793409,39905002756.82884,USD,Health technology,Buy,543.4597826195891,550.6908148899911,560.721949387889,-6.547728866093504,-14.810205351586816,-25.12822786868284,521.312,544.635999999999,556.705699999999,604.5689500000002,35.600677532488525,14.770758,18.42736095620182
FLEX,Flex Ltd.,108.01,USD,-4.144479943201989,3779345,1.2530197456094845,39899213180.669235,USD,Electronic technology,Strong buy,115.2203335752759,117.27283213920279,114.53068231376544,2.3888520238885302,-11.270845313398505,75.79752604166669,110.47999999999995,113.1240000000001,120.36869999999999,95.66159999999999,41.70592323731562,4.698455,13.732378902990646
MSCI,MSCI Inc.,547.6,USD,-1.2514877195513292,493475,1.155476474969613,39810516751.17395,USD,Commercial services,Strong buy,567.8131728367317,572.0339418927902,574.0321047354221,-3.5609876369271998,-2.557076000498248,-4.193712056266079,560.2380000000004,564.5180000000001,578.1528,572.9742500000007,29.95181236907022,19.722014,21.125612826288588
WAT,Waters Corporation,401.64,USD,-0.783083421852231,572716,1.0351749002675616,39460369822.80507,USD,Health technology,Strong buy,399.7580252974188,390.58476613294494,379.3663948370997,-3.4310307518453604,-1.7875045849125817,5.931689305024399,406.4599999999999,410.30899999999986,393.5259999999999,361.16269999999946,100.28965241709948,14.573043,-63.8963263466306
SYY,Sysco Corporation,82.31,USD,0.9071962731396458,4295855,1.4998940157830067,39434394807.39733,USD,Distribution services,Buy,82.22168353881683,81.85938979932149,81.21274023502568,0.25578562728380994,-1.2951193188631709,12.861648155765796,80.97,82.23749999999991,82.9786,79.48692499999994,22.52476602265886,5.073495,-2.142359809329979
ED,"Consolidated Edison, Inc.",106.73,USD,-0.7070425155828365,1970573,0.9637049068343879,39333176674.23081,USD,Utilities,Buy,107.9889054621887,108.43523774333264,108.50713946835039,-1.1118317427962594,0.6981790734975084,7.126367559971905,107.70600000000029,107.79750000000016,109.48659999999997,107.37264999999975,17.527754056362085,6.104395,10.407600812300547
YUM,"Yum! Brands, Inc.",143.89,USD,-0.8748966657481471,2731362,1.4271263532783034,39267739194.74366,USD,Consumer services,Buy,150.37549537598616,151.60581082663788,152.68343797011002,-5.148319050758077,-0.8748966657481471,-5.048172099775641,148.362,150.56349999999995,152.51379999999995,154.79779999999997,18.096411907486825,6.583321,57.04100173803127
AIG,"American International Group, Inc. New",75.03,USD,0,5369091,1.2736857287700267,39232670713.99999,USD,Finance,Buy,76.66988383604601,76.90888056935101,77.05377162366952,-2.049608355091375,-2.6216742375081066,-11.967617036254842,75.56199999999991,76.13199999999982,77.87499999999993,77.35257499999983,13.745786311006889,8.040637,1.1714116251482827
AXON,"Axon Enterprise, Inc.",478.85,USD,-2.275510204081628,938613,1.0947973352446727,38900534496.775,USD,Electronic technology,Strong buy,539.7550735846833,530.9891771308924,520.3338716473907,-7.221188870805236,-19.521008403361343,-16.48499223886844,505.6199999999998,574.526,565.5920000000001,505.0084500000002,198.3144206079682,7.713503,-40.31097817219983
MCHP,Microchip Technology Incorporated,71.58,USD,-1.9586358033146238,7593975,0.9896402413911735,38868561520.48293,USD,Electronic technology,Strong buy,76.69439513628566,78.87243738586986,79.74264184263329,-0.08375209380234823,-13.004375303840547,9.684339564817641,73.04999999999995,74.86649999999999,78.85920000000011,77.71580000000004,107.01151143668709,3.641002,nan
VG,"Venture Global, Inc.",15.5,USD,1.37344669718771,19602977,1.5172399151452995,38751439253.56442,USD,Industrial services,Strong buy,14.169425776271375,13.746754195391462,13.265495269700208,5.585831062670302,17.870722433460074,125.9475218658892,14.884000000000011,14.404499999999995,13.59000000000001,11.49372499999999,11.779905760753913,1.687789,147.3308270676692
ROP,"Roper Technologies, Inc.",388.58,USD,-0.45343922121174296,501276,0.7957139553131173,38430901162.10083,USD,Technology services,Buy,395.11424535721716,386.1721214157591,380.2111134821053,-7.871402152781069,-2.7285471112446262,-12.625638027567296,400.8419999999998,408.2139999999998,387.3347999999998,375.32742499999983,16.103138325867047,22.218238,69.57863076079778
DHI,"D.R. Horton, Inc.",135.57,USD,-2.4184841286979153,3765545,1.7608925839367082,37919102420.89419,USD,Consumer durables,Buy,144.91236909756728,146.60719319705132,147.78309259760178,-6.043384849954951,-7.844470124396723,-6.075931827629216,140.02999999999986,145.51299999999995,147.70880000000022,149.83305000000004,12.897425652149094,10.469279,-15.746358980113653
VIK,Viking Holdings Ltd,84.01,USD,-1.2460326789702458,3443291,0.924603493953972,37481658703.75444,USD,Consumer services,Strong buy,91.544867880286,92.2985247729846,90.52127853872064,-2.3366658916530936,-19.345238095238088,17.4800727171025,85.70999999999991,90.71750000000006,97.29820000000005,82.78240000000004,27.856621791896014,3.261155,62.43671226974038
ODFL,"Old Dominion Freight Line, Inc.",180.55,USD,-0.7748955814464698,1509333,0.771523556768002,37438240642.14361,USD,Transportation,Buy,200.849874809349,206.00316109784004,206.70458051311147,-4.848484848484842,-14.564898499976339,14.453248811410464,184.22799999999992,197.81949999999978,212.51010000000002,197.37599999999944,34.74721425684648,5.824249,1.4843460088670244
RKT,"Rocket Companies, Inc.",13.19,USD,-1.7870439314966509,21720423,0.9031150025203569,37349363476.97916,USD,Finance,Buy,13.820645093941609,13.998083006877378,14.3675676772089,-5.448028673835124,-4.21205519244735,-32.35897435897436,13.742000000000024,13.995999999999992,14.040800000000004,16.110674999999986,87.75781769793745,0.615085,nan
RKLB,Rocket Lab Corporation,61.96,USD,-1.7599492627239568,18856382,1.0477494352430454,37080567654.8248,USD,Electronic technology,Strong buy,70.7140672816787,75.46345849666194,78.62138340060264,-4.146039603960396,-18.751639129294524,-12.27523715135211,63.79399999999998,69.23850000000002,73.04939999999999,79.79867499999999,nan,-0.2761,38.885245901639344
HIG,"The Hartford Insurance Group, Inc.",136.8,USD,0.17574692442882914,1419274,1.1144897074090934,37055290207.06503,USD,Finance,Buy,138.00078550985396,137.61472290222662,136.9423571611073,-1.0201866724549573,-2.7649442035681187,-0.27700831024930417,137.47800000000007,137.73849999999993,139.28819999999993,136.28330000000008,8.841264404216405,12.73837,40.27124298548596
HEI,Heico Corporation,312.49,USD,0.0544313524590215,595476,1.1681174072986447,36921380581.784454,USD,Electronic technology,Strong buy,337.9901779084638,338.1928499599218,334.0563035095477,-4.01167255413915,-13.722079571495621,-3.3197203143369896,318.41800000000023,342.4630000000001,349.91040000000015,322.7572999999998,52.01664585934249,6.292355,31.659690109360284
PEG,Public Service Enterprise Group Incorporated,72.48,USD,-0.16528925619833382,2883015,0.8977350850172189,36125484025.983475,USD,Utilities,Buy,74.8145733561379,76.07748595635076,77.36754744545401,-1.4815821666439979,-2.659145850120857,-10.285926476049019,73.3660000000001,74.00300000000001,76.70559999999992,79.81830000000002,18.022677541277105,4.367533,1.5555555555555636
NTAP,"NetApp, Inc.",183.6,USD,-0.6170834686586634,1878482,0.6722405370904443,36062530638.10328,USD,Electronic technology,Buy,183.04484890866186,175.68248470141165,164.1431709797837,13.368323556653293,-7.645875251509063,70.55271713887598,185.6879999999999,191.19999999999987,180.60260000000008,131.82579999999984,25.913902611150316,9.954268,25.18552547883242
TKO,"TKO Group Holdings, Inc.",189.64,USD,-0.7536110529621238,1045552,1.0603726159790157,35893108952.8792,USD,Consumer services,Strong buy,189.33803650109513,190.47346375797258,191.89400293516587,-1.0694350253012737,0.30147564394139376,-9.665126470728348,190.29399999999993,191.4170000000001,188.60799999999975,197.4439500000001,65.60121765601217,4.640149,33.093922651933696
MLM,"Martin Marietta Materials, Inc.",502.47,USD,-0.10338177697369368,829984,1.0696301405418,35685581862.86919,USD,Non-energy minerals,Strong buy,532.7665828027804,545.8050999813582,560.6257051700813,-4.108778625954193,-8.483744649849728,-18.858296326201042,508.23000000000013,524.4195000000001,547.4416,599.6671500000002,12.350251935602802,18.227614,125.40291081945053
TWLO,Twilio Inc.,231.13,USD,1.734231260178704,1400026,0.8493178042096747,35495842327.26805,USD,Technology services,Strong buy,225.6605870628482,217.1896839611428,203.81315672857386,0.32990406736987926,-7.090887164851073,61.799089954497724,231.53399999999982,230.9115,217.30579999999998,164.86444999999995,32.16124453844655,5.926652,5800.328407224959
HSY,The Hershey Company,174.34,USD,1.2486207096811694,1338904,1.037060572165421,35029423783.31762,USD,Consumer non-durables,Buy,178.04809255044478,179.80161400852228,182.70828618883655,0.0459084127166375,-3.6795580110497217,-4.198263545444547,173.60199999999998,180.94500000000002,178.54980000000018,192.3042500000003,25.47043010752688,8.493649,-9.041620156274913
EL,"Estee Lauder Companies, Inc. (The)",96.47,USD,-2.3286423002936085,2266619,0.6801509426715221,34902705702.90838,USD,Consumer non-durables,Buy,94.90558671421824,92.17802366429873,90.52539976269169,-4.81499753330044,11.127750259186726,-8.658807934479,100.33000000000001,98.34349999999998,89.65879999999991,92.44890000000007,193.87057877813504,3.321708,nan
KR,Kroger Company (The),56.95,USD,0.9036144578313344,7723286,1.2930142565321965,34890265099.216866,USD,Retail trade,Buy,57.934382779386766,58.85162564346434,60.35833846557026,-2.2317596566523554,1.4428215176344892,-8.675432969852464,57.53799999999999,57.445000000000064,57.72779999999998,63.902249999999995,33.30798923850743,5.195269,-53.52794085670798
QSR,Restaurant Brands International Inc.,76.49,USD,-0.6752369822101159,3441938,1.226732296957535,34765580294.50786,USD,Consumer services,Strong buy,77.26425382614013,76.63188385836897,75.83187866496735,-5.345873035515416,4.6374829001368,12.452219935313142,78.44000000000004,78.56749999999991,75.88300000000005,73.53114999999997,22.608104513344955,4.060493,28.374122557389498
UAL,"United Airlines Holdings, Inc.",106.49,USD,-0.5881254667662525,3772107,1.1546370540252882,34564926633.18577,USD,Transportation,Strong buy,114.43807425425705,114.93958624966487,113.42058231334134,-2.3027522935779863,-14.808000000000003,-5.426287744227354,108.377,113.24924999999993,119.89200000000001,108.53047500000004,9.952894554834849,9.986367,7.196601576980504
MTB,M&T Bank Corporation,239.02,USD,0.4285714285714328,1697392,1.6421098783136088,34518374408.96,USD,Finance,Buy,241.20858371247658,239.04158647463555,234.28453884524637,1.1425186188219436,-4.750139475571844,18.939092356687897,239.07200000000003,241.56749999999982,244.8757999999997,221.57935000000012,12.620251961519374,19.350482,22.687551418336348
EQT,EQT Corporation,54.96,USD,0.6040637012630391,6023778,1.02070975085868,34378359549.135635,USD,Energy minerals,Strong buy,54.011069934975644,53.95086010402589,54.36622429110687,-1.6991593632623785,1.7400962606442016,3.0178069353327075,55.09799999999998,54.441500000000055,52.80320000000003,56.103000000000044,12.748190758953422,4.07562,131.89715453714166
WEC,"WEC Energy Group, Inc.",105.35,USD,-0.7536504945831478,2413803,1.1459492065695498,34328231121.064056,USD,Utilities,Buy,108.06272952338594,109.51823030699609,110.67403933354517,-0.6319562346727049,-0.34055434679784263,-0.3028295637361667,106.23999999999982,107.48850000000009,110.5552000000001,111.65839999999986,20.403222682728433,5.601055,-1.0217187110625514
NTRS,Northern Trust Corporation,187.19,USD,1.353619578753587,1044362,1.2037816995471016,34247470065.942116,USD,Finance,Buy,184.89901406252253,181.58612791913154,175.74679510717507,1.1619109381755328,-0.4573251794735515,36.864809534254576,186.16700000000012,186.6502499999999,184.50670000000008,159.37712499999995,16.06822493283089,11.472479,36.923203497802106
KVUE,Kenvue Inc.,17.79,USD,0.22535211267605154,64381436,2.620672264701566,34170561624.381973,USD,Consumer non-durables,Buy,18.734366939805106,18.714608804480267,18.57139083717079,-7.247132429614185,-5.873015873015871,3.011001737116384,18.323999999999998,18.891999999999985,19.111800000000006,17.98090000000001,20.623695803385115,1.176411,17.18516505909524
STLD,"Steel Dynamics, Inc.",237.08,USD,-1.4998545847355458,674608,0.7480848987557941,33980224984.668575,USD,Non-energy minerals,Strong buy,241.05217098858736,240.08137726382142,234.11761790030698,-5.262737262737257,-11.500989211989987,38.134358795082456,241.23399999999992,239.51174999999998,242.14269999999993,211.58615000000017,21.50580551523948,17.075265,60.82161405146758
HBAN,Huntington Bancshares Incorporated,16.73,USD,0.601322910402895,25234595,1.1930744479246016,33801539855.50331,USD,Finance,Strong buy,17.125890971251206,17.14032508541007,17.074968874778452,-1.3561320754717006,-4.943181818181824,-3.7399309551208204,16.84200000000001,17.075249999999997,17.450299999999995,17.00777500000001,12.897008942337344,1.379989,-3.4102755026061105
RPRX,Royalty Pharma plc,58.75,USD,-3.036804753259619,3324552,0.925320343146669,33784266530.821915,USD,Health technology,Strong buy,59.65134753349842,58.35580611534352,56.16105536174677,-7.574923306851251,1.2232942798070312,51.8284016022742,61.553999999999974,61.125,59.15390000000006,49.551124999999985,31.274953420282138,5.342697,-18.219416630387464
IRM,Iron Mountain Incorporated (Delaware),112.9,USD,-2.0135393160909505,1235640,0.7134312362255675,33610648714.681477,USD,Finance,Strong buy,119.50684872503807,120.41831012091949,119.3174328044258,-0.32665312969011245,-7.39829396325459,36.02409638554217,115.20799999999994,120.03599999999999,121.56179999999996,109.98424999999999,80.5795446434944,2.493808,920.4661325564457
RJF,"Raymond James Financial, Inc.",173.53,USD,-1.1056020972245955,1145677,0.9224315839443281,33380530346.18653,USD,Finance,Buy,174.21306648936113,170.89775564843825,167.080164955659,-1.6214071092465476,-2.4893234434704463,8.300567933595465,176.98799999999986,177.1085,173.81120000000018,160.64730000000006,15.125867298908684,12.150608,12.601462433135408
CQP,"Cheniere Energy Partners, LP",68.8,USD,-1.5877556858818471,158074,1.2755031642684178,33303172106.147907,USD,Utilities,Neutral,67.34333378279906,66.19838587500736,64.84068954390565,-2.8523016097147647,3.458646616541349,28.02381838481577,68.78799999999998,68.75250000000001,66.1484,61.51866000000002,12.38345512797437,4.690348,34.31486316603809
EXPE,"Expedia Group, Inc.",276.88,USD,1.57006603081437,1801918,0.9356465521023849,33230830386.09978,USD,Consumer services,Buy,296.2307218275847,287.6491526492544,276.3837691068199,-10.747211656243966,-10.94528963365605,-2.1694579888347065,285.0420000000001,314.32524999999987,295.5285000000001,259.240075,17.26884335921664,20.875323,96.19323813369553
ALNY,"Alnylam Pharmaceuticals, Inc.",247.51,USD,-4.065891472868221,1625930,0.8930304485963055,33119097223.312946,USD,Health technology,Strong buy,249.51893187828844,257.53915860402094,272.03540462843506,-6.930134616830867,13.844809346396207,-38.02023338508539,259.244,242.81400000000025,256.4191999999997,318.1202249999997,41.788650829829976,6.67407,nan
EME,"EMCOR Group, Inc.",748.33,USD,-0.7901470256797681,231258,0.659920161696962,33008761574.14665,USD,Industrial services,Strong buy,771.1074462523925,779.7254190852096,781.0648838206153,1.7015262092116303,-8.24004021924392,21.387555151829744,754.2519999999998,774.1629999999994,775.8850000000007,761.5408,23.22023116903266,32.949496,33.73516474396216
ACGL,Arch Capital Group Ltd.,96.2,USD,0.08843572803413408,3462974,0.9212592503383437,32826241189.063103,USD,Finance,Buy,98.26569254710233,98.08001854969075,97.47766435147088,-2.8282828282828256,-1.8567639257294362,0.44899237757127164,97.19100000000002,98.57775000000007,99.97200000000007,96.16550000000007,7.5172106616239365,9.391713,32.18712556294673
KMB,Kimberly-Clark Corporation,98.48,USD,-0.22289766970617916,9875039,2.1785398457776353,32752382898.346504,USD,Consumer non-durables,Buy,105.99464235067532,106.15602672725066,105.80006976423603,-10.268792710706146,-8.322472537702474,-2.6781302500247,102.60399999999997,107.71000000000006,109.14639999999997,103.19379999999992,16.782835426643263,7.432142,-19.11699840105862
UI,Ubiquiti Inc.,536.84,USD,3.123439240846746,310188,1.5105185242899997,32494057309.01041,USD,Electronic technology,Buy,566.5547562651603,581.1725851430818,604.5615929962993,-10.785389038455143,-6.385798486380916,-3.9436014886916624,562.7140000000002,577.6395,558.0801999999999,656.9289500000002,33.85977748063678,17.714,34.80826460335006
VMC,Vulcan Materials Company (Holding Company),250.6,USD,0.28412501500660614,1002999,0.9168141599391667,32472430999.87515,USD,Non-energy minerals,Buy,270.95470981118405,275.8530685545526,279.83155975543525,-6.293235613057628,-12.085599017716197,-12.094850568261538,256.33,268.96549999999974,279.4036000000002,287.91885000000025,29.579792256846083,9.14136,18.428225953003338
CNC,Centene Corporation,65.4,USD,2.091788947861385,4627875,1.043752028131725,32307271449.225727,USD,Health services,Buy,65.27165219897857,63.81887212292645,60.738006495559056,-3.1111111111111027,-3.425871234494969,58.8149587178242,65.81999999999996,65.46049999999995,65.52459999999998,50.76725000000006,nan,4.801888,-358.10710577065714
RBLX,Roblox Corporation,44.88,USD,0.8086253369272224,6487219,0.6389480710935005,32061192245.870617,USD,Technology services,Buy,42.547097440846045,44.03609598847413,47.631482511172806,7.4970059880239575,22.28882833787466,-44.89871086556169,43.80799999999999,40.08999999999999,44.86739999999999,59.1272,nan,-1.435997,0.7500350483667568
DXCM,"DexCom, Inc.",84.51,USD,0.7510729613734021,3539802,1.0850366910047267,31890755793.637344,USD,Health technology,Strong buy,85.06712440143691,82.13210626235127,78.70446096141782,-5.817452357071212,-3.516383148761272,26.834759117514647,86.10599999999997,89.137,82.13140000000001,71.27149999999996,33.35833267545591,2.667616,77.35928311397369
BIIB,Biogen Inc.,215.43,USD,2.2303421439757116,936617,1.3072563272933027,31830643101.600067,USD,Health technology,Strong buy,213.17435139247846,209.4927244920622,204.10766811277693,-4.440205819730301,4.258820113245904,22.84313166448081,216.80000000000024,216.70949999999993,209.3257999999994,191.7151749999998,38.15216236319201,12.41747,-45.98105806945374
JBL,Jabil Inc.,302.8,USD,-2.752352506664095,754700,0.8197448700231347,31729529290.883514,USD,Producer manufacturing,Strong buy,318.0076652308754,322.04861883916016,319.2612796371255,1.610738255033561,-13.524010795219251,30.917895282978087,308.5979999999998,318.9765000000001,323.2944000000001,294.4994500000001,37.79000836172576,12.758785,55.77091312039503
RMD,ResMed Inc.,219.58,USD,-0.16822005001135537,923142,0.6995860572953934,31674923840.585777,USD,Health technology,Buy,221.3277558536071,218.09228905886545,218.02569865848747,-5.025951557093416,0.3656641374897209,-9.170630816959664,223.62400000000002,229.17149999999992,216.62160000000003,228.01705000000004,21.041031832729644,12.094344,9.756944079258734
CCI,Crown Castle Inc.,73.87,USD,-1.742484703378561,3229473,1.1820211379867767,31428393800.657753,USD,Finance,Buy,76.31763829870424,78.0180007853852,80.26743439915556,-2.8026315789473624,0.6677568819842044,-16.859876195835668,75.62200000000003,75.52999999999987,76.16940000000004,84.53900000000027,16.282401692823136,1.928738,nan
P,"Everpure, Inc.",94.1,USD,-3.0496600041211703,1961410,0.6101036999922579,31356684792.15948,USD,Electronic technology,Strong buy,93.80955341213746,89.5829608100917,84.97365906197103,2.527783830899971,-10.949181413835532,37.51278678941982,97.99199999999996,103.69999999999996,89.1974,75.63054999999997,128.39405103015417,2.780066,79.9852652259332
PCG,Pacific Gas & Electric Co.,14.03,USD,-1.12755461592671,40536914,0.48595968769963444,30899207301.484142,USD,Utilities,Buy,16.036568443457853,16.411660976869808,16.614788822038925,5.093632958801496,-17.712609970674492,-13.341568869672649,14.259999999999991,16.251500000000007,16.923000000000005,16.741425000000003,10.234152746370997,1.653965,26.79430262671107
CCL,Carnival Corporation Ltd.,22.47,USD,-1.0132158590308389,20306745,0.9712681526399856,30776017882.332157,USD,Consumer services,Strong buy,25.26886538018199,25.996070637150602,26.574369901822887,-5.786163522012589,-19.721329046087888,-26.783968719452595,23.071999999999996,25.134999999999998,26.460999999999984,27.74331499999999,10.119798234552333,2.237381,20.346883468834697
ILMN,"Illumina, Inc.",201.27,USD,-1.8195121951219462,1294617,0.7480250629595866,30391770000.0,USD,Health technology,Buy,202.5965922870706,194.0295297261381,181.75649524076417,-5.613393359594823,5.0031302170283825,53.25515876037463,211.44199999999992,210.5072500000001,199.85250000000005,153.15260000000004,37.50908514881008,5.352904,-32.04022442595337
BAP,Credicorp Ltd.,379.44,USD,1.0465766557481844,539409,1.4197547923820926,30134745657.07694,USD,Finance,Strong buy,380.4387375156699,376.9861574605122,367.95491185650144,-0.685756163953307,-1.4441558441558446,31.40779220779221,379.78200000000004,376.54699999999974,384.55859999999996,341.4322050000005,14.038151332632857,29.96451486532,27.602160284009358
CRDO,Credo Technology Group Holding Ltd,160.31,USD,-4.5319199618866035,6863221,0.6836604253756976,30130571895.761555,USD,Technology services,Strong buy,206.24244254879136,210.21001611408536,204.7477190654617,-4.860534124629079,-34.02880658436214,8.025606469002692,166.14399999999992,216.43899999999994,225.02229999999992,175.74382499999996,57.208621797159374,6.2765,312.1488454184439
MDB,"MongoDB, Inc.",373.87,USD,4.322227802890788,1635866,0.6008853426403257,30117600397.295105,USD,Technology services,Strong buy,386.3587183942523,373.4736857521115,358.5665320065537,-1.2910550216495897,-12.216482742427795,-11.510059171597634,368.28799999999944,415.1505000000002,375.4483999999999,342.86834999999985,527.6178379904036,6.543149,nan
ZTS,Zoetis Inc.,72.86,USD,-0.6138316737143675,5409676,1.1529217201744253,30107470660.162323,USD,Health technology,Buy,75.74280943388399,78.10842973956454,83.73639902754485,-5.388910531099865,-1.8588362068965458,-42.357594936708864,74.366,75.63399999999999,75.54720000000005,102.3815,11.985918273343422,6.253119,4.590502408809359
HAL,Halliburton Company,36.07,USD,-2.8548343657419935,8625392,0.7857528180620885,30051013350.224346,USD,Industrial services,Strong buy,35.465272332629795,35.486714323688204,35.458462237358745,-3.9925472451424007,7.064410804393003,27.27593507410021,36.87200000000003,35.64400000000002,34.246,34.95625,18.893719553716412,2.341991,-10.677022411453711
CBOE,"Cboe Global Markets, Inc.",287.49,USD,-1.5006681056634787,865574,0.8223455165289668,30022872003.89413,USD,Finance,Buy,293.9322313597902,292.8628721587282,291.486908125421,-2.874999999999997,1.2466983623877517,14.560669456066954,293.91400000000004,298.79100000000005,287.3663999999998,285.8001,22.393151741274156,14.013136,50.504091346041115
SUNB,"Sunbelt Rentals Holdings, Inc.",73.18,USD,-0.3268864069735697,6201533,0.4884659095142729,29999962483.460094,USD,Finance,Buy,74.59205695853959,74.95843755519832,74.645166036671,7.951025224959433,-8.307229670467354,0.24657534246576276,70.10000000000001,74.60249999999999,74.8066,nan,nan,4.116438,nan
OKTA,"Okta, Inc.",171.11,USD,-0.9436146810235009,4574632,0.9196837215612175,29913580381.882717,USD,Technology services,Strong buy,154.72229054140752,145.05348978980078,132.9436961321024,2.02730904537595,13.66414242061912,96.33964429145152,170.4929999999999,154.5137499999999,148.33069999999992,103.211275,103.3709901528424,3.928315,95.17745548873954
RDDT,"Reddit, Inc.",155.34,USD,6.077574433214973,5796529,1.3841360912378593,29886875984.52718,USD,Technology services,Strong buy,159.69973130778914,161.92799404187357,164.02478148854593,-2.46138390053999,-1.6835443037974662,-33.095012490309244,152.32199999999995,155.19450000000006,168.73720000000014,174.02364999999986,36.11802180938873,5.357567,263.03705579471597
FTI,TechnipFMC plc,75.58,USD,-2.865955532707883,2396954,0.9362804586042036,29639781978.534634,USD,Industrial services,Buy,75.42920489335481,73.9667181591832,71.61373594658528,-5.216955104088283,2.135135135135133,69.80453830599866,78.29399999999994,77.59899999999992,74.05320000000002,64.90215000000003,26.33816559799275,3.098433,35.896950179958324
ROIV,Roivant Sciences Ltd.,40.94,USD,-2.0808419038507644,6533982,0.5413079049033219,29571904511.064335,USD,Health technology,Strong buy,36.26819736565668,35.084536450059396,33.33407747429421,19.184861717612797,13.722222222222216,88.57669276830953,38.71400000000001,36.77049999999999,35.6788,28.805474999999973,nan,-1.392724,37.23526044647968
HPQ,HP Inc.,32.73,USD,1.0497066995986302,14197237,0.7951410006153464,29515619385.538124,USD,Technology services,Buy,29.9782037725037,28.427986329799825,26.81389820524914,3.249211356466869,10.202020202020195,45.20851818988464,32.172000000000004,30.642499999999973,27.7846,23.007600000000043,12.478554271989019,3.257835,-4.5489282724989994
CFG,"Citizens Financial Group, Inc.",69.63,USD,0.37480178751620424,5823641,1.714807818969205,29326540932.300556,USD,Finance,Strong buy,70.54179597811525,69.87553809804119,68.32229385987397,0.8984205187653822,-4.32811211871394,19.107081765309605,70.11999999999998,70.73949999999999,71.43660000000001,64.28789999999998,15.136298421807746,5.305089,40.27566018174057
WTW,Willis Towers Watson Public Limited Company,315.41,USD,0.5386969271962252,308975,0.7544379312272964,29292738902.2441,USD,Finance,Strong buy,323.646740520982,315.1051866736584,307.3849499609751,-7.267809367006725,-7.737085356578714,-3.682780101994076,326.254,335.209,319.2838000000001,300.241475,19.458582418734927,19.825757,1032.8045286183522
ARES,Ares Management Corporation,130.63,USD,-2.7833593808141766,2679962,1.4084223695749547,29255597618.451286,USD,Finance,Strong buy,135.06911784907436,132.72385557608828,131.17983068281583,-6.559370529327622,-5.340579710144931,-19.701253995574138,137.05800000000008,140.75000000000006,132.54900000000004,133.0908749999999,59.56408736491724,5.858885,25.463386727688775
AEE,Ameren Corporation,104.95,USD,-1.223529411764703,1447869,1.0366800268243748,29054700317.760944,USD,Utilities,Strong buy,107.65889688965612,108.58489962660778,108.94760889403126,-1.3256863482512191,-1.9158878504672872,5.223581311409673,106.16199999999999,107.28050000000005,109.63120000000022,107.85175000000015,18.474185428365224,5.389736,24.769936966023163
GEHC,GE HealthCare Technologies Inc.,64.24,USD,-1.4270369802056264,3121791,1.0726115589844774,29016323806.436085,USD,Health technology,Strong buy,68.47204768056332,68.18565945413992,68.48012041730586,-9.546606589693047,-11.502961840473906,-22.208767255994193,66.95299999999997,71.42850000000001,68.31930000000006,72.62737500000004,14.762386248736094,4.925288,-10.913669212029383
KHC,The Kraft Heinz Company,24.39,USD,-0.8939455505891867,23857749,1.215193944992311,28922241503.823246,USD,Consumer non-durables,Buy,25.050159222298106,24.901925983480783,24.666969493316657,-6.515906477577614,-1.494345718901458,0.41169205434335704,24.834000000000067,25.293500000000044,25.477599999999985,24.0253,nan,2.052717,36.07490402642621
EXR,Extra Space Storage Inc,136.45,USD,0.6045860060458551,2134100,1.7969868788213126,28827732740.885494,USD,Finance,Buy,142.97325944281334,143.9196897330237,143.96816248087575,-3.4255785972114117,-6.534694157134064,4.913117022912491,138.294,143.33099999999988,145.81980000000016,141.46337500000018,30.550331363066448,4.61874,-2.9317801490883015
CPRT,"Copart, Inc.",30.75,USD,-3.996253512332192,15183206,1.8680993808988768,28468703261.1458,USD,Retail trade,Buy,31.56931474215175,31.439723389030487,31.986400411207242,-8.263723150358004,4.948805460750851,-21.445906246008438,32.535999999999994,32.57475,30.252999999999908,34.306524999999986,19.157684879446762,1.582993,6.087243886318578
IR,Ingersoll Rand Inc.,73.09,USD,-0.6659418320195636,3854249,1.2402549019323912,28358880556.432182,USD,Producer manufacturing,Buy,78.59547094931541,79.23976892640526,79.74533605202151,-3.600633078343432,-15.71725092250922,-8.442941250156577,74.70800000000004,78.3994999999998,81.21560000000031,82.03304999999999,30.116609666652934,3.54429,89.48313554028732
DTE,DTE Energy Company,134.34,USD,-1.2641481699250323,1470989,1.2484081827954827,27954549273.846245,USD,Utilities,Strong buy,138.73625321081946,140.77649651856188,142.02722149593478,-1.7479704527170237,-1.7838865331188754,3.8657801144270914,136.1619999999999,137.222,142.4504,141.49144999999996,21.225431334133855,7.713905,-8.93892525717574
ZM,"Zoom Communications, Inc.",95.46,USD,-0.7485963817841682,2359129,0.8108053025073237,27853674409.839046,USD,Technology services,Buy,98.74611071150893,97.53900528118618,95.67060243646266,-1.9716574245224912,-9.619390266994898,10.639777468706528,97.51000000000008,101.027,96.44930000000004,90.66872500000018,8.841426705813705,6.145137,184.39837741017806
ATO,Atmos Energy Corporation,164.81,USD,-1.0684915060928033,902987,1.1464125783710601,27851000772.25572,USD,Utilities,Buy,168.91763323046177,170.8028191259434,172.54903106835064,-2.0736779560309024,-1.7760295607604684,-1.399940173496861,167.22999999999962,168.26700000000022,172.40720000000016,175.44970000000046,19.620471672281813,8.453338,15.998287623940136
INSM,Insmed Incorporated,127.28,USD,-1.1801242236024923,2594775,1.3257642237329923,27795598009.76273,USD,Health technology,Strong buy,121.11079081697281,119.47140002489706,121.20014405363075,0.4577742699289647,-5.403195837978454,-27.595426360998914,126.78800000000005,125.2224999999999,117.01639999999996,139.7000249999999,nan,-1.599321,28.022864356852285
AWK,"American Water Works Company, Inc.",139.84,USD,-0.34917694006984185,2015617,0.9663819756994092,27790262135.29138,USD,Utilities,Buy,137.0879486513878,135.5274196080225,134.25119938677133,0.05724098454494313,4.412752930635404,7.379252092451827,140.42800000000003,138.09199999999993,135.58100000000007,131.70805999999996,24.208849802645247,6.082198,3.9987037070377944
TDY,Teledyne Technologies Incorporated,596.5,USD,0.21336290173546052,260611,1.1385076306498132,27651156802.14875,USD,Electronic technology,Strong buy,629.0692291175759,632.649097506706,630.4724905598418,-1.854319890748142,-13.598308178104812,16.276803118908383,603.0660000000004,629.6804999999997,643.8323999999994,615.4188999999999,28.818931114782927,24.718242,14.031501875898703
LVS,Las Vegas Sands Corp.,42.6,USD,-1.6847449803830992,5770798,0.9619849610032386,27592071087.555965,USD,Consumer services,Strong buy,45.35969691757097,46.46857255811558,48.06381938683459,-4.7193021695370145,-5.668733392382629,-34.66257668711656,43.75800000000003,45.16049999999996,45.89600000000006,53.904949999999914,16.597187049518837,3.105494,29.605130276711776
LPLA,LPL Financial Holdings Inc.,347.26,USD,-0.6693363844393684,380604,0.5821048236497864,27344046950.94479,USD,Finance,Strong buy,350.4941812488893,341.7527582590006,334.2679532903911,-2.2078287806251846,-5.896699365888026,-3.0027094215245387,353.37199999999956,361.25499999999954,344.7784999999995,330.8277499999997,27.691743353375543,23.750327,-14.22982483738808
ON,ON Semiconductor Corporation,70.17,USD,-1.1411665257819135,7826403,0.956029138453339,27318003739.78994,USD,Electronic technology,Buy,78.34141842125581,82.33370067563943,83.79257980134363,-2.798171491896379,-13.891275003067854,27.00452488687783,72.052,74.84649999999996,82.29580000000001,78.72750000000005,45.183515775917584,3.198916,44.896435902220546
VICI,VICI Properties Inc.,24.73,USD,-1.904006346687824,11402049,1.1318134651970095,27229645948.1666,USD,Finance,Strong buy,25.929859710297432,26.34055085269676,26.843429501275136,-4.1472868217054275,-5.212725182062091,-12.180397727272727,25.25599999999998,25.890500000000003,26.267999999999997,27.79689999999997,9.590475451795548,2.785065,-1.3542463657230337
DG,Dollar General Corporation,122.99,USD,-1.268363169302399,2111937,0.6762432007033139,27133659030.435978,USD,Retail trade,Buy,124.35372771776635,123.03218246561391,122.30723794613836,-7.289311020654306,1.3097199341021328,-7.376586210791883,127.97999999999999,125.03399999999996,123.28040000000001,126.45904999999989,15.984144518812139,7.900392,42.337859336268444
ATI,ATI Inc.,199.0,USD,-3.650624576353245,1324912,0.573239126078064,27097907703.844296,USD,Non-energy minerals,Strong buy,205.14351154505775,199.82220390828004,189.6545162313119,-2.0621093557753816,-12.845442999167876,72.53337957343506,205.60999999999999,212.21150000000006,202.82400000000004,160.10870000000003,58.17862885543049,5.05327,18.23775450240244
CPAY,"Corpay, Inc.",408.47,USD,0.5860769780098137,452411,1.1266510240968957,26819976285.93482,USD,Commercial services,Strong buy,399.8220975114794,387.6535198670913,372.7854030468463,-2.8470174103320263,2.455603491522028,35.41190121001162,411.5320000000006,411.0715000000003,388.83600000000047,338.9205499999994,24.828889942497298,27.384829,11.781212841854936
FE,FirstEnergy Corp.,46.25,USD,0.08656135035706372,4505705,1.0156921867959035,26762097324.686214,USD,Utilities,Buy,46.87641954918139,47.134035928824495,47.300795336230465,-0.5376344086021505,-0.7297703369821923,3.098528756130184,46.544,46.62,47.64859999999996,47.5310599999999,24.681146272479857,2.730429,-17.27806471549022
ECHO,EchoStar Corporation,91.85,USD,0.5803766973280784,2705436,1.051367890935265,26681570354.45795,USD,Communications,Strong buy,91.33235287306192,94.77355363026514,98.55922322973751,4.959433207633401,2.878584229390673,-15.48582995951418,91.23600000000002,88.71775,90.51670000000007,108.02035,nan,19.949147,-2120.0623052959504
ZS,"Zscaler, Inc.",163.48,USD,-1.5773630343166793,2873849,0.7199216571854049,26656183786.080914,USD,Technology services,Strong buy,166.94457342183372,162.70832123802023,162.18327953831442,-8.71119052937236,-6.822456540324879,-27.893436838390972,167.82399999999993,177.407,162.57040000000003,170.58677499999976,nan,4.874572,-47.39000745712155
CPNG,"Coupang, Inc.",14.67,USD,-0.6097560975609747,20761298,1.0770305066729904,26369497491.768295,USD,Retail trade,Strong buy,15.936039169278818,16.377066091236273,17.119247093143347,-9.107806691449817,-10.2203182374541,-38.101265822784804,15.008000000000001,15.917999999999996,16.4994,19.111850000000008,nan,-0.506501,-314.45115810674724
WSM,"Williams-Sonoma, Inc.",223.74,USD,-1.6613924050632916,961510,0.7529852048364719,26351913065.874207,USD,Retail trade,Buy,230.41606406151396,227.2623157325813,221.2102387237214,-0.23632229009675887,-9.996379580835912,22.47646157214802,225.8539999999999,233.3105000000005,232.10940000000005,205.1273,22.889236718534203,9.508993,7.441277657481413
CTSH,Cognizant Technology Solutions Corporation,58.32,USD,0.20618556701030485,3867158,0.7065147093019941,26269906897.373196,USD,Technology services,Buy,57.86725915487043,56.2377284910239,56.28558331849922,-9.595411564098596,1.5320334261838486,-29.72647306904446,60.67800000000001,61.305000000000156,53.636100000000134,62.578025000000004,12.515827199175913,5.752066,-5.379117085651624
VRSN,"VeriSign, Inc.",288.85,USD,0.6656443855858455,579358,0.8121021809061413,26083156103.295464,USD,Technology services,Buy,286.52525879394744,283.4591630003415,278.8854338213448,-0.5885187224669534,-1.0313163845679403,18.829192035543855,288.6840000000001,286.3422499999998,280.98469999999986,262.3153999999997,31.351075607267678,9.789784,9.963478385410445
CINF,Cincinnati Financial Corporation,169.59,USD,0.22457301577920655,382294,0.8344268578348303,26028342277.502567,USD,Finance,Buy,172.66895047077844,172.8850728091123,171.6972488648088,-1.8860283482788494,-1.6299303944315557,3.8390889052167587,170.75200000000004,170.92300000000003,176.36810000000023,167.4038249999999,7.996548455999887,8.36986,83.98615412643468
FISV,"Fiserv, Inc.",48.93,USD,0.575539568345326,5781360,0.7880777329681803,26019346603.286335,USD,Commercial services,Buy,51.999844180955286,52.65043338045207,54.77783413617906,-6.693363844393589,-6.102475532527346,-27.543314082629944,50.834000000000046,52.23000000000006,52.18400000000004,58.14370000000008,9.385609882416128,7.249966,-12.858957643833776
WRB,W.R. Berkley Corporation,70.05,USD,0.2002574738950087,3673473,1.5611112286857982,26004490473.190533,USD,Finance,Buy,69.99089565906338,69.95735886952494,69.7428782269316,1.979909739408938,-0.5959982971477249,0.40131861831733,69.674,69.18449999999993,71.01800000000001,69.14729999999992,14.406169665809768,4.8749,10.669822700685069
ES,Eversource Energy (D/B/A),68.99,USD,-2.058489494605342,2110398,1.0755928864834583,25986791464.78393,USD,Utilities,Buy,71.03712530762793,71.23999880487702,71.10826945993396,-2.528962983893764,-3.103932584269674,1.7701725918276863,70.68799999999999,71.1645,72.6026,70.21314999999991,17.867965087669315,4.646639,66.18317982267368
OTIS,Otis Worldwide Corporation,67.89,USD,-2.0346320346320295,3581473,0.9690229845110188,25843642769.088745,USD,Industrial services,Buy,71.20188317918681,72.10493779089545,73.79223215955054,-4.862668161434976,-6.74450549450549,-22.162348085301534,69.98799999999984,71.17549999999989,72.13940000000008,79.71207500000007,17.428248703599117,4.046355,2.9847984137475154
Q,"Qnity Electronics, Inc.",123.32,USD,-1.7135570255838093,1644299,0.9601254289050424,25799597634.60014,USD,Electronic technology,Strong buy,129.3533535147545,132.5536951763924,132.21549702273475,4.819379515512101,-8.786982248520708,50.9609499326723,122.20200000000003,126.848,133.4374,122.26594999999999,44.15956456348922,4.5525,-26.24461875709796
FOX,Fox Corporation,58.06,USD,1.6812609457092835,1401933,1.103356552149783,25786627995.464447,USD,Consumer services,Buy,57.604493080518104,56.64468895330645,56.10235539801367,-4.819672131147537,3.272856634649597,-10.60816012317167,58.45800000000007,60.20800000000004,54.991399999999956,56.95035000000003,15.141478680401619,5.95399,-21.89155055813575
CNP,"CenterPoint Energy, Inc (Holding Co)",39.12,USD,-1.634397787276856,8735322,1.4480438634859434,25769139877.07115,USD,Utilities,Buy,40.359611937579515,41.0101007324568,41.41119561832825,-1.237061348144413,-2.3708510107312275,2.0610487868510283,39.73200000000001,39.76199999999996,41.59399999999996,41.460175,23.05788046681598,1.912264,18.23820475294446
PPL,PPL Corporation,34.21,USD,-0.9840810419681515,8227938,1.0387116797810054,25744557032.717514,USD,Utilities,Strong buy,34.99849883982074,35.33793490137575,35.69674945362886,-1.326795500432653,-2.0892959358900884,-2.257142857142855,34.81200000000001,34.961500000000015,35.4226,36.26779999999998,20.319553338085058,1.949174,26.567433468651323
MTD,"Mettler-Toledo International, Inc.",1280.58,USD,-0.7579280200874154,185897,1.081488161033219,25658415346.501858,USD,Health technology,Buy,1344.3621393887158,1329.305359963366,1312.7162292682792,-6.945413324032099,-9.957178717330324,-8.456111003881702,1319.5900000000001,1381.6420000000012,1362.525,1317.9517999999996,28.82170371654089,47.32709,12.537359553407695
RF,Regions Financial Corporation,29.95,USD,0.20073603211776087,5978684,0.8833712754380492,25515288135.219135,USD,Finance,Buy,30.464706035006916,30.247901708076995,29.753323977751744,-0.050058401468381676,-4.587448231920997,10.557401255075671,30.154000000000007,30.536999999999978,30.87360000000002,28.544849999999926,12.181729439518424,2.641101,14.59867623753147
DGX,Quest Diagnostics Incorporated,231.14,USD,-1.834706531895023,1090512,1.1791529352637564,25511699083.591858,USD,Health services,Buy,232.36811925953896,226.61157697216868,219.0979751437022,-4.48760330578513,-2.2043579437275262,33.36795337833938,235.72799999999984,239.31850000000003,228.8902000000003,201.79989999999984,24.518414799728447,11.191837,12.727794518582284
TPL,Texas Pacific Land Corporation,366.1,USD,-2.1280008554777257,309600,1.064195459982677,25251629465.390312,USD,Miscellaneous,Buy,373.26428087352843,380.20272030863737,386.59527934429764,-1.0941510198568025,4.600000000000007,28.006993006993014,370.19600000000025,368.5195000000006,385.2907999999999,392.6841191748001,46.673211030227314,8.800473,17.272672906138798
DOV,Dover Corporation,187.37,USD,-2.1157663775989883,1162455,0.8378921838607717,25235032871.908268,USD,Producer manufacturing,Strong buy,199.79556043042643,203.71753219391587,206.29209418293027,-1.6275528954690999,-11.081055429005312,-4.001434573214469,191.49599999999995,198.4410000000001,205.30100000000024,210.18409999999963,22.5543183869997,10.693862,-49.914086757302634
GFS,GlobalFoundries Inc.,45.96,USD,0.02176278563655715,3029360,0.7968251147525909,25220598106.467022,USD,Electronic technology,Strong buy,50.83079401738268,54.400480392766205,56.17756604670721,6.290471785383901,-9.88235294117647,29.31907709622961,45.348000000000035,47.127000000000095,53.59160000000001,53.483799999999995,35.872619419294416,1.937415,nan
JBHT,"J.B. Hunt Transport Services, Inc.",267.83,USD,0.011202389843156352,631863,0.7635584268784438,25153237202.068035,USD,Transportation,Buy,272.1720262468971,271.1955058166768,264.5676703113794,2.397155528368245,1.4507575757575697,37.74783346619692,270.092,269.23400000000004,275.3813999999999,239.0526249999995,37.97068163774526,7.836231,28.1843458665746
NVT,nVent Electric plc,155.17,USD,-2.1256465245363976,2081273,0.6719339030322843,25115495591.02283,USD,Electronic technology,Strong buy,156.36000329753782,156.08804123470594,152.4573033929028,4.140939597315428,-5.366835396718919,50.88486970050562,156.88000000000005,157.0555000000001,156.89580000000018,136.2506,42.86582502279068,5.137629,3.016591251885366
INCY,Incyte Corporation,123.28,USD,-2.1664947226410636,1462878,1.1332409777237993,24988579525.449097,USD,Health technology,Buy,121.94278084701315,118.56954644706813,114.10186391127397,-4.927893884475967,1.7749525303393097,25.47582697201018,125.68800000000002,125.72900000000004,121.44539999999999,105.05379999999997,15.711663947797716,3.76232,78.375920705647
LH,Labcorp Holdings Inc.,306.96,USD,-4.403612581750246,1260391,1.8024477942094448,24894456004.77981,USD,Health services,Strong buy,314.1420297923775,305.6118566323039,295.79816464116317,-7.949740606351409,-4.185785185878835,22.143965620150404,322.262,328.673,308.9688,276.4272250000001,25.383699391373376,18.350181,33.345095271700785
XYL,Xylem Inc.,106.55,USD,-1.0126347082868854,3392612,1.2394732735821596,24878020146.564938,USD,Producer manufacturing,Strong buy,112.17219895877152,113.89518605987715,116.1185807206847,-1.1778890743832278,-12.66393442622951,-21.82111673637097,107.31599999999996,111.9585000000001,116.9588000000002,123.77475000000004,25.309389771728544,5.663771,9.421947289078346
SYM,Symbotic Inc.,41.1,USD,-3.566400750821202,1172521,0.7554663373128675,24857349640.488037,USD,Producer manufacturing,Buy,41.84379193217585,42.83847364975833,44.79741372439596,1.985111662531028,1.0572903860339309,-32.423544886550474,42.312000000000005,41.20025000000001,41.95109999999999,52.350774999999985,455.65410199556544,0.208571,nan
CHTR,"Charter Communications, Inc.",140.56,USD,4.981701396668919,3508137,1.2901246469901904,24614190391.369633,USD,Consumer services,Buy,146.51343872826243,148.04007739437606,155.53403498785158,-12.281577633549679,-7.501974203737828,-32.89090475053711,144.712,149.80400000000003,143.23419999999848,181.31907499999994,3.651762749733704,41.120654,4.731715280801037
PFG,Principal Financial Group Inc,114.96,USD,0.824416768987895,1466265,0.9420939258517181,24613469239.16716,USD,Finance,Buy,113.1122598549278,111.35828586797875,108.2671647875678,-1.1776841743316466,2.041540919581038,30.17778281055372,115.84199999999996,112.86300000000003,112.62300000000006,99.35867499999999,16.315871641663946,9.592981,41.87994603411126
EXPD,"Expeditors International of Washington, Inc.",189.32,USD,0.5363496362381132,925795,1.1619777927749895,24609825961.71377,USD,Transportation,Buy,183.8717843040789,178.88744893865606,172.49978098104887,1.1540927548621482,5.9429210968102995,26.941129140404996,187.90399999999988,187.99099999999993,179.85839999999985,159.45004999999983,27.546670158744014,7.712106,12.143265073019503
SMCI,"Super Micro Computer, Inc.",37.38,USD,-3.9815052658617964,26710702,0.7807102629950259,24557366585.74724,USD,Electronic technology,Buy,35.735185343891864,34.473069439891404,33.596107773768445,2.410958904109596,16.739537788881947,24.766355140186924,38.806,37.82950000000002,32.27580000000001,31.450149999999947,11.369996349920916,4.338415,98.09592672933236
SYF,Synchrony Financial,75.44,USD,-2.4692954104718767,2764505,0.9276524352166227,24545976410.500843,USD,Finance,Strong buy,77.37416482236411,76.67407101658324,75.83549222378264,-5.19039839135352,-3.4182563052106025,-9.879345358977417,78.236,79.00150000000001,76.79519999999997,75.17845000000007,7.736721738506189,9.349107,18.484270386526852
WST,"West Pharmaceutical Services, Inc.",344.25,USD,2.169525731584259,653058,1.4202927674589152,24226856567.822906,USD,Health technology,Strong buy,343.40921439189293,339.10970208326313,328.8940148947835,0.08140244788788926,-1.9370460048426181,25.068119891008173,340.3279999999999,345.38649999999996,349.2072000000002,294.9425499999999,44.0082327674371,8.970011,17.17546960663891
FCNCA,"First Citizens BancShares, Inc.",2165.43,USD,1.7139985156932456,75736,1.1216575461149412,24092565106.09419,USD,Finance,Buy,2180.662221482965,2155.390484432177,2118.3266061572212,-0.8457346948120451,-2.916412610738504,1.3574046423238768,2171.243999999999,2186.6525000000015,2164.8952000000004,2049.3016000000007,11.581313557554383,194.200418,10.347745875154256
TW,Tradeweb Markets Inc.,102.47,USD,-0.4565766465902456,1548907,1.2429243746246528,23980876410.012146,USD,Finance,Buy,104.39574240957096,104.40299172345145,105.43035002904453,-1.5658021133525413,-0.6303335919317355,-4.501397949673811,103.98999999999975,105.86500000000017,103.0047999999999,108.68932500000004,24.462269330850578,4.018983,61.45307380998266
BG,Bunge Limited,124.59,USD,0.8825910931174117,1801327,0.9725380492452239,23936121829.651585,USD,Process industries,Strong buy,117.15528234125487,116.75421897468311,116.33362391913045,1.432874704876663,10.501108647450115,39.67488789237668,122.16199999999992,116.62300000000008,114.5445999999999,114.64284999999991,24.15986348387597,9.516979,-48.493323079074315
HUBB,Hubbell Inc,452.41,USD,-0.5626744620524435,570117,1.2200472981605248,23901982660.684395,USD,Producer manufacturing,Buy,473.18491990139796,479.34587937952597,482.88577227893086,0.5132192846034219,-10.934147061718667,1.045272820673175,458.6000000000001,469.74100000000016,481.4193999999999,486.1888499999997,26.787099371784173,20.458206,9.655239579275419
FWONA,Liberty Media Corporation - Series A Liberty Formula One,86.99,USD,-1.8725324309080777,166837,1.019786063569682,23608375337.329266,USD,Technology services,Strong buy,90.47952370658226,89.69328185977534,88.32200559663889,-3.9739485594436563,-7.071894028415772,-2.684864078756019,88.19400000000005,92.75124999999993,91.72639999999993,84.5611749999999,53.78052550231839,1.81296,52.752856738124464
DRI,"Darden Restaurants, Inc.",207.53,USD,-0.9024925986056663,1018093,1.040825673535693,23563320349.64655,USD,Consumer services,Buy,212.46778813389878,210.67216614521598,208.29340083605115,-6.124756864341608,-4.36405529953917,12.458003684837982,212.9579999999999,218.03699999999944,209.71159999999975,201.87245000000024,19.976128367777147,11.280759,17.071219292314616
TSEM,Tower Semiconductor Ltd.,208.07,USD,-3.924828000184698,1134190,0.8750680783815464,23475486796.46964,USD,Electronic technology,Strong buy,225.07291305877285,227.18594001525133,220.98465908322788,1.8852218196063042,-17.139898849109958,72.68653000248983,214.59100000000004,222.61574999999993,228.27709999999996,187.9219249999999,82.06918313414586,3.864925,45.74040009197516
NRG,"NRG Energy, Inc.",111.65,USD,-3.224408425067174,3532806,1.321551316358715,23470000621.74959,USD,Utilities,Strong buy,120.21659738728388,125.02238300682274,130.91306046817974,-0.525659301496783,-6.764091858037574,-30.90110162148781,115.50400000000005,115.41350000000003,125.52559999999998,145.93630000000007,29.530787134997883,8.888127,59.993229232787435
GPN,Global Payments Inc.,88.55,USD,1.7582165019535752,1762594,0.7704384564182821,23431956440.242474,USD,Finance,Buy,87.8904500088634,84.74249196404448,81.55914147843676,-5.556740614334479,3.013029315960916,14.110824742268045,89.85999999999997,91.75000000000006,85.67059999999984,75.9161750000002,27.78300702811245,13.644448,-44.26120564523181
PPG,"PPG Industries, Inc.",105.05,USD,-1.9690182904068678,2294505,1.5259353241586326,23352616118.5335,USD,Process industries,Buy,112.49471820950475,113.35059797795226,113.32562546121008,-6.771388001419958,-8.245261594899116,1.96059400174706,109.04200000000007,112.12299999999982,114.91960000000016,111.5638500000002,15.084071622417184,7.905816,23.48268586322452
ASTS,"AST SpaceMobile, Inc.",59.91,USD,-4.021147068247364,8328708,0.8356354245950846,23315023979.6083,USD,Communications,Buy,64.7218919233988,68.1127219600203,71.84100085098929,-4.768717215069147,-14.095210782907941,-19.410815173527045,62.57800000000007,63.73850000000001,65.56219999999999,81.51202500000002,nan,-2.050116,-12.655962095288231
RIVN,"Rivian Automotive, Inc.",16.05,USD,0.2811621368322506,18173797,0.9360998264626458,23238161734.489223,USD,Consumer durables,Buy,16.09586017876222,16.119500422405512,16.086117351718254,1.6466117796073565,-2.490886998784934,-18.85743174924166,15.974999999999998,15.958000000000002,16.475600000000004,16.310149999999993,nan,-2.29869,20.201582982933463
CASY,"Caseys General Stores, Inc.",627.64,USD,-0.22097515221849295,1119482,1.4827943420585383,23197680253.571884,USD,Retail trade,Strong buy,766.3624907632029,782.7074509369165,778.8687749225775,-16.419420992356255,-25.67029843675983,13.73792653534602,700.934,785.3994999999993,819.4525999999998,728.7808749999992,30.21771157308888,21.404982,33.36029997174925
KEY,KeyCorp,21.73,USD,0,16838203,1.5506998795721725,23188702687.000004,USD,Finance,Buy,22.258856674471286,22.289627470900548,22.10469552392504,-0.7762557077625487,-3.9770216526734363,5.332040717401849,21.910000000000032,22.095000000000013,22.630399999999973,21.485449999999993,12.63886465421974,1.828124,nan
TPR,"Tapestry, Inc.",115.87,USD,1.8995690792366644,3180684,0.8984994726264334,23103513527.71164,USD,Retail trade,Strong buy,130.14067617143908,134.08504410908662,136.17331647820768,-6.93920167054855,-29.256975395323277,-10.331218077696947,118.38000000000015,125.60950000000017,138.93380000000008,138.5358999999999,15.915115720074171,7.981415,1049.7946936197093
TROW,"T. Rowe Price Group, Inc.",107.55,USD,-0.17635047336179482,1102703,0.8823551769590621,22942118316.88602,USD,Finance,Buy,110.6893180356422,110.33956683591515,108.79607847934221,-2.2272727272727297,-5.417289596341568,4.957548550795353,109.07399999999998,110.74475000000014,114.20249999999987,103.79477500000003,10.787470285559532,10.208863,11.482723918148286
AFRM,"Affirm Holdings, Inc.",67.99,USD,-0.234776228906839,3719681,0.43915804200037967,22941271437.47043,USD,Finance,Strong buy,73.55550999270119,73.09178472353913,71.44902775369818,-9.425164857123828,-10.137457044673543,-9.346666666666673,70.974,74.70224999999996,76.39530000000002,66.58667499999997,12.315467241473002,1.974844,4209.679937548791
CRCL,"Circle Internet Group, Inc.",90.32,USD,-2.8712764813420817,8277408,0.5891389694667319,22930068202.220455,USD,Technology services,Buy,84.19194702538623,82.61814021539008,83.91778532989917,-1.9060548465924623,30.879582669178358,11.726867887184548,96.95400000000001,87.65,73.82700000000003,85.43599999999995,54.35724602792489,1.040944,nan
SN,"SharkNinja, Inc.",162.58,USD,-3.969285292380389,2090777,1.1653089916995623,22902897257.770706,USD,Consumer durables,Strong buy,170.1045928494587,162.9511791620159,152.79724915609125,-7.886685552407925,-13.521276595744673,44.979489923310155,171.11999999999998,180.98999999999995,168.10459999999995,129.4054000000002,33.21891218176618,6.5675,33.76882499248366
ULTA,"Ulta Beauty, Inc.",535.63,USD,-1.149743476174661,625342,0.7531039818255565,22902184639.462353,USD,Retail trade,Strong buy,525.7350515153743,519.9033481839808,521.4649393506488,-4.226938687932481,-1.8992673992674,-11.629710288391738,549.5899999999999,533.0029999999999,510.2330999999998,556.9240750000001,19.51499429812257,28.987199,5.199190513058345
VRSK,"Verisk Analytics, Inc.",175.86,USD,-1.1966964436204255,910069,0.8445013259057496,22889238580.459805,USD,Technology services,Buy,185.67091204967707,186.22010956295236,187.797266300092,-7.09984152139461,-1.2299915754001671,-20.762368207623673,181.14599999999956,185.7219999999995,190.33710000000028,193.8704499999997,27.022126613398896,7.711934,0.3778823166499536
ROKU,"Roku, Inc.",154.12,USD,0.7979071288423799,2591619,0.983592465059876,22888148827.88149,USD,Technology services,Buy,152.1958537591602,147.40504354199052,139.90829844967718,-2.6159484392771306,1.4882128276043662,41.193715358893314,155.25199999999987,156.8072500000001,149.4730999999999,118.90902500000006,65.84355107446491,2.788237,nan
VLTO,Veralto Corp,93.45,USD,-1.3407939189189149,1100663,0.6807193417376682,22782488871.23628,USD,Producer manufacturing,Strong buy,95.35053819989857,94.2580431872453,93.38693946167393,-4.242237934214572,-4.163675520459442,-5.815359806490623,95.57800000000006,97.5424999999999,95.49379999999992,93.38230000000004,23.55446892171195,4.381649,11.103643339214205
FFIV,"F5, Inc.",398.48,USD,-1.519907075599925,489553,1.0403097088531927,22564799758.454292,USD,Technology services,Buy,395.3710025901326,390.91956490726614,378.35013659187405,2.0644434199067674,-2.809756097560971,55.759684165265995,395.07000000000005,394.4265000000003,404.0887000000002,329.78127500000005,31.743553385219588,17.333083,10.691674161860927
IOT,Samsara Inc.,38.44,USD,-0.5433376455368716,6169942,0.62885418235738,22510665306.252007,USD,Technology services,Strong buy,38.7763932528488,37.66220585043833,36.412664763239775,1.9899177500663308,-2.4613042375031693,7.075208913649023,39.23800000000001,39.643000000000015,38.06400000000001,33.69814999999997,249.6103896103896,0.7731,nan
EXE,Expand Energy Corporation,96.87,USD,0.2587456013247775,2254595,1.0768254526834558,22425772210.6894,USD,Energy minerals,Strong buy,95.47463497517303,94.93557242571474,95.61411671415786,-2.78976417461114,-0.6359626628372042,-11.920349154391706,97.72799999999998,96.85474999999983,93.32649999999974,100.79252499999978,8.361458054603679,8.604333,2897.490297542044
ARXS,"Arxis, Inc.",51.98,USD,-0.8582872401297021,554234,0.9118814883454316,22394353199.59832,USD,Electronic technology,Strong buy,51.751929624319814,49.39575617496369,44.88909090909091,1.2268743914313445,-10.286503279254404,36.78947368421052,52.89200000000001,53.842499999999994,50.06289999999999,nan,nan,0.47484,nan
AMRZ,Amrize Ltd,40.44,USD,-1.2936294849890193,5900408,1.2805451012065265,22385021624.078106,USD,Non-energy minerals,Buy,45.418745211313016,47.28152170462065,49.156380213011595,-7.247706422018356,-13.534316869788338,-26.082983001279477,42.23799999999999,44.158,47.647400000000054,53.430150000000005,18.56834565407043,2.549581,1.5243333954876082
L,Loews Corporation,109.08,USD,0.3680529996319391,612680,0.752837763879663,22298975663.87633,USD,Finance,,111.0945302494859,111.29908937885314,110.73210990942835,-0.45628764373060776,-3.8519171441163547,3.885714285714284,109.0699999999999,110.31750000000025,113.4728,108.88144999999986,13.36109750122489,nan,29.801577206817598
CHD,"Church & Dwight Company, Inc.",93.94,USD,-1.3131631473894316,2109106,1.1357745676720954,22282935238.39164,USD,Consumer non-durables,Buy,98.23980684068671,98.18706663802486,97.64237222468212,-5.473938418192794,-8.315440171774346,12.476053639846747,96.56199999999994,99.3935,99.10460000000025,95.10384999999978,30.226197754110494,3.779834,46.592141880099994
FSLR,"First Solar, Inc.",207.17,USD,2.003938946331853,2189411,1.0387512919089965,22264516565.66662,USD,Electronic technology,Strong buy,215.00368670625608,219.61765129147784,222.8540754664533,2.473166147301776,-16.94595894804362,-22.075528473632748,207.07800000000006,210.65049999999997,217.36879999999996,229.96529999999993,12.771400742229401,17.438765,38.72032564821782
DLTR,"Dollar Tree, Inc.",118.66,USD,0.22805980234816792,2514637,0.9294622940518763,22264210666.335163,USD,Retail trade,Buy,125.61444366285018,123.64502913815066,120.82766588330517,-10.235267418110295,-7.722217901858626,-3.2925835370823195,124.71000000000004,129.157,127.18179999999995,117.41840000000003,14.492470412936479,7.878761,nan
SOFI,"SoFi Technologies, Inc.",17.21,USD,-0.6924408540103719,31425269,0.8338534955803848,22227927081.530872,USD,Finance,Buy,17.820931701357605,17.78485506625427,18.011442923007444,-4.388888888888884,-5.491488193300384,-35.44636159039759,17.855999999999987,18.165499999999998,17.852200000000003,19.843625000000007,36.28505165507063,0.590296,-4.336425978217027
CRS,Carpenter Technology Corporation,448.25,USD,-2.2248882102737464,331196,0.3670569094698391,22214628270.653286,USD,Non-energy minerals,Strong buy,499.60565774722886,505.7512760227664,493.9301907246668,-2.8542325863638367,-20.658099688473527,41.586910515177365,461.61400000000015,488.9169999999999,537.1057999999998,434.3528250000002,42.57532008662285,13.337362,41.99552234780028
BRO,"Brown & Brown, Inc.",66.33,USD,-0.300616263339851,1714776,1.0126085943138998,22194704211.915375,USD,Finance,Buy,69.579001865305,68.69269022018426,68.33725760781888,-8.762035763411285,-6.326790001412236,-16.84843926288078,69.004,71.17950000000002,70.20779999999996,69.25860000000004,20.97457627118644,4.490611,-8.806736259299848
MKL,Markel Group Inc.,1781.71,USD,-0.2256767502547948,60112,0.9234205517603703,22075312626.996033,USD,Finance,Buy,1838.6385251278105,1857.3889476518286,1878.0079932363792,-2.9040871934604886,-3.220532319391633,-16.87187693915542,1804.5720000000008,1809.1424999999995,1884.784399999999,1954.7853000000011,9.82999397525219,98.627717,8.703805992214209
SW,Smurfit WestRock plc,42.21,USD,0.02369668246445026,2759938,0.6383108435490402,22071151849.69621,USD,Process industries,Strong buy,46.005122177556956,45.671942135053214,44.89577398781072,-7.636761487964994,-12.09912536443149,8.676622039134905,43.951999999999984,47.136000000000024,46.491200000000006,42.557500000000054,44.885155253083795,2.214902,42.24776887006504
EIX,Edison International,56.75,USD,-1.2012534818941465,5410986,0.527977292487775,21838191982.60794,USD,Utilities,Buy,66.12527742514365,68.28723974793266,69.18459073921126,2.3998556477805817,-16.334955034645436,-5.996355805863836,57.31799999999994,66.42199999999997,71.51000000000003,68.48474999999993,5.846055586459815,6.134251,42.63841542259315
PHM,"PulteGroup, Inc.",116.41,USD,-2.1188934667451527,2182187,1.5408375577402693,21821350838.96527,USD,Consumer durables,Buy,125.19832681886946,125.66793261806798,125.49026936441963,-7.132030315117669,-11.276247094241846,-1.72224567327987,120.83400000000002,126.28700000000008,127.64080000000001,125.28634999999998,11.891190651303424,10.151652,-26.81384239288892
OMC,Omnicom Group Inc.,79.45,USD,1.4687100893997518,2437296,0.8837410666695674,21796788784.752235,USD,Commercial services,Strong buy,82.80273755768128,81.76208908890085,80.46368508147347,-4.621848739495792,-5.270060808393945,-1.6099071207430304,81.24600000000012,85.62749999999991,83.0840000000001,78.13692500000016,68.10389165095148,10.416101,-83.26303405928094
AER,AerCap Holdings N.V.,140.43,USD,-0.4042553191489313,719080,0.6459563231190165,21686614585.686176,USD,Finance,Strong buy,146.17294184337325,146.24462083724885,145.28397827532498,-3.63686269127838,-6.4486043568050135,-3.225139549307426,143.37000000000006,146.75750000000005,148.9102000000001,143.7304499999999,6.906608566496334,18.720007,26.695329781599515
UTHR,United Therapeutics Corporation,503.86,USD,-0.5840337792510121,653157,1.1964940343554884,21610903300.208836,USD,Health technology,Strong buy,512.8170217003512,520.1958171278143,523.207937170055,1.9773725434637492,-4.582812559178869,2.8138837308955904,497.3000000000003,509.2035000000002,523.268,523.8586000000003,18.022355360815524,26.146032,9.163357502918695
RGLD,"Royal Gold, Inc.",253.98,USD,-3.260455549630544,472544,0.8247426998741446,21519182455.11114,USD,Non-energy minerals,Strong buy,242.5785889876331,235.926324988155,232.68945340763196,-4.035366130129236,9.023008241758234,13.383928571428568,260.96999999999997,254.5734999999995,223.79549999999978,237.68722500000018,27.688081195696014,10.499937,34.28537967178557
IFF,"International Flavors & Fragrances, Inc.",84.05,USD,-0.30838571936900144,1855731,1.2056994710591156,21445353801.44111,USD,Consumer non-durables,Strong buy,83.72048556372029,82.09595612295652,80.06804868765398,-4.161915621436722,-0.9545133160499674,24.463201540056264,85.35799999999999,85.14000000000006,81.93199999999999,74.94034999999994,77.98292818704768,3.425774,nan
DOW,Dow Inc.,29.64,USD,0.8163265306122517,7356534,0.9170933606699402,21410178018.330616,USD,Process industries,Buy,30.34081458446249,30.8304000505377,31.308396977933928,-6.053882725832013,-2.516033547113963,25.85987261146497,29.682,30.720000000000006,30.089199999999927,31.598750000000013,nan,2.462365,-30.144223904041116
XPO,"XPO, Inc.",182.34,USD,-1.0366350067842587,752968,0.7456294404838164,21349547223.330044,USD,Transportation,Strong buy,196.01529516507452,199.17384526416626,198.98214213211597,-2.350988057623299,-9.251978300900813,34.53847856563122,186.9100000000001,194.20050000000003,201.5388,189.76004999999975,53.616796047988714,5.489165,17.642175176421745
GH,"Guardant Health, Inc.",159.03,USD,-2.3037228160707706,1055755,0.613970714593394,21341216276.557133,USD,Health technology,Strong buy,159.09261309363586,153.16687644933185,143.06120234600672,-3.0836735937595234,-4.452054794520546,55.45454545454545,161.04799999999992,163.06100000000006,160.11520000000002,118.32139999999998,nan,-3.204651,-4.599796760117153
CMS,CMS Energy Corporation,67.68,USD,-0.718791257151232,2986604,1.0617750233776124,21222898770.349422,USD,Utilities,Buy,69.90589570159865,71.08336079267656,72.10504339923786,-0.9222661396574373,-1.9982623805386555,-3.1898154770418965,68.33799999999982,69.07549999999995,71.78799999999995,73.45069999999998,20.33776068273334,3.870706,-1.7942513132267004
THC,Tenet Healthcare Corporation,263.46,USD,-2.0885981864129644,629154,0.7890760412877981,21213533941.367546,USD,Health services,Strong buy,254.9724037188667,242.53854020293056,229.8166554623117,0.6379158867794641,1.6670525584626046,32.478503545029405,264.0279999999999,268.06199999999995,242.25920000000005,209.33544999999992,10.160000925529575,21.215261,66.00366178428763
ENTG,"Entegris, Inc.",137.4,USD,-3.936237153044812,2232461,1.063182174840589,20994720240.159405,USD,Producer manufacturing,Strong buy,140.84499861989778,141.07493465438736,138.79909590415565,6.851232599735595,-7.611619150080684,59.470752089136504,138.19199999999998,142.91875000000005,139.974,127.19544999999992,68.81354234486903,3.91804,2.647542669134273
CDE,"Coeur Mining, Inc.",20.34,USD,-3.1428571428571437,22351828,0.7216873679022585,20908199091.342857,USD,Non-energy minerals,Strong buy,19.376051054559834,18.794338211188762,18.518157242665815,-8.13008130081301,12.56225788599889,9.945945945945946,20.977999999999998,20.631499999999996,17.840600000000002,19.03660000000001,16.704993429697765,1.084279,212.20512820512818
MTSI,"MACOM Technology Solutions Holdings, Inc.",272.43,USD,-4.784705717880609,1531035,1.3062027600090296,20805730989.204567,USD,Electronic technology,Strong buy,281.9944127080209,289.40914502066136,289.1582569030968,8.576780518911168,-10.22540038225795,55.870236869207005,272.44999999999993,276.55524999999983,282.7779000000001,265.37050000000005,87.62060980316481,5.512437,nan
USFD,US Foods Holding Corp.,96.06,USD,-1.4263724987172914,2653714,1.3980164570697895,20780728216.0119,USD,Distribution services,Strong buy,102.43285532796642,100.86462423813335,98.11574446607925,-8.653480410802581,-11.2773621501801,28.1141637770072,101.00999999999992,106.1620000000001,103.20719999999989,90.78480000000003,29.54056215019374,4.791512,39.00739537468472
LYB,LyondellBasell Industries NV,64.3,USD,-0.3255309254379289,3303641,1.1431166656562963,20771339801.751663,USD,Process industries,Buy,63.25936349645752,63.0756052960117,62.91938534992962,-3.9007622179046475,2.9953547973730537,47.54474529600734,64.33599999999998,64.67550000000003,61.273399999999995,60.80970000000002,nan,9.344138,-247.10743801652893
FICO,Fair Isaac Corporation,960.67,USD,-2.290503361506941,365463,0.8187957174552882,20748200325.531086,USD,Commercial services,Buy,1070.9708892552262,1104.252276045903,1146.2747832405544,-13.806468978511507,-8.044337663083542,-43.19024499861032,985.6700000000004,1092.4789999999987,1154.0234000000012,1293.0566000000003,27.757568052517676,42.937783,35.366545286716125
STE,STERIS plc (Ireland),212.45,USD,-1.2273931842484609,691873,1.2119618063857938,20713897339.400482,USD,Health technology,Strong buy,224.54386488586752,223.88650860080827,224.2116097304024,-8.248758367523223,-10.997067448680353,-16.170145602335957,219.47999999999996,230.49699999999967,225.4536000000003,232.27004999999957,25.967438335737157,11.206146,24.045182321279654
PKG,Packaging Corporation of America,232.41,USD,2.2571277719112968,983469,1.6397728221971712,20707335121.755543,USD,Process industries,Buy,240.98513254339485,239.24927143790973,235.253851904959,-1.1189584751531636,-8.518008266089357,12.847778587035693,232.69999999999973,242.8669999999999,241.78119999999996,223.7397500000001,30.21058104770571,10.498881,-23.22431911857167
CW,Curtiss-Wright Corporation,559.74,USD,-0.9905543566703262,314949,0.8578504941201849,20673686906.376163,USD,Electronic technology,Strong buy,632.8257661027377,659.5074079803612,673.4825910996004,-0.5560786682537701,-21.547906038010876,0.926794085827621,566.6520000000003,616.8900000000001,687.9394000000007,676.5986250000003,38.51934431644577,15.293098,22.603017110458644
CF,"CF Industries Holdings, Inc.",135.11,USD,-2.17218159438129,2841004,0.9891534136485758,20447293416.48302,USD,Process industries,Buy,126.65043680016079,123.53878277932559,119.8769726823247,-2.518037518037504,12.338904132368853,74.38048528652557,135.74200000000002,128.224,122.949,108.92585000000012,10.021287169103195,14.958679,76.22078736864118
SNX,TD SYNNEX Corporation,255.54,USD,-1.0417070053828084,409035,0.8765955513474949,20432659298.098824,USD,Distribution services,Strong buy,255.03760634709877,251.636544135139,242.36676015171162,1.6750885290255757,0.09792784676250539,69.23178807947019,259.5079999999999,255.44199999999995,252.24619999999973,206.41411000000008,18.280539102068847,19.00409,63.39154218388386
RL,Ralph Lauren Corporation,336.67,USD,0.31584279371890056,968592,1.2711266177765757,20043671411.29326,USD,Consumer non-durables,Strong buy,363.74660732965293,369.1020879521559,369.86245996217775,-0.39054409893783637,-16.701923671676873,-5.163380281690136,342.98199999999986,359.88750000000033,375.13799999999986,366.38660000000027,21.225876819680607,18.921331,26.61185392137298
RS,"Reliance, Inc.",392.4,USD,-0.6557128028557765,191219,0.6487423045841031,20033806488.447803,USD,Non-energy minerals,Buy,397.4653169009046,393.49184833364853,383.219294585481,-2.181228966720678,-8.727205061406782,34.92418251212048,396.8899999999997,398.20149999999995,398.2505999999999,348.64825000000025,22.82178189029958,23.339874,25.544700487747875
WES,"Western Midstream Partners, LP",48.19,USD,-2.231689997971194,1162503,1.4909783537435453,19910883913.383648,USD,Industrial services,Buy,47.78164718822021,46.925138996890084,45.80385061483055,-1.9930852145617326,1.4526315789473636,21.415973796926178,49.128,48.721000000000025,47.21840000000003,43.06839999999998,15.176996724615773,3.704314,-2.286505616248655
AMCR,Amcor plc,43.0,USD,-0.30141432877348145,3176934,1.0034718256402875,19880864414.073727,USD,Process industries,Buy,45.06084879589858,44.52280748068036,43.829810239918295,-8.001711596063334,-8.119658119658114,2.9940119760479043,44.301999999999985,46.15350000000004,45.35500000000005,42.7732999999999,18.03539971478903,nan,32.20583342575136
FIS,"Fidelity National Information Services, Inc.",38.52,USD,1.1820330969267214,5695117,0.9779886663831502,19864992364.81324,USD,Technology services,Buy,41.239070115385196,41.820392242219896,43.33261039403858,-9.000708717221817,-8.351177730192713,-42.075187969924805,40.035999999999994,40.99500000000001,41.903999999999975,49.23850000000006,5.914688450081381,6.202081,2338.2628229127663
NI,NiSource Inc,41.42,USD,-0.5999520038396928,5298006,1.0585032146154794,19863378017.99136,USD,Utilities,Strong buy,42.48960096281394,43.47952200822604,44.27204768201439,0.2905569007264033,-0.7428708363287687,-0.8141762452107192,41.60799999999997,41.40850000000003,43.795799999999964,45.03310000000011,21.936235568266074,2.05424,0.32410605175070367
PR,Permian Resources Corporation,23.7,USD,0.33869602032175394,8772175,1.0536471673882,19850101766.926334,USD,Energy minerals,Strong buy,22.3177061913321,21.62942450952505,20.824109900399442,-0.670578373847444,11.215391834819338,69.04422253922968,23.613999999999983,23.118000000000016,21.324999999999996,18.756950000000003,15.730784547988849,2.10151,-2.149769435604347
EFX,"Equifax, Inc.",168.04,USD,-0.029745969421150202,1196351,1.0031072948691944,19742162406.056515,USD,Commercial services,Strong buy,178.15248976156212,177.35140974379755,178.6030557692175,-10.139037433155085,-6.363535049593232,-22.39412552533137,174.77800000000016,184.93600000000026,178.81699999999978,187.2419000000001,29.528361566036406,8.5613,11.283194493331768
WWD,"Woodward, Inc.",332.76,USD,-1.4511638926731132,556297,1.0542411213865799,19648087989.361958,USD,Producer manufacturing,Strong buy,355.76694943470466,363.54810500485615,365.4154017667462,-0.8226037195994251,-6.935898870119702,9.503751480847702,339.6940000000001,346.4185,373.3880000000004,360.9034,37.007050868569145,9.466328,42.25055765610414
SNA,Snap-On Incorporated,374.83,USD,-0.6862381431826696,224635,0.8811800481082294,19388878301.985798,USD,Consumer durables,Buy,391.1666397492991,392.00673959802566,388.91131116477703,-2.156151296040093,-8.944491679825093,8.788274561021614,379.86400000000003,390.2679999999998,401.35540000000003,377.22920000000033,19.119589890076256,19.803778,4.492687190857923
SBAC,SBA Communications Corporation,181.42,USD,-2.848880796829828,1444421,1.6195088555371788,19246505823.202847,USD,Finance,Buy,185.79285766074042,187.5418913811944,190.07702744408311,-3.051354673221829,-0.2967685205539791,-5.603829543680737,187.56199999999984,185.98700000000022,183.52060000000017,192.81149999999954,19.536516551441924,7.700492,14.116129032258062
GIS,"General Mills, Inc.",35.96,USD,-3.046643300080891,9666895,1.0177459252819616,19225277495.764893,USD,Consumer non-durables,Buy,37.861954142516446,37.56415368623083,37.742324549598564,-10.099999999999998,-2.1496598639455757,-22.633390705679854,37.658000000000015,39.38350000000001,37.87199999999995,39.74399999999992,nan,3.081384,-104.6300144229594
BR,"Broadridge Financial Solutions, Inc.",168.24,USD,0.08328375966687375,888731,0.8396729405157777,19183027854.184895,USD,Technology services,Buy,168.4106934057171,164.93814440324695,164.96692429302936,-5.68449377732929,-1.9923103809856622,-24.61352332302728,171.34999999999994,176.69149999999985,162.93039999999982,176.25989999999973,17.480933480185367,10.555144,35.666760642796724
DINO,HF Sinclair Corporation,107.72,USD,-0.3883854262992433,2100010,0.8957093848058384,19150875566.943962,USD,Energy minerals,Buy,96.40305210611564,90.41712139295605,83.39225010450538,2.3759741494012547,27.600094764273862,134.17391304347825,107.14599999999999,99.49549999999995,90.57980000000002,66.44489999999999,10.280587898453904,14.999837,nan
LUV,Southwest Airlines Company,38.69,USD,0.025853154084793203,4609465,1.066541125682258,18927465055.947777,USD,Transportation,Buy,41.81625471411462,42.75857923227917,43.021601855824336,0.2851218247796771,-14.402654867256647,-6.793543724403759,38.878,40.373499999999964,44.64100000000001,43.17504999999999,23.471244843484588,3.314723,147.8796992481203
VTRS,Viatris Inc.,16.38,USD,-0.7272727272727333,9014801,1.2281788736581356,18813917636.563633,USD,Health technology,Buy,16.5374537744965,16.42565626349152,16.053607461499574,-4.889095343165732,0.738007380073785,31.039999999999992,16.662,16.511750000000006,16.785,14.812324999999992,nan,2.51086,87.72002200220021
EVRG,"Evergy, Inc.",81.36,USD,0.17237133710908714,3012897,1.289348954517506,18754540484.8264,USD,Utilities,Strong buy,82.39079556064624,82.79676787990415,82.6228014236852,0.4816598740274183,-1.14216281895504,12.484446287847367,81.6579999999998,82.06150000000007,83.8502,80.72819999999997,20.61155726699263,4.255644,8.627332269249818
LEN,Lennar Corporation,77.9,USD,-3.5413571074789494,4915070,1.626862880416524,18717951327.757557,USD,Consumer durables,Buy,84.14425736975082,85.64976395572022,88.38089699929694,-8.728763913298172,-9.143923489619768,-24.376274148140958,81.41199999999998,84.87600000000006,84.99960000000002,97.8204499999998,12.185393170548577,5.489902,-47.147333349868134
MTZ,"MasTec, Inc.",232.2,USD,-3.523350506897132,971595,0.6962343246148334,18646808103.00149,USD,Industrial services,Strong buy,269.1923356429044,289.6715541154099,302.65907599953283,-1.2671145505570278,-15.184278774153483,5.540657242852597,237.70599999999953,256.04750000000007,298.74920000000003,305.12949999999995,36.988658085892695,9.340351,86.28445947950976
TOST,"Toast, Inc.",31.94,USD,-1.5716486902927627,5853387,0.6648893610014432,18557140436.037594,USD,Technology services,Strong buy,32.93618695181126,31.881024637747743,30.981575238044368,-6.690037978381524,-9.646393210749647,-10.707296617277052,33.11199999999997,34.722,32.65120000000004,30.106674999999992,40.80746135173119,1.384767,128.25896762904637
SSNC,"SS&C Technologies Holdings, Inc.",78.92,USD,-0.5293672800605012,1280219,0.7546831129573842,18518971649.06075,USD,Technology services,Strong buy,79.13948662344227,76.98492918728364,75.44744740407454,-5.405729353949424,-0.13918765025939445,-9.412304866850324,81.39799999999991,82.10549999999995,76.29380000000005,75.31054999999988,22.661230115431,7.10598,9.698554194097083
U,Unity Software Inc.,42.07,USD,-1.1048425011753618,11159376,1.2038489591669141,18514541609.278328,USD,Technology services,Strong buy,40.25346959204198,37.66843010429124,35.14104412010981,1.8644067796610246,-1.6136576239476093,-6.924778761061951,42.22,44.10099999999999,37.401,32.125900000000016,nan,-0.686276,-27.864387678437264
FTAI,FTAI Aviation Ltd.,180.09,USD,-2.7854251012145728,2000130,1.5143890927460615,18496520249.803726,USD,Electronic technology,Strong buy,203.75632235803133,212.8561298131766,220.36185565883167,-3.1774193548387077,-16.70598029693354,-9.05923344947735,191.54000000000002,200.39450000000005,211.35399999999987,234.98590000000007,39.22845691382766,5.975444,13.859126984126977
GPC,Genuine Parts Company,134.16,USD,-0.7985803016859009,944230,0.9948653639703918,18495267726.48447,USD,Distribution services,Buy,132.30533564981025,128.37241881132135,124.66838393409824,-2.521252633873428,0.18669255470091853,8.966861598440538,135.83199999999997,135.5185000000002,130.33280000000005,119.9811999999999,537.5,7.739434,-95.70055465600991
BBY,"Best Buy Co., Inc.",88.09,USD,0.06815858230149072,2731524,0.5614623866979783,18474913445.239918,USD,Retail trade,Buy,85.36068605939481,82.8267901873092,79.56777996113097,0.6052992233896769,4.694556691228907,30.658558291308218,88.64200000000002,86.22549999999997,84.70660000000004,71.68310000000002,14.660165091199575,6.807093,65.59098299666547
RBRK,"Rubrik, Inc.",88.91,USD,0.10132852961045194,2899139,0.6631068904046881,18431436960.79059,USD,Technology services,Strong buy,89.39854450953099,85.31458012991246,80.29203328072433,-0.4701667972685567,-8.604029605263163,14.500965872504816,91.03399999999996,95.84800000000006,87.36080000000001,69.23395000000001,nan,0.495468,46.36243667787664
IP,International Paper Company,34.29,USD,-1.0103926096997733,5470729,1.1859845795289963,18158951045.42667,USD,Process industries,Strong buy,38.178245426022855,38.20497589063986,38.152132613122674,-6.464811783960713,-16.488066244520223,-13.233805668016204,35.82000000000004,38.87400000000009,39.29679999999991,38.3675750000001,nan,1.37122,-6527.811860940696
GFL,"GFL Environmental Inc. Subordinate voting shares, no par value",41.63,USD,-0.8809523809523748,2088327,0.7251217244639045,18151371764.639988,USD,Industrial services,Strong buy,41.5092051820742,40.81869605083744,40.4882336974889,-2.892465593655225,1.1418853255588095,-3.3658310120705566,42.74199999999999,41.840500000000006,40.76259999999995,40.927700000000065,nan,0.593286366,87.87859681633327
PAA,"Plains All American Pipeline, L.P.",25.715,USD,-0.5222437137330814,2946821,1.1477800266509912,18143641973.513344,USD,Industrial services,Buy,24.730837960963452,24.175148686752813,23.452959231336724,-0.2134264648816442,11.272176546949375,42.861111111111114,25.750999999999987,25.037249999999993,24.193300000000036,21.515475000000002,7.12208497202681,1.556007,299.22600619195043
SITM,SiTime Corporation,602.27,USD,2.1021581026327794,590221,1.7049195954787442,18110882331.693287,USD,Electronic technology,Strong buy,614.6325469974589,614.551768980318,595.777856535315,6.065195569096374,-13.721080151851583,64.74820143884892,595.5290000000001,612.8057500000001,602.9906999999998,505.0643249999999,1220.6526145115524,11.250787,nan
TSN,"Tyson Foods, Inc.",52.46,USD,1.391573250869731,3616519,0.9405536298703595,18088240875.203712,USD,Consumer non-durables,Buy,55.45129234535903,56.698301747294494,57.884497538993166,0.5751533742331371,-7.673354452657514,-10.43196175516476,51.932000000000016,55.73,57.243399999999966,60.459024999999855,31.690225927268333,3.687823,-26.43647513664845
TPG,TPG Inc.,46.93,USD,-4.048251891228782,3072615,1.2342628340353607,18045746030.54488,USD,Finance,Strong buy,49.13199989591647,47.870708332367364,47.19500959253088,-10.914958238420652,-5.554437512577979,-26.957198443579767,50.52499999999995,52.354249999999965,47.56490000000005,49.06247499999995,70.81635732609024,2.848041,nan
GEN,Gen Digital Inc.,29.965,USD,0.6888440860214996,5612185,0.9984941063123831,17936660675.34879,USD,Technology services,Buy,29.038101427216613,27.990804773562765,26.87970342701972,-3.5564853556485367,3.29196828679765,10.044069041498345,30.30299999999999,29.5255,28.03749999999999,24.661249999999946,17.394206768444885,2.928811,79.82254697286012
CDW,CDW Corporation,142.6,USD,0.16155088852987973,1129858,0.6574233736400027,17827485357.641357,USD,Technology services,Strong buy,142.26755211730895,139.40874478776323,136.80071074354998,-4.250318941784739,5.403207923719419,3.9358600583090424,147.15000000000003,142.93750000000006,140.26830000000007,131.83327499999987,17.140247127265734,10.953032,3.423584694562535
CHRW,"C.H. Robinson Worldwide, Inc.",152.42,USD,1.3094051179793944,1695313,1.2904109493113598,17810468280.261616,USD,Transportation,Strong buy,155.84020598889123,161.33161580204347,165.38424365752155,3.842485352227815,3.3776451437872965,-5.546260147487152,149.459,147.35824999999997,166.20209999999994,172.73104999999984,29.086676081065608,6.231749,19.290657439446353
EWBC,"East West Bancorp, Inc.",129.37,USD,0.8497037729965726,603666,0.891562759613787,17725223652.708683,USD,Finance,Strong buy,130.53070887529745,129.6210917873819,127.28666615637717,0.3101496472047807,-1.947855085644985,15.087625656080428,129.656,130.60700000000003,131.327,120.37420000000006,12.42222307574128,10.634446,21.704783162520016
MKSI,MKS Inc.,261.84,USD,-2.316731952993858,961327,0.7597171399559135,17704979457.57314,USD,Producer manufacturing,Strong buy,284.9944432026018,294.7274658867055,293.3063254002561,5.9651962768110005,-12.43687924288533,59.13455694663911,261.07,273.90200000000004,307.0418,264.21305,41.75077732599856,13.134026,59.397636294319476
NTNX,"Nutanix, Inc.",65.42,USD,-2.270690170301757,1613584,0.5851209476500485,17684367467.689278,USD,Technology services,Buy,63.917526149312984,60.73442115877685,57.342165930220446,-3.9776897108469016,2.587423553395011,26.34221707222866,67.19799999999998,67.05224999999999,61.07950000000005,48.92802500000002,12.676574883252272,2.326458,702.472399315814
OVV,Ovintiv Inc. (DE),64.0,USD,-0.5748019263632197,4053642,1.3289988974301894,17632231221.252136,USD,Energy minerals,Strong buy,62.90703189177712,61.39561957232335,59.27282605997068,-4.119850187265918,1.0898752171852752,63.68286445012787,64.62799999999996,65.00850000000004,61.20400000000008,53.08355000000006,17.893589062543686,7.299259,58.28207284152764
ZBH,"Zimmer Biomet Holdings, Inc.",92.44,USD,-2.2936264665468786,1365875,0.8645523747047056,17631791822.362965,USD,Health technology,Buy,95.99351554685506,94.74876160551054,93.51990254611385,-7.6154307415550715,-4.818780889621094,2.7453595642992097,95.65200000000017,98.9225,95.14559999999992,91.4331499999999,22.49586294169181,8.531728,0.06331271611552519
ITT,ITT Inc.,196.23,USD,-1.0239079995964901,646220,1.0764516906031776,17542961812.935184,USD,Producer manufacturing,Strong buy,202.35781182437583,201.40666898855815,199.6470407314677,-2.6298814072346604,-7.88188902450475,12.189125836144298,200.76400000000018,206.75149999999994,201.07060000000018,194.94189999999992,38.533136966126655,8.26355,-19.95190040554559
TSCO,Tractor Supply Company,33.52,USD,-1.4117647058823437,8611750,0.9744137786741769,17465264154.95765,USD,Retail trade,Buy,33.84459459333088,33.888558878030416,35.210403640559996,-4.501424501424497,-2.6430438571013553,-32.91975185111066,34.47999999999994,34.973500000000016,32.9252,41.59909999999997,17.502088554720135,1.934018,-5.799026117751223
ESS,"Essex Property Trust, Inc.",271.37,USD,-1.093414002988665,515722,0.8786352686222865,17440526319.68761,USD,Finance,Buy,282.0585346623603,281.98809127270766,279.13247444141547,-2.6859355949221864,-3.7831513260530474,4.7679715852057845,276.0820000000002,283.1989999999998,288.11340000000007,267.3197000000001,42.235261159185704,5.651527,-48.34674534331261
LNT,Alliant Energy Corporation,67.25,USD,-0.8989095195991739,1863116,0.8880333117114101,17436896130.496613,USD,Utilities,Buy,69.45152928096368,70.45671477947266,70.95624837720764,-1.0010304725452772,-1.1901263590949196,3.44562375019227,67.93799999999995,68.69250000000005,71.56640000000002,70.43955000000012,21.309968946067556,3.42464,-2.475354615408382
DD,"DuPont de Nemours, Inc.",127.32,USD,-0.46904315196998786,1081241,0.86573712615158,17193670534.91088,USD,Process industries,Strong buy,135.43143265063657,136.89891495398462,137.15934290049498,-5.26080809584046,-9.919343427196836,4.945598417408506,129.85600000000022,136.20449999999994,137.86599999999996,136.89075000000017,302.4228028503563,7.253369,nan
IREN,IREN Limited,43.64,USD,-3.8130923517742934,35754030,0.7913701128404653,17173973785.605467,USD,Technology services,Strong buy,42.04833815414747,42.894599202588076,43.83006630169997,11.07151947060321,8.557213930348253,11.868751602153301,44.45399999999999,41.82125000000002,40.16549999999997,45.64902500000001,nan,-1.513195,-427.0100709922404
FLUT,Flutter Entertainment plc,98.68,USD,-0.6543843753145994,2083552,0.7132414916196302,17124839520.540018,USD,Consumer services,Strong buy,101.06066121031134,102.57592414005136,108.29148149735944,-5.051476955643221,4.678052402673185,-54.38872197827593,100.23199999999997,99.50799999999985,102.34879999999957,130.2937250000001,nan,4.858627,-311.80179292680526
NDSN,Nordson Corporation,307.45,USD,-2.0672740014015445,297806,0.9045766769717886,17124770677.967766,USD,Producer manufacturing,Buy,311.11544848103796,305.8916555370618,298.4468157603723,-2.899283074882357,-0.5402432712215373,27.477402769715557,314.80799999999994,319.69599999999997,305.52349999999996,280.45810000000046,31.107715968189083,11.892857,24.235110742388816
BEN,"Franklin Templeton, Inc.",33.66,USD,-1.3481828839390413,2565920,0.8055647864912054,17101868063.338804,USD,Finance,Buy,33.87060438306941,33.281803020465695,32.161809747436884,1.1722272317402869,-0.32573289902282065,40.3669724770642,34.14200000000001,34.163,33.77260000000001,28.725000000000012,22.947913826015814,2.891645,181.2655800575264
CLH,"Clean Harbors, Inc.",320.94,USD,1.6598036110231262,382142,1.037569687506194,16941539612.42718,USD,Industrial services,Strong buy,313.5575735332102,309.342464413342,302.8769760549643,1.1599319170396543,3.4789617926809675,37.04842428900845,317.9040000000001,317.22850000000005,310.75620000000026,284.3020499999999,38.92493723544893,9.800881,15.793834702619211
BIP,Brookfield Infrastructure Partners LP Limited Partnership,36.42,USD,-0.6004366812227043,966971,1.3078334676371164,16771000707.388102,USD,Utilities,Strong buy,38.10443473281515,38.241701105006136,38.05484382425715,0.27533039647577484,-4.709576138147559,4.086881966276078,36.85800000000002,38.155499999999996,38.799200000000006,37.219499999999975,60.6696651674163,0.604573,2994.329896907216
WCC,"WESCO International, Inc.",344.0,USD,-3.237602317796965,700369,1.3599611955061817,16764103182.402746,USD,Distribution services,Strong buy,345.9803801794714,343.5467322339605,336.26975898981055,2.7448403572175257,-7.067214177652914,39.92271710392516,349.9020000000001,346.97850000000034,341.6451999999998,311.3721950000001,23.773652711163944,16.828394,13.292254210349114
CNH,CNH Industrial N.V.,13.5,USD,-2.8776978417266212,19273921,0.5759080417918643,16709299895.719425,USD,Producer manufacturing,Strong buy,12.192510253579382,11.734474175837825,11.402384691823825,-1.5317286652078836,28.69399428026692,45.00537056928034,13.847999999999995,11.976500000000016,11.190599999999979,10.809100000000008,54.08653846153847,0.443785,-62.02069385270846
ROL,"Rollins, Inc.",34.56,USD,0.057903879559939565,5260288,1.1706475442883906,16628386026.580198,USD,Commercial services,Buy,37.481666956023155,39.76785489350674,42.96164557379021,-4.159733777038269,-6.796116504854359,-42.15899581589958,35.124000000000095,36.02699999999997,39.04520000000005,51.906649999999836,31.37254901960785,1.142464,9.06930693069306
NLY,Annaly Capital Management Inc.,22.0,USD,-2.6979212737726646,12759140,1.790911603024593,16581717610.526316,USD,Finance,Strong buy,22.69880088467869,22.66541133257544,22.57455187821195,-3.7199124726477084,-3.9720646006110876,-1.6540008940545416,22.594,23.0105,22.882200000000022,22.566099999999985,5.51364627452946,3.094556,297.10390127388536
NWS,News Corporation,32.78,USD,-0.9068923821039817,782750,0.6330538460922562,16496102904.504236,USD,Consumer services,Buy,32.96148731207747,32.305954344316966,31.581133549129213,-5.831657569663893,1.0169491525423675,10.593792172739542,33.563999999999986,34.0305,32.5284,29.926575000000025,31.908887374671465,1.321115,26.23494716146475
FTV,Fortive Corporation,54.51,USD,-2.329331660992661,1497077,0.6156828776911187,16462950309.2091,USD,Electronic technology,Buy,58.67119522147304,59.263894958219815,59.216311808883646,-4.53590192644484,-11.638839358080727,-1.48201698897524,56.26800000000001,58.76500000000016,60.323999999999906,58.135199999999976,32.18207580588027,3.017387,-23.54428094249345
J,Jacobs Solutions Inc.,140.53,USD,-0.8606701940035264,573349,0.7125529087147726,16447436195.91245,USD,Technology services,Strong buy,142.23471494752226,138.99393485819104,136.1571155667747,-5.424321959755032,-3.1762436268430383,5.932458917533548,144.064,146.99149999999995,139.47240000000014,132.72349999999997,49.32954226340915,7.255943,-28.810255641352413
JHX,James Hardie Industries plc.,28.19,USD,-2.4904877205119296,8837014,1.0651459310893256,16364929808.37703,USD,Non-energy minerals,Strong buy,28.760957478692383,27.73976106534061,26.42990305752484,-2.5915687629578437,-8.116036505867008,35.72460279248918,29.395999999999997,29.82099999999999,27.917399999999997,23.360650000000017,113.48631239935588,1.356766,-67.61408083441981
IEX,IDEX Corporation,221.46,USD,-1.617059084851171,721493,1.3495933316909847,16326009948.300932,USD,Producer manufacturing,Strong buy,227.04147191016432,225.26239859922086,220.73290248655516,-2.095490716180363,-5.229373502225265,24.394764927259455,223.8119999999996,230.67450000000022,228.59839999999946,206.83044999999984,31.81805120542513,8.832192,12.346456184526994
APG,APi Group Corporation,37.38,USD,-1.6574585635358998,4067463,1.0348022621810058,16303671624.563536,USD,Industrial services,Strong buy,40.120426290759106,40.66111855350808,41.03547017142018,-5.126903553299482,-11.943462897526501,-2.3000522739153046,39.131999999999984,40.859000000000044,40.85239999999996,41.94514999999997,nan,1.723192,-299.9401913875598
ASND,Ascendis Pharma A/S,261.23,USD,0.16103677006250372,504938,0.8475105977009334,16294703410.206856,USD,Health technology,Strong buy,256.4531162530033,252.96476502135317,247.49100818131524,-2.139057466097243,1.7647058823529527,22.735388084946447,266.76200000000006,256.77850000000007,257.5884,233.25297500000005,19.90460298229974,16.49789914473,nan
INVH,Invitation Homes Inc.,27.56,USD,-2.2001419446415933,7640079,1.6195187039439556,16277576394.448544,USD,Finance,Buy,29.06027688731558,29.147341780520172,28.971566155604837,-4.998276456394357,-7.299024554322239,-0.3975424647632923,28.160000000000036,29.375999999999948,29.7482,27.885875000000013,49.23186852447303,1.006013,24.788230049041456
MEDP,"Medpace Holdings, Inc.",583.16,USD,-0.5355619989766308,195556,0.9808525205205305,16276959526.777622,USD,Commercial services,Buy,581.3008326874103,564.483760673779,545.0403678307838,-1.8794272542190487,-3.5014561821551626,4.385493860308596,589.0059999999997,598.5069999999998,577.4391999999998,520.7194250000002,34.20413621593722,17.602326,26.790561393332286
ZBRA,Zebra Technologies Corporation,344.01,USD,-0.23779833541165016,500870,0.9905246851993618,16275339965.23232,USD,Electronic technology,Strong buy,338.51993790328237,319.8257236527164,299.8788028762283,-2.1893036876972474,-9.01132035548032,39.654122518572635,352.32399999999996,359.4109999999999,320.257600000001,259.00029999999975,31.47939715046531,21.124719,3.257963017206364
OWL,Blue Owl Capital Inc.,10.43,USD,-3.9594843462246754,20083462,0.8807405372191082,16261331730.515654,USD,Finance,Strong buy,11.059518293239636,10.813941176697439,10.775843748044542,-11.08269394714408,-11.234042553191491,-30.697674418604656,11.219999999999999,11.69499999999998,10.719200000000003,11.392949999999994,131.858407079646,0.885531,42.266187050359726
LDOS,"Leidos Holdings, Inc.",129.55,USD,1.10035898236306,1111272,0.9445409672774988,16257515778.80951,USD,Technology services,Buy,131.08454533041683,130.01381853608686,133.03097055541033,-3.6659726353360935,-6.041485349579333,-27.8674832962138,130.46799999999968,137.88349999999997,124.61080000000001,152.26299999999998,12.073625349487418,12.38496,1.4695591322603239
NVR,"NVR, Inc.",6088.28,USD,-1.6003749616149279,49964,1.294072245719362,16224413390.129715,USD,Consumer durables,Buy,6300.095285488829,6345.241594391161,6434.240314068423,-4.565532938111529,-3.467433648804426,-16.453212245463675,6213.047999999999,6312.595499999999,6375.1812,6793.069200000005,15.789050558426394,361.099709,-18.614432631103945
LSCC,Lattice Semiconductor Corporation,114.14,USD,-1.134690342139456,906138,0.7755250750437322,16211333239.707407,USD,Electronic technology,Strong buy,120.95600964234941,123.05072692638048,121.4340088285719,1.6746837698200565,-11.895021227325365,51.138771186440685,115.32200000000007,118.53350000000007,125.6694000000001,108.77385000000002,440.86519891850133,2.132308,13.056768558951969
TIGO,Millicom International Cellular S.A.,96.47,USD,3.0992839585337246,933404,1.1540937262527131,16162664060.730574,USD,Communications,Buy,94.52180595695286,92.9118191339725,89.28469246871701,0.7519582245430797,0.14533374857261555,72.26785714285714,95.35000000000001,93.58950000000004,94.80040000000001,76.96349999999998,24.32180314643001,4.062078,-29.71239212489588
RGA,"Reinsurance Group of America, Incorporated",247.45,USD,0.9876341672448221,288199,0.948612788872029,16158897235.562178,USD,Finance,Buy,243.6085165207562,237.96141010288127,230.83923554115574,-2.5595589683008466,0.9999999999999953,21.72865013774104,249.76000000000016,247.03399999999965,240.30459999999988,214.56745000000012,10.878788012010851,29.555162,97.91092046532266
VNOM,"Viper Energy, Inc.",44.84,USD,-0.9498564170532355,1613480,1.4565703738489704,16106298965.362494,USD,Miscellaneous,Strong buy,44.100381097184076,44.090827470655995,44.06722497478309,-0.6866002214839317,5.904581955597544,16.075588920528087,44.856000000000066,44.289999999999964,43.455800000000075,43.47087500000002,351.1354737666406,2.621784,-96.30860842920738
STZ,"Constellation Brands, Inc.",123.81,USD,1.8593171534348047,2552914,1.0576604706859507,16038743703.026655,USD,Consumer non-durables,Buy,131.43553349049088,134.24285939435433,137.64393347135015,-3.7771042200979137,-6.811681469215723,-10.54190751445087,124.72199999999971,131.19000000000034,131.94320000000002,145.03495000000026,11.811451794470626,11.802038,nan
NBIX,"Neurocrine Biosciences, Inc.",156.57,USD,0.9217480984916895,895195,0.9267737977056423,15915211666.32403,USD,Health technology,Strong buy,158.27742379324022,158.57235494916964,156.45885854073134,-2.100919152129065,-5.372899794512278,10.579843209266185,156.16600000000003,154.78450000000004,165.06380000000004,147.7935749999998,22.937970640804007,7.036067,101.47584049115972
AS,"Amer Sports, Inc.",27.41,USD,-1.2963629816348556,5344728,0.6893159959409667,15850430013.32409,USD,Consumer durables,Strong buy,31.562714318771214,32.63482071189438,33.48720311933888,-4.7602501737317615,-21.326061997703796,-27.159181504119058,28.382000000000023,30.865999999999985,33.417400000000015,35.42685000000001,28.64757525083612,1.304334,132.23300970873785
WY,Weyerhaeuser Company,21.99,USD,-2.6560424966799534,5433494,1.0369495682975798,15848985251.320053,USD,Finance,Strong buy,23.604820398647366,23.870339535927105,24.05599219306154,-5.905006418485248,-12.738095238095243,-7.332490518331235,22.66600000000001,23.712500000000006,24.00459999999993,24.283699999999985,33.628995259213944,0.328587,70.19781363872984
WPC,W. P. Carey Inc. REIT,69.55,USD,-0.5718370264474706,1259127,0.9826520485058056,15844663262.265905,USD,Finance,Buy,71.30428331346089,71.84265422552978,71.97480739574945,-2.0836266366324145,-1.4593369226409765,8.080808080808085,70.14200000000002,70.88199999999995,72.13199999999999,71.01230000000001,23.820124666073017,3.122717,91.85228990078191
BALL,Ball Corporation,59.74,USD,-0.9122574224581144,1499465,0.8278801197188421,15813377689.545862,USD,Process industries,Strong buy,62.102568597497864,61.80769729553359,61.14082165823409,-6.142969363707771,-4.078355812459857,12.589521296645307,61.33,62.54000000000002,62.8074,59.289250000000074,16.993315317877972,4.022756,64.14530513143762
JLL,Jones Lang LaSalle Incorporated,342.16,USD,-1.1669555170421617,273532,0.9054430789540061,15741995827.87984,USD,Finance,Strong buy,355.7052822600492,348.0561861632365,339.17567779018617,-4.092387038905698,-3.9712609806067687,1.7031774811996605,353.02599999999984,370.30900000000025,351.73520000000013,327.58379999999977,16.39490366508704,25.008397,79.38097366430587
SUN,Sunoco LP,76.34,USD,-1.8639928011312545,614202,1.4621044332423667,15636312454.691862,USD,Distribution services,Strong buy,74.43590917560736,72.96004125573626,70.79867556853583,0.7788778877887834,5.82201275298032,45.40952380952382,76.12800000000001,75.80999999999999,74.02900000000002,64.87074999999997,16.748206489546085,8.637534,123.93023827069516
KIM,Kimco Realty Corporation (HC),23.29,USD,-1.187950784896059,5601757,0.9722409016163902,15622684170.487484,USD,Finance,Buy,24.106331291302343,24.260837627329302,24.134743809829722,-3.9191419141914166,-2.917882451021256,15.126050420168061,23.627999999999957,23.9915,24.782400000000024,23.092774999999975,27.303634232121922,0.837796,2.91988416988417
JAZZ,Jazz Pharmaceuticals plc,240.48,USD,-0.3439559073391126,1029483,0.8483906270859876,15610658353.066177,USD,Health technology,Strong buy,245.4914958067217,242.14359816451574,233.47163190571936,-2.6081321885630966,-6.486234251049943,41.87610619469026,243.2469999999998,248.16024999999976,249.1386000000005,206.45897500000007,16.58414134587534,25.020192,nan
APA,APA Corporation,44.53,USD,-0.6913470115967937,6552681,1.4664370859919347,15601152413.177296,USD,Energy minerals,Buy,41.08015008812575,39.633251070749964,38.016737822028844,0.022461814914640634,9.977772289454183,81.16354759967454,43.97400000000001,42.903999999999996,38.5202,33.87727500000002,9.417163642515755,5.920033,58.661879676542625
DOCN,"DigitalOcean Holdings, Inc.",131.05,USD,-1.2210748473656263,2248393,0.9243203948493275,15408799037.241278,USD,Technology services,Strong buy,122.85765777897895,124.05638813694023,120.48587212275761,24.100378787878807,-0.2663622526636182,169.42845394736847,122.45600000000006,118.90700000000001,123.58459999999997,98.40174999999999,59.744700250740834,1.461039,72.28243795161794
AKAM,"Akamai Technologies, Inc.",107.13,USD,-3.268623024830704,2929438,1.0003279519706758,15396360833.1535,USD,Technology services,Strong buy,111.85100439651025,114.40835850918337,114.88516032441687,1.622083096186676,-9.219557664604702,22.714776632302403,107.04200000000012,110.76749999999996,115.53420000000038,109.89344999999996,38.64579199884564,6.715832,-1.7160078000354546
CG,The Carlyle Group Inc.,43.07,USD,-2.357742008614825,2756922,1.0518618424127502,15347254972.18431,USD,Finance,Buy,46.50247592387674,46.631192775885026,47.251498904063986,-9.611752360965369,-9.801047120418849,-27.30801687763713,45.56999999999998,47.98299999999998,46.716399999999965,50.809200000000054,44.618253392727645,3.657376,-71.83825889080141
CRBG,Corebridge Financial Inc.,34.18,USD,1.064458900059135,3166318,1.0415000699800652,15236504663.461266,USD,Finance,Strong buy,32.89316296070976,31.964119479891217,30.978435718887955,0.7368110816386678,3.4190620272314756,13.630319148936175,34.19399999999999,33.10899999999999,32.225400000000015,29.07535000000002,19.43039054061736,4.564853,nan
H,Hyatt Hotels Corporation,161.39,USD,1.9906471183013,871056,1.1657709365892164,15228234193.534883,USD,Consumer services,Strong buy,173.61799084288958,176.050249656573,175.55189669914856,-2.4008224479922755,-5.298673864569888,0.3856440878273161,162.39600000000013,172.55150000000012,179.7781999999999,169.48194999999998,200.1612303112985,3.567866,-80.90422508525957
SGI,Somnigroup International Inc.,66.11,USD,-3.107137622746599,4253350,0.8990621268660186,15221113039.162832,USD,Consumer durables,Strong buy,67.54227883619524,68.84471604510198,70.92303265716923,-5.300100272167315,1.613894866277278,-25.985221674876843,68.65800000000002,65.694,68.7266,78.62229999999997,26.35754724503628,3.087967,75.6319585463203
HST,"Host Hotels & Resorts, Inc.",22.14,USD,0.45372050816697557,6408077,0.919017806645222,15168654616.810345,USD,Finance,Strong buy,22.82517073076839,22.925169833023265,22.603892715549794,-0.045146726862293506,-2.724077328646753,24.732394366197187,22.05800000000001,22.502000000000017,23.35179999999999,21.00299999999998,14.852082914067218,1.37813,57.82953943885653
RBC,RBC Bearings Incorporated,478.06,USD,-1.6418401777631506,283065,1.2321761807566087,15135018709.157888,USD,Producer manufacturing,Strong buy,521.985505922949,538.8553034696401,546.6732511653778,-2.556053811659197,-14.714382559674593,6.346628701087809,487.1299999999995,508.6880000000013,551.5976000000005,544.7851000000003,47.23959722922164,14.928889,27.276729006049464
LAMR,Lamar Advertising Company,147.7,USD,-0.7592555264395778,446444,1.091878753727589,14998888736.942146,USD,Finance,Buy,152.3841792303719,152.39743564097662,150.26021796157664,-3.0139864731761796,-4.57423439720895,17.07355738744451,149.75599999999997,151.41599999999994,156.02420000000018,141.29215000000005,26.958950115903406,5.917944,27.705647886995642
PNFP,"Pinnacle Financial Partners, Inc.",99.14,USD,0.010087763542827718,810515,0.8669850295154538,14981306752.36195,USD,Finance,Strong buy,101.51950169589757,101.00358788266725,99.83885016095618,-1.4022874191944272,-5.283271233400211,4.346910851489312,100.27200000000005,101.85799999999992,102.2658,96.80070000000002,13.612522312233969,10.189509,-3.4648215895233556
ARMK,Aramark,56.76,USD,-0.2635740643120692,2320567,1.1501953094699355,14963356692.527147,USD,Consumer services,Strong buy,57.43634138441147,56.38820357640942,54.191295432268596,-0.3336259877085247,-5.3211009174312,53.98806294085729,57.06200000000003,58.73100000000004,57.74099999999996,46.900250000000035,39.58711117310643,2.276521,6.0659860926172575
BURL,"Burlington Stores, Inc.",238.04,USD,-0.4766284806422003,1125876,0.5117689364224793,14952529033.624212,USD,Retail trade,Strong buy,296.6593627853569,308.2136405762454,313.07255527922405,-7.87569178373776,-35.334546738746575,-17.128533630413596,251.30599999999998,296.61900000000014,327.671,311.79660000000007,21.35366674142184,11.907369,31.537027422476054
UNM,Unum Group,94.31,USD,1.3323305039217892,1559691,1.1618119006963536,14929913618.940153,USD,Finance,Strong buy,91.8613289444677,90.22050084236007,87.8980001800254,0.9310787671232925,3.934317831165977,22.08414239482201,94.77399999999992,91.872,90.03200000000008,81.29444999999996,22.00728053390582,8.666004,-48.71469602680708
TLN,Talen Energy Corporation,311.54,USD,-2.5432477242155955,526845,0.7120422853199504,14927208267.834831,USD,Utilities,Strong buy,329.24071024943083,339.45119613602,347.2499380221259,1.7938245384741085,-9.35699738143729,-18.254572170764344,315.90000000000055,317.03600000000057,342.9662000000002,357.16390000000024,nan,20.580739,-224.49463225216994
IONQ,"IonQ, Inc.",36.84,USD,-3.4084950183534275,17781985,0.8406741372633484,14925287071.780807,USD,Electronic technology,Strong buy,40.9120278212793,42.35109577036571,43.47640090113415,-3.383162863886701,-14.365411436541143,-19.930449902195164,38.79799999999999,41.273500000000006,40.39299999999999,44.10622499999995,nan,-1.392167,-125.36928720134827
SOLV,Solventum Corporation,87.65,USD,-2.6435632566922087,709695,0.8643557258702749,14920110576.176277,USD,Health services,Buy,86.99296217429082,84.59328810531674,81.92078990377864,-6.29677143468035,3.813810257017646,10.61332660272591,90.38399999999997,89.87899999999999,84.67099999999996,77.55941999999999,10.713456296676569,7.15966,276.8621309134461
PFGC,Performance Food Group Company,94.35,USD,-1.3384921049879757,2004188,1.463925010828669,14863241451.634949,USD,Transportation,Strong buy,102.76352348546773,103.4860864149515,102.4729863413738,-5.489331864169092,-16.85026879351371,5.4425569959767435,96.91000000000003,101.58250000000012,108.33899999999994,97.07657500000016,41.23508587911367,5.68209,5.204837004000183
DT,"Dynatrace, Inc.",51.42,USD,1.6205533596837949,5563290,0.9396347951715591,14860489396.558102,USD,Technology services,Strong buy,49.35996998439029,47.50267601160257,45.63060742240972,-1.6073478760045854,1.8823063205864927,18.67066697438265,51.39400000000006,50.89750000000012,47.507400000000054,41.60470000000006,102.18600953895073,1.984568,-69.03194042710321
SMTC,Semtech Corporation,159.13,USD,-2.9340002439917057,2128920,0.7583002266508841,14850906538.811148,USD,Electronic technology,Strong buy,140.84272461636314,137.40552797034437,131.03019358662584,19.55672426746807,19.02019446522065,111.10374104537013,153.79500000000002,138.4297499999999,133.2037,108.92074999999996,105.77638925817601,3.474463,537.1876323591698
STRL,"Sterling Infrastructure, Inc.",484.86,USD,-2.0781581338988113,314329,0.6017516382962064,14831148724.18443,USD,Industrial services,Strong buy,542.3016529775357,575.9900846353986,584.955362845932,6.3709358957483255,-10.504457611163403,56.69456743043661,485.7460000000004,506.4939999999997,580.1284999999998,525.1625250000004,34.93856962709422,19.799,50.88175176132904
TRU,TransUnion,76.95,USD,-0.12978585334197834,2350253,1.059421991999295,14743621053.630758,USD,Commercial services,Strong buy,79.5452947802365,78.30877089925997,77.22129730348499,-7.98756427119454,-1.9620333800484038,-10.523255813953485,79.29000000000005,82.259,79.96500000000009,76.53195000000001,20.29753897285748,4.848408,90.78556690654723
BMNR,"BitMine Immersion Technologies, Inc.",24.2,USD,-0.04130524576621876,26113449,0.6284012825788234,14598077829.434116,USD,Finance,Strong buy,21.545278591589216,20.478025039920983,20.42754000394449,1.4249790444258168,32.42134062927497,-13.571428571428573,24.919999999999995,22.88350000000002,19.10900000000001,22.24584999999999,nan,-21.885,-196.1904431170996
WMG,Warner Music Group Corp.,27.84,USD,-1.1363636363636374,3038133,1.8932168970748275,14563375622.897726,USD,Commercial services,Strong buy,27.68008396886606,27.842466563580775,28.162182860984714,-3.9668851328044106,5.414615675880348,-9.227257906749271,28.47199999999999,27.598000000000088,27.47909999999995,28.629624999999972,22.016607354685647,1.490955,123.7261146496815
YUMC,"Yum China Holdings, Inc.",42.29,USD,-0.6810709253170483,1397138,0.9021741411546753,14482554935.066467,USD,Consumer services,Strong buy,44.90352289743639,45.164469541016096,45.60636293620033,-4.5372460496613956,-10.667511618081969,-12.406793703396856,43.09999999999999,45.95749999999996,45.27660000000007,47.758550000000106,15.524393377629309,2.956402,12.575419456153403
FN,Fabrinet,403.95,USD,-3.423625887584573,625202,0.7687423381152102,14475492026.132284,USD,Electronic technology,Strong buy,455.3737628937389,482.65207922794895,504.93029515695474,3.4045821067451714,-24.254640915057188,-13.080432069544266,408.1859999999998,447.1399999999996,475.0926000000001,536.2348000000001,30.968973527450032,18.2021,42.246286723810755
MAA,"Mid-America Apartment Communities, Inc.",124.48,USD,-2.3533103231879506,1297896,1.3897690453502556,14442412687.528084,USD,Finance,Buy,130.12205928866814,131.18065467459738,131.76717720932288,-4.03946962688868,-5.085779641631721,-10.129232546386532,127.34599999999996,130.12049999999996,132.95640000000006,132.15505000000002,36.36682345379649,3.686444,-29.495973140538425
ALB,Albemarle Corporation,122.11,USD,-3.0180287506949384,2013552,0.8333992461232416,14409598086.468987,USD,Process industries,Strong buy,131.16430288622163,135.87172181216775,141.36694395111277,-10.206632840650053,-6.393254120352617,-15.065729985393341,127.20599999999993,133.5835,127.55920000000003,156.64614999999995,nan,11.254454,99.60973099314884
DOC,"Healthpeak Properties, Inc.",20.37,USD,-0.09808729769494641,3859287,0.9420379498580158,14391959074.98921,USD,Finance,Buy,20.93297121390607,20.796161558737552,20.340773682692674,-3.9603960396039595,-2.4425287356321745,26.99501246882794,20.589999999999993,20.932500000000008,21.4718,18.655749999999998,58.23327615780446,0.448259,49.04132935662548
EQH,"Equitable Holdings, Inc.",52.6,USD,0.9790746784411556,2467552,0.9590678468970524,14361649261.098099,USD,Finance,Strong buy,50.53547914573364,49.113553827908376,47.62973134982841,1.1538461538461566,2.734374999999997,10.365086026017636,52.6459999999999,50.893499999999946,49.49340000000003,44.77792999999993,nan,7.18639,-366.9731429954029
ULS,UL Solutions Inc.,71.1,USD,-2.455755247633429,475228,1.016711858329379,14354959995.956917,USD,Commercial services,Strong buy,77.8599025326697,81.20099979704402,83.44648786206201,-4.8065336725130585,-8.600077130736613,-9.59949141767325,73.12800000000011,74.73099999999995,81.79699999999998,84.74824999999989,28.75050545895673,2.316547,52.38153921991496
WSE,Wise Group plc,11.93,USD,-3.478964401294496,1655775,1.1247563715645774,14283014481.427992,USD,Commercial services,Strong buy,12.508945403325063,12.49185819954893,12.486751875403062,-9.62121212121212,-4.864433811802229,0.760135135135134,12.536000000000001,12.847000000000003,12.611499999999994,12.359707499999995,nan,0.581769,nan
EQX,Equinox Gold Corp.,12.2,USD,-5.058365758754866,14656243,1.3501837761637299,14243010034.253521,USD,Non-energy minerals,Strong buy,11.948967435363073,11.780077878719998,11.90902937350236,-7.01219512195122,5.719237435008667,-15.218902015288402,12.723999999999995,12.711499999999994,10.93360000000001,13.2753,14.375400625919083,1.144409,nan
EXEL,"Exelixis, Inc.",57.43,USD,-1.5429453111606353,1789527,0.8811520794826083,14230103047.737701,USD,Health technology,Buy,55.45589663905517,54.36943324880781,52.66069332445966,-2.2468085106382985,8.624929071306983,31.962316176470576,58.313999999999965,55.40800000000006,55.244999999999926,47.88645000000004,18.038193353853885,3.512857,52.70023980815349
OHI,"Omega Healthcare Investors, Inc.",46.95,USD,-0.5085823267641341,2625852,1.4835022819031278,14226459958.99873,USD,Finance,Buy,47.24588373273583,47.391161747383784,47.2093256998045,-0.7189680693592648,-0.4874947011445461,6.26980534178362,46.91799999999997,46.63549999999994,48.22999999999998,46.39995000000002,16.769653891488375,2.654151,74.66467028510824
EG,"Everest Group, Ltd.",371.03,USD,0.8589991029439661,360308,1.0165161157815208,14226304885.908934,USD,Finance,Buy,372.9147181051702,368.79574091760276,362.4096114579758,-2.9682514775877458,0.798717704909125,9.713761901945698,375.17,373.28300000000024,374.12020000000086,343.6841500000001,7.852337204159073,53.543051,146.14074294019287
PAG,"Penske Automotive Group, Inc.",216.61,USD,-0.7787091750263334,325874,1.1466047026154806,14223234613.311117,USD,Retail trade,Buy,213.19855358145762,206.22112087163646,197.01360190844852,-1.2446430199689933,0.03232659093009218,36.22413684673921,218.2340000000001,217.83149999999992,210.31279999999978,174.91455000000005,15.951015118154304,13.603442,-5.429234015585708
BBIO,"BridgeBio Pharma, Inc.",72.5,USD,-4.7055730809674,3064074,1.6842928641906767,14173242566.706099,USD,Health technology,Strong buy,76.96219334904617,76.68107544400317,75.41493035542551,-5.14195996336518,-16.68581935187313,-5.27828586360074,74.718,78.58500000000001,80.73480000000004,73.97952500000002,nan,-2.775106,12.833414753297514
ARCC,Ares Capital Corporation,19.68,USD,0.10172939979653903,4312877,0.9944833538154018,14130690329.652086,USD,Finance,Strong buy,19.638676918379602,19.451126113187062,19.32547635029957,-2.380952380952383,-1.4521782674010975,-2.766798418972326,19.81800000000004,19.883500000000026,19.36779999999995,19.29199999999998,14.628707351520108,1.905516,-34.09914764377388
IVZ,Invesco Ltd,31.93,USD,-0.49859769398567677,3383732,1.0326609468059669,14097088245.844809,USD,Finance,Buy,31.573723580948577,30.680695387204306,29.554939375033413,-0.7768800497203232,0.6937874487543325,20.809685962920923,32.428000000000004,32.419999999999995,30.778,27.379649999999998,nan,2.814233,-175.02685284640174
SUI,"Sun Communities, Inc.",114.93,USD,-0.9565667011375383,839421,0.7187004535901845,13998584066.967426,USD,Finance,Strong buy,120.18921320515464,121.2575865474273,122.53399673335262,-5.508509413795929,-2.8979384927340255,-7.00703940448256,117.582,121.1875,121.10500000000002,125.38705000000006,nan,-3.305304,-166.36077557562254
BWXT,"BWX Technologies, Inc.",152.49,USD,-2.692872184289451,873257,0.8550910188500404,13971436140.057623,USD,Electronic technology,Strong buy,163.3557877316013,170.55620902182935,177.96017447713683,-3.7917981072555147,-10.704456286232944,-12.628201455337186,157.49000000000018,158.68299999999996,168.8800000000002,192.46174999999985,39.47552357037459,4.742068,20.519780356919995
PTC,PTC Inc.,128.715,USD,-0.13577469159747302,1683681,1.1380185276670993,13966382688.271746,USD,Technology services,Strong buy,139.94061431081977,138.80933006194186,139.8015630955918,-15.0564244704019,-14.04674457429048,-26.170127337386717,136.39199999999988,148.47699999999995,137.4609000000003,148.09534999999917,12.443445475638052,8.190005,143.8529904052429
CPT,Camden Property Trust,102.5,USD,-1.5464412640476413,782456,0.8246222332763531,13862033704.327154,USD,Finance,Buy,107.47671488116774,108.34545207427904,108.4237987345441,-3.4567203541490077,-5.677739946627406,-6.495165115854775,104.52200000000016,106.86850000000008,110.51160000000007,107.34289999999989,33.92354790666887,1.07585,110.85136078157711
AIZ,"Assurant, Inc.",280.97,USD,0.18898873199259364,242087,0.9644016683730177,13858498316.571709,USD,Finance,Strong buy,281.2570974602052,276.32714217172077,268.0856759272566,-1.8890984007262965,-1.8890984007262965,17.25159621082504,283.1740000000001,283.197,281.4980000000007,246.65679999999992,13.333364969842497,22.10712,52.56584758401992
MKC,"McCormick & Company, Incorporated",51.1,USD,-0.7381507381507293,2933789,1.1829335968069947,13798091548.807304,USD,Consumer non-durables,Buy,52.61402913907998,52.455273307657244,53.03712982074279,-4.307116104868909,-2.4436807941962604,-25.11723329425556,51.82800000000019,54.12599999999999,52.873199999999954,56.89199999999993,8.504618457185654,3.086051,108.65020661874499
REG,Regency Centers Corporation,75.31,USD,-0.03981948500132882,1729574,1.4008637115525124,13790807530.934032,USD,Finance,Buy,76.78601145017622,77.40181784497966,77.4841971227423,-1.3233752620544956,-0.8557135334386408,9.669433522644532,75.55200000000005,76.01349999999991,78.41359999999997,76.0212499999999,25.413376526962274,2.504565,38.2053912881261
CACI,"CACI International, Inc.",624.01,USD,2.8277168987393866,297951,1.1699314299580759,13790369550.242481,USD,Technology services,Strong buy,602.2882425727468,581.4967059837514,566.1628658732734,0.9724919093851118,-2.4984375000000014,16.965323336457356,621.9560000000001,635.7120000000002,562.2511999999999,560.44245,25.829939068812504,32.868263,8.109656227904525
TYL,"Tyler Technologies, Inc.",335.48,USD,-2.1010855608731145,771530,0.6037705432471497,13738668696.177776,USD,Technology services,Strong buy,339.66874168758505,333.9004680133374,335.70255443846673,-12.178010471204184,6.104117907521036,-25.553114528548917,353.8559999999996,352.7580000000007,328.2267999999996,355.7141000000008,44.457990988603235,13.080909,7.9048218269175825
LECO,"Lincoln Electric Holdings, Inc.",251.06,USD,-7.53535651149086,894183,2.2203557503639,13684214642.624413,USD,Producer manufacturing,Buy,269.6370801021974,268.47329214266375,266.25335757548015,-8.66892211430026,-11.333215610100645,4.769853524183119,269.97999999999996,278.86424999999997,267.9960000000001,262.35024999999985,25.096965092566673,11.220296,12.502389815450027
TXT,Textron Inc.,79.2,USD,-0.86368757040931,1718749,0.949228466653412,13621364214.885468,USD,Electronic technology,Buy,84.07858943319772,86.01701371555562,87.48743009879038,-0.8512769153730504,-11.200807265388491,-9.496057593417897,79.41399999999997,82.732,87.1775999999999,90.04170000000008,14.94678040311014,6.466118,19.88235294117647
RNR,RenaissanceRe Holdings Ltd.,326.53,USD,1.2401947105695594,281107,1.1736680702179227,13567940268.93365,USD,Finance,Buy,324.6917254887932,320.7394547836231,314.6110244128241,-2.0635253891605085,2.7017676291124033,16.6011998285959,328.102,326.29649999999964,323.1684000000002,298.9616999999999,5.610259388374685,43.173517,48.472225056631494
SMMT,Summit Therapeutics Inc.,17.0,USD,-3.078677309007977,4220743,0.6930590287929291,13561744482.2691,USD,Health technology,Strong buy,15.189790545846341,15.11730508623384,15.447380294590147,9.536082474226808,13.107119095143052,-4.225352112676056,17.310999999999993,14.448249999999996,14.395,16.421075,nan,-1.188686,-11.097875719674398
JBS,JBS N.V.,12.62,USD,0.31796502384737,4444034,0.8785002178738991,13515125135.662956,USD,Consumer non-durables,Strong buy,13.174506119871072,13.274003060314573,13.529018526202487,-5.468164794007494,-4.646769928220629,-11.314125087842594,12.847999999999995,13.435499999999987,13.033800000000008,14.485500000000004,11.778980772820608,0.772559,-18.413036856533658
RVTY,"Revvity, Inc.",120.94,USD,-2.3496164715381482,1344044,0.7461168084232942,13495258476.786596,USD,Health technology,Buy,120.55938117075078,116.53264130890679,111.85130412249784,-8.690071725179306,4.4116377449710775,24.423868312757197,126.54400000000005,124.21049999999988,117.12460000000014,102.82584999999986,57.43731003039514,5.355492,-10.658520027155461
SWK,"Stanley Black & Decker, Inc.",89.23,USD,-2.6723385689354306,2397974,1.4748531127549116,13475215486.791233,USD,Consumer durables,Buy,94.88835469413938,93.02245018157663,89.91517427418249,-8.84666462355705,-13.225712340756584,19.275497928084484,93.71600000000002,97.55299999999986,95.08320000000016,82.39990000000047,21.757577235375877,5.596686,30.0409043345911
HL,Hecla Mining Company,20.02,USD,-3.980815347721831,20362947,0.7619420641514381,13448804266.739567,USD,Non-energy minerals,Buy,18.88872075868047,18.281127095582594,17.991257876313696,-7.2718851320055595,15.256188831318358,1.8829516539440256,20.644,20.0875,17.371999999999982,19.074599999999997,25.66995768688293,0.740609,398.3386581469649
BWA,BorgWarner Inc.,65.69,USD,0.6589028501378985,1575945,1.0136788383555497,13378844058.495556,USD,Producer manufacturing,Strong buy,66.27376765374049,65.82011471636213,64.22409542440593,-0.015220700152214788,-5.7667479558169505,44.53245324532452,66.09600000000006,65.9795,65.17800000000004,57.96159999999996,33.36380720199096,5.222959,110.21780909673289
W,Wayfair Inc.,97.45,USD,-2.6667998401917714,2008857,0.8850016434712031,13347547529.551537,USD,Retail trade,Strong buy,97.24039138282494,94.01342554801556,90.60534016096491,0.5675954592363232,-6.045121480910138,-8.07037403896042,98.78999999999999,101.11449999999995,96.43319999999999,88.19185000000002,nan,2.836855,-2.663498812054533
MAS,Masco Corporation,67.64,USD,-2.5079273565869054,3030649,1.5481041343458457,13337757843.77861,USD,Producer manufacturing,Buy,72.82098079474073,73.21890035286455,72.6979216788611,-5.820105820105811,-9.837376699546782,6.251963556393346,70.41400000000002,72.46399999999994,75.41240000000002,69.74367499999993,15.590641926933273,4.529916,15.220162532533058
CHKP,Check Point Software Technologies Ltd.,130.51,USD,-3.3688730934399604,1073139,1.1066016375789125,13325153204.099657,USD,Technology services,Buy,132.71920306274146,132.9142655173179,135.85176044624734,-3.8671184443134945,0.5315051609921413,-29.738896366083452,134.58599999999996,132.86549999999997,132.41680000000002,150.06447499999985,13.367680347430632,10.443949,27.25293918302442
MLI,"Mueller Industries, Inc.",60.16,USD,-5.572123685449701,1233538,1.0128126085086282,13306272621.737246,USD,Producer manufacturing,Strong buy,63.12618340929574,63.33908084498434,63.01802651453016,-3.3108325297332084,-12.659698025551684,4.535186794092093,62.83000000000002,63.3615,62.861799999999995,61.96414999999998,15.680550487410729,4.165,21.80455901962029
FIVE,"Five Below, Inc.",241.28,USD,-2.3632243444480427,1085692,0.7715633906854265,13283437347.851086,USD,Retail trade,Strong buy,236.22454399018739,229.29612051225735,222.26006367331078,-6.114904959240453,3.1728384503549076,26.706052251542594,246.92600000000002,246.4964999999999,222.09140000000014,209.8323750000002,21.647810366329615,10.247331,125.47996196718655
TRMB,Trimble Inc.,56.84,USD,-0.9756097560975526,1805825,0.36479582746256806,13253942463.078049,USD,Technology services,Strong buy,57.84236073477883,57.61454924490598,58.62756349612724,-5.408553835912797,-2.5042881646655126,-27.92290134415419,58.517999999999994,58.99549999999997,56.46760000000002,64.54422499999987,nan,3.669212,-141.84954316454613
DTM,"DT Midstream, Inc.",129.51,USD,-0.45349730976172437,923579,1.1915444862850575,13212001725.984165,USD,Industrial services,Buy,133.02042203015205,135.22654847533337,136.02812246494287,0.4031320257384152,-4.79306035433361,8.48550846037862,129.76999999999998,130.83300000000003,136.9644,134.01509999999996,28.405053296486376,4.722635,22.56781096266029
ONTO,Onto Innovation Inc.,268.92,USD,-3.4051724137930903,736335,0.8589281883612422,13197045798.29095,USD,Electronic technology,Strong buy,282.74923148315787,283.8087392878849,276.6235300861289,7.667053689394244,-10.731950207468874,65.38745387453876,269.7800000000001,289.2315,289.4586,243.27935000000016,100.6437125748503,8.105455,-33.86629705714922
GL,Globe Life Inc.,170.8,USD,0.5770816158285351,311234,0.8441342873106195,13125885178.944765,USD,Finance,Strong buy,174.36481293457064,172.87769143820307,168.6418019675412,-2.550350887202601,-6.153846153846148,22.323282962114174,172.41800000000006,174.10399999999998,177.98639999999992,154.5742000000002,11.34047313941213,15.732901,20.325157785411843
CSL,Carlisle Companies Incorporated,329.74,USD,-2.307942997659457,429443,0.5433507186466532,13095338569.563478,USD,Producer manufacturing,Buy,352.734532926331,354.04232308805376,354.08120457878755,-4.420417983129946,-14.495384296234826,2.9118941356387076,341.18599999999986,354.59149999999966,354.3016000000002,351.94710000000106,18.793851274714875,21.053707,-2.518557205084889
CRL,"Charles River Laboratories International, Inc.",273.0,USD,-1.9220405963714826,764669,1.0024574115308906,13032712486.366085,USD,Commercial services,Strong buy,268.3423714464182,253.01184042434673,235.29985413716088,-7.209136331192,-0.6767081423270078,36.411332633788035,282.792,287.96599999999984,257.9056000000004,201.8799500000002,nan,11.319686,-266.286706424096
SJM,The J.M. Smucker Company,121.07,USD,-1.816559889708871,1365928,0.9630951533171775,12933082285.95807,USD,Consumer non-durables,Buy,122.17405114516484,119.25251547808443,115.668514930767,-6.639420111042576,3.5317256712844154,23.591261739485507,124.7260000000002,125.6305000000001,119.98119999999993,107.08980000000025,56.768415623388194,10.790427,nan
TTMI,"TTM Technologies, Inc.",122.34,USD,-1.5372233400402386,1317254,0.769310556164435,12888380672.598953,USD,Electronic technology,Strong buy,128.68874311850246,133.93311962616724,134.5876332278753,6.188698897665142,-7.598187311178249,75.0966079862602,123.38599999999981,121.9075,130.33809999999994,121.10355,55.217548293915875,4.83958,148.6365166647963
LII,"Lennox International, Inc.",372.62,USD,-0.8409175581457151,463116,0.9552527702095192,12877999263.37916,USD,Producer manufacturing,Buy,420.73107251514585,444.3561492398739,464.9483137939513,-1.1880137894457752,-12.40096856854033,-23.671596542259003,382.0379999999999,395.3129999999998,461.47819999999973,497.0501500000006,16.84447498327396,23.609046,-5.415644053737405
ALLE,Allegion plc,151.27,USD,-0.30317010479139234,812466,0.5005160613546866,12863514701.187704,USD,Consumer durables,Buy,154.91369455008083,152.37383117878338,150.4667493217289,-3.5452400688643766,-8.868004096632326,-4.999057966463593,154.3460000000001,158.71449999999982,153.49819999999988,150.98084999999992,19.845195145949493,8.950091,5.885703172751004
CNA,CNA Financial Corporation,47.48,USD,0.18991348385734608,347467,0.8705018650551375,12848133042.379404,USD,Finance,Buy,49.279120347535624,49.180462049294654,48.731872474755335,-2.86415711947628,-6.792304672163332,-0.29399412011759884,48.05399999999995,49.16650000000004,50.9548000000001,47.589749999999995,10.447564142058706,4.2,41.211198458813655
ALLY,Ally Financial Inc.,42.17,USD,0.8128137700215239,3787761,1.2896071938201719,12828100920.545544,USD,Finance,Strong buy,43.30263615434855,43.467503650078584,43.344503926009686,-2.293790546802583,-3.6994747659282883,-7.237131544214692,42.71999999999996,42.895499999999984,43.959999999999944,42.88305000000003,9.932168260398512,5.229265,175.80875665843834
WSO,"Watsco, Inc.",310.9,USD,0.37126715092816054,373476,0.7840703613484525,12826699905.949636,USD,Producer manufacturing,Buy,325.4782596602827,338.6804588551461,352.4942212789988,-0.0032163648644455783,-5.112162368380894,-8.2268205567199,313.43599999999935,312.4195,340.3241999999997,374.5258999999998,27.03901480231688,12.077537,-11.972806822792649
SEIC,SEI Investments Company,106.77,USD,-0.3732387795091963,543998,0.7973116428593517,12814447661.700195,USD,Finance,Strong buy,105.76557691151692,102.44382895019385,98.38250173716561,-2.93636363636364,1.9089433998281953,30.541631006235466,108.87799999999996,108.95575000000011,103.36390000000014,89.10597500000007,18.846975340241126,6.343957,6.380861172140525
AVY,Avery Dennison Corporation,168.77,USD,-0.60074209317391,871305,0.5990220452322642,12790763770.928207,USD,Process industries,Strong buy,172.8153248013447,171.24661020996618,170.44387063505417,-3.6315879632273087,-4.7465853933852555,-7.116125481563004,171.4699999999998,177.19149999999996,170.43739999999994,173.11869999999976,18.472062606030757,10.172575,2.413352463794099
ICLR,ICON plc,165.69,USD,3.8743652435584024,1142386,1.5910608692697117,12783681103.617079,USD,Commercial services,Buy,165.25340127509986,161.31313521972893,156.01222385617336,3.640457872021013,0.07852138197632004,-9.926610491981512,162.39399999999986,166.76874999999995,167.33919999999998,147.43837500000006,300.7623888182974,10.596872,-94.52907761976643
QXO,"QXO, Inc.",12.29,USD,-3.3044846577498164,17982213,1.373232266000141,12750761020.16129,USD,Distribution services,Strong buy,13.858663781089737,14.655298892404929,15.763417663101656,-8.14648729446937,-20.964630225080395,-36.155844155844164,13.011999999999997,13.559499999999995,14.254399999999984,19.060249999999993,nan,0.269692,-307.70985401459853
AA,Alcoa Corporation,48.3,USD,-4.790065050266114,3862440,1.1727973824638078,12746825055.884092,USD,Non-energy minerals,Strong buy,50.05728407898043,51.687521381187295,53.493079708941394,-7.683486238532117,-9.719626168224304,-10.753880266075388,50.35800000000002,50.541500000000006,48.55940000000001,57.87860000000001,9.907692307692306,6.568963,25.044887908479964
IESC,"IES Holdings, Inc.",319.52,USD,-1.5831947267911177,408757,1.4386069384892122,12732459676.889296,USD,Industrial services,Buy,333.2789407638491,332.71054389414104,323.0130159577877,5.195232764864678,-15.405999311641207,60.740517154643314,324.9279999999998,334.7350000000002,332.6870000000001,281.53055,28.394962986660975,11.57,82.836948574214
HAS,"Hasbro, Inc.",90.16,USD,1.3375295043272988,1490920,1.135325323187199,12716569058.593233,USD,Consumer durables,Strong buy,91.47041883202279,90.70741899888482,90.01897959762957,-4.095309009679831,-4.592592592592596,9.951219512195118,90.994,93.77449999999997,89.56060000000001,89.79697500000007,16.205625954884514,6.143535,nan
AUR,"Aurora Innovation, Inc.",6.33,USD,-2.615384615384614,19803407,0.6979579396203192,12686244927.913847,USD,Technology services,Strong buy,6.345159569114331,6.312988870602808,6.160216306107544,6.74536256323778,-10.212765957446805,63.98963730569949,6.399999999999997,6.159250000000003,6.327900000000007,5.391425000000005,nan,-0.491818,1.1927582534611276
BMRN,BioMarin Pharmaceutical Inc.,65.51,USD,1.7078093463747996,2202727,1.2013972405344835,12681017803.191122,USD,Health technology,Strong buy,64.19915807562825,62.64037616067767,61.01300515678578,-2.659732540861801,-5.741007194244597,10.230523304728262,65.50199999999998,66.22675000000001,62.99,58.02772499999999,176.62442706929093,5.03165,-89.01492714133396
RPM,RPM International Inc.,99.31,USD,-0.401163373783965,1551119,0.6943277683792834,12670378252.837029,USD,Process industries,Strong buy,106.32380278268916,106.80098302594851,106.89051458390037,-4.747746019566471,-14.165946413137425,-4.665450705577421,102.04799999999997,106.62499999999991,107.87740000000004,106.53500000000007,19.231588528050505,5.995178,-3.4911320014203726
SWKS,"Skyworks Solutions, Inc.",84.03,USD,9.785732950091449,11331796,1.529288321693668,12644227713.061144,USD,Electronic technology,Buy,71.58410088376492,69.7205043232321,68.27160307501808,18.10260014054813,21.782608695652176,30.949041608228143,76.2940000000002,69.89949999999992,65.52539999999999,64.13964999999996,43.52758352758352,5.040243,-23.08152043987568
COKE,"Coca-Cola Consolidated, Inc.",188.8,USD,-0.11638980002116117,379917,0.8472243438430687,12567339708.153633,USD,Consumer non-durables,,189.6519416441786,188.4916274592712,186.1411019155665,-3.624298111281263,1.7789757412398983,23.157208088714935,190.566,191.53600000000006,187.18720000000013,179.896875,25.83505521422023,nan,21.71313413943573
PEN,"Penumbra, Inc.",317.78,USD,-0.5601276715586634,141323,0.5080379517719299,12517171245.550896,USD,Health technology,Buy,321.45280668625577,321.7868033411057,321.7352474483993,-1.58258230357088,-2.4586390005832124,2.272142121524184,319.98399999999975,323.18600000000004,321.32820000000027,325.1001,78.03835858647872,4.708007,7.97030359273498
BAX,Baxter International Inc.,24.18,USD,-0.8610086100861043,5751349,1.2244702220248587,12500962282.661745,USD,Health technology,Buy,25.01813776183148,24.17573891641172,23.09099304822861,-6.856702619414488,-12.232304900181491,25.284974093264243,24.966,25.918500000000012,24.87699999999997,20.445900000000094,nan,2.053674,-626.1393596986817
MAIR,Madison Air Solutions Corporation,24.91,USD,-0.6382130035899487,1568277,0.7581885858238749,12497909861.670126,USD,Producer manufacturing,Strong buy,28.498880260703398,30.683381939123997,34.30047619047619,-4.192307692307692,-18.833496252851095,-22.15625,25.539999999999985,27.036,31.012200000000004,nan,nan,1.093807,nan
JEF,Jefferies Financial Group Inc.,53.93,USD,-2.3891402714932135,1250835,0.914543132026634,12433684030.912216,USD,Finance,Buy,54.22543848834315,54.02017040129455,53.6647115928129,0.728427344041839,-3.0733285406182618,-13.267931810871662,54.878,53.619499999999974,54.34400000000002,53.53195000000005,15.028563466629512,3.567705,36.0156161164386
CORT,Corcept Therapeutics Incorporated,114.92,USD,-0.6741573033707875,683005,0.8771467946426886,12422667375.110111,USD,Health technology,Strong buy,109.50537879519936,102.12409451706824,92.18623272194868,4.113063960862481,0.6921931131166269,221.3646532438479,113.80399999999986,116.30850000000014,105.72459999999997,67.40507500000012,274.4685932648674,2.06078,-62.739165257631036
CHYM,"Chime Financial, Inc.",32.67,USD,-5.441389290882766,10636861,1.5539691918842626,12368374794.323011,USD,Technology services,Strong buy,30.05727799575538,27.770592561377185,25.788001772291462,-3.1713100177830476,6.416938110749193,29.334916864608076,33.388,32.799499999999995,27.236800000000002,23.000774999999994,nan,0.442492,97.70790140520617
NXT,Nextpower Inc.,81.35,USD,-1.23831492048077,2507565,1.3354384161296116,12343197083.679737,USD,Electronic technology,Strong buy,91.71288710371192,97.64297463624595,102.49099738357643,-2.129451395572678,-22.361137621683536,-7.588322162899019,83.43400000000003,87.95099999999996,97.30439999999993,108.38950000000003,21.084415416115906,4.679787,5.139384690846653
MDGL,"Madrigal Pharmaceuticals, Inc.",533.12,USD,-2.4768594738960164,225764,1.1172149299155028,12317272052.80884,USD,Health technology,Strong buy,525.2377471505773,521.1693130557358,515.6693286670503,-2.8624528542536005,3.1239723775073944,-8.401773134943813,539.5260000000001,530.1959999999999,530.3344000000001,515.0854499999998,nan,-6.261658,-0.28488254432803495
AMKR,"Amkor Technology, Inc.",49.53,USD,-3.5443037974683547,3164229,0.7287980210373837,12305850417.106327,USD,Electronic technology,Strong buy,53.698009797819786,56.880317355555114,58.242074455685035,5.4615138933248115,-8.675209735410709,20.657734470158356,49.262,50.80099999999997,56.93680000000001,56.40209999999999,22.225712362575724,2.524304,81.84414524683802
GGG,Graco Inc.,75.97,USD,-0.5758408585263679,1575485,0.46217759798720404,12303632819.745975,USD,Producer manufacturing,Buy,78.45567935400952,78.60311375412563,79.19267402427714,-3.1982670744138697,-8.78857005642935,-7.466504263093783,77.0339999999998,79.31299999999997,78.43740000000001,82.26755000000031,23.8689204474048,3.28,12.853242562847916
DOCU,"DocuSign, Inc.",65.8,USD,2.0946470131885095,2744591,0.6718461607755705,12298180664.304111,USD,Technology services,Buy,61.47401886605905,58.426171360644865,56.17928259188314,-1.878914405010446,11.280230001691178,-4.095612884419184,65.942,63.4295,56.9035999999999,53.64410000000018,40.02433090024331,4.615788,24.01931200965601
GRAB,Grab Holdings Limited,3.01,USD,-0.986842105263166,85977287,1.669655505176855,12276336286.835526,USD,Transportation,Strong buy,3.424491395942191,3.496792593486252,3.6130394832799957,-15.330520393811542,-18.42818428184282,-40.33696729435084,3.228000000000003,3.474500000000005,3.582999999999998,4.011749999999999,21.732851985559563,0.150333,422.64150943396237
CCK,"Crown Holdings, Inc.",112.84,USD,0.9392611145898533,796343,1.068945762019319,12272535560.894175,USD,Process industries,Strong buy,115.51698711222164,113.87547502113668,111.43646082541044,-4.1046995835812,-5.604818470804753,9.71317452600876,113.72199999999995,116.88700000000014,116.54200000000006,106.48419999999993,16.236905721192585,8.406344,45.86822828117456
BF.A,Brown Forman Inc,26.98,USD,1.5813253012048258,118263,0.6683745786735932,12259217188.22214,USD,Consumer non-durables,Buy,27.706541485435967,27.69821307747174,27.675236680625744,-2.669552669552664,-4.966537513208876,1.7345399698340906,27.07399999999995,28.026999999999987,27.676200000000005,27.590549999999944,17.390743844269693,1.707816,-13.06248248809191
TOL,"Toll Brothers, Inc.",132.48,USD,-1.902998889300275,1131239,1.3905830093627392,12207635256.488707,USD,Consumer durables,Strong buy,143.84414217578677,145.16303269627673,145.22794311360508,-6.57263751763048,-12.119402985074633,-2.019081428888409,137.49199999999996,143.81549999999993,148.1906000000001,144.59399999999994,10.63788783966082,12.764107,-8.472483537158991
GDDY,GoDaddy Inc.,96.37,USD,2.95940170940172,1820355,0.9662882651835725,12205039139.345512,USD,Technology services,Buy,95.02233053202092,93.14325614820866,92.82938537677583,-6.455057270432917,6.427388183324138,-22.037052018445106,97.558,97.71500000000003,94.01480000000012,95.72225000000009,14.288891524820594,7.401865,20.188897799162422
HALO,"Halozyme Therapeutics, Inc.",107.0,USD,-0.3631623056150485,1464404,0.9933844871130694,12144286048.822048,USD,Health technology,Strong buy,99.93636824431627,93.67335561652978,87.16583512399872,-2.585579024034963,3.2669015103990784,58.02687933835476,108.72999999999995,106.69699999999997,92.51190000000003,74.77784999999993,31.968927397669557,8.414286,-23.547819730921223
AGNC,AGNC Investment Corp.,10.19,USD,-3.044719314938157,37520888,1.688493969856614,12080056191.225498,USD,Finance,Buy,10.667779354197078,10.69635430710215,10.692551398090936,-4.766355140186914,-5.385329619312907,-4.944029850746279,10.538,10.792999999999989,10.858200000000013,10.775050000000011,5.344872803566745,1.578033,487.157376039421
AR,Antero Resources Corporation,39.17,USD,0.1278118609407062,2611499,0.8420388652916573,12042385119.34816,USD,Energy minerals,Strong buy,37.66434447685158,37.1123184665881,36.78159522418874,-1.2355017650025086,6.151761517615185,14.532163742690054,39.29400000000002,38.29999999999996,36.256000000000014,36.34655000000001,11.245406522737714,4.255078,142.66406576564023
SF,Stifel Financial Corporation,79.69,USD,-1.1903285802851926,941410,0.8880687709226692,12033328848.338375,USD,Finance,Buy,80.49463369371419,79.51661628637036,78.57923049504222,-1.5565163681284806,-4.915881159766143,-4.654271171309016,80.97399999999993,81.5165,80.32939999999999,78.70399692510009,14.256834120509518,6.52386,62.1301775147929
MANH,"Manhattan Associates, Inc.",205.02,USD,-0.5240174672489005,623389,1.0985780617456173,11953686041.646288,USD,Technology services,Strong buy,198.52535862476634,187.26373022269044,176.78038669666404,-6.809090909090905,5.751276628668697,18.099078341013836,211.032,211.27300000000008,186.5156000000001,158.69054999999997,58.69117141875645,5.497456,-2.647567025249434
CSGP,"CoStar Group, Inc.",29.49,USD,-0.30425963488843766,7239148,0.8963326714714102,11949277231.97566,USD,Technology services,Buy,30.771663541695983,31.41036246407599,33.81960540270322,-7.380653266331663,-5.632000000000006,-56.057219490388924,30.399999999999988,31.753499999999995,30.324099999999973,43.1819,162.30049532195926,1.366381,-28.717143978030606
EHC,Encompass Health Corporation,121.04,USD,-0.3949967083607553,710766,0.9393214016540407,11941004948.262016,USD,Health services,Strong buy,118.78877263784838,116.0645483625264,113.29416049316187,-0.778752356750544,-3.476874003189792,14.469453376205799,121.48199999999983,121.36500000000015,116.45580000000005,107.35980000000005,19.709182094996173,6.113152,20.07625378824911
GLPI,"Gaming and Leisure Properties, Inc.",40.98,USD,-1.2530120481927787,3873096,0.745262375979571,11921903401.145058,USD,Finance,Strong buy,42.953503256864316,43.683827541164355,44.37800244548453,-3.5764705882353014,-4.28588111643116,-8.054745344402072,41.67600000000004,42.535000000000096,43.533799999999964,45.42252499999999,12.017595307917887,3.220628,30.98256126603672
TXRH,"Texas Roadhouse, Inc.",181.05,USD,0.992915713727897,1103310,1.4689373101103191,11884290691.496904,USD,Consumer services,Buy,193.6070215477596,192.2861328493783,188.93601788672942,-5.33828296559656,-12.864568293387231,9.237359720043443,184.3550000000006,197.09425,197.8874999999998,179.96812500000033,28.990264523153787,6.603149,-4.7523182040019565
AHR,"American Healthcare REIT, Inc.",54.06,USD,0.5393342012274487,2127402,0.9333093330538468,11868432402.454157,USD,Finance,Strong buy,54.73120937919431,54.11482098063865,53.03980436196843,-2.769784172661869,1.5211267605633845,15.43882126841769,54.582000000000015,55.35950000000001,55.40320000000003,50.77275000000003,80.18392168495996,0.597196,nan
WTRG,"Essential Utilities, Inc.",41.8,USD,-0.476190476190483,2142788,0.8707864072682869,11861945270.004763,USD,Utilities,Buy,40.67931055675066,40.165877308598255,39.74542520159914,0.40835935623347247,6.469689251146203,9.309623430962331,41.86199999999991,41.01399999999989,40.02399999999991,39.052299999999896,21.35049545408111,2.235296,-16.251015955854044
DKS,Dick's Sporting Goods Inc,133.14,USD,-0.1649670065987007,2203076,0.5802593008498543,11839730034.755398,USD,Retail trade,Buy,168.15054857090882,182.06846623419565,192.81190983690695,-4.063986165153491,-36.275307519264835,-33.08875263845613,135.55800000000008,156.45949999999974,189.2312000000001,206.29655000000005,14.297526873637525,11.686379,-34.9976964637228
FIG,FIGMA INC,22.14,USD,0.5906406179009496,16754401,0.9610055215426337,11800833041.923672,USD,Technology services,Buy,24.209931924645304,23.814201992253334,24.31127755167259,-16.009104704097112,-10.959179569676243,-41.73684210526316,23.24799999999999,26.090500000000002,24.389600000000044,25.734315000000002,nan,0.286469,-1737.8941742383752
FNF,"Fidelity National Financial, Inc.",43.95,USD,-1.1915467625899148,2628314,1.1309255700638328,11787073881.127474,USD,Finance,Strong buy,47.307143632220324,47.99536503867514,48.72168824561558,-6.049593843522869,-7.99665061754239,-19.224407278073873,45.227999999999994,47.05750000000007,49.057199999999945,50.828400000000066,15.297598329272537,5.13276,-27.175483511191096
DKNG,DraftKings Inc.,23.71,USD,0.21132713440406048,8227130,0.8248970055608931,11770925948.391802,USD,Consumer services,Strong buy,24.672058667983816,24.841116834430355,25.231365451011616,-2.7880278802788014,-2.8278688524590074,-31.454177507950277,23.887999999999966,24.740500000000033,24.67410000000008,26.67000000000001,nan,0.122862,42.920625191541525
AFG,"American Financial Group, Inc.",141.65,USD,0.8328587699316742,208542,0.8176568908712586,11745825959.704586,USD,Finance,Buy,142.56651883070305,141.37467980091427,139.53116856188205,-1.419723014823573,-1.130732183988277,3.7197041810060867,142.01400000000007,143.58750000000003,142.9680000000001,134.85059999999993,12.378746832124444,12.33845,25.54582757334387
FHN,First Horizon Corporation,24.76,USD,0.7323026851098587,4183031,1.06973757585606,11730722460.647684,USD,Finance,Buy,25.063955274588512,25.04991868324257,24.86114154371108,0.4055150040551558,-1.8239492466296483,2.9093931837074103,24.782,24.883999999999975,25.340800000000012,24.340475000000023,11.888414077879677,2.142998,34.32441148016769
PNW,Pinnacle West Capital Corporation,96.59,USD,-0.6071208067503636,729036,0.8715721201074671,11706440976.060404,USD,Utilities,Buy,99.48047374814381,100.56102098916419,100.78756523819752,-1.1158886158886192,-2.6604857401995368,8.895152198421645,97.46600000000024,98.42700000000012,102.28920000000011,98.63404999999987,18.523348355547032,4.716033,7.42686444169757
ELS,"Equity Lifestyle Properties, Inc.",60.3,USD,-1.2608482069756068,1918811,1.4519511938953626,11702096586.592434,USD,Finance,Strong buy,63.39571023230842,63.7599501555329,63.88584232177293,-4.874585896829158,-6.2208398133748055,-0.21512493794473367,61.64600000000003,63.89899999999998,64.59639999999999,63.84270000000003,29.30171534088148,2.065361,11.382333838493189
WTS,"Watts Water Technologies, Inc.",350.26,USD,-1.6924415504224168,164507,0.823447791877296,11692747595.84316,USD,Producer manufacturing,Buy,361.08856690894606,355.3619259452941,344.9944513597153,-1.2879407039990962,-9.141374837872895,27.11304663400471,357.23799999999983,368.46749999999986,361.34339999999946,317.4080000000002,30.572503425942898,12.858125,23.210195192773014
AIT,"Applied Industrial Technologies, Inc.",318.58,USD,-1.9301215945821264,223906,0.7558720298046635,11691521877.329166,USD,Distribution services,Strong buy,332.2647492012374,330.6943259627667,323.466292126995,-0.9020778897598712,-11.49818040392256,23.065631397998988,323.6239999999999,335.94750000000016,338.45779999999996,297.7393000000001,29.074150125484827,12.0325,8.195507282152557
ARWR,"Arrowhead Pharmaceuticals, Inc.",82.76,USD,0.15732784702893582,1020313,0.6812623069505964,11690219616.596395,USD,Health technology,Strong buy,84.14634174308938,82.44205862829843,79.0785717148417,-2.841042498239025,-6.948504609849329,24.826546003016606,84.66600000000001,86.244,84.20090000000003,71.80165,nan,-3.550911,-77.55877463785323
GWRE,"Guidewire Software, Inc.",140.09,USD,-1.5115298087739073,1330399,0.6638671518196556,11663385400.410292,USD,Technology services,Strong buy,162.61399799502416,158.44644058590262,155.7480042999012,-29.247474747474747,-19.948571428571427,-30.275731634481378,159.46400000000006,181.71400000000006,162.121,156.03529999999984,85.98698747851707,4.189335,103.98146988856894
PSKY,Paramount Skydance Corporation,10.38,USD,1.5655577299412928,13039953,1.1829852755541888,11645798619.739727,USD,Consumer services,Buy,10.149189148083002,10.056202201495575,10.203390487324572,-6.822262118491918,12.459371614301194,-22.537313432835816,10.659999999999998,10.561500000000002,9.605599999999978,10.931400000000002,nan,0.501599,-2130.4347826086955
NVMI,Nova Ltd.,366.03,USD,-2.0917480272836833,565501,1.027798679040214,11633521554.270588,USD,Electronic technology,Strong buy,392.0433954539554,412.49447957778864,427.15934266426706,6.717397008659134,-7.92624641545506,8.937499999999991,368.3579999999999,374.1187500000001,408.9009000000002,439.1675250000003,45.63965087281795,10.673463,9.600273317389815
MOG.A,Moog Inc.,366.72,USD,-0.21496013713911558,112956,0.6052477740442602,11622826588.733913,USD,Electronic technology,Strong buy,385.263995103391,383.6493237973796,371.9173958484903,-1.220202020202013,-10.767209285349296,50.50480177296234,369.1279999999998,388.9420000000001,399.37420000000003,331.3111200000005,31.191895822878482,11.475914,78.61114487117162
DVA,DaVita Inc.,181.33,USD,-0.9179826239003215,565276,0.985650873671089,11568853514.498116,USD,Health services,Buy,190.79421198470092,193.7849892876618,190.38238926767497,0.92391606834754,-1.0099355824871679,59.509148486981005,182.01,178.78349999999998,205.98780000000014,165.06674999999993,15.292688892074924,14.845336,16.519919026748696
HRL,Hormel Foods Corporation,20.84,USD,-0.6199332379589844,4185077,0.6108017833624451,11469310923.43157,USD,Consumer non-durables,Buy,22.804993868218222,23.20248964951869,23.38395105021155,-5.229649840836738,-15.284552845528461,-12.43697478991597,21.24800000000001,22.81349999999999,24.145400000000024,23.418150000000047,33.488671058974774,1.486,-54.62632154575282
BTSG,"BrightSpring Health Services, Inc.",57.88,USD,-6.630101629295046,3316753,1.537828720879112,11452381785.806744,USD,Health services,Strong buy,61.008386305084166,61.10560055701569,59.107141480879164,-4.677206851119889,-5.471174260983169,54.26439232409381,60.91800000000002,60.00250000000001,64.59690000000002,50.548075,43.22951676749571,1.818109,352.94316644113667
ELAN,Elanco Animal Health Incorporated,22.86,USD,-2.929936305732489,5633883,1.1891721537209798,11421355274.048407,USD,Health technology,Strong buy,23.921043660394233,23.976524404118447,23.852227846568685,-8.340016038492388,-0.6086956521739155,0.1314060446780602,23.860000000000014,24.02299999999999,24.565200000000008,23.768100000000008,nan,1.133848,-146.3504067835453
CR,Crane Company,197.53,USD,-1.9799523620484365,314355,0.8373323630536533,11417304168.631302,USD,Electronic technology,Strong buy,207.71701318265582,207.3070496116383,204.28560246030221,-1.559852486793579,-10.266660609639757,7.405796313414172,201.86400000000003,207.3170000000001,214.27759999999986,195.68380000000036,34.468137083827735,7.014646,8.120141876084833
AMH,American Homes 4 Rent,31.56,USD,-2.109181141439216,2874629,1.401220188909834,11355762200.746895,USD,Finance,Strong buy,33.0503468282697,33.03388781301414,32.776198499414555,-4.4504995458674,-7.176470588235297,-0.8793969849246267,32.25600000000001,33.509,33.67399999999999,31.705274999999983,24.962429803053073,1.088682,13.757423070001803
BJ,"BJ's Wholesale Club Holdings, Inc.",89.65,USD,1.2879900576206085,1630317,1.0906217408959153,11324112883.360638,USD,Retail trade,Buy,92.41579843239721,92.44339422308639,92.62294584482908,-3.6021505376344023,-5.948384389425081,-0.42208152837942403,90.87800000000004,92.5060000000001,92.70539999999995,93.36245,19.587065763600613,4.70759,5.100002296263983
JKHY,"Jack Henry & Associates, Inc.",161.42,USD,1.8551236749116593,796435,1.0078980604762882,11317577179.448763,USD,Technology services,Strong buy,159.56337589152758,156.32343827489441,154.76716244062712,-4.053732762719936,4.590663167784352,-11.268689533861039,162.74800000000005,163.9585000000006,156.55649999999972,159.85172499999982,23.148294207907302,7.345694,11.760557736998164
TECH,Bio-Techne Corp,72.08,USD,-0.23529411764706118,3817806,1.7085412563195856,11303458544.658823,USD,Health technology,Buy,71.24246269734338,69.16051561452232,66.40794732034529,-0.38695411829740345,-0.16620498614959078,22.56418976364563,72.30400000000002,72.32449999999999,71.92799999999995,61.212675,62.22375690607734,2.055385,155.43550165380375
UDR,"UDR, Inc.",35.14,USD,-0.7344632768361525,4873891,1.431475393947226,11289225218.892654,USD,Finance,Buy,37.18974543564259,37.54638514225536,37.605437204530105,-4.56273764258555,-6.343283582089558,-3.9103089964451727,35.879999999999995,37.083999999999975,38.43299999999993,37.1207,22.392149365959348,1.087159,309.3114241001565
KNX,Knight-Swift Transportation Holdings Inc.,69.03,USD,0.348887919755771,2462363,0.8217901684932116,11235046601.727867,USD,Transportation,Strong buy,70.85920474114755,70.99336593423432,69.71423930666249,3.7577032917480837,0.7737226277372279,31.76178660049628,70.034,69.80650000000003,71.73220000000002,63.75009999999987,262.5713198934956,2.315632,-74.09852216748767
LULU,lululemon athletica inc.,96.88,USD,-2.847974328118736,7864023,0.706968976648678,11221229101.615723,USD,Consumer non-durables,Buy,112.03797088576263,116.64851025647042,124.5060613550717,-20.033016921172106,-22.80478087649403,-53.694675461236976,104.43400000000004,115.19199999999998,117.47669999999944,151.795475,7.9407232549752464,9.699081,-16.471659489398405
ERIE,Erie Indemnity Company,240.4,USD,-1.4067177951851728,164823,0.42676643183979024,11195516513.105032,USD,Finance,Buy,248.6975676438203,246.4152636226314,246.63191449088018,-8.01958983777166,-4.020441569848682,-15.649122807017541,247.75000000000006,256.17900000000003,246.72689999999994,253.5798250000002,21.94992786837348,12.68,-7.666756592702501
HUT,Hut 8 Corp.,90.6,USD,-5.546288573811517,3472466,0.7901808087926206,11167307594.361969,USD,Technology services,Strong buy,91.31683180122772,92.72525305683641,90.42587045074228,12.03165574378631,0.4211926402128081,89.34169278996863,93.52900000000008,85.49775000000002,94.39069999999998,76.00132500000001,nan,-4.696667,-479.26734216679654
HUBS,"HubSpot, Inc.",223.55,USD,-2.884573613102214,1359025,1.0773601720827264,11147589014.855772,USD,Technology services,Buy,231.13833737236854,227.31125838865694,231.71082505864527,-11.440795468050547,3.5385114167940412,-43.97243107769424,239.37599999999992,240.89449999999943,226.60200000000063,258.62320000000057,79.12994230292733,13.290069,nan
HII,"Huntington Ingalls Industries, Inc.",281.67,USD,0.29197080291970556,410012,1.123628391340093,11099093426.255474,USD,Electronic technology,Buy,296.2455035731432,301.99487781981634,311.38639391441814,-3.2494074811939613,-14.333941605839415,-17.17293498397388,285.3699999999996,298.6824999999999,297.527,347.5739999999998,16.793160395638203,18.659297,25.6208807669263
UHAL,U-Haul Holding Company,63.34,USD,-0.3931435760339676,132151,0.8715147094610234,11060115794.312628,USD,Finance,Strong buy,68.02084511209694,66.94653809882347,64.51380476028856,-5.462686567164174,-13.893420337139748,25.301681503461936,65.13399999999996,69.16800000000003,70.15559999999996,57.211249999999964,434.7288949897049,1.1125,-89.74954270437597
AXSM,"Axsome Therapeutics, Inc.",211.115,USD,0.23026159616389577,526374,1.025393575584142,11058376525.035465,USD,Health technology,Strong buy,213.26173732003156,215.66899123175125,212.85846582410994,0.8575386967322836,-5.044303512796295,15.155730104183709,208.91900000000018,208.62475000000012,221.79730000000015,195.69032499999997,nan,-2.674691,25.865672819056634
AEIS,"Advanced Energy Industries, Inc.",273.74,USD,-4.125805547772476,318100,0.6609106563480667,10963407500.44004,USD,Electronic technology,Strong buy,292.00860985458,300.11123032185634,303.7495485367894,2.9446053175886515,-14.239167893731004,26.93716670530953,280.6360000000002,290.19599999999997,299.0878999999998,300.4268249999999,51.04327882302486,11.244505,143.32577132486387
CART,Maplebear Inc.,47.24,USD,1.28644939965695,3083637,0.9563148368004241,10936062739.798456,USD,Transportation,Buy,48.29225234863575,47.161466143852564,45.69320787202057,-8.271844660194171,-3.05766468294684,4.8612652608213205,48.93400000000006,50.00850000000004,47.85179999999994,42.44409999999998,26.008919231404505,2.34069,4.849044622755878
FROG,JFrog Ltd.,88.65,USD,1.5231333027943341,1026456,0.4433704422728752,10930661563.785501,USD,Technology services,Strong buy,89.47081041032047,86.49359538070829,81.09778291556972,-4.435940279200124,0.8991577509674553,40.75897110193714,88.18200000000006,92.51499999999997,89.03049999999998,66.10642499999999,nan,0.980067,51.508817766165905
EVR,Evercore Inc.,283.62,USD,-1.4934704084467947,378484,0.8751184407851567,10907408815.092388,USD,Finance,Strong buy,303.0475299706419,311.4909085890467,317.87072349962233,-3.194757321318866,-5.7239728759473385,-16.836734693877556,292.4079999999993,293.78500000000014,315.29659999999996,329.80755000000005,16.038045260741228,19.546178,60.841488703750876
SANM,Sanmina Corporation,203.31,USD,-1.3776376424933319,309722,0.5297348811370994,10896877899.625175,USD,Electronic technology,Buy,201.89502260157423,204.05221506309996,201.6703916421297,9.412334517274788,1.0336430949659656,32.10526315789473,201.8059999999999,198.00449999999975,201.83500000000004,184.1814749999999,36.38527480000716,12.098333,19.620226066107215
DECK,Deckers Outdoor Corporation,79.88,USD,-0.4362457933441462,2808707,0.9483905561646581,10878206972.02094,USD,Consumer non-durables,Buy,90.40522623673245,94.1266526573859,97.37251855737354,-4.90476190476191,-15.915789473684216,-23.420573291151385,82.60400000000024,87.54699999999987,95.93939999999999,102.52369999999982,11.33564170971221,7.52012,8.21585429527934
SCI,Service Corporation International,79.73,USD,0.050194503701852494,815105,1.149520359190825,10866529238.985443,USD,Consumer services,Strong buy,81.78778491116071,81.2640487844147,80.72385797548684,-2.1597742054239673,-3.76584188292093,2.73160675170726,81.08000000000008,82.62799999999997,81.73600000000012,79.84075000000001,20.799853907962017,4.190335,4.0555947662739555
ARW,"Arrow Electronics, Inc.",213.44,USD,-0.600754435803098,903581,1.7673727830604047,10865253100.653658,USD,Distribution services,Buy,211.13646634798678,208.62419772974462,201.2318460063207,3.2108317214700124,4.47892701551716,91.95970860688911,214.48400000000007,209.77200000000016,209.46019999999987,171.09545000000006,13.639297330802805,21.806,76.91568498880774
FRO,Frontline Plc,48.4,USD,2.520652404151658,4096365,1.5257233932670196,10774947874.052107,USD,Transportation,Buy,43.50454507780225,41.72674858607947,39.60678620070263,6.117079587809688,26.370757180156662,128.1942479962282,46.75400000000001,44.15149999999997,40.5556,33.932449999999974,7.2483301883966815,9.816667,524.5230078563412
IT,"Gartner, Inc.",170.62,USD,0.5480582238199109,1012083,1.022099575843264,10774478332.940657,USD,Technology services,Buy,175.5014361337002,169.97822145686786,168.72416948448975,-9.820295983086673,-10.674833778336206,-31.85830105036143,178.95599999999993,188.20700000000005,166.21820000000002,176.7703,15.308969861194607,14.465515,-31.447674347082632
NYT,New York Times Company (The),66.57,USD,-0.04504504504504675,2483845,1.2585741917007154,10736647500.789188,USD,Consumer services,Strong buy,68.1864226726405,69.64637807213343,70.97515295763482,-2.54721124286343,2.969837587006941,-3.647416413373875,67.09400000000001,66.75800000000001,70.08320000000002,73.568765,27.78032800567541,2.836065,23.367998352553553
CLX,Clorox Company (The),88.77,USD,-0.9484490069181081,2700522,0.7598371449151398,10735045854.572416,USD,Consumer non-durables,Buy,97.25207881950439,97.92625215888634,99.08321297380114,-5.76433121019109,-16.80412371134021,-12.195845697329375,91.46799999999998,100.55550000000008,99.45419999999987,103.02625000000073,18.448781096078307,5.80566,-26.25068971859481
GNRC,Generac Holdings Inc.,181.67,USD,-2.5793650793650804,656542,0.5886824014589424,10719685012.228174,USD,Producer manufacturing,Strong buy,200.73565554311023,210.10466630394293,215.15568168093392,0.40899795501021424,-13.192851681957192,31.66400927670677,185.74599999999992,198.08249999999992,210.60260000000014,209.14595,41.87778059519144,9.722809,-27.948113207547177
ALGN,"Align Technology, Inc.",150.72,USD,-1.438660737640589,836057,0.9562531432105338,10707125811.55323,USD,Health technology,Buy,163.29076608756176,166.61315516374384,168.62033735603657,-5.5934857500783,-13.711570389878052,-4.4382449911235105,155.12400000000008,161.27200000000013,170.12290000000013,170.83805000000007,26.14623991673172,11.291493,-2.7613778212610978
PINS,"Pinterest, Inc.",18.78,USD,2.735229759299781,14358428,1.0457574815169806,10635358859.146608,USD,Technology services,Buy,21.63436363070297,21.74005462279018,21.77623811714418,-12.242990654205597,-22.171570658930783,-28.265851795263554,19.689999999999998,22.133499999999994,22.76600000000001,21.83215000000002,54.73622850480909,2.014523,-87.73503967970258
GSAT,"Globalstar, Inc.",81.97,USD,0.3550440744368169,391740,0.6785941768117715,10620310708.792727,USD,Communications,Buy,81.8687762277403,81.17699883191995,79.06986932951358,0.4780583476342248,-2.172096908939023,32.20967741935484,82.038,82.10400000000001,81.37679999999997,72.5251,nan,-0.620333,-29.915406306075372
TEM,"Tempus AI, Inc.",58.74,USD,-4.144908616187988,5482580,0.8936171953660239,10598737882.151438,USD,Technology services,Buy,58.932472969031245,57.00688177812012,55.9265732668885,-6.761904761904758,8.316430020283985,-2.441454907822619,62.718,62.346999999999994,55.928200000000004,56.324600000000046,nan,-0.215446,-21.60770075149878
UMBF,UMB Financial Corporation,139.37,USD,-1.3100127460699578,425051,0.7981515900464226,10585155418.979395,USD,Finance,Strong buy,143.25741888838982,141.7059062994542,138.30346563591357,-2.326722265050104,-5.190476190476187,21.064975677553857,142.06800000000004,144.68874999999994,144.8034,128.40330000000012,11.607105677379593,13.242003,37.85490407687627
EGP,"EastGroup Properties, Inc.",196.7,USD,-0.6113890152089374,321287,0.8877290871659242,10577211341.123741,USD,Finance,Strong buy,201.7192320655623,202.59619610311475,201.49092737217583,-1.1408755088706892,-2.4644220756681703,10.848126232741619,198.3879999999996,200.6599999999997,206.5534,195.1123699999999,34.52633796141897,5.946671,22.85911453278988
AM,Antero Midstream Corporation,22.27,USD,-2.4956217162872165,1409373,0.7122518252118527,10570990300.789404,USD,Industrial services,Buy,22.27392830679459,22.193065095143453,21.97376545124599,-1.50375939849624,2.249770431588606,25.11235955056179,22.613999999999983,22.411499999999997,22.30140000000001,21.027949999999986,26.728276524243878,1.091032,-11.39940450871969
COO,"The Cooper Companies, Inc.",54.17,USD,-14.66603654694391,18653128,4.356011049662086,10564808847.022528,USD,Health technology,Buy,68.05146697436955,69.01188481887769,69.69256017739748,-22.370306678131268,-29.022536687631018,-34.011450846631746,65.11400000000017,71.55299999999987,72.06959999999987,73.23237500000016,18.485530985530986,4.557987,44.2693974005514
AES,The AES Corporation,14.8,USD,-0.134952766531711,9453436,1.324305534085244,10558891042.321188,USD,Utilities,Buy,14.754243513074373,14.728850466928298,14.683850783987712,-0.134952766531711,0.5434782608695656,1.9986216402481112,14.803999999999997,14.76100000000001,14.750799999999995,14.609099999999996,5.531056132745347,2.288875,88.92889924451038
ALSN,"Allison Transmission Holdings, Inc.",127.54,USD,-0.46823786483532087,709478,1.0655709144038417,10532003308.590761,USD,Producer manufacturing,Buy,125.59730898388622,123.59654878916302,121.20291156389662,-0.6388282954191393,2.6809435633201937,30.010193679918466,129.18400000000003,127.84150000000025,121.58920000000006,115.51145000000005,20.247658358469597,8.142492,-28.496832928462773
LFUS,"Littelfuse, Inc.",413.42,USD,-2.028532157922177,184847,1.1057122314035743,10500350047.382956,USD,Electronic technology,Buy,422.6600410467658,423.6081555038298,415.5949159099685,1.1771615966324862,-9.377466023673822,62.69972451790635,418.33199999999977,421.6717500000003,423.6654999999999,373.78135000000026,nan,16.59,-110.53256904637831
DPZ,Domino's Pizza Inc,317.3,USD,-1.2940956884215669,556528,0.6227941717903329,10497848232.935045,USD,Consumer services,Buy,334.6301557693482,334.54116323337183,339.0305110120705,-8.682763979624145,-7.86340670189906,-23.854091672666183,332.4560000000009,339.92424999999923,335.4095,363.51059999999956,17.989567978228823,18.947462,2.40302831497728
DAR,Darling Ingredients Inc.,66.37,USD,-1.6886387201896023,1477986,0.6047188401039095,10473379964.383352,USD,Consumer non-durables,Strong buy,63.99878505898741,62.63372203024725,60.52081144130316,-1.81952662721892,6.2259923175416265,83.0896551724138,66.38600000000004,65.79700000000005,62.7904,54.033974999999984,17.8346858709088,6.561491,470.41692213366036
BPOP,"Popular, Inc.",163.96,USD,-0.5398847437063915,524335,1.0080785091354503,10457123182.250774,USD,Finance,Strong buy,169.07209623430856,166.99909893197247,162.09290962956544,-4.122565931816843,-5.705083965953524,31.67362672663027,167.80800000000005,170.3764999999998,171.43259999999998,146.73812500000008,11.070150563770172,15.943626,43.684516880093135
MOH,Molina Healthcare Inc,200.28,USD,3.167980219440584,1006802,1.6001989913743915,10454616415.76696,USD,Health services,Buy,202.47735553364976,201.17326371418173,196.6639202851608,-1.5339233038348103,-0.27386346661355937,15.10344827586207,198.88400000000064,201.06950000000032,208.85539999999943,178.26459999999992,nan,5.233027,-100.92903989348588
RRX,Regal Rexnord Corporation,156.52,USD,-1.9359689242528684,1196843,1.0153673999706463,10422958833.703901,USD,Producer manufacturing,Strong buy,173.6483595545208,181.97357473099873,186.85332521432613,-2.8610438776143394,-10.149253731343272,10.341910468805088,161.0659999999999,164.35200000000006,188.1522000000001,188.01354999999984,32.24490636781278,10.623059,29.057215782197165
FRHC,Freedom Holding Corp.,162.73,USD,0.18469494551498059,44572,0.4489357266097053,10380165851.889551,USD,Finance,,160.6130649308906,157.08186077842535,153.12180642390254,-4.980731052201333,6.715194438979593,33.38524590163934,163.032,163.65649999999988,158.0633000000001,141.60889999999978,64.37613735263865,nan,87.5639979223863
CGNX,Cognex Corporation,61.69,USD,-0.2909326006141906,1148892,0.8754754225080363,10377728907.165184,USD,Electronic technology,Strong buy,62.74470110277922,62.7011241879229,61.253555053681794,2.8852568378919226,-5.615055079559366,69.3384573153994,61.76600000000002,61.572999999999944,63.486399999999975,53.929949999999984,59.73082881487219,1.680421,44.54863540937718
XP,XP Inc.,19.97,USD,4.884453781512604,9788788,1.1928311791595683,10324800641.530987,USD,Finance,Strong buy,18.018448614155645,17.664530365415523,17.593417771301425,-3.7126325940212133,23.2716049382716,19.15274463007158,19.772,17.81749999999999,17.058399999999992,18.05935000000001,10.413516191270793,2.067485617,20.428284350665656
GME,GameStop Corporation,20.39,USD,2.513826043237808,11174144,1.2383842160201874,10286775218.80191,USD,Retail trade,,19.715433288665633,20.239431348816556,20.88806720824169,7.315789473684213,8.74666666666667,0.6416584402764017,19.511999999999986,18.59,20.133800000000015,22.174499999999988,13.51942713168015,1.8,106.1790840738209
SSB,SouthState Bank Corporation,105.84,USD,0.4651162790697761,475549,0.7144750193887489,10263784432.52093,USD,Finance,Strong buy,106.05326950160475,104.60245512798234,102.73017764825423,-1.0008418295762727,-2.2534170668636846,12.583767684288903,106.57999999999996,107.1315,105.30799999999998,98.74268500000002,11.112861057737739,9.451907,41.60756501182035
MGM,MGM Resorts International,40.73,USD,0.172159370388589,2192560,1.0758097080374058,10247372380.938759,USD,Consumer services,Buy,42.902339809424454,43.214345330021004,42.68479422059694,-1.8790652854733827,-6.043829296424462,11.193011193011177,40.89600000000002,42.45950000000001,44.45979999999999,39.73384999999997,24.650487199661075,1.842162,-8.95917130420408
CYTK,"Cytokinetics, Incorporated",73.62,USD,-0.6611793280259005,1444870,0.7380701300203246,10234904429.541761,USD,Health technology,Strong buy,75.06626684221443,75.35254606577328,74.24481640811733,0.0951733514616008,-6.395422759059124,16.561114629512364,73.95,74.95200000000003,78.55529999999999,69.90595000000002,nan,-6.053118,-41.03370172218533
KRYS,"Krystal Biotech, Inc.",345.55,USD,-0.7296963428998143,175771,0.7798568518045262,10227877323.911058,USD,Health technology,Strong buy,345.6195492926439,339.9205308339445,327.5817763108714,-6.962655825098951,3.6753675367536753,40.673343103729046,354.922,349.4864999999998,348.21399999999977,292.483775,43.30526104719653,7.641,62.32479606159854
DCI,"Donaldson Company, Inc.",88.18,USD,-1.8149426567197364,533908,0.8674423652568136,10221036686.009798,USD,Producer manufacturing,Buy,91.43361008975536,91.08592307244439,90.5073568860095,-2.660337785627549,-8.810754912099272,-0.6422535211267528,90.12199999999999,92.26000000000012,92.3978,91.47974999999997,22.895570441917226,4.354286,26.25885129819041
VSAT,"ViaSat, Inc.",74.18,USD,2.5152017689331223,1803036,1.075675127779361,10218726338.862354,USD,Electronic technology,Strong buy,74.22468925876542,73.04108876407828,69.7135640835529,5.639418968954725,-12.88314738696418,111.45952109464085,74.26600000000002,73.99074999999996,75.58119999999998,57.81885000000002,nan,-1.42,94.73331169533701
UHS,"Universal Health Services, Inc.",172.72,USD,-1.7408123791102528,665224,1.0239498966081884,10177363373.183752,USD,Health services,Buy,168.9292784826149,167.3048835566436,168.89181376018055,2.2435328242467247,0.6937561942517331,-20.7051694059315,171.8500000000002,172.5109999999999,164.8686000000003,185.22125000000014,7.033604274242153,22.528523,29.3490513363463
BXP,"BXP, Inc.",63.72,USD,-0.886607559496045,1217795,1.0756224512598296,10173634751.473635,USD,Finance,Buy,67.16767102613981,66.70741745726436,65.76251141170464,-6.197556307964092,-7.0595099183197245,-5.697794879384334,65.93400000000001,67.83549999999988,68.49060000000001,63.50644999999993,34.23597678916828,2.12335,9299.999999999998
WTFC,Wintrust Financial Corporation,150.75,USD,0.13284623048820235,426349,1.1294605650839435,10170494470.327131,USD,Finance,Strong buy,155.06136981154924,155.25558141234083,153.88535497395333,-1.4705882352941178,-5.51551237856472,7.979371105221678,152.2640000000001,153.9090000000001,158.19219999999999,149.15877499999996,12.111838669505483,13.12518,17.676256748196543
CFR,"Cullen/Frost Bankers, Inc.",162.66,USD,0.481838398813937,493059,0.9800388192044747,10109121614.481466,USD,Finance,Buy,162.20827854011156,159.49361959840854,155.14525782696032,0.1539314081645219,-1.7219503353271672,28.60531309297912,162.69999999999996,163.81199999999995,162.75120000000007,143.9965999999999,15.38359688280245,10.99179,13.85622604126288
OC,Owens Corning Inc,127.49,USD,-0.9170746871842642,1095990,1.0060027520300834,10077916473.193598,USD,Process industries,Strong buy,140.0050053531462,138.8589079466706,135.7402803410024,-6.401879450847965,-17.91256197282854,13.55660461387726,131.95799999999997,142.668,144.02080000000007,125.26379999999997,nan,10.043267,-314.5313117996045
ENSG,"The Ensign Group, Inc.",172.79,USD,0.5996739636702383,379264,1.1214792985668363,10070621199.614813,USD,Health services,Strong buy,174.18729563143978,174.43586000083755,175.63655873056348,-0.8264937152040394,-5.918545137754549,-0.46085604009448206,171.59399999999982,176.55200000000013,175.0181999999997,182.23580000000004,27.074584769664682,7.794301,15.21519352975158
AVTR,"Avantor, Inc.",14.88,USD,0,7537929,0.9752537824949328,10064219404.0,USD,Health technology,Buy,13.787872333491999,12.884186885216964,11.996500047062538,0.6765899864682099,9.010989010989015,29.16666666666668,15.034000000000002,14.397000000000006,12.907599999999995,10.426100000000003,nan,0.812773,-184.09136047666337
GKOS,Glaukos Corporation,170.38,USD,-5.2338839757494835,1009474,1.5143460796703068,10049682693.058235,USD,Health technology,Strong buy,171.5305001714665,164.21854207573804,154.03910851152492,-5.763274336283194,-5.590956945752759,48.8424914824845,178.60599999999985,182.06449999999987,168.84359999999998,130.59929999999983,nan,-0.306772,-96.75336431114599
FRT,Federal Realty Investment Trust,114.84,USD,-0.2778742618964859,574205,0.7832335999105196,10038800662.064953,USD,Finance,Strong buy,118.04460247093911,118.4587010963608,117.38454724629393,-3.096785081427729,-1.2553740326741134,15.591343734272783,116.3,117.16850000000002,120.36279999999996,111.46325000000033,23.18594791035736,4.261305,25.62138581718576
SAIL,"SailPoint, Inc.",17.64,USD,0.341296928327658,5302146,1.1798679394291796,10005107783.856659,USD,Technology services,Strong buy,17.921922823211634,17.261335709789662,16.688166240265552,-6.319702602230472,-7.59559979046621,-14.348142753095404,18.244,18.873500000000007,17.192100000000003,16.003474999999995,nan,0.321466,70.23900654928978
ZIONP,Zions Bancorporation N.A. - Depositary Shares each representing a 1/40th ownership interest in a share of Series A Floating-Rate Non-Cumulative Perpetual Prefer,17.9029,USD,0.1280760626398206,5139,0.7470671182892614,9940883022.0,USD,Finance,,18.13834517890095,18.299435293876137,18.562515140515703,0.03352535914041106,-2.3566948459231085,-10.753240279162512,17.86855999999999,18.084599999999956,18.23534599999994,19.234256499999972,2.280624203821656,8.009561,43.201138312233205
QRVO,"Qorvo, Inc.",112.36,USD,6.765488407449643,2254749,1.8800930762180357,9912582584.673508,USD,Electronic technology,Buy,99.6281772504285,97.099321551135,94.63912304270576,12.585170340681366,15.47790339157246,31.56908665105386,104.978,98.53624999999977,93.03340000000001,88.23317500000029,26.071420284474556,7.648126,402.999533146592
BIO,"Bio-Rad Laboratories, Inc.",368.75,USD,-2.180544870944644,334372,1.5151125192123653,9910149647.186777,USD,Health technology,Buy,359.2107839889081,343.9066789398242,328.35593932454645,-5.448717948717949,5.547127686979419,21.61137128157772,379.97000000000025,376.9970000000001,340.9251999999999,303.04925,44.67530894111946,9.640487,-29.659204213289247
RYAN,"Ryan Specialty Holdings, Inc.",38.67,USD,-1.977186311787075,1554297,0.9769105983345412,9892358058.199999,USD,Finance,Buy,41.28709134530064,40.70626607290067,40.38889169950553,-9.565014031805418,-6.7068757539203885,-24.561061256340217,40.648,42.25349999999999,42.31980000000001,41.46710000000001,56.7591369440775,2.160802,2862.1739130434785
GMED,"Globus Medical, Inc.",73.56,USD,-1.2882447665056278,1492334,1.2199442400986527,9876305994.768116,USD,Health technology,Strong buy,79.88691798338496,80.69658769310861,81.50004087440878,-9.302755687072317,-14.315666860803718,-15.555045344966132,75.90600000000009,82.10049999999998,80.46259999999992,85.76205000000006,18.809450751764345,5.000451,50.93203658677782
FCFS,"FirstCash Holdings, Inc.",227.38,USD,0.004398117605660775,479118,1.2187145397535037,9861879550.985353,USD,Finance,Strong buy,219.58836942637254,217.3688008661841,213.27316065911953,2.110652056763063,8.674664245089138,42.889461446615975,225.94199999999995,220.3300000000002,214.7194999999999,197.67862500000012,25.926432692526962,11.29146,34.81622676894226
ORI,Old Republic International Corporation,40.84,USD,0.024491795248604255,1015635,0.9085195461387415,9860120991.331865,USD,Finance,Buy,41.641921456875636,41.49480981631283,41.28263855112438,-3.45153664302599,-3.2227488151658754,-4.6907817969661565,41.28800000000005,41.92849999999998,42.17499999999996,41.48335000000001,8.944371441086291,2.9835,29.326460091769093
ONB,Old National Bancorp,25.6,USD,0.74773711137348,3439649,1.0547562355257116,9793792128.957104,USD,Finance,Strong buy,25.996170295007257,25.810626500593585,25.376635791631745,-0.3503308680420391,-3.614457831325291,14.746750336172134,25.72799999999994,25.973999999999972,26.30229999999996,24.184225000000023,11.40108666607286,2.606325,33.31354271804312
RRC,Range Resources Corporation,41.88,USD,0.3354096789650229,2631461,1.2654451273413005,9786498677.06852,USD,Energy minerals,Buy,40.65248268960945,40.20272959550238,39.93150920772331,-1.2962526514258712,4.230960676953716,19.931271477663234,41.975999999999985,41.223499999999994,39.37099999999996,39.305649999999986,11.557248116565942,4.060346,82.40712775596496
SOLS,Solstice Advanced Materials Inc.,61.56,USD,-2.6873221625039454,1779964,0.4404550071430627,9781233347.973444,USD,Process industries,Strong buy,63.12830905590982,65.36434693661343,66.92506076554318,-1.219512195121948,1.0671482515186435,26.901669758812627,62.88999999999997,60.28399999999997,61.418800000000005,68.33237500000001,46.710676075574774,2.888952,nan
DDS,"Dillard's, Inc.",624.33,USD,0.10743033062887997,266360,1.366747038398326,9751691761.082273,USD,Retail trade,Neutral,610.565938927649,600.6880994131711,595.0436776458012,-2.714452668484606,0.24244565042869382,2.96698222119603,640.3699999999998,621.4114999999999,591.3338000000007,606.3408000000004,14.296574986432304,39.417239,20.41520869351818
SIRI,SiriusXM Holdings Inc.,28.875,USD,1.173791170287319,2598854,0.7007456714120626,9732806892.295898,USD,Consumer services,Buy,28.96485362745042,28.740811078688846,28.02431458741053,-3.4926470588235348,0.2604166666666642,43.72822299651568,28.994999999999997,28.656999999999965,29.675199999999947,25.15825,11.373483535528596,2.964968,nan
HSIC,"Henry Schein, Inc.",87.3,USD,-0.7616232806638646,1536152,1.7269037117111607,9729283149.606684,USD,Distribution services,Buy,87.67941511900862,86.18376650187872,84.02821706994072,-3.7273930304367107,-0.7954545454545486,15.399867812293444,88.95999999999992,89.38700000000003,87.66159999999999,79.34005000000003,25.440027975288494,5.384536,10.347932342915946
KYMR,"Kymera Therapeutics, Inc.",117.0,USD,1.3601316815385889,734297,1.1596983666395915,9728622507.970198,USD,Health technology,Strong buy,114.226212844479,110.0435400133331,103.85231789896866,-1.3740200623788212,7.546649508226852,51.26050420168068,116.71399999999998,119.74450000000002,114.38799999999993,89.86505,nan,-3.82472,6.7318757192174905
DRS,"Leonardo DRS, Inc.",36.31,USD,0.6932889628397115,694880,0.8888072551475943,9690831097.040213,USD,Electronic technology,Strong buy,40.4249533352518,41.68849753052669,42.34436465166965,-2.7323868202517976,-19.346956908040873,6.418522860492394,36.58599999999995,39.64849999999997,43.022299999999994,41.961549999999995,30.288621955288622,1.380307,28.84780739466897
MUSA,Murphy USA Inc.,525.78,USD,1.6078537471495256,275948,0.8889135139993215,9664019889.558767,USD,Retail trade,Buy,541.5780965506594,546.10391973951,539.1262469089271,3.0981607121847827,-4.689567660654402,30.553969160479717,518.9359999999999,541.1864999999999,570.0201999999999,494.9878,16.008354620769026,34.906,35.93962120459587
OGE,OGE Energy Corp,46.59,USD,-0.7033248081841396,1199570,0.7965247386014134,9624621626.081202,USD,Utilities,Buy,46.9501842660972,47.21998118697334,47.2829149256243,0.10743446497637359,0.9534127843987104,9.289232934553134,46.94200000000004,46.561000000000035,47.57320000000004,46.56040000000003,20.405571128241068,2.422901,-6.226384097256455
MTCH,"Match Group, Inc.",41.82,USD,0.9413468501086183,2707159,0.8510875156127032,9599822037.704563,USD,Technology services,Buy,40.21571384671076,39.22125409614001,38.0044703481321,-1.9920318725099635,14.231084403168536,28.875192604006156,41.738000000000035,40.7265,39.43459999999999,34.82175,14.766427739133505,2.782247,39.471092287993685
WMS,"Advanced Drainage Systems, Inc.",127.16,USD,-3.505843071786314,889163,1.299770703422726,9588543212.7212,USD,Producer manufacturing,Strong buy,138.4193752723979,140.4599018492424,142.0788860873187,-5.569582652606565,-10.933669538418444,-12.327633756205183,132.63999999999976,139.31400000000028,143.06479999999993,147.39245000000017,21.95100899376823,6.271556,4.580083766608902
PAYC,"Paycom Software, Inc.",216.04,USD,0.21337786436588715,600110,0.8489463677414244,9567392433.955654,USD,Technology services,Buy,207.45312304038333,191.89182721719516,177.42398008914958,-9.983333333333338,1.4415175846363306,35.50774634635889,224.594,227.7545,187.47480000000004,150.08769999999996,22.959774695786173,12.09022,27.296463648908244
VIRT,"Virtu Financial, Inc.",61.57,USD,-2.098902846239466,716123,0.7541758473911366,9555678133.981396,USD,Finance,Buy,62.24468379125058,60.58249892296307,57.68828390463876,-2.840460785860813,10.399856553702703,83.7910447761194,63.21999999999997,63.36399999999999,61.0576,48.08818500000003,10.219426370999868,7.166751,36.75943160666454
MOD,Modine Manufacturing Company,179.26,USD,-3.6081088347582986,1002948,0.8266505515025874,9520983602.547829,USD,Producer manufacturing,Strong buy,200.1751159530792,210.8706133402865,216.68148257649963,0.22363860002235114,-7.9915824051737525,31.586287895470896,187.77400000000006,190.96600000000007,208.67,211.1905000000002,67.55605803655548,7.512848,-23.959766162310856
HLI,"Houlihan Lokey, Inc.",135.97,USD,0.5174835514156787,1345883,1.7972052764444824,9503968852.744953,USD,Finance,Buy,134.29546604432042,135.97901014339018,139.98140563862916,0.6216236216976271,9.037690457097028,-21.932594591491068,136.12000000000003,131.597,133.61820000000006,153.1859000000002,22.838666330729822,6.935941,0.3742855697739075
APTV,Aptiv PLC,45.69,USD,2.6510896427769035,3853063,0.6447074715705888,9486766549.703888,USD,Producer manufacturing,Strong buy,49.880230493541326,52.42241433990978,55.08155632143024,0.4175824175824126,-7.938746725770712,-29.799117789431243,46.08199999999996,46.90400000000004,52.38000000000002,60.77969709139998,43.34092202618098,5.748275,-75.87201318319143
JAN,"Janus Living, Inc.",30.81,USD,-0.6129032258064557,1360463,0.9432888081511245,9486115153.433226,USD,Finance,Strong buy,30.338807261323495,29.69599356043041,28.346698312956764,-0.9961439588689018,4.724677090414674,33.95652173913043,30.97199999999998,30.748500000000007,30.30100000000001,nan,nan,0.141418,nan
AYI,Acuity Inc.,316.25,USD,-1.41832917705736,165978,0.9265463931913259,9467116338.902742,USD,Producer manufacturing,Strong buy,333.4740578498145,331.200753691799,326.4920202640964,-4.617565448184341,-10.870300434022882,-12.948333287456306,325.00599999999986,338.3034999999998,339.92400000000015,318.89189999999996,20.97844112769486,19.808928,18.78683770920667
PRAX,"Praxis Precision Medicines, Inc.",338.57,USD,-1.9490298291340917,218834,0.8009624696849132,9452870217.145613,USD,Health technology,Strong buy,343.88280356578446,337.8122590890869,327.66365549685594,-4.711378795980977,-7.872108843537418,16.54332036762934,348.66200000000003,361.9384999999998,339.57459999999975,310.37705,nan,-13.595501,-5.316222902154806
MSGS,Madison Square Garden Sports Corp.,392.11,USD,-0.8170182627611579,231961,0.9235160344561248,9442175193.337482,USD,Consumer services,Strong buy,392.93238664321757,387.7404321927515,374.8941505312833,1.3361244637411527,0.31980760374558664,51.84525423072454,391.2899999999997,397.09100000000007,394.8576000000002,331.3252,1261.209392087488,-0.692967,nan
GLXY,Galaxy Digital Inc.,24.13,USD,-4.055666003976142,4192541,0.813952142916523,9432153524.386084,USD,Finance,Strong buy,23.96917806047817,24.274103801340754,24.67368014640833,-1.9105691056910665,16.009615384615376,5.417212756662291,25.831999999999994,23.797000000000008,23.125300000000006,25.072000000000017,nan,-0.729058,71.4400987279286
PTGX,"Protagonist Therapeutics, Inc.",145.16,USD,0.04824591632779184,543127,1.0494658154133378,9393054046.658762,USD,Health technology,Strong buy,143.1554766617449,137.27093999988438,128.44536478033731,-1.0362694300518205,-4.4245456939689225,67.73746244511207,146.1419999999999,150.20499999999998,142.39840000000007,106.975325,139.96721627615466,4.670262,45.53746842548413
JXN,Jackson Financial Inc.,138.36,USD,0.2245563201738517,463727,0.7961858787477963,9370949297.26157,USD,Finance,Buy,131.57316979142573,126.8686719597931,121.91341834347571,0.19552465783185619,4.533091568449683,29.952099182868427,138.596,134.46249999999992,126.68400000000003,113.25459999999987,190.08105508998491,27.07525,nan
BSY,"Bentley Systems, Incorporated",31.0,USD,-3.155263980006242,2551807,1.1977913910118203,9364878968.35364,USD,Technology services,Strong buy,33.98788125762353,33.8919304591305,34.161694445054586,-13.165266106442584,-11.301859799713885,-18.975431259801354,33.03000000000001,35.53249999999999,34.23899999999999,35.33767499999998,34.167309599911825,1.397611,15.934065934065938
SPXC,"SPX Technologies, Inc.",186.95,USD,-2.999014164893894,354739,0.9514323960506084,9363551544.654179,USD,Producer manufacturing,Strong buy,204.07913330640295,208.54772139880188,210.97919946681182,-4.309771203357739,-13.264359283659648,-7.285260860940289,193.43200000000007,202.01000000000013,210.40360000000015,214.34735000000003,32.765480133901185,8.382632,27.513073794305647
FDS,FactSet Research Systems Inc.,262.93,USD,-5.817243973206293,1496400,1.5803010260128703,9351248967.56729,USD,Commercial services,Buy,279.8579625372026,271.7213675544407,264.01891853123,-15.323177997487997,-6.463891853432947,-8.878877144342402,289.204,295.61399999999924,275.48859999999996,249.82240000000024,17.328236728506937,17.842741,9.523534549339184
PODD,Insulet Corporation,134.68,USD,-2.349187935034789,1866923,0.9432380682536422,9340622810.34397,USD,Health technology,Buy,146.94575994154488,152.44447956938515,164.14300896643195,-9.085999729985136,-5.454545454545443,-52.82000980872976,142.58799999999985,145.12799999999987,153.25539999999998,207.31214999999997,26.6999722453511,6.503135,53.510453756961574
SNAP,Snap Inc.,5.52,USD,3.954802259887005,40517525,1.2779667598772009,9335411618.983051,USD,Technology services,Buy,5.279640198581911,5.226832113523382,5.303121881734936,-3.157894736842116,2.411873840445267,-32.928311057108154,5.485999999999997,5.411999999999995,5.061600000000002,5.799800000000005,nan,-0.048718,42.927278306228914
VOYA,"Voya Financial, Inc.",102.67,USD,0.5385820603211879,1631426,1.7320369062156349,9301527671.735117,USD,Finance,Strong buy,100.50073024419679,97.70069770645489,93.48862442767103,-0.4267287363010355,2.690538107621522,37.867597690345114,103.32199999999997,101.12849999999997,99.57360000000003,82.07730000000006,17.313075444335773,9.141921,18.72509960159362
RGEN,Repligen Corporation,164.68,USD,-0.2241744925780094,955952,1.0026833615535744,9293817967.452044,USD,Health technology,Strong buy,162.54697122892003,155.96474364338167,149.3444890740972,-6.1812795533527005,0.7771862187136713,0.7032348804500738,167.0940000000001,173.43050000000002,157.19059999999996,142.15349999999998,224.45141065830722,2.061561,nan
LTH,"Life Time Group Holdings, Inc.",41.48,USD,-0.6467065868263548,2276058,0.883163921639902,9269202093.84527,USD,Consumer services,Strong buy,42.69282947066734,41.38564937932537,39.10050674687497,-5.123513266239712,-2.4688455208088507,57.12121212121212,42.403999999999975,43.8545,43.264000000000024,32.67138000000001,22.680299633659576,1.596099,79.02310101801095
R,"Ryder System, Inc.",241.6,USD,-1.287027579162413,239810,1.0384990806331895,9264602972.188765,USD,Transportation,Strong buy,251.80854497386818,252.51761657617527,248.14680128232118,-0.9836065573770515,-7.5710623971842805,26.280577043696425,245.73000000000047,249.67600000000016,259.0808000000006,227.28414999999993,19.855847859496865,14.673182,3.8793508234229437
FLS,Flowserve Corporation,72.83,USD,-3.138715254688123,1551331,0.9075430808169889,9257623900.874851,USD,Producer manufacturing,Strong buy,76.39365181370606,76.1246272392979,75.66122487319916,-7.033443962215987,-8.745771206615718,4.176798741238738,75.76599999999996,78.7804999999999,75.38320000000004,76.14150000000006,25.539152084721394,4.116589,29.30534143466038
RMBS,"Rambus, Inc.",85.35,USD,-2.6240730176839833,1650050,0.844652917806039,9257197828.757557,USD,Electronic technology,Strong buy,93.56555946959435,99.4243824270083,103.98904698522279,2.2768124625524164,-13.726877590215317,-10.553343114651023,85.93800000000006,89.90350000000001,96.87899999999995,107.94502500000004,39.067148807616604,3.037143,3.388386730396084
IONS,"Ionis Pharmaceuticals, Inc.",55.65,USD,-0.6604784005712326,3057307,0.9705173915950142,9248157826.815422,USD,Health technology,Strong buy,59.03634636702346,61.43097351821423,64.38083955123595,-7.894736842105268,-2.0073956682514535,-30.33299949924887,56.92000000000005,59.46399999999996,59.78039999999997,73.15232500000008,nan,-3.649224,-87.54657881946319
SAIA,"Saia, Inc.",346.0,USD,-0.15870725725003934,313392,0.8458641746055052,9229428641.91026,USD,Transportation,Strong buy,369.9018992158639,382.5225554598132,389.568020411809,3.754348086841784,-3.0105959522341226,5.807161860493566,350.2279999999999,355.9100000000004,383.1140000000004,386.40807500000005,33.370304287023195,11.350047,-4.220629260812543
VIAV,Viavi Solutions Inc.,37.4,USD,-4.543134252169477,4479929,1.1069040950986033,9228443794.349155,USD,Technology services,Strong buy,38.57624241112907,39.69839468620883,39.56785703536903,9.228971962616813,0.04012304400160645,107.20221606648198,36.76399999999998,38.4105,39.26279999999999,35.14675000000002,nan,1.644338,-204.1015625
VMI,"Valmont Industries, Inc.",477.03,USD,-0.7841098169717219,138121,0.8161100807063921,9208995822.00075,USD,Producer manufacturing,Strong buy,489.96962380585967,495.2692410799568,492.8647361176612,2.5407880312117097,-3.942731721068855,18.40204522326193,479.5959999999997,481.0555000000003,500.1397999999997,469.6165499999991,18.571306216519247,23.099448,139.09672254749557
CTRE,"CareTrust REIT, Inc.",38.82,USD,-0.5635245901639315,1627381,0.9027010179273723,9172902147.30123,USD,Finance,Strong buy,39.65685576005425,39.84110680335641,39.71626409139952,-2.315047810770009,-3.791821561338293,7.5793265899958415,39.160000000000004,39.37250000000001,40.61479999999997,39.026249999999955,24.467414597251985,1.536156,32.349015682349005
AMG,"Affiliated Managers Group, Inc.",354.53,USD,-0.37094281298301246,219881,0.7760956017801973,9168122505.730137,USD,Finance,Strong buy,361.81444589180927,355.7414928855165,344.14671766344435,-1.4373088685015336,-2.550782001594247,22.78095238095237,361.4,363.4619999999998,363.18039999999945,316.15045000000015,12.373656289264273,36.951304,115.62311860325106
WLK,Westlake Corporation,71.62,USD,-0.2229033156868161,891885,1.3355422536497799,9152788535.838118,USD,Process industries,Buy,75.83043654207827,78.1613304066124,81.34688363830315,-7.215960616660181,-9.134737376300418,-3.9560144830360584,73.50800000000012,76.06749999999997,75.84300000000006,88.29426499999985,nan,3.065257,-1710.041525103813
TTEK,"Tetra Tech, Inc.",35.71,USD,0.5632216277105122,2218855,1.2146448333082522,9143346291.29738,USD,Industrial services,Strong buy,34.980155887735776,33.96927434227383,33.21120281237549,-1.5711135611907394,3.059163059163066,6.216537775133859,35.81199999999999,36.229999999999976,33.89560000000001,32.97232499999999,21.4796992481203,1.57707,106.08652535019216
MP,MP Materials Corp.,51.32,USD,-5.488029465930013,6854807,1.4492868927158375,9140173625.263353,USD,Non-energy minerals,Strong buy,53.528914304187495,53.87085212801461,54.746274515693045,-7.0289855072463805,-6.127675141759651,-0.3108003108003042,53.86,56.295000000000016,51.30720000000002,57.56154999999998,nan,0.013714,43.46421069639684
PBF,PBF Energy Inc.,77.08,USD,0.7450006535093362,3781933,1.3761633871830778,9136820322.944973,USD,Energy minerals,Buy,69.46162179533438,64.39645560684582,58.42251288881232,3.117056856187289,15.892347015486381,182.03439443834614,76.006,73.12950000000002,65.81059999999997,44.87564999999999,6.815509085282285,17.955458,nan
OSK,Oshkosh Corporation (Holding Company),147.77,USD,-2.808471454880283,454091,1.1175638446533318,9123282441.52026,USD,Consumer durables,Buy,151.34142978033725,149.63683845737773,147.78300673802363,-4.799639221749767,-5.366634646173548,17.045544554455454,153.40600000000003,153.39949999999996,150.2241999999999,146.13199999999998,16.916225931268173,10.702705,-12.33214909375564
WYNN,"Wynn Resorts, Limited",88.42,USD,-2.0059847057519695,2124003,1.1711951251883959,9104951888.161364,USD,Consumer services,Strong buy,95.58252247810262,97.4121738938646,99.59272505354137,-3.5663649252917398,-13.237170052006668,-26.36575616255829,90.79399999999994,96.02600000000018,97.47269999999999,106.69524999999994,21.177935857823766,4.64442,23.166558499026475
BAH,Booz Allen Hamilton Holding Corporation,75.68,USD,4.819944598337955,2369675,1.4856507208776597,9103166382.85208,USD,Commercial services,Buy,73.98261638957754,73.68416405220427,74.68131590354032,2.464121310587608,-2.5370251126851238,-10.161443494776815,73.33400000000016,75.156,70.99999999999997,78.76695000000001,11.884235486251788,6.409482,-21.793753914549225
SM,SM Energy Company,38.18,USD,0.5265929436545626,2799138,0.7796872814288315,9081268090.417063,USD,Energy minerals,Buy,34.93815093293871,33.50771708306473,31.879885834267842,1.2195121951219534,21.244839631629095,104.93827160493828,37.592,36.525999999999996,32.7836,27.05455000000001,7.526267026749985,7.186377,-28.25564292583584
PNR,Pentair plc.,56.73,USD,-1.373435326842848,2572915,0.5131894545637105,9056261242.775381,USD,Producer manufacturing,Buy,63.208129548413446,66.3506596711981,71.03137135957309,-5.842323651452288,-14.896489648964897,-45.56706966033391,58.61999999999988,62.035000000000004,65.9196,85.05419999999987,14.276367113773057,4.64608,8.53545285698678
EAT,"Brinker International, Inc.",214.69,USD,-0.2879568993544213,1175068,1.2652126284816367,8966530074.575684,USD,Consumer services,Strong buy,218.24176271867626,207.24398613003666,193.58410189649373,-6.972007972961264,-5.418740913696643,48.12336139092038,222.31800000000007,233.88950000000006,212.6976,165.11849999999995,19.705550303352943,13.243612,31.088544236021708
IDCC,"InterDigital, Inc.",346.44,USD,2.092296811457542,216216,1.1461109058535854,8940233102.4662,USD,Technology services,Strong buy,327.6828558353983,318.52345187129686,313.6525308185363,3.6376690199832553,-0.8102614023534755,8.775785738955694,340.114,339.35649999999976,307.8056,319.0548250000002,39.97276996388559,9.0725,-38.22946660204693
DY,"Dycom Industries, Inc.",295.93,USD,1.8726978553478597,847596,1.230205013849306,8925531804.392096,USD,Industrial services,Strong buy,353.03801917150724,374.55673126619456,386.24840744040574,-0.36026936026935796,-26.655596312084864,-13.04871598989245,297.0239999999998,343.93150000000037,388.0546,394.0656499999999,26.937501137832477,17.052867,23.491456834532357
OSCR,"Oscar Health, Inc.",32.58,USD,2.581863979848856,4114214,0.8910275807420881,8909619892.798487,USD,Health services,Buy,31.040241956912325,29.6634570730694,27.41856348395329,6.2969004893964104,18.558951965065493,125.46712802768167,32.36800000000001,31.436999999999976,30.596599999999995,20.76579999999999,23.794916739702014,1.72404,nan
PRI,"Primerica, Inc.",289.04,USD,0.35762647130309005,120729,0.6980984134363519,8895885393.031076,USD,Finance,Buy,297.989993234151,296.4783904617675,291.4930292471357,-2.499578343734177,-7.45981942754689,12.20932489615282,292.1660000000001,297.60550000000006,305.93980000000016,274.7310999999999,11.603558467418184,25.249165,23.365541286766344
ADC,Agree Realty Corporation,71.49,USD,-1.5153602424576504,1329511,1.04511149702749,8891876467.226614,USD,Finance,Strong buy,74.14526811638034,74.91671417323765,75.36175723503601,-2.2559474979491463,-3.3527105583344654,-0.8735440931780499,72.44200000000004,73.49399999999996,76.24440000000007,75.52300000000001,38.51001939237233,1.903142,10.717480765789942
FPS,"Forgent Power Solutions, Inc.",29.2,USD,-5.776056792513712,5653406,1.0624413965547497,8889323656.689255,USD,Producer manufacturing,Strong buy,34.583198892968284,37.088271167145,37.199965357139334,-1.0169491525423753,-23.46002621231979,12.307692307692305,30.889999999999993,32.776000000000025,36.971399999999996,nan,nan,nan,nan
ALV,"Autoliv, Inc.",121.17,USD,1.6612131890259285,458005,0.7802342585197926,8874154222.088598,USD,Producer manufacturing,Strong buy,122.43014217522963,121.82896456219385,120.96218047225607,-2.092760180995478,-0.525408422953781,-0.03300057751009986,122.17199999999998,122.1005000000002,121.20680000000004,119.21409999999995,14.268219445850947,10.126858,-7.086433260393877
ONON,On Holding AG,26.85,USD,0.037257824143075866,8665924,1.256128426908136,8843652213.219076,USD,Consumer non-durables,Strong buy,31.022431563120566,32.801223170618684,34.64820322563269,-4.072883172561618,-15.004748338081667,-42.677198975234845,27.461999999999996,29.20200000000001,33.75739999999998,39.36420000000002,17.99718479790871,1.727353478,226.7411300919842
BRX,Brixmor Property Group Inc.,28.79,USD,-0.3806228373702403,2949726,1.1699909196304596,8834853816.854324,USD,Finance,Strong buy,29.785027799179414,30.10048014660308,30.10721097039239,-2.67072346179851,-3.2268907563025238,10.264266564534662,29.052000000000067,29.372999999999998,30.570400000000046,29.2015,20.54227613271495,1.052069,28.22506861848125
LLYVA,"Liberty Live Holdings, Inc. - Series A Liberty Live Group",93.38,USD,-0.29895366218236297,104241,1.0662044855029698,8825808719.937218,USD,Consumer services,Strong buy,97.58883179719362,97.48670862363156,96.4258974469855,-6.787781992413667,-7.176938369781311,14.058873824355674,94.94299999999998,99.80225000000007,99.70270000000001,91.87714999999997,nan,-7.69,nan
KTOS,"Kratos Defense & Security Solutions, Inc.",46.98,USD,0.5134788189987053,3403058,1.0788157360235193,8819148340.513477,USD,Electronic technology,Strong buy,51.9351587914709,53.66558451386032,57.04774793619716,-3.650533223954063,-24.32954820004833,-38.62834748530373,47.56800000000001,53.841499999999904,52.29299999999999,71.27972499999996,270.15526164462335,0.838758,86.58798283261801
KNTK,Kinetik Holdings Inc.,54.2,USD,-0.6416131989000813,1662882,1.8198194037594688,8800948959.765352,USD,Industrial services,Strong buy,52.742028243360764,51.588373069127854,50.08368462394373,0.0923361034164437,4.795050270688329,50.34674063800279,54.49800000000003,54.245500000000014,51.53879999999998,45.447899999999976,19.627725066995,1.389322,281.67242570836214
CUBE,CubeSmart,39.08,USD,0.48855746978657166,3212381,1.4069112933328853,8799340463.202879,USD,Finance,Buy,40.29791137859722,40.432284670656216,40.30916525724756,-1.8583626318432998,-4.332925336597315,10.084507042253517,39.37600000000008,40.33150000000005,40.865599999999944,39.15994999999986,26.71771381691393,1.54136,-10.854461238420292
TTC,Toro Company (The),92.72,USD,-2.1424802110817955,827722,0.8102259008739381,8777188209.019947,USD,Producer manufacturing,Buy,95.40469939036699,95.1153109996868,94.22891612848791,-6.343434343434344,-6.390711761736495,17.829457364341085,93.5840000000001,97.21449999999994,95.98119999999997,91.57250000000036,24.826625967279835,4.631304,13.265398962787742
AAOI,"Applied Optoelectronics, Inc.",103.29,USD,-4.299082738812193,5682236,0.9156852479290492,8769970527.867506,USD,Electronic technology,Strong buy,115.69711686073703,120.36584375444257,120.3545232369584,1.3640824337585873,-22.9006493991192,184.19314898885682,105.73600000000003,116.9855,115.40839999999997,102.81795,nan,0.74,76.82331945270673
ESTC,Elastic N.V.,83.48,USD,-3.580503580503574,2100372,0.530493128274615,8764672206.357126,USD,Technology services,Buy,81.98970768261208,76.48911251547521,71.61773522006706,-9.260869565217387,9.85656007369392,10.657476139978801,89.28399999999999,87.6409999999999,73.60440000000001,63.84167500000008,23.376550642659126,3.359707,nan
PCVX,"Vaxcyte, Inc.",58.9,USD,-1.025037808771634,1160665,1.086034450234973,8764630897.181986,USD,Health technology,Strong buy,58.76670074982676,57.7344174919397,56.50114503652846,-4.5844808034991065,0.30653950953678427,28.518437704560334,60.21999999999997,60.67350000000007,58.315200000000004,54.225550000000204,nan,-8.206667,-83.87235260446478
FORM,"FormFactor, Inc.",112.12,USD,-1.8041688561919795,1191808,1.0627242992625092,8758895994.84393,USD,Electronic technology,Strong buy,112.24290193281132,114.30715027261037,113.50122936193915,17.983794591181738,-3.759656652360511,93.81158167675021,107.364,111.78275000000004,112.09030000000006,102.97892500000003,76.86822980940629,3.048201,159.21450151057402
QGEN,Qiagen N.V.,42.13,USD,-0.8705882352941116,1246264,0.7605522270305751,8681929335.464,USD,Health technology,Buy,42.33032216095667,41.716384784569556,41.50188319763061,-5.133978833596024,-2.9262672811059818,-10.979625409469028,42.86799999999992,43.271500000000174,42.06980000000019,43.07123072844993,21.39882161722877,2.42562,9.469001946066173
WAL,Western Alliance Bancorporation,79.28,USD,-0.47702736630679826,953283,0.9394369210516954,8649517230.170223,USD,Finance,Strong buy,80.32093243003047,80.42595856583411,80.45982926111364,-0.3894961678602868,-1.7596034696406464,-5.809670904122609,80.16600000000003,79.79749999999996,81.01640000000005,81.56544999999997,8.93215259469569,9.045109,16.700852003786686
TXG,"10x Genomics, Inc.",66.38,USD,-1.3523554762966425,2435581,1.0522477757828963,8648727818.92614,USD,Health technology,Buy,57.48785397966191,51.749451395381044,44.950213427303495,6.463512429831587,13.60602430258428,306.9895769466585,65.02799999999999,62.37150000000001,52.61399999999997,29.696699999999982,nan,-0.731402,16.021076616348623
ARE,"Alexandria Real Estate Equities, Inc.",49.56,USD,-1.5494636471990486,1376843,0.970554789236596,8635709029.887962,USD,Finance,Buy,50.93410560823607,50.74351454843595,50.827146813587426,-8.222222222222218,2.587456013247775,1.5781922525107668,51.20200000000004,51.08649999999987,50.49759999999995,50.1387499999994,nan,1.516062,-4488.115064345193
CHWY,"Chewy, Inc.",21.08,USD,1.590361445783124,11127667,1.1767597669277592,8630662407.246265,USD,Retail trade,Strong buy,22.413387159413222,22.38411838525258,22.94422195155943,-14.343762698090211,-5.173189383715709,-36.04368932038835,22.543999999999983,23.228500000000018,22.39479999999997,25.644274999999997,32.232415902140666,0.779043,84.5372460496614
PB,"Prosperity Bancshares, Inc.",71.49,USD,0.1541047912580547,717108,0.9488790028029395,8591437176.52956,USD,Finance,Buy,72.6615836671337,72.417701233141,71.85599589888804,-1.215973469669766,-2.5224979547313997,3.309248554913283,71.97799999999998,72.71649999999995,73.01540000000001,70.71590000000005,12.386298664171733,5.811957,5.186710648612203
KMX,CarMax Inc,60.52,USD,0.38148946757340185,1484174,1.0517023285885434,8588459117.51269,USD,Retail trade,Buy,59.71035607447451,57.341038562053136,54.38309430002382,-2.6696687037632625,3.8791623755578533,56.10007737941707,61.462,61.23549999999999,58.26859999999998,46.68089999999996,39.83151243912071,2.707808,-57.98003263364584
AGCO,AGCO Corporation,121.93,USD,-3.9013240857503066,1194943,0.8256954587623873,8538967803.532867,USD,Producer manufacturing,Buy,116.40555322754102,115.21583866330994,114.88342307600001,-4.675162223438347,20.543746910528917,16.289938006676216,127.06799999999984,113.44549999999984,112.43320000000016,115.43999999999994,16.874956750397896,5.653907,443.1481620687063
LINE,"Lineage, Inc.",37.39,USD,-0.5320563979781933,997068,1.1667696248207984,8514077756.418993,USD,Finance,Buy,40.03899005552473,40.5184048770501,40.4543925982473,-3.6091776230987334,-11.18764845605701,7.1961009174311865,37.872000000000085,39.972,41.70000000000001,38.687224999999955,nan,-0.696357,72.1732745961821
AAL,"American Airlines Group, Inc.",12.85,USD,-0.695517774343121,62141276,1.018416674541589,8506313063.064144,USD,Transportation,Buy,14.024433880050319,14.269359711803292,14.240402824619043,-1.9832189168573593,-15.01322751322751,-16.395575797007155,12.959999999999999,13.631999999999996,14.956800000000001,13.936175000000024,nan,-0.080827,-163.46104397017228
COLB,"Columbia Banking System, Inc.",30.04,USD,0.6702412868632683,3492681,1.1690130172267275,8498384615.829759,USD,Finance,Buy,30.847883585221677,30.85713973268336,30.578734532699823,-0.14957620076450626,-3.9948865452221156,7.094474153297677,30.27999999999998,30.770500000000027,31.441299999999988,29.72447499999998,11.986274040379856,3.029616,-0.5002382086707934
TGTX,"TG Therapeutics, Inc.",55.39,USD,1.3540713632204977,1367458,0.8620355873088579,8478494696.223423,USD,Health technology,Strong buy,53.54132130554677,51.79575194818082,48.77946568816407,-3.5017421602787424,12.375735443294788,87.38159675236807,55.69500000000001,53.73075,53.57880000000001,39.385399999999954,20.17483154252413,1.00331,633.6985569214324
NNN,"NNN REIT, Inc.",43.85,USD,-0.6344890097439408,1484078,1.1059271224878833,8416192608.412644,USD,Finance,Buy,45.59955749088907,45.812553242131095,45.59968798440929,-3.200883002207496,-4.29943256219991,10.984560870665664,44.44799999999995,45.46299999999997,46.79399999999984,44.11084999999996,21.604177957333597,2.05426,-3.513025289979087
SNEX,StoneX Group Inc.,69.77,USD,0.6201326795500326,548593,0.72782857415024,8415429321.326651,USD,Finance,Buy,70.58845703071835,71.42832149251859,70.41393501792345,2.663331371394942,7.354977688875214,64.91482457063687,69.43599999999996,68.1735,72.0343093477999,62.3379383907,18.079344924982507,4.365,47.982974154459704
CBSH,"Commerce Bancshares, Inc.",58.29,USD,0.3442933379239038,1326044,1.4423784575416372,8360661484.01119,USD,Finance,Buy,58.33326613464973,57.700132973679345,56.6720762128813,0.5693581780538273,-0.6646216768916166,11.325439266615737,58.277000000000044,58.56175000000012,58.78810000000004,53.88392866475003,14.289566581682681,4.245971,3.34937927539904
TWST,Twist Bioscience Corporation,126.85,USD,1.0595920968769905,1284986,0.880413652301882,8350842297.720283,USD,Health technology,Strong buy,120.3465141213355,110.44183110005697,97.61266969810713,-4.516371847948815,0.9751243781094482,299.7793885912385,126.77200000000002,134.06799999999998,112.50419999999997,66.26855000000006,nan,-2.158429,-53.16848050695688
RHP,"Ryman Hospitality Properties, Inc. (REIT)",122.35,USD,-0.12244897959184137,449484,0.8320489643537164,8346630338.24653,USD,Finance,Strong buy,125.3627973430622,124.03889446188195,120.48810141214595,-0.5527107209623724,2.892944243545537,29.265715795034325,122.24999999999989,126.1494999999999,127.1026,108.34624999999998,30.0481359595265,4.164267,-1.0041088230288726
LNC,Lincoln National Corporation,43.56,USD,0.0459347726228827,1152869,0.6756480438352593,8339446388.918696,USD,Finance,Buy,43.330648888242884,42.24309529165794,41.05207706199574,-2.5067144136078725,-4.284772577455495,-2.2002694207453906,44.31000000000004,43.71199999999997,42.83020000000001,39.48305000000001,3.767383934131322,7.935353,101.7413152338911
FR,"First Industrial Realty Trust, Inc.",60.78,USD,-0.31162866983762133,522550,0.7049682079642048,8328741141.498443,USD,Finance,Strong buy,62.650416107655,62.899641673539286,62.58016610313088,-1.1707317073170713,-3.2473734479465124,6.295907660020989,61.407999999999994,62.3445,64.07759999999996,61.13085000000002,22.13240113611536,2.503086,34.28194220331523
ESI,Element Solutions Inc.,34.17,USD,-4.499720514253772,4552904,0.6973149133962717,8326917861.044437,USD,Process industries,Strong buy,36.522764080650845,37.390623476960165,37.4893938222632,-0.34995625546805903,-9.218916046758764,35.649067090115125,35.429999999999964,36.03949999999999,37.600599999999964,35.30894999999999,46.55947676795204,1.812943,-25.906108026249374
CHRD,Chord Energy Corporation,151.82,USD,1.5586326844604883,869685,1.3424831225797609,8304231256.821192,USD,Energy minerals,Strong buy,142.53366221582053,138.9386636209032,134.6991785386824,1.9678957619719304,10.882267017236346,63.987902354720234,148.66200000000003,145.55275000000003,135.6219,121.87089999999996,10.177513206231733,19.848069,281.93409632076197
HESM,Hess Midstream LP,40.2,USD,-0.9120039438008317,1047488,0.7899596523956716,8288370044.057186,USD,Energy minerals,Buy,39.80304735936928,39.57220498202643,39.19077480050875,0.19940179461616503,-1.1313330054107078,16.252168883747846,40.30000000000001,39.8785,39.83180000000005,37.76159999999999,13.863981238791558,2.947861,7.6317743132887905
KNSL,"Kinsale Capital Group, Inc.",362.7,USD,0.8620689655172318,148080,0.8571587341279765,8261734966.370689,USD,Finance,Buy,366.26409771618245,359.9294105710831,356.3667699419459,-4.590293305274231,-1.0017195731091564,-7.237851662404094,369.1480000000003,377.10399999999987,362.4589999999999,357.74018999999976,14.70069673277319,21.229085,28.788653874261378
REXR,"Rexford Industrial Realty, Inc.",37.0,USD,-0.1888319395737801,2153462,1.016214463306366,8250560692.123011,USD,Finance,Buy,36.78908422833295,36.54503307286749,36.44097934831549,0.05408328826393491,2.012682657843939,-4.516129032258065,37.06,37.011500000000005,36.62639999999993,36.934999999999995,nan,-1.195,-234.26552621792487
BOKF,BOK Financial Corporation,135.21,USD,0.5204074046539418,224556,0.9175524253504932,8216287966.274628,USD,Finance,Buy,138.49010533479185,138.02170643374393,136.21925307186035,-0.7924279110719672,-5.546629409710093,13.669609079445149,135.898,139.08099999999996,140.41299999999995,131.10540000000015,12.722533779969138,10.65,27.078799473873012
VICR,Vicor Corporation,178.05,USD,-3.1652798172621925,458028,0.736032823128787,8209303627.913198,USD,Electronic technology,Strong buy,206.7849169293871,219.0667678956801,221.78798812904665,-2.4383561643835554,-16.709547644664827,59.74340570608292,184.51000000000008,201.19299999999998,222.05710000000016,203.8939500000001,57.15156962187841,3.436,114.63313813296591
TKR,Timken Company (The),118.16,USD,-0.7475850482990345,846315,1.0268715746528956,8188114452.618565,USD,Producer manufacturing,Strong buy,126.1363003237281,127.02583203819972,124.46446468279736,-2.177332560642445,-7.011883213976546,39.14272256241168,121.06400000000001,124.24199999999999,131.7036,111.861175,32.049473798415974,6.282234,-16.14047857337822
IBRX,"ImmunityBio, Inc.",7.72,USD,-4.218362282878421,8803477,1.1508490794131079,8181936690.962779,USD,Health technology,Strong buy,7.803711749710933,7.755549839031603,7.558419120994117,-3.500000000000003,2.38726790450928,282.17821782178214,8.068,7.959999999999998,7.8411,6.687600000000002,nan,-0.96,-96.55242344352058
FIGR,"Figure Technology Solutions, Inc.",36.57,USD,-4.066107030430214,3898170,0.9015788297429681,8175779012.881952,USD,Finance,Strong buy,34.08024933138085,33.356454474677534,33.39278797911362,8.580760095011879,25.454545454545464,-12.386200287494015,37.02499999999999,36.3115,32.25269999999998,36.8938,40.07671232876712,1.2182,nan
BRKR,Bruker Corporation,53.56,USD,-1.5983832445342596,1882900,1.0136248536141386,8160364902.101047,USD,Health technology,Buy,56.967941876420554,56.217899404094034,54.110892503815556,-10.464727515880972,-4.459507670353193,13.49862258953169,56.854,57.641999999999996,58.45379999999998,48.207099999999926,nan,2.123919,-234.26226379079975
UGI,UGI Corporation,38.0,USD,-1.401141670991176,1894743,1.105603802532567,8150808848.3653345,USD,Distribution services,Strong buy,37.04217447134879,36.64484150380925,36.39167003153771,-0.2886381527158211,11.764705882352942,1.9313304721030011,38.109999999999935,37.73549999999999,36.64359999999997,36.75000000000003,12.682308180088775,2.796667,57.932742989668995
SFD,"Smithfield Foods, Inc.",20.59,USD,0.34113060428850045,1990591,1.1079275844214191,8107671472.40156,USD,Consumer non-durables,Strong buy,22.805924829052593,23.587692495230648,24.16581671170785,-6.916817359855339,-12.93868921775898,-7.874720357941841,21.423999999999985,22.069499999999977,24.055799999999966,24.614675000000002,7.666244694318267,2.258,15.982208403506492
NEU,NewMarket Corp,880.61,USD,2.1032615627210207,119089,0.9742300131463664,8098447133.790254,USD,Process industries,Buy,878.5598090399039,852.2458601583141,817.777515405668,-3.347565058006168,-2.7863332781365577,27.824711142077465,879.186000000001,917.0134999999985,854.2632000000016,734.5358999999993,18.958642812547097,nan,-7.931171866173245
ACM,AECOM,62.89,USD,-1.7650734145579434,1250483,0.48602119143389316,8093717831.795378,USD,Industrial services,Strong buy,67.16854041574132,68.98817657467598,72.5779969235682,-6.580510992275688,-7.853479853479853,-34.25674263014844,65.27199999999986,65.02200000000003,68.0824,83.15739999999985,22.961772974551828,3.978942,-44.29846860954627
PCOR,"Procore Technologies, Inc.",53.21,USD,-1.6996120450766705,2909794,1.190567793335859,8085543669.710511,USD,Technology services,Strong buy,55.910086466905724,54.3773176348138,53.890499757876505,-12.454754853570254,-8.100172711571672,-27.09960268529935,56.42400000000008,60.25850000000001,53.155999999999985,56.73515000000002,nan,1.68162,72.92211186617877
MOS,Mosaic Company (The),25.4,USD,-3.090423502479978,7803213,0.9967905956223936,8074549492.071728,USD,Process industries,Buy,23.97592124577776,23.631850039821817,23.730675879092967,-2.756508422664634,8.732876712328764,5.3941908713692825,25.89599999999997,23.985000000000014,22.97160000000001,24.543849999999928,nan,0.50832,-168.4390789786022
WULF,TeraWulf Inc.,16.14,USD,-5.779334500875648,24451213,0.9108646313245775,8053354245.138354,USD,Technology services,Strong buy,17.196575178834124,18.12183049687438,18.533217764709395,9.497964721845321,-4.638109305760709,37.88979068774029,16.773999999999997,16.129,17.9317,17.94835000000001,nan,-2.988043,-1179.5811518324608
LAD,"Lithia Motors, Inc.",366.15,USD,-0.4269552920700669,183647,0.9661924451092186,8049118004.532116,USD,Retail trade,Strong buy,364.30189841762643,351.66033709006786,337.3750593469984,-2.461440102293617,-3.16310068498586,9.599497126436779,373.6719999999999,371.2344999999998,356.2358000000001,312.7019000000002,12.130156931731218,36.143003,-10.572470573596386
CDP,COPT Defense Properties,35.46,USD,0.9393680614859046,846705,0.9794408856490142,8017999897.337318,USD,Finance,Strong buy,36.20657910542902,35.92910351076398,35.17366391301157,0.19779598756711014,-2.4752475247524712,27.645788336933045,35.30000000000005,36.43950000000001,36.94860000000001,32.7582,24.70907950665459,1.44545,13.008898338451846
CNM,"Core & Main, Inc.",40.85,USD,-1.8028846153846152,5432846,1.918163927906627,7904236444.837742,USD,Distribution services,Buy,44.04464144072346,45.033419082387255,46.34006132155842,-7.683615819209037,-11.961206896551719,-21.69829403871957,42.96199999999999,43.98749999999999,44.578799999999966,49.8769,16.869012223323423,3.107383,7.808743655952285
GTLB,GitLab Inc.,47.3,USD,2.093675804014675,4431811,0.5419662140093773,7880889811.385713,USD,Technology services,Buy,42.37226021116355,39.13526317021295,36.312085662154345,-5.362144857943178,17.05023509032418,24.539231174302266,47.98399999999997,44.50800000000002,38.30750000000001,31.636500000000016,nan,0.866466,-829.7619047619047
IMVT,"Immunovant, Inc.",38.1,USD,-1.6774193548387062,1083390,0.9118188007258596,7869657435.414194,USD,Health technology,Strong buy,39.68424039924376,38.60893687465444,36.50627469523731,-3.4954407294832714,-3.9334341906202606,48.944487881157166,38.958,41.80300000000001,40.45200000000003,30.79332500000001,nan,-2.936197,1.2756536407084698
RIOT,"Riot Platforms, Inc.",20.95,USD,-5.074762120525604,10246642,0.6773204941966968,7861674719.148165,USD,Technology services,Strong buy,20.776467842033806,20.983119349818438,20.755736030790818,12.002138465650903,-11.11582520152737,61.029976940814755,21.644,20.139250000000004,20.701800000000002,18.782550000000004,nan,-2.553149,-701.7460659624919
IDA,"IDACORP, Inc.",135.45,USD,-0.5871559633027607,487618,1.0539090455602154,7834704972.136514,USD,Utilities,Strong buy,139.2510147961698,140.88095831426642,141.4275776142967,-0.12535024332695466,-2.826601621350167,7.151332964164221,136.2820000000001,138.09650000000005,143.40799999999987,139.51534999999996,22.40917212626563,6.378671,6.241541138628657
SARO,"StandardAero, Inc.",23.65,USD,-2.35342691990091,2569804,0.8288415510801436,7826244382.208919,USD,Transportation,Strong buy,25.871467626012446,26.41875712202714,26.81687427656939,-2.7549342105263226,-16.54904728299224,-17.910447761194032,24.357999999999997,25.271999999999984,27.3248,27.757899999999992,24.346304303067736,1.54651,144.62352052379754
NFG,National Fuel Gas Company,82.33,USD,-0.14554275318375323,470713,1.0671542749151084,7825063203.823893,USD,Energy minerals,Buy,82.10792481952298,81.92737511751369,82.220566588646,-1.4955731036133046,0.7711138310893457,2.873922279145317,83.08800000000002,82.90600000000003,81.62419999999995,83.70520000000002,11.453015232663281,7.28,169.00048647232722
ATR,"AptarGroup, Inc.",123.05,USD,0.769797723364178,435089,1.161694562993152,7823657736.834412,USD,Process industries,Strong buy,129.02544412844543,128.56451616095964,127.88638967339662,-5.817068503635674,-7.341867469879528,1.076063742401842,125.04399999999994,130.87399999999997,131.08620000000002,126.59015000000004,22.23246065730753,5.517143,-4.529694857951115
SYRE,"Spyre Therapeutics, Inc.",88.71,USD,2.047624525480256,902446,0.7426415658273259,7821894905.97032,USD,Health technology,Strong buy,93.92463513565508,91.62430018732447,85.05420678302228,2.3065390381732214,-15.778980347479354,170.7875457875458,88.53200000000005,97.01150000000007,98.06880000000007,62.958400000000005,nan,-2.738706,28.51287096245286
EMN,Eastman Chemical Company,68.38,USD,0.05853087503657015,1145258,1.2869315305517828,7821127459.495755,USD,Process industries,Buy,71.23609663632419,71.41314516621803,71.4597437777425,-6.2774122807017525,-6.482494529540493,6.494315527176456,69.81400000000002,72.24900000000005,70.67940000000002,70.77332500000003,17.813322218459373,6.367412,-46.07052542849115
HQY,"HealthEquity, Inc.",94.55,USD,2.0397150874163614,685095,0.6168969774528856,7820731345.615152,USD,Finance,Strong buy,97.55902490298826,96.24557704171224,94.13403385081537,-4.340348037231896,-11.47003745318352,3.0854775403401637,95.08400000000009,100.0767499999999,99.5093999999999,89.25144999999999,34.14836752383704,4.723964,67.61305163750833
THG,Hanover Insurance Group Inc,224.01,USD,0.04912907548011846,221210,1.0080145380840932,7800077482.2,USD,Finance,Buy,223.4597605551882,218.7274050050982,211.44855563270076,-2.294238234396135,-0.24492340577129112,23.19071711394632,226.48999999999992,225.3930000000002,222.33499999999992,192.1136499999999,10.685970519486714,20.285878,37.99164006187672
COMP,"Compass, Inc.",10.13,USD,-5.149812734082388,14951139,1.3014375436998356,7776240524.552436,USD,Finance,Strong buy,11.150836207471052,10.984933643716492,10.62899170577203,-6.463527239150501,-18.959999999999994,-4.613935969868159,10.748000000000008,11.477499999999994,11.770600000000002,10.155199999999999,190.0562851782364,0.184917,nan
LEVI,Levi Strauss & Co,20.12,USD,-1.1302211302211322,2135020,1.0305790950702483,7743193452.086487,USD,Consumer non-durables,Strong buy,21.93032310834136,22.335413302541248,22.40440564334679,-2.519379844961238,-13.759108444063427,-3.3621517771373646,20.615999999999993,21.276000000000007,23.109200000000023,21.93179999999997,16.46481178396072,1.540759,20.72712902588421
ALKS,Alkermes plc,46.11,USD,1.5638766519823808,1193901,0.8565615400101217,7735564173.525331,USD,Health technology,Strong buy,47.685214382140884,47.121628369585665,45.117556489922656,-3.95750885232243,-7.632211538461543,64.61977865048196,45.99599999999998,47.99049999999999,50.10859999999998,37.965099999999985,119.76623376623377,-0.478707,-81.51881720430107
AOS,A.O. Smith Corporation,56.71,USD,-1.936711049628216,1247757,0.9158058580272915,7707375231.128134,USD,Producer manufacturing,Buy,60.19301977890714,60.6025361475026,61.44246502686439,-5.483333333333332,-9.278515437529991,-15.43393975544289,58.874000000000045,60.858499999999864,61.06839999999992,65.11475000000002,15.810309738214057,3.736149,0.04183633625258149
CBC,"Central Bancompany, Inc.",32.12,USD,0.2184087363494549,1063906,1.234497650244038,7692904984.555382,USD,Finance,Buy,32.12632782035054,31.458548113171137,30.316977446105966,-0.5572755417956649,-2.192448233861163,33.94495412844035,32.404,32.336749999999974,32.19969999999999,27.035275,17.62994675887809,1.906,nan
ZETA,Zeta Global Holdings Corp.,30.56,USD,0.46022353714660424,5205784,0.6073080930625926,7670975447.226824,USD,Technology services,Strong buy,27.932044988058166,25.96640740809704,23.97985715245421,-1.1003236245954688,11.208151382823866,48.78286270691334,31.160000000000004,29.777499999999993,25.519399999999983,20.295900000000003,nan,0.970637,92.81997918834547
VLY,Valley National Bancorp,13.85,USD,0.6540697674418594,5471834,0.9845248226353154,7653582488.041426,USD,Finance,Strong buy,14.173445320861946,14.152118496015751,13.93654008295118,-0.21613832853026754,-5.525238744884042,18.37606837606838,13.891000000000005,14.149750000000001,14.4367,13.191950000000002,11.692697340650062,1.279161,51.664532650448145
AVT,"Avnet, Inc.",92.97,USD,1.3407455853499064,1135104,1.0725165461857484,7630324323.098104,USD,Distribution services,Buy,90.86685942078084,89.10446268112834,85.42238031913173,4.437205122444398,-6.090909090909092,91.29629629629629,92.00199999999997,91.04075000000003,89.58969999999992,72.46820000000001,23.298416198877305,11.612,46.114976199194444
MTDR,Matador Resources Company,61.62,USD,1.5491100856954478,1985125,1.2420440668256465,7625735016.496373,USD,Energy minerals,Strong buy,56.52969070544918,55.441273284542106,54.59640190610446,3.8947900859888636,18.545594459407464,45.43308945008261,60.188,57.622000000000085,53.58480000000003,52.074500000000036,10.58253761077145,7.837042,-14.615441014737145
DBX,"Dropbox, Inc.",35.05,USD,1.3298641225787617,5520041,1.4050463851492179,7621363809.923388,USD,Technology services,Buy,33.7039705654448,32.35247327418394,30.868315557074045,0,2.6654950205037977,26.808972503617934,34.796,34.701499999999996,32.55660000000003,27.74030000000006,19.464652635086352,3.066418,10.168247170388492
NOV,NOV Inc.,21.32,USD,-0.9293680297397737,2916255,1.106369238704696,7600113656.702602,USD,Industrial services,Buy,20.681771900251114,20.366807342322698,19.96051000471072,-1.931922723091068,2.796528447444561,35.62340966921119,21.421999999999983,20.944999999999993,20.082999999999995,19.051650000000016,81.8426103646833,0.915818,-78.59842260926717
BROS,Dutch Bros Inc.,43.44,USD,-3.3807829181494733,5375188,1.3584486497960238,7589219619.629892,USD,Consumer services,Strong buy,51.74354747037423,54.454016985543284,56.02478266638794,-10.247933884297524,-15.879163439194427,-29.204693611473278,45.420000000000016,48.84,57.74779999999999,57.105400000000046,61.23484634902734,0.957061,50.6476959014653
PCTY,Paylocity Holding Corporation,142.86,USD,0.5348346235045879,682006,1.1507406351290017,7579718327.033921,USD,Technology services,Strong buy,143.83829378312865,137.771388104899,132.42476490323725,-9.329779131759322,-1.503033645890774,-5.858319604612841,147.03400000000002,151.38050000000007,138.7151,125.28532499999994,28.902061542818995,8.830307,23.061793556739516
ZWS,Zurn Elkay Water Solutions Corporation,45.52,USD,-2.380441775680891,780337,0.9577918929700205,7550133547.927086,USD,Producer manufacturing,Buy,48.15810567901507,48.459763553077465,48.476784320599606,-3.9459801645916808,-11.851278079008516,-2.1285745001074927,46.94199999999997,48.409499999999966,48.91619999999995,48.348524999999945,27.950386835318678,1.830509,60.9129532654876
APLD,Applied Digital Corporation,25.78,USD,-5.011053795136328,12027146,0.7850357745016909,7514073646.87104,USD,Technology services,Strong buy,27.98592539802273,29.60162319321707,30.78933283619458,3.3680834001603843,-14.038012670890287,1.8569735282497133,26.701999999999998,27.45550000000001,28.61189999999997,32.27029999999999,nan,-0.77,18.887368901048795
MHK,"Mohawk Industries, Inc.",124.24,USD,-2.891980615913712,903796,0.9176258139294754,7508835238.414256,USD,Producer manufacturing,Buy,127.69457296665158,124.34867387361898,120.6954580852755,-5.599878428690842,-8.74770473742197,13.430110472016793,129.44600000000005,132.09,124.28299999999994,114.20845000000008,16.471336904067456,9.845964,0.2445377704534548
AVAV,"AeroVironment, Inc.",147.065,USD,4.4495738636363535,8751603,3.4136497967690165,7474227707.855681,USD,Electronic technology,Strong buy,156.67722953832907,161.90388891227818,172.28128555489187,-3.214873313589991,-22.022799575821846,-40.80700342121151,145.70099999999996,156.96975000000003,158.85209999999995,210.47462499999992,nan,3.267686,-538.0373831775701
PRMB,Primo Brands Corporation,20.56,USD,-1.3908872901678786,3652948,0.6859288288292349,7441563134.653236,USD,Consumer non-durables,Strong buy,22.595562238113978,22.810234770173313,22.657312750136477,-7.885304659498216,-11.569892473118285,25.980392156862735,21.442000000000014,22.847499999999986,23.452199999999998,20.807450000000003,75.20117044623262,1.326,nan
OKLO,Oklo Inc.,39.88,USD,-6.319003993422593,10662225,1.1924942226149151,7418384005.190511,USD,Producer manufacturing,Buy,42.956428360223775,45.87743891544593,50.525090039168866,-0.17521902377972534,-11.377777777777773,-46.10082443573455,41.373999999999896,41.824,43.48599999999995,64.04135,nan,-0.959233,-132.91201982651796
SSRM,SSR Mining Inc.,36.21,USD,-3.696808510638299,1746380,0.7570954012690596,7383556069.837501,USD,Non-energy minerals,Strong buy,34.183322837448316,32.79320190347656,31.392638427341335,-8.189655172413785,15.723873441994254,61.36363636363636,37.358000000000004,36.43300000000001,31.428400000000007,28.36319999999999,33.40097776957845,4.107511,41.490472461498314
CMC,Commercial Metals Company,66.62,USD,-3.4212815308785145,987177,1.1514829012119663,7369793638.775007,USD,Non-energy minerals,Strong buy,68.64607133254842,68.87666038684704,68.88979917722853,-4.828571428571422,-9.36054421768707,-4.964336661911541,69.07799999999999,68.64449999999997,68.03919999999995,69.95370000000005,12.555597436863929,6.381926,1609.9581050596196
GAP,"Gap, Inc. (The)",20.91,USD,-2.1067415730337045,6767070,0.6014310373350698,7345058232.498595,USD,Retail trade,Buy,21.216760302179708,21.270542371141413,21.713214164857913,-6.401074306177259,-0.4285714285714279,-18.89061287820016,21.879999999999953,21.12500000000002,20.394999999999975,23.898999999999972,6.247012428298279,2.405443,43.84185646755479
KEX,Kirby Corporation,138.59,USD,0.014433138485971157,296877,0.820986471340264,7317552281.040558,USD,Transportation,Strong buy,138.983020927847,138.90589689840274,137.67871740404394,-2.552383630994231,2.4013595389389684,25.194218608852754,139.84,139.63949999999994,139.00259999999992,132.77419999999992,21.291730039483184,7.122245,23.236396682949007
SLAB,"Silicon Laboratories, Inc.",219.15,USD,-0.30479483213537784,503697,1.4782617627723516,7312325752.886226,USD,Electronic technology,Buy,218.77504433722115,217.70880158822365,213.60373788291986,-0.3863636363636338,0.2516010978957051,64.9977413040205,220.05199999999996,219.07249999999982,218.3862,195.59812499999995,nan,2.907218,63.222884090345
NE,Noble Corporation plc A,45.74,USD,0.6159260888693382,798054,0.7362519102737556,7302034625.432909,USD,Industrial services,Buy,44.6907500730898,44.3993765536241,43.983183589637534,-4.008394543546688,4.333941605839413,62.0262132483174,45.85799999999999,45.91299999999999,42.96440000000003,42.071649999999984,49.44864864864865,0.61826,-52.02530989056584
APPF,"AppFolio, Inc.",205.76,USD,0.05348893751518853,152472,0.4729633945961841,7287477425.365427,USD,Technology services,Strong buy,204.64999515465803,196.48290809338712,190.767866804727,-10.301233706787565,4.8993117512108,-11.478230941318193,211.05499999999998,217.17374999999964,195.15480000000008,187.4513249999999,46.906487940546214,6.9,-20.83378451543044
AXTA,Axalta Coating Systems Ltd.,34.02,USD,-1.2195121951219356,2097330,1.2599920663628381,7280960254.792685,USD,Process industries,Buy,35.34323384333393,34.737941912336915,33.83999264493816,-5.918141592920336,-8.326596604688755,4.387849033445841,35.14800000000001,35.98350000000001,35.101200000000006,31.93004999999998,20.959891565522767,2.651145,-20.225105671876545
FAF,First American Corporation (New),71.18,USD,-0.40576465649921933,487941,0.5922300460793697,7267478015.93508,USD,Finance,Strong buy,72.42819716184752,71.72280563538527,70.47729862221098,-4.928542807533054,-0.9462844419704879,16.117455138662333,72.65799999999999,73.15599999999996,72.84700000000005,66.99190000000003,9.852312206735228,6.962,299.0224235060201
MORN,"Morningstar, Inc.",193.15,USD,-2.4913547214579608,276421,0.9007438718877167,7245746074.313806,USD,Commercial services,Strong buy,199.1615972608137,193.82558321226068,190.27661315115205,-8.628601163725806,-3.478087052121337,-10.624219147656289,203.38500000000005,210.69074999999984,192.59019999999978,187.74527499999974,18.311354651548623,12.315837,12.230544974783475
PATH,"UiPath, Inc.",13.87,USD,2.21075902726602,65761185,0.9916011493771131,7228429273.831981,USD,Technology services,Buy,14.675959750043205,13.983451798225587,13.350324985469125,-24.619565217391305,-10.51612903225807,-15.939393939393943,14.972000000000003,16.423999999999996,14.081999999999987,12.899500000000003,20.636809998512124,0.785614,1782.6330532212885
TAP,Molson Coors Beverage Company,38.44,USD,-0.10395010395010175,3067917,1.0225565819394957,7219032046.951143,USD,Consumer non-durables,Buy,40.87067107508588,41.18482130682696,41.788769741162426,-6.037643607919822,-8.476190476190482,-18.230163794937248,39.365999999999985,41.09499999999995,40.970999999999776,43.97654999999998,nan,4.719771,-327.2976113113172
AXS,Axis Capital Holdings Limited,98.89,USD,0.5183980483838231,623462,1.237297822937546,7215639564.124823,USD,Finance,Strong buy,102.05871191590333,102.95658820947297,103.1359095357162,-1.4647269828616967,-2.3597946287519753,-7.328272889138781,99.68399999999994,99.58449999999995,105.93659999999986,102.91505000000019,7.022888836809624,12.28255,35.40560812370181
AUGO,Aura Minerals Inc.,86.01,USD,0.808720112517595,1290055,1.3031113943040888,7206711676.735584,USD,Non-energy minerals,Strong buy,78.36002220589235,75.2824135054379,72.86618280302616,-2.283571915473746,12.54907092384193,68.20181871516576,85.932,84.11374999999998,69.73230000000001,69.30184999999997,24.404846352467157,7.010736,nan
FLR,Fluor Corporation,53.55,USD,-2.334488418748862,1669381,0.7025269205454641,7161833913.60022,USD,Industrial services,Buy,53.248308606825454,52.3516581754935,51.151300040857656,-5.9701492537313525,1.3820522529344885,33.14271506713077,55.73199999999999,53.972999999999956,52.02079999999985,48.084149999999916,nan,2.698259,-152.5275023879319
RAL,Ralliant Corporation,64.68,USD,-3.4626865671641687,2054264,1.4660818032743947,7156195653.725374,USD,Electronic technology,Buy,65.1747729541067,64.55412359083304,62.331721184040205,4.188144329896921,-7.242219991395378,25.738724727838278,64.48999999999998,64.98499999999997,67.12520000000002,55.20614999999998,nan,2.859849,nan
OMF,"OneMain Holdings, Inc.",62.06,USD,-0.8467806358843283,1164641,1.1861817038880966,7139473382.002557,USD,Finance,Strong buy,62.66862225230059,61.74903208130908,60.739772292571466,-2.7882205513784477,-1.507697190922069,-8.30378250591017,63.43400000000001,63.49049999999998,62.283,60.025350000000024,9.358929890968316,7.092059,19.86587371884095
ACA,"Arcosa, Inc.",145.25,USD,-0.09629272989888327,974288,1.6244958923574389,7132763789.949448,USD,Non-energy minerals,Buy,144.26272423556333,141.6648197203473,136.87118545285043,-0.24038461538461148,0.17932271191116,35.912791241695516,145.44400000000007,145.31349999999992,145.14079999999993,124.0999899999999,54.34782608695652,4.28,42.46268656716419
PPC,Pilgrim's Pride Corporation,29.93,USD,-1.025132275132271,1723998,1.3652791064538814,7126588421.471892,USD,Process industries,Buy,29.898938253816898,29.925506843759866,30.737522941519384,-3.57603092783505,14.806290755657843,-23.35467349551856,30.23,30.529000000000007,29.134299999999985,34.38992499999998,13.08586918502973,2.46125,-55.971355971355976
HNGE,"Hinge Health, Inc.",88.26,USD,-3.340269411893546,2422982,1.2410344454921638,7122089256.724784,USD,Technology services,Strong buy,86.09405701843359,81.69414263939022,75.12273184547027,-4.697116942014895,-2.475138121546956,90.05167958656334,91.07799999999997,89.74449999999996,85.95440000000002,57.500274999999995,67.96550130910211,2.318917,nan
STAG,"Stag Industrial, Inc.",36.87,USD,-0.8337816030123784,1195889,0.7600844636454911,7108843345.860678,USD,Finance,Buy,37.60652660976902,37.889013244932606,38.03997558371713,-2.331125827814576,0.05427408412481959,0.5179934569247484,37.39800000000009,37.07300000000002,38.34940000000002,38.13945000000004,28.276708336528873,1.097368,3.189300411522634
PACS,"PACS Group, Inc.",44.85,USD,0.5605381165919282,900158,1.3707659333087145,7101351498.097533,USD,Health services,Strong buy,43.95298886181005,43.11908690627062,41.35893357086083,3.7234042553191475,-7.601977750309019,16.52377240841777,43.73799999999998,43.77200000000001,44.767200000000045,38.13404999999998,26.877209804039072,2.367539,103.6241610738255
TRNO,Terreno Realty Corporation,65.02,USD,-0.2760736196319123,468394,0.726804115712918,7085249486.393251,USD,Finance,Buy,67.25316526560285,67.4445615859739,66.98522581746224,-1.6785120217752902,-4.676733616771731,10.691181477698322,65.54399999999995,67.17899999999997,69.30199999999999,65.00930000000007,17.51427647882771,2.11,47.77485868959479
SSD,"Simpson Manufacturing Company, Inc.",172.43,USD,-2.372324765032271,344779,1.4699181348979309,7066988864.833994,USD,Producer manufacturing,Buy,184.5997775579071,186.6126712496861,186.87595395125402,-3.965469228627126,-12.065888112601353,6.110769230769235,177.39199999999994,184.6109999999997,189.24339999999995,184.09745000000032,18.831636887859858,9.17,16.600448247758752
Z,"Zillow Group, Inc.",31.25,USD,-2.769135034225266,3987879,1.1389300324456397,7054112002.177971,USD,Technology services,Buy,33.840207476133706,34.55258139576847,36.88218056612898,-12.489498739848784,-5.560592323964954,-54.412837345003645,33.13600000000001,34.75099999999999,33.81409999999999,46.27649999999998,138.70395028850422,2.239408,nan
VFS,VinFast Auto Ltd.,3.01,USD,-1.633986928104584,489157,1.342414362791106,7042002892.761438,USD,Consumer durables,Strong buy,3.103133423697504,3.160128186565529,3.2382130314972644,-5.9375000000000115,-5.9375000000000115,-9.880239520958087,3.066000000000003,3.105749999999999,3.108300000000002,3.3921749999999986,nan,-1.532,-29.11998820754717
RYTM,"Rhythm Pharmaceuticals, Inc.",102.2,USD,1.1280427468830403,422883,0.9460531175705614,7036682538.78488,USD,Health technology,Strong buy,105.5570110096781,104.28812730826158,102.12487012261177,-3.6576168929110064,-9.69338163824335,-3.748351855339992,102.53799999999997,109.10900000000004,108.99169999999982,99.59392499999993,nan,-3.010297,-3.3095908563856176
CAG,"ConAgra Brands, Inc.",14.7,USD,-2.7134348113831908,8645797,0.8910017326814557,7034914796.704169,USD,Consumer non-durables,Buy,15.201174070033494,15.046384480072089,15.098383674170488,-8.239700374531838,0.8230452674897065,-14.683691236215909,15.233999999999998,15.835499999999993,15.083400000000001,15.840049999999952,nan,1.447841,-266.5292868739853
LUMN,"Lumen Technologies, Inc.",6.81,USD,0,11153665,0.8870178070634108,7024143349.999999,USD,Communications,Buy,6.619506037042804,6.847345663097995,7.1209461411949135,-1.589595375722548,2.4060150375939737,-13.797468354430388,6.788000000000004,6.355999999999997,6.412199999999988,7.730649999999992,nan,-0.878451,13.542895668295976
MSA,MSA Safety Incorporated,181.27,USD,-1.9101731601731606,183383,0.8162152586760955,6993086568.465206,USD,Electronic technology,Buy,184.6342299397476,182.02719049958546,179.26675884293138,-3.9170995441534964,-6.3639650808409485,13.131124009236734,186.23800000000023,188.3859999999998,182.19820000000044,174.95509999999948,22.54377673863297,9.162435,14.6474656020532
MBLY,Mobileye Global Inc.,8.21,USD,1.3580246913580396,4004338,1.2958874192832872,6980040408.851853,USD,Technology services,Buy,8.604977415844518,8.698463805436916,8.864789877268995,-4.25655976676383,-7.545045045045044,-21.809523809523803,8.342000000000002,8.654000000000005,8.7754,9.20340000000001,nan,0.490912,-36.48789592139211
SGHC,Super Group (SGHC) Limited,13.64,USD,-2.2222222222222134,1913899,0.8347710340798649,6930438199.911111,USD,Consumer services,Strong buy,13.711752826103217,13.597808904621889,13.276713585442874,-2.362204724409449,5.572755417956661,12.63418662262594,13.937999999999988,13.596000000000023,14.036999999999995,12.105350000000008,18.74914089347079,0.840268,175.8816837315131
MAAS,Maase Inc.,15.67,USD,4.327563249001335,71452,0.7467824974550532,6928891536.196405,USD,Technology services,,16.248271468375503,15.661177958647961,14.326921667104921,-10.813887307911214,-25.875118259224223,190.18518518518516,15.757999999999992,16.005999999999993,16.831000000000003,9.879458499999998,nan,nan,nan
FSS,Federal Signal Corporation,113.46,USD,-3.397190293742026,337755,0.923340751843852,6925780972.548148,USD,Consumer durables,Strong buy,119.322146085055,119.216480409276,118.29156907985964,-1.944516463572725,-11.13025769562153,3.882072880424826,117.12,119.798,121.32880000000004,115.3976,24.439418416801292,5.231016,29.12691569549134
ESE,ESCO Technologies Inc.,267.26,USD,-1.3473109150640559,139455,0.7770002791417588,6924056201.564874,USD,Electronic technology,Strong buy,289.2983016604643,295.6162757004186,295.28136289189945,-0.27984030446625124,-12.15776499589154,37.13376776643235,271.6360000000001,282.1824999999999,306.15060000000017,277.9225000000004,48.750501623435845,8.357803,23.50635306839687
AWI,Armstrong World Industries Inc,162.73,USD,-2.679265594163039,393970,1.162553598834761,6916025277.364093,USD,Producer manufacturing,Strong buy,170.8054014118543,169.74183702089675,169.5867904101072,-4.925216172002808,-11.651012541397476,-14.765346742090928,168.90400000000008,174.8540000000004,169.85719999999995,174.2063499999997,22.293307760805533,8.435944,8.054297302898426
S,"SentinelOne, Inc.",19.81,USD,1.9032921810699457,6632116,0.6542632803701739,6894853519.854423,USD,Technology services,Strong buy,20.111731859404866,19.409498585408905,18.468636780128836,-1.2954658694569086,-10.886189833558262,31.192052980132445,19.671999999999993,21.068499999999993,20.004599999999993,16.076900000000002,nan,0.319378,23.480830428852858
AN,"AutoNation, Inc.",207.22,USD,-0.9369920642508881,457368,1.0026194003986646,6850860035.974184,USD,Retail trade,Strong buy,205.28666457154608,203.45253255948967,201.95974985543535,2.134161368229096,-0.3941549701980356,0.6068844977423896,209.0480000000001,203.17649999999995,203.96279999999973,201.71445,9.599162470526652,21.795745,35.24606083388153
VCTR,"Victory Capital Holdings, Inc. Class A Common Stock",111.06,USD,-0.7151796888968328,1263766,1.8303459183259663,6831253000.871446,USD,Finance,Buy,109.28793479757304,104.15916533639218,97.48017228993722,-1.0072198948212814,-0.3409906676238294,75.33943795389959,112.68599999999995,115.74075,105.39630000000002,81.09489999999998,20.35146872881201,7.946286,34.7132735935224
MATX,"Matson, Inc.",227.99,USD,0.4981045578771027,258839,1.025274273018554,6817689326.226791,USD,Transportation,Strong buy,218.7110683175994,211.99389679969968,201.71981974049027,3.8064016755452417,9.352966569140007,83.7147461724416,225.20000000000013,221.44650000000001,213.73919999999998,173.32345000000015,15.243233846812153,16.33565,1.1325755782897002
TEX,Terex Corporation,59.64,USD,-3.651050080775441,1140341,1.1593907169927649,6816852349.746689,USD,Producer manufacturing,Strong buy,64.06208815276668,64.37756931752364,63.837245030194204,-5.197901764425364,-10.356230272057719,11.351755041075425,62.088,64.04750000000001,65.40379999999999,61.465274999999934,30.94002905167047,5.042071,-28.130942172178518
ACT,"Enact Holdings, Inc.",49.5,USD,-0.1009081735620528,365612,1.0561384443441109,6805441713.45106,USD,Finance,Buy,48.47633101768716,47.45833640073362,46.113912993069206,0.7941356139279181,2.0197856553998284,24.559637644690483,49.42600000000003,49.33250000000004,47.7804,42.980925000000035,10.434672625321472,4.800104,7.784240661637735
CAI,"Caris Life Sciences, Inc.",24.04,USD,0.04161464835621311,2629154,0.5092642308642922,6793588424.923844,USD,Health technology,Strong buy,22.773771919595518,21.55452893832759,20.87629097148207,-3.6086607858861353,2.7789653698161545,-11.291512915129159,24.656,24.575499999999998,20.345599999999973,20.95357500000003,64.57158205748053,0.121033,nan
HXL,Hexcel Corporation,89.82,USD,-0.6635700066357095,1092028,1.5642377437165307,6792498252.179164,USD,Electronic technology,Buy,95.75553985055468,96.14720176944614,94.64240192276702,-3.6782841823056374,-10.998810939357917,20.93712131412414,91.18600000000004,94.96299999999991,99.96059999999993,88.88666500000008,45.274459398155145,2.404092,84.24034175334324
DUOL,"Duolingo, Inc.",145.16,USD,4.251651824188443,1115462,0.9192204711892646,6791457839.820453,USD,Technology services,Buy,140.83025648940202,135.79635952651546,134.05194193977655,-10.139903429491145,6.715677265208594,-17.863407457703836,148.8139999999999,145.9285,136.7391,130.9266000000002,17.409241913625404,2.750347,246.51124132485563
SRRK,Scholar Rock Holding Corporation,55.67,USD,1.9223727572317912,1175623,1.1389619779573124,6779786311.740023,USD,Health technology,Strong buy,54.312059009830996,53.090085714840136,51.44288087162816,-0.8371927324545758,6.811204911742142,26.55148897476699,55.79599999999999,56.09650000000006,53.49690000000009,47.976850000000006,nan,-3.324747,-14.401246229823336
CLF,Cleveland-Cliffs Inc.,11.83,USD,-2.1505376344086002,9442847,0.8782797789150841,6749488746.978495,USD,Non-energy minerals,Buy,11.70175883869299,11.535690881454101,11.394306083773822,-7.215686274509804,-6.03653693407466,-12.43523316062176,12.198000000000022,11.78650000000004,11.158799999999987,11.432849999999988,nan,-0.184732,52.62541022034692
CELH,"Celsius Holdings, Inc.",26.63,USD,-3.6541244573082547,8989732,1.2360356632906042,6738323217.712011,USD,Consumer non-durables,Strong buy,29.863627385450968,30.435380902243637,31.977979458450584,-15.567533291058973,-1.2606599925843525,-42.64484169717855,29.21999999999999,31.350250000000006,30.09809999999988,37.55007500000003,115.18166089965398,1.450746,-36.255858836504004
SFM,"Sprouts Farmers Market, Inc.",72.2,USD,-1.244699767473665,2207555,1.196994526007942,6732478744.483654,USD,Retail trade,Buy,79.76851733157996,80.50837852142729,81.23257850006286,-8.37563451776649,-14.129400570884867,-9.205231388329972,76.38999999999999,80.41899999999994,80.86409999999994,79.06117499999993,13.834067829086031,5.569376,7.524001813012498
CAMT,Camtek Ltd.,144.25,USD,-2.966500739943493,303800,0.7945626596873482,6731884372.3193865,USD,Electronic technology,Strong buy,147.54489463144589,150.91553978048432,153.03653056766998,11.977953733892258,-11.741311796377875,30.483943916779744,144.90799999999984,147.15074999999996,147.30570000000017,152.78439999999998,238.78496937593115,3.612417,-77.69531826908876
CHE,Chemed Corp,514.4,USD,-0.8041344466513821,90912,0.6344026969371955,6723187824.552904,USD,Health services,Buy,517.8026769859213,505.78066174154657,489.1014693774062,-2.6273945634890583,-5.892683997731479,20.28528001870689,519.254000000001,528.3539999999998,519.5204000000009,449.0824999999999,25.837690681052194,25.5225,2.3551730520081344
NCLH,Norwegian Cruise Line Holdings Ltd.,14.57,USD,-1.8855218855218812,19122335,1.2143122627831877,6690366937.707071,USD,Consumer services,Buy,16.99726416479831,17.675471645039426,18.316637317217314,-7.138304652644992,-22.002141327623125,-35.301953818827705,15.193999999999965,16.683000000000014,18.368999999999968,19.80504999999999,9.207532861476238,1.547216,13.899085870582311
MSM,"MSC Industrial Direct Company, Inc.",119.68,USD,0.20932763962153564,742045,1.3067124140893094,6683684987.589718,USD,Distribution services,Buy,120.68850430936352,119.14498285017599,115.3887669662041,3.2970826860003517,-2.643781013584967,43.915343915343925,119.75799999999985,120.16599999999983,122.17119999999986,102.35710000000006,28.960677555958863,4.613917,16.559485530546635
LB,LandBridge Company LLC,86.38,USD,-0.6098262570475218,149611,0.7509627276815831,6658638151.029571,USD,Commercial services,Strong buy,82.81295919182394,79.9807865490156,76.72252130311288,-0.5182540596568039,5.534514355528407,73.17562149157978,86.85199999999993,85.20949999999995,80.20020000000001,68.12615000000004,97.73704458022176,1.884103,74.42273534635878
ZGN,Ermenegildo Zegna N.V.,11.63,USD,-0.5982905982905856,1682369,1.3086699268892443,6640925261.735898,USD,Consumer non-durables,Buy,13.201444639773072,13.317443628568379,13.103760893073156,-8.641005498821679,-19.515570934256044,13.132295719844373,12.114000000000004,13.208500000000006,13.769599999999995,12.007899999999996,33.89682308364908,0.47024395387999995,-15.304862996790916
CIFR,Cipher Digital Inc.,15.94,USD,-5.68047337278106,47122423,1.4763865076252807,6615589706.039054,USD,Technology services,Strong buy,17.710381069632664,18.52820858053492,18.801948002344012,5.493050959629385,-7.271669575334506,6.479625918503666,17.292000000000005,16.465749999999996,18.9673,18.415675,nan,-1.295457,-522.4881463084218
PLXS,Plexus Corp.,246.94,USD,-0.527693856998994,129410,0.6462241255675247,6581469477.511862,USD,Electronic technology,Buy,251.82142498638223,253.80243467564364,249.53978328926638,2.201804486383575,-9.266607877718998,67.72396929973512,246.62799999999993,247.2475,256.1008,223.19824999999997,36.42827639110167,8.691667,15.340638399237735
ALGM,"Allegro MicroSystems, Inc.",35.27,USD,-1.5904017857142863,1591900,0.778370083559268,6574400466.859933,USD,Electronic technology,Strong buy,39.89416069259287,41.821028198247575,42.346650956061,1.0601719197707866,-18.863584080975375,30.629629629629644,35.94999999999998,37.75600000000001,43.80879999999999,39.61134999999997,469.6404793608522,1.027337,nan
ETSY,"Etsy, Inc.",71.59,USD,0.5618766680713663,2881784,0.9421131082078718,6570655961.677342,USD,Retail trade,Buy,77.96563367527872,76.84213081191255,73.89648511589365,-14.702728464196358,-10.130554858147118,27.97640328923848,74.828,80.01550000000006,80.93740000000004,64.21074999999998,42.116719614072245,3.297218,35.9404990403071
TTD,"The Trade Desk, Inc.",13.97,USD,0.648414985590777,10509715,0.5484912386925545,6564231700.184438,USD,Technology services,Buy,14.99815679159139,16.26599564572539,18.576035857679763,-5.989232839838485,5.833333333333345,-63.424532006807176,14.278000000000063,13.777000000000061,16.313999999999925,24.6465249999999,16.57963446475196,0.392454,1.5915119363395211
MGY,Magnolia Oil & Gas Corporation,27.7,USD,-0.323857502698812,4494707,1.247989169579965,6564030364.530406,USD,Energy minerals,Strong buy,26.81570520829629,26.827922160734484,26.881940141773065,1.0211524434719095,6.661532537543322,26.484018264840188,27.38399999999998,27.07250000000004,26.136200000000063,26.59274999999999,12.137943122562552,2.917307,18.921313183949962
LNTH,"Lantheus Holdings, Inc.",100.39,USD,-0.3078450844091383,868629,0.8648631264883319,6555454086.875174,USD,Health technology,Buy,101.22430278377983,100.56327940183864,97.54988509201637,-0.3869815439571349,-0.515310672876817,50.28443113772456,100.69599999999996,100.68050000000014,102.5375000000001,84.92360000000002,24.26227131014815,5.389,9.907827980981214
WFRD,Weatherford International plc,89.92,USD,-3.374167203954438,640523,0.5934251044733474,6536140095.085321,USD,Industrial services,Strong buy,91.44863121817973,91.67830562128493,91.94752647816588,-7.6512272773955035,-3.1138885895916393,14.372933095904346,93.79800000000003,92.78525000000003,88.23289999999992,92.65194999999994,17.766186552861914,5.005623,-22.193697156033817
MIRM,"Mirum Pharmaceuticals, Inc.",100.61,USD,2.349949135300104,586934,1.2504964198117952,6532829367.6611395,USD,Health technology,Strong buy,102.31952590717108,103.37559434294559,102.44393648141038,-0.9354076408034687,2.059241225400691,27.177347996460625,99.99399999999999,99.12200000000007,107.75430000000007,96.495025,nan,-15.131329,-1101.5528206822498
LW,"Lamb Weston Holdings, Inc.",47.32,USD,-1.6829420319966804,1285355,0.9524107676422414,6505601918.901308,USD,Consumer non-durables,Buy,50.323066247440934,49.51668518413899,48.62355535858749,-8.94746969405426,-7.560070326235588,12.45247148288974,49.03199999999999,52.61150000000007,50.71119999999994,46.97575000000007,22.678040831975466,3.02296,-16.745800582532027
GTES,Gates Industrial Corporation Ltd.,25.63,USD,-2.6215805471124667,2494780,1.2861232080648841,6488264381.541793,USD,Producer manufacturing,Strong buy,26.38080254692847,26.424808262537965,26.189459150455026,1.6660055533518372,-10.976033344911428,18.657407407407394,25.74799999999999,26.182999999999982,26.7448,25.034699999999972,18.151558073654392,1.675443,81.51433346188455
DOX,Amdocs Limited,60.26,USD,0.7523825447249552,1029298,0.9272201484167684,6482228557.72981,USD,Technology services,Buy,59.52819910129628,59.11915201116819,60.2357505681406,-4.273232724384439,3.66420092895234,-25.328376703841393,61.105999999999995,61.02199999999998,56.74300000000003,66.09187500000041,14.40661757674285,7.416,-15.478499838344648
WEX,WEX Inc.,190.03,USD,2.227123567701337,488282,0.9264347983483314,6476527912.9146805,USD,Commercial services,Buy,186.48338606444636,179.21403870375173,171.8781177369028,-2.3132678764200896,2.835651279831165,27.07636752708306,190.4339999999999,194.3084999999997,179.9050000000001,158.93400000000003,18.923332769042332,20.065931,26.891924335662566
URBN,"Urban Outfitters, Inc.",75.6,USD,-2.552204176334112,1380925,1.0483752375959126,6475169684.547563,USD,Retail trade,Buy,76.63210458959469,75.49900617703221,74.22069259685755,-5.4172400850744555,-3.7433155080214053,0.41174126710052866,78.83200000000002,77.70300000000009,75.2174000000001,72.22079999999997,11.795911998751755,6.371822,25.425652667423382
HR,Healthcare Realty Trust Incorporated,18.88,USD,-0.15864621893178812,3493272,1.0507985913717353,6470548961.370703,USD,Finance,Buy,19.501933560161383,19.65335418106055,19.55999285212865,-2.6804123711340186,-2.630221763795779,11.71597633136095,19.04800000000001,19.1935,20.128999999999994,18.746950000000005,nan,-0.077621,77.63043855087537
ENS,EnerSys,179.02,USD,-0.04466778336124181,335002,0.6325598714343899,6456396566.006031,USD,Producer manufacturing,Strong buy,189.43143067224221,193.72823796840078,194.3512466011103,-2.1908976670491125,-5.064432306305342,21.989778534923346,180.10799999999995,188.70500000000013,192.72359999999983,186.87619999999993,19.150415592473337,13.368333,6.6404289299566575
UBSI,"United Bankshares, Inc.",47.33,USD,0.91684434968017,907145,1.1158155658574667,6446941878.644989,USD,Finance,Buy,47.572756126289306,47.047056824965495,46.06998139012344,-0.3159224936815472,-1.580370139322115,23.448095983307237,47.384000000000036,47.74399999999998,47.635899999999985,43.37097500000002,12.917576419213972,3.708333,29.442521020278388
FNB,F.N.B. Corporation,18.26,USD,0.3848268279274342,3350391,0.9912758672466679,6445798021.084112,USD,Finance,Strong buy,18.632475211453386,18.579599901625084,18.37089321346581,-0.6528835690968305,-3.894736842105255,6.472303206997102,18.382000000000005,18.577999999999992,18.84360000000001,17.815675000000002,10.872930808622128,1.687089,30.448966910051254
POWL,"Powell Industries, Inc.",176.89,USD,-1.8695218018417867,411096,0.7246545165841033,6444556010.800122,USD,Producer manufacturing,Strong buy,200.12612819921753,212.00382518811122,216.53601384183438,3.674832962138074,-15.31298623578696,63.78720082423784,179.19400000000005,189.88050000000004,211.23160000000007,201.60192513945003,33.878535996782404,5.384617,8.781615900662528
RIG,Transocean Ltd (Switzerland),5.77,USD,1.0507880910682945,45613868,1.0944193403953888,6444398376.070051,USD,Industrial services,Buy,5.693351508000546,5.683633196393738,5.670584999967947,-8.003826530612255,1.5845070422535188,39.03614457831323,5.822000000000001,5.832999999999998,5.465199999999998,5.5836000000000015,nan,0.227048,3.916576381365115
VNO,Vornado Realty Trust,34.37,USD,-0.893886966551333,1543421,1.3842567999098103,6417584853.558246,USD,Finance,Buy,37.23221983325777,37.077178317452,36.289481078763025,-7.408405172413794,-11.577051710830975,3.368421052631571,35.48799999999999,37.59799999999994,38.76859999999995,33.431,1385.8870967741934,-0.355,-99.38629052214797
MAC,Macerich Company (The),22.61,USD,-1.8237082066869372,5501136,1.5179138656361848,6411277935.823708,USD,Finance,Strong buy,23.884436901906092,23.906828199404956,23.431200994779008,-4.032258064516126,-6.531624638280288,22.547425474254744,23.104,23.948500000000013,24.752399999999998,21.363600000000005,nan,-0.151508,45.78130273371583
HIMS,"Hims & Hers Health, Inc.",27.44,USD,-1.6487455197132521,7553508,0.8228132411888054,6402119993.020789,USD,Health services,Buy,29.30567728536094,29.43403185480668,29.361699834295813,-4.986149584487527,-7.640525075732074,-16.848484848484844,27.808000000000003,29.427500000000027,31.2386,28.26849999999999,nan,-0.577497,-177.97246558197747
POOL,Pool Corporation,175.76,USD,-1.2140287769784155,709032,1.078076427455497,6387249773.487411,USD,Distribution services,Buy,188.3858196600711,192.18329762390417,198.26954620876754,-4.0558982477209495,-11.864406779661016,-22.952831842889715,180.06199999999987,186.8684999999998,195.47100000000012,214.67494999999954,16.161690467214093,10.981721,0.3534253654215226
CGON,"CG Oncology, Inc.",72.0,USD,0.0555864369094028,657931,1.1187109058376818,6382106790.883825,USD,Health technology,Strong buy,73.4370490706361,72.02930684357602,69.40788474141043,-3.923138510808644,-6.103286384976534,74.79970866715223,73.27200000000003,76.10799999999998,73.66980000000001,61.55735,nan,-3.317708,-60.32954613050978
INGR,Ingredion Incorporated,101.13,USD,0.4070691024622683,505845,0.8397795650235866,6377660385.155778,USD,Consumer non-durables,Buy,102.63097328350922,102.89939199596094,104.10071044004394,-1.124364489636298,-2.2898550724637725,-7.576311460427716,101.098,104.00749999999978,102.16580000000003,108.10699999999999,11.016819905006752,10.53366,-10.412335919582285
TXNM,"TXNM Energy, Inc.",57.86,USD,-0.06908462867011943,1673331,1.049940488997288,6371876369.671847,USD,Utilities,Buy,57.71816147434249,57.78022510690536,57.90784351012168,-0.46447617409255654,1.0655021834061125,-1.9322033898305095,57.997999999999976,57.636999999999986,57.518600000000134,58.43679999999986,32.14087323630708,2.919083,-7.316068578489414
TVTX,"Travere Therapeutics, Inc.",67.51,USD,1.9480519480519574,1559587,1.2896089201064243,6363565484.7013,USD,Health technology,Strong buy,63.005844006811145,59.745080416354675,55.01264733707266,0.49121762429294175,11.127572016460913,72.6156993096395,66.32400000000003,65.52550000000002,60.7812,42.885275,nan,-0.027299,62.560054907343854
EPRT,"Essential Properties Realty Trust, Inc.",29.1,USD,-1.6227180527383263,1371402,1.0958522524189782,6345230423.387424,USD,Finance,Strong buy,30.34117370613832,30.628845745906766,30.84696359985169,-3.5145888594164414,-3.193612774451089,-1.522842639593906,29.581999999999987,30.418500000000034,31.048999999999978,31.197,22.615994404290046,1.316667,8.417593528816976
BLDR,"Builders FirstSource, Inc.",58.97,USD,-3.94201009936472,3423411,1.3725951045494802,6344962640.650432,USD,Retail trade,Buy,68.17608877934266,71.26600858574606,75.84950803933383,-9.248999692212996,-18.71812543073742,-42.68636407814171,62.58200000000005,67.26750000000013,71.42120000000008,89.58860000000011,64.13268080478521,3.11046,-86.04047427469675
MTG,MGIC Investment Corporation,30.84,USD,-0.09718172983479474,1683225,1.1018226213680633,6326050466.410107,USD,Finance,Buy,30.386741245006387,29.745572977734387,29.039008054688495,-1.1855174623518134,1.9841269841269888,5.833905284831844,30.970000000000017,30.98249999999997,30.049599999999995,27.82710000000001,9.6375,3.235117,4.869895785541066
KGS,"Kodiak Gas Services, Inc.",62.5,USD,-2.4199843871974975,1471963,0.9956249570490666,6319002452.185793,USD,Industrial services,Strong buy,62.25539436046237,62.829823114035875,62.17072139728059,2.6947091685836355,0.92039399321815,67.33601070950468,62.996,61.49850000000006,62.59220000000002,56.406749999999995,74.58233890214798,2.084497,-5.789769533445755
MMED,"MiniMed Group, Inc.",22.44,USD,-1.4059753954305811,1652538,0.6364538600048613,6313492830.674868,USD,Health technology,Strong buy,20.273724417053156,18.97459629176777,17.342451551941778,-6.030150753768835,14.024390243902447,21.297297297297302,23.12899999999999,20.997750000000003,18.675800000000002,nan,nan,0.679754,nan
IFS,Intercorp Financial Services Inc.,54.67,USD,0.0732198425773369,239178,1.3574973437826352,6311525611.162795,USD,Finance,Strong buy,55.70738831795909,55.32650318291088,53.99809824939699,-2.4098536237058217,-7.134363852556473,28.877887788778878,55.22600000000002,54.77550000000002,57.187000000000005,49.72129999999999,9.942530826028445,6.1230975482600005,22.155821651522896
AAON,"AAON, Inc.",76.52,USD,-0.6491820306413919,873417,0.8433246466341537,6309352548.894833,USD,Producer manufacturing,Strong buy,86.57953279323863,93.01141203101866,97.50202997600078,2.436412315930379,-15.94903339191565,-1.6578845906695878,78.0639999999999,79.46200000000019,92.75440000000008,98.36067500000004,40.02720092064654,2.361096,30.331333515134972
CAVA,"CAVA Group, Inc.",54.0,USD,-4.44169173597593,4251328,1.6606225217335906,6307534511.41391,USD,Consumer services,Strong buy,65.15038611881171,68.27702946723035,70.82533454258713,-14.217633042096905,-12.166558230318797,-8.381404818459448,58.615999999999985,66.38350000000003,66.69980000000012,72.21655000000001,96.42857142857142,0.54552,-52.83018867924528
LEA,Lear Corporation,127.84,USD,0.7169305916646943,402459,0.6955659848273394,6305677877.580399,USD,Producer manufacturing,Buy,130.0734287111826,131.05114433654137,130.8185125088695,-2.471772963075991,4.8212528697933825,10.722328078988403,129.882,126.10650000000001,131.2012000000002,127.46230000000018,11.916369161361287,15.054323,25.316559200074746
