Symbol,Description,Price,Price - Currency,Price Change % 1 day,Volume 1 day,Relative Volume 1 day,Market capitalization,Market capitalization - Currency,Sector,Analyst Rating,Exponential Moving Average (8) 1 week,Exponential Moving Average (13) 1 week,Exponential Moving Average (21) 1 week,Performance % 1 week,Performance % 1 month,Performance % YTD,SMA 5,SMA 20,SMA 50,SMA 200,PE Ratio TTM,EPS Forecast Next FY,EPS Growth YoY TTM
NVDA,NVIDIA Corporation,225.815,USD,-1.9729987845112067,76944137,0.5049712846001853,5442141514418.791,USD,Electronic technology,Strong buy,219.24080724975408,215.1884744750785,210.08399426876292,4.182237600922721,1.929674099485423,18.953301551347217,225.29499999999985,220.49524999999994,211.23209999999978,196.90172500000008,28.545875154855512,9.255033,125.14871211043119
AAPL,Apple Inc.,316.15,USD,-1.1938619245554427,17467243,0.4949899030209149,4613949925806.055,USD,Electronic technology,Buy,314.7275452277405,311.09091353638945,304.0887124811674,-0.26184617326015547,1.5090704768020513,16.122752566527698,322.88400000000036,313.5344999999999,315.79879999999997,284.11384999999984,36.24201850217234,8.833337,32.60922440789274
GOOG,Alphabet Inc.,335.275,USD,-0.010438102054822406,7513727,0.49642702922845705,4121525425289.547,USD,Technology services,Strong buy,341.8194661172208,344.004282628907,342.48562304593275,0.9104589917230932,-5.630770096825039,5.56850026764067,335.0950000000001,339.7867500000001,346.5418999999998,335.03537500000004,16.843503991399274,20.567627,112.01789423230548
MSFT,Microsoft Corporation,492.535,USD,-1.4338603161897066,8136130,0.3839961386539194,3657341097935.5234,USD,Technology services,Strong buy,477.5261738561963,461.1937652848211,448.0086086749259,-1.0019697700594865,-1.3371126379679803,1.6825459087296333,500.0389999999999,495.03324999999995,446.56350000000015,431.0402250000005,27.446309360616095,19.723885,31.54908515130189
AMZN,"Amazon.com, Inc.",257.1,USD,-0.545433445514668,14892517,0.4885089812646823,2773161550658.564,USD,Retail trade,Strong buy,258.55528077115207,256.10287401930475,252.0239390265801,0.8907899383903034,-5.779308828379808,11.135125788882172,256.882,261.14749999999975,254.43760000000017,239.2956,20.67950388494764,12.714129,89.7295812477109
AVGO,Broadcom Inc.,368.56,USD,2.9799242794674474,17294022,0.6570909230455332,1753453659767.6404,USD,Electronic technology,Strong buy,376.266018148447,379.7685079038012,379.1263610187861,1.1832532601235421,-13.968253968253963,4.474523421444271,364.1070000000001,375.63124999999974,383.7320999999995,369.9738500000001,47.039603834028924,11.613046,100.17117163149555
META,"Meta Platforms, Inc.",617.405,USD,0.10295572093324756,7079889,0.442962708174308,1572843074450.2969,USD,Technology services,Strong buy,596.8596557598305,597.5783991055284,602.8583361973077,10.577689421415064,5.423980602417865,-6.838432230563213,603.2489999999999,578.0052500000004,596.8347000000003,622.3886250000003,23.25644029426278,31.398658,-3.857269092594742
TSLA,"Tesla, Inc.",366.215,USD,3.4271915951197447,37031565,0.8953949869381276,1446383522200.4897,USD,Consumer durables,Buy,356.3655514231827,361.8874487350025,370.5264677050093,1.4727071210861729,13.61140410746417,-20.00546089995632,361.9519999999995,350.2060000000002,357.67779999999965,399.38322500000015,340.25364675276404,1.705422,-37.67083622886263
MU,"Micron Technology, Inc.",1018.0,USD,0.13869898385779597,18533033,0.7755276709876769,1149722171973.7002,USD,Electronic technology,Strong buy,962.2090594300138,927.2268949972706,855.5960755451752,8.16841546022048,12.66046923417441,244.9385853451927,976.4540000000003,951.1537500000004,935.9929,610.4270250000002,23.046221483696723,73.3679,697.287150515315
LLY,Eli Lilly and Company,1128.72,USD,-1.7957820004176128,1220412,0.5018672204971677,1062528522327.7153,USD,Health technology,Strong buy,1165.537126007156,1154.6617877714718,1127.4721904676057,-4.989898989898988,-4.989898989898988,4.860646599777028,1151.5519999999995,1197.4344999999998,1189.9146000000003,1063.8218999999995,38.353874226530884,36.394959,95.1428306190653
BRK.A,Berkshire Hathaway Inc.,757464.78,USD,-0.2482689109334418,112,0.7608695652173914,971827601146.199,USD,Finance,Buy,754974.6911821971,751056.3043012677,746422.4255751212,-0.03048716992986288,-2.9264667435601655,0.9953040000000037,758085.5599999997,756238.4890000002,754682.649200001,738619.7705500002,12.69693152440162,33247.814093,36.30277029708534
JPM,JP Morgan Chase & Co.,355.71,USD,-0.8169752397947823,2264701,0.4545796049789883,945543480028.5464,USD,Finance,Buy,352.6703189787164,346.250681518132,337.5849044717963,-0.00562224158773189,-0.014054418709245382,10.297674418604645,357.51599999999985,358.1395000000001,350.3083999999999,318.62430000000046,15.238401233774578,24.830336,19.772185022704537
WMT,Walmart Inc.,106.06,USD,-1.0080268807168176,9890480,0.40915033342168877,841453105909.5625,USD,Retail trade,Strong buy,108.51894292041246,110.84152538455778,113.24897467086754,0.9038150508990609,-4.113552120061475,-4.814897913394656,106.72599999999997,108.60300000000007,110.69020000000017,118.69259999999998,38.42614398029057,2.89042,4.131140119218296
AMD,"Advanced Micro Devices, Inc.",507.8848,USD,6.347718659044746,18919066,1.2107354299020197,829109239195.8528,USD,Electronic technology,Strong buy,490.10021579876945,481.2874650366481,453.31647604150913,10.43134526320366,1.9971884162750506,132.01681132937412,471.65696000000037,477.11373999999995,499.00039600000014,342.3857740000001,130.34384704221736,7.630301,124.2848097622748
V,Visa Inc.,368.695,USD,-1.6996827258911669,2412930,0.45696048752754265,688371039283.158,USD,Finance,Strong buy,366.8306377046471,359.9555017047176,351.7662423154265,-2.8855524825497127,0.050202165477192556,5.380569925972501,374.7170000000001,372.0952500000002,363.8421000000004,334.30717499999986,31.64139268642242,13.225656,15.026505167767343
XOM,ExxonMobil Holdings Corporation,159.91,USD,0.2759139650090912,5587511,0.4180736735422011,657535870442.973,USD,Energy minerals,Buy,156.97851082940102,154.69073983950602,151.8880967918114,-2.255501222493886,4.762840670859546,33.1584644849696,162.05799999999988,161.42900000000003,153.42780000000027,144.94509999999983,20.578318834611622,11.64135,10.170981370686484
JNJ,Johnson & Johnson,270.1,USD,-1.863895650910146,3660476,0.6090929276401178,650913593951.1423,USD,Health technology,Strong buy,265.2761231095265,260.05581312458776,252.912875295581,-0.269541778975727,5.55316737660715,30.596654095348626,274.0320000000004,268.6794999999998,262.0772,236.17392500000014,31.30577899348617,11.583789,-7.724064171122985
INTC,Intel Corporation,104.83,USD,9.4258872651357,100606222,1.2267916995270933,550832016619.1854,USD,Electronic technology,Buy,98.81993555311935,98.97272587061659,95.21869385901734,20.71625978811607,2.44307632170429,177.54831877151176,94.26400000000001,94.31325000000011,100.13690000000005,74.50742500000004,nan,1.499376,55.48626858150668
MA,Mastercard Incorporated,568.76,USD,-1.8041815576388607,1033588,0.40825994990146947,498239430287.0953,USD,Finance,Strong buy,567.2749692013695,556.1276167249805,545.4481648325682,-3.542779615025861,-0.6654208219082486,-0.34167966217519324,580.5840000000003,579.9615000000001,559.1081999999991,530.5563499999998,31.29026401641644,19.955542,22.61557038106353
ORCL,Oracle Corporation,162.755,USD,2.5034639123315245,27603742,1.243664041518619,468811045418.36316,USD,Technology services,Strong buy,152.4878493766423,153.66753215457538,158.15686853203647,10.906303236797271,11.997660335810627,-17.579885552235783,152.52900000000005,148.89625000000015,140.12310000000014,168.49632499999996,27.94173190495811,8.069371,34.18415535948765
ABBV,AbbVie Inc.,250.57,USD,-2.2966544490368817,2108111,0.569301565062085,442786569506.4119,USD,Health technology,Strong buy,252.39950262409062,248.26412926154993,242.1395898729222,-3.9924901337216046,2.85280354650685,9.543586604878893,257.78999999999996,257.66749999999985,254.42280000000005,228.42269999999996,70.84652793485637,14.030708,68.31485271022699
BAC,Bank of America Corporation,62.75,USD,0.11167836630504194,12731952,0.43203816837467734,438794972717.8446,USD,Finance,Strong buy,61.96564989944034,60.70844960053779,58.91691623589303,1.2586735517185754,0.06378568011481286,14.028711611848081,62.611999999999874,62.8855,61.717199999999984,54.92815000000009,14.441222498389026,4.641967,27.24983161039038
CSCO,"Cisco Systems, Inc.",108.75,USD,-0.4120879120879147,5759195,0.452890973991908,428756288372.11536,USD,Electronic technology,Strong buy,111.56766138556584,111.29967013240946,108.22753151616779,-1.1812812358019056,-10.772891368559236,41.88792484832671,109.15100000000007,111.85875000000001,114.18269999999993,94.91150000000005,32.6684490372195,5.119928,27.475683541395412
CVX,Chevron Corporation,210.1999,USD,0.7669702780441129,3866178,0.532811050030997,415306929271.7408,USD,Energy minerals,Strong buy,200.70663315783227,196.44534571199893,192.09833096508717,0.5741148325358917,12.883250093979917,38.13945388229884,210.58998000000003,204.00549500000017,191.93599799999956,181.4027495000001,20.15223477077062,16.079147,34.62660368104495
PLTR,Palantir Technologies Inc.,171.76,USD,-1.4742155681753122,13390311,0.4680475762841544,412755281162.7823,USD,Technology services,Strong buy,165.41877706701928,158.23746199583547,153.24132591432536,-6.131817684992896,7.3030549134753535,-5.26199669056813,175.6,176.7464999999999,151.0656,151.39405000000002,146.79087257499359,1.594846,288.8667331339315
COST,Costco Wholesale Corporation,910.33,USD,-0.5907790420861782,1214221,0.6854514293069168,403712070634.05505,USD,Retail trade,Strong buy,935.372088965092,943.9267666332163,952.1832222134142,-3.9077426505515365,-3.516655891299504,5.712195461829674,923.9840000000007,945.0702500000004,942.7293,960.33865,45.78710177146939,20.516729,12.777024612434968
LRCX,Lam Research Corporation,319.02,USD,3.69575816674793,3699473,0.5875848506035367,399196431831.5088,USD,Producer manufacturing,Strong buy,315.2273616688475,314.24902860749427,304.32039282692875,8.305749350715477,2.2926219258024103,79.37587854933932,299.56999999999994,313.39400000000006,320.68240000000003,261.77415,55.346021061397266,9.483334,38.61340900346286
CAT,"Caterpillar, Inc.",827.335,USD,1.645698700149886,1168545,0.5488663656981361,380305106173.83124,USD,Producer manufacturing,Buy,839.2028222797724,848.6776871502356,839.658246308691,4.874632390224121,-4.423945565657378,43.23914887723125,802.5709999999995,823.1957500000002,869.2888999999994,774.6193999999995,35.58766851056874,27.248627,18.21556423399235
KO,Coca-Cola Company (The),88.195,USD,0.1419325536505053,6045344,0.41284143381498223,379463292581.65216,USD,Consumer non-durables,Strong buy,87.43215427565092,85.99121131291265,83.97862622556944,-1.5570934256055478,1.9477517050051878,26.26342161775233,88.26299999999992,88.92424999999996,86.1770999999999,78.53065000000015,26.571962278931032,3.305443,17.602664493498224
AMAT,"Applied Materials, Inc.",470.285,USD,3.425260055859789,3201947,0.5541247735548591,373216951940.328,USD,Producer manufacturing,Strong buy,490.9571425876919,495.2320604634113,480.70311875426637,4.340832445864394,-12.844011193684095,76.0839448854276,448.2430000000004,486.8722500000002,530.5872999999999,408.288725,40.551598661745935,12.813925,38.26930872499227
MRK,"Merck & Company, Inc.",148.79,USD,-1.0244129581587311,2632182,0.3186028941207511,367090471427.19446,USD,Health technology,Strong buy,142.061293078131,137.03848589377967,131.31145846088978,-1.038407774745392,16.293804755944915,40.87937079503457,150.59199999999998,145.92149999999998,134.99220000000003,118.66635000000008,118.92734393733512,2.749074,-80.7110590339341
UNH,UnitedHealth Group Incorporated,402.85,USD,1.4377801279145985,1737043,0.46596925912990106,361596098108.73224,USD,Health services,Strong buy,401.6493813977548,399.29742702331004,390.06009252480146,2.7468883901244743,0.315001805346326,21.745568836035613,399.37800000000027,396.6174999999999,411.2407999999991,351.9392750000003,25.905086489614817,19.759929,-32.64203819448956
GE,GE Aerospace,337.05,USD,-0.020764119601326878,1635495,0.5351877621442265,349710435560.05194,USD,Electronic technology,Strong buy,346.7656975976387,345.4605869844639,339.4999915464774,1.0008690180096587,-10.451924865166443,8.813559322033901,333.64800000000025,349.5599999999999,356.5756000000003,321.5313999999997,39.72725451138011,7.918383,18.431815961025716
DELL,Dell Technologies Inc.,529.19,USD,0.9634830388827543,4122683,0.3678663562526996,343063854677.1123,USD,Electronic technology,Strong buy,472.28175963552553,440.9265675398517,394.8282642093532,16.129386205534477,18.93246432183393,312.1417445482866,497.3839999999999,469.6800000000001,442.04640000000006,255.48360000000025,30.718104404056355,25.631573,153.33519602364635
MS,Morgan Stanley,218.31,USD,0.2709902627227648,1245469,0.35990813170462976,342870327421.86194,USD,Finance,Buy,215.78816276672495,213.2076544797496,207.69497523164367,3.8483493483017805,2.1381117245251207,22.292244349214364,215.20800000000014,215.20050000000015,215.71120000000013,191.21640000000002,17.639216573478556,12.897274,40.22978086972287
PG,Procter & Gamble Company (The),145.215,USD,-0.8365200764818318,2763850,0.37618293086471344,337542559038.32697,USD,Consumer non-durables,Buy,145.660656156408,146.1113770219413,146.72693281148455,-0.3739023051591572,0.2173913043478245,1.470896513171679,146.4850000000003,144.90825000000024,146.64409999999995,147.56172499999985,21.936131965739662,6.975775,1.73974518573163
NFLX,"Netflix, Inc.",76.745,USD,-1.9233226837060646,19713910,0.7415673971568905,319561570803.1844,USD,Technology services,Strong buy,77.4591995157266,78.12844923984316,80.39210093368523,-4.2662009605189315,4.957603938730853,-18.469138425581633,80.24099999999999,79.33274999999989,75.49889999999971,86.69677500000003,24.17774557368786,3.597805,35.26804738770987
HD,"Home Depot, Inc. (The)",314.945,USD,-1.9015729637128231,1691245,0.5379630300852082,314217350535.40155,USD,Retail trade,Buy,329.3157022842581,331.7607327675961,334.7051672610809,-3.3940676666359924,-10.402264515945493,-8.294266662784269,318.4690000000006,332.86875000000094,338.44250000000073,343.79682499999967,22.038921233835303,15.006183,-2.9250730249303722
GS,"Goldman Sachs Group, Inc. (The)",1039.475,USD,0.08328438971317523,489431,0.31112841046718687,302665404663.35754,USD,Finance,Buy,1037.7015717582178,1030.0672213464538,1009.5602770206411,3.4591727048331755,0.10930908950825269,17.587669683257907,1024.5990000000002,1033.3852499999998,1044.1007000000002,949.3967249999996,16.042716786379025,70.230702,42.76881720430108
PM,Philip Morris International Inc,187.07,USD,2.4872623678299415,2933075,0.8456723471060321,291569830244.952,USD,Consumer non-durables,Strong buy,187.33378758392217,186.04405112236518,183.32468273389384,-1.7231415812976103,-0.11213156770611275,16.729065268937976,186.17199999999997,188.67700000000013,188.05340000000012,174.55610000000033,26.889850364386437,8.367219,32.011992637431455
PANW,"Palo Alto Networks, Inc.",336.8937,USD,1.0903498769729438,2625331,0.38138968724468364,274568373545.78094,USD,Technology services,Strong buy,344.0155825460611,330.40904267952817,306.1575634464744,-10.070551492178737,-7.826621067031456,82.29192143282292,338.5327400000001,361.37568500000003,349.95807399999995,233.74641850000006,663.5684459326374,4.184163,-68.27073307918255
RTX,RTX Corporation,199.91,USD,-0.43826883808954403,1439842,0.4201853389944342,269430328497.3906,USD,Electronic technology,Strong buy,205.96054038051864,203.69789623839392,199.97039051834685,-4.124502421946187,-10.164921583606708,8.942779291553132,201.754,212.57649999999995,207.9100000000001,193.21625000000006,35.20162000352175,7.24657,24.774794568704138
WFC,Wells Fargo & Company,88.7999,USD,-1.3005446259864455,4089999,0.32492415898862353,268530836204.00375,USD,Finance,Strong buy,87.2773200232982,86.28101859657436,85.2963154894358,2.7301018047200327,2.7063381910710156,-4.823258306538053,88.85397999999992,86.939495,86.74779799999999,85.01819950000005,12.901336626471014,7.289537,18.045551210811553
SNDK,Sandisk Corporation,1788.9,USD,2.810344827586212,8087315,0.7253685680882568,261928960455.40262,USD,Electronic technology,Strong buy,1615.9422626777355,1570.8052817980526,1461.4670652592538,17.22727898244442,36.630260444512345,632.1055862492328,1634.8320000000006,1557.3404999999993,1544.2144,1011.6875,24.541552171891013,211.821325,nan
GEV,GE Vernova Inc.,972.1,USD,3.2008068368809357,881162,0.43862549787410277,258902883906.6123,USD,Producer manufacturing,Strong buy,978.8440219303506,987.1067233765353,974.5251923807078,9.406653761310949,-4.056454796683775,47.02279223823711,935.2719999999999,971.0434999999995,1013.9354000000002,888.2052999999997,27.826121804046394,30.686321,735.9407527936638
ANET,"Arista Networks, Inc.",198.445,USD,2.407369181546079,2322114,0.5258899060727927,250283716030.66843,USD,Electronic technology,Strong buy,189.40446471906913,182.99028517173468,174.56212166978392,1.366399346171519,0.2247474747474713,48.03804550540841,191.80499999999978,194.85724999999996,183.74830000000003,152.31527999999994,62.565420266094954,4.106389,24.726700747149035
KLAC,KLA Corporation,188.22,USD,1.4116379310344853,5395192,0.6675509370565916,245918237923.24332,USD,Electronic technology,Strong buy,192.71393875013456,195.8193202518626,192.97517578774895,8.961444946161857,-4.929790887968477,49.415341626247304,177.98200000000003,187.64450000000005,204.5528000000001,171.89573999999993,51.31826485263244,5.486128,20.65993354607363
TXN,Texas Instruments Incorporated,257.09,USD,-0.522364958984686,2128765,0.45330298771144983,234786848439.45905,USD,Electronic technology,Buy,268.6010998177878,271.8251274830841,268.1442996798093,0.35130176821889114,-9.392401494325803,46.93795902037548,255.49999999999994,265.3875000000001,279.4633999999996,239.87824999999958,39.11125309966074,8.511411,20.161231354197135
C,"Citigroup, Inc.",137.83,USD,0.07987220447285336,2995265,0.3825441895874018,231201111725.06952,USD,Finance,Strong buy,135.59243715704994,134.48898771670378,131.81535679881247,5.157549401083406,2.996562546704543,17.592355601057946,136.11399999999998,134.904,135.20840000000007,123.3778999999999,14.87818305465301,11.197137,36.96699982257968
TMO,Thermo Fisher Scientific Inc,607.54,USD,-1.0166509172667748,856420,0.6089418794050199,224636275604.11813,USD,Health technology,Strong buy,593.6736848867528,574.2722299948518,555.4128929956962,-1.85137318255251,5.11072664359861,4.838654012079372,609.7579999999996,612.3234999999995,572.6238000000001,536.2288000000003,32.68065970242386,25.110682,7.601479432074029
AXP,American Express Company,327.47,USD,0.4016433652195248,1250218,0.6186774458104605,221143707421.8661,USD,Finance,Buy,333.04880515373407,333.2010388832344,332.48942014132484,0.15598238316615115,-4.164471758852784,-11.374830852503376,327.5240000000005,334.86899999999974,341.18339999999966,337.04702499999985,19.868341220725643,17.642617,15.718377892608398
IBM,International Business Machines Corporation,231.93,USD,-1.2601643322406146,2393770,0.5762504053880209,218509230687.98495,USD,Technology services,Buy,236.42748850125423,240.28018628929883,245.3843321690002,0.40259740259740556,-1.465715014019878,-22.056055921494824,232.9260000000001,234.09449999999993,240.5563999999999,262.0330999999998,20.586903842569168,12.311393,82.7337312658146
LIN,Linde plc,469.83,USD,-1.620704818141845,1324300,0.7759714291573769,216582313573.22284,USD,Process industries,Strong buy,486.70477032894144,492.1633632843012,493.7575244281284,-3.821903787103381,-3.44239385095976,10.216289762597357,480.7600000000001,483.48624999999976,500.5166999999999,480.75182500000034,30.33470642166294,17.880722,10.101512738853511
CRWD,"CrowdStrike Holdings, Inc.",210.02,USD,-1.445330830595957,3304060,0.25858966801360167,215046795891.15067,USD,Technology services,Strong buy,204.5499849737832,195.46128374232265,181.58192304811163,-7.885964912280698,-1.779492575704421,77.23206751054853,211.31599999999997,209.80400000000003,201.50855000000004,142.8976125000001,5882.913165266106,1.252916,nan
AMGN,Amgen Inc.,397.665,USD,-9.049013105230657,3508820,1.6552514188883547,214990437255.0678,USD,Health technology,Buy,408.97679618354044,397.62497410046075,384.37780452369356,-8.645971408289888,-1.5899923284416726,20.955379140432534,431.9949999999997,430.464749999999,397.8477999999996,358.71492499999954,24.702758106597095,23.076401,31.702528020944104
VZ,Verizon Communications Inc.,50.2151,USD,0.14978061428001407,6877817,0.40063955144325303,208632459178.0376,USD,Communications,Buy,48.71551831565388,48.00111071644949,47.386366011716106,-0.5641584158415849,8.36232196806214,23.166789305862142,50.29301999999998,49.357754999999926,46.485501999999954,45.76110050000022,13.076848958333334,4.992403,-10.788960133816568
STX,Seagate Technology Holdings PLC,914.4,USD,7.667671439336851,2822943,0.999222410161791,207243752571.47983,USD,Electronic technology,Strong buy,869.2875997985021,850.031208170427,797.7315748614351,12.853360978951068,5.995270552232581,224.28981806575163,837.4939999999997,859.0155000000001,853.8137999999999,596.7225749999999,65.90745278939022,35.990159,104.84275800974459
APH,Amphenol Corporation,83.01,USD,0.27784489007007,4235943,0.3989298891345166,204699921056.0697,USD,Electronic technology,Strong buy,80.89839574288676,79.55995108631238,77.50127608288201,4.3429074225378645,-3.2799300903000264,21.076429404900818,81.90400000000002,80.97574999999993,80.53549999999996,72.94850000000005,41.561107495118414,2.631642,59.36328093832282
CRM,"Salesforce, Inc.",248.365,USD,-4.191258727770709,8998422,0.4434247544122069,204404403663.0264,USD,Technology services,Strong buy,222.32630344511068,209.54011926539826,202.20436964369347,-2.6057801654836994,29.97278769166362,-6.2773584905660345,257.413,223.45974999999993,193.45030000000008,200.82107500000026,22.63625592417062,16.592707,59.33315907176673
MRVL,"Marvell Technology, Inc.",228.25,USD,2.102437933348239,14014222,0.5759468947729842,200152433305.01227,USD,Electronic technology,Strong buy,222.42030634352008,218.0832840873514,205.16752246908675,11.281751255423911,4.202332853979782,163.14272538621168,215.49999999999991,225.56250000000014,219.89489999999995,152.5171500000001,75.15887912015542,4.196998,nan
TMUS,"T-Mobile US, Inc.",180.27,USD,-0.6886293521375055,1813829,0.5014260613369343,193370519446.8631,USD,Communications,Strong buy,181.42719833964784,182.83234111114248,186.0443722934046,-0.8415841584158421,1.0425424583823852,-10.86773794808405,183.85400000000018,181.69299999999984,181.36959999999974,194.42695000000026,18.865377370337814,10.904366,-9.885985345014564
PEP,"PepsiCo, Inc.",138.22,USD,0.4286856063358304,4053602,0.5786100271258288,188655306988.47012,USD,Consumer non-durables,Buy,139.84357501700572,141.08544015374858,143.08668431050506,-2.1035484099440462,0.49440162861713455,-3.491132523390588,139.2359999999997,140.5734999999999,139.58299999999943,148.72974999999974,18.12792634464307,8.553714,39.01002734731084
SCHW,Charles Schwab Corporation (The),108.46,USD,-0.7594473419343146,1910891,0.24750532843570366,187563750873.48392,USD,Finance,Strong buy,107.3263594941739,104.74024360864047,101.94611618076001,-0.8954678362573136,1.2982161202951346,8.710033076074971,108.93000000000002,110.07050000000004,105.42960000000002,97.5113000000001,19.722868780913586,6.497677,48.05481517378779
DE,Deere & Company,682.72,USD,-1.558692486265907,425610,0.3349547089858147,184078658630.24564,USD,Producer manufacturing,Buy,645.1670014674007,629.3930477605411,611.9925305047312,4.177983947264015,11.491793908712337,46.50643776824035,689.0219999999994,638.1739999999998,620.2028000000001,569.2282499999993,37.94680821499042,18.126497,-5.943518537880851
ABT,Abbott Laboratories,106.04,USD,-2.113911197267601,6102054,0.8135125722175984,183489848316.2345,USD,Health technology,Strong buy,107.21282222523786,104.93396135197267,103.72761765060814,-5.532293986636965,-0.9249743062692655,-14.963913392141135,108.51200000000017,111.76450000000011,104.61219999999996,106.18570000000005,34.2750016161355,5.516945,-61.310089540293134
GILD,"Gilead Sciences, Inc.",146.9,USD,-2.7120103314679285,1749839,0.369853357828192,182149395086.27637,USD,Health technology,Strong buy,142.14451992980744,139.311501230618,137.05855220031845,-1.0907621869108568,11.203633610900841,19.92815740060414,149.72899999999998,145.03925,136.98449999999985,134.45992499999988,nan,-0.461219,-152.8405474220242
QCOM,QUALCOMM Incorporated,173.2207,USD,2.655386985895451,18141837,1.71254785515472,181922254943.41202,USD,Electronic technology,Buy,169.9032218534298,172.6832628182041,173.77889005133818,4.684051489696015,6.224750107315877,-0.332167228621738,169.42014,164.57303500000003,168.98801399999996,167.86895350000003,20.04776399240776,10.542379,-16.66602368735774
MCD,McDonald's Corporation,255.745,USD,0.021510422777584897,2244172,0.5304851583921698,180975771900.74368,USD,Consumer services,Buy,265.0644724543125,269.55424382032163,275.9868492599888,-2.6660323501427197,-6.8358165458453195,-16.228831602738385,258.6249999999999,266.21375000000023,269.19089999999994,295.69802500000003,20.770661425508415,12.919676,5.462051716901772
DIS,Walt Disney Company (The),104.59,USD,-0.6836957553888509,2931918,0.4313773726235143,180594177601.27686,USD,Consumer services,Strong buy,104.23328296523331,103.34061618774722,103.05302698319964,-2.471092875792607,0.1628040605248053,-7.801480959097315,106.25200000000004,106.65500000000009,101.32579999999979,103.95459999999977,21.572954911101025,6.910397,-23.99034240561896
BLK,"BlackRock, Inc.",1103.405,USD,-1.6827201525452413,201922,0.3458968072184002,179277046330.80432,USD,Finance,Strong buy,1116.3208528742684,1100.8298358402324,1085.0297695858349,-3.380443253561704,-2.571675805497426,2.9833681774061,1117.4050000000002,1151.0107499999997,1094.8470999999997,1059.6835000000005,27.448704936465766,56.252292,-2.840666020529752
SCCO,Southern Copper Corporation,209.98,USD,5.6449989937613205,762323,0.7258698177524706,177295282909.39014,USD,Non-energy minerals,Buy,198.3709917981185,193.0600013734015,187.08278341935144,3.3874938453963543,7.198619230160712,47.585610194286055,202.8280000000001,202.38049999999996,188.12608131999997,175.75460856799987,31.449668249284823,7.665838,55.917519032273155
NEE,"NextEra Energy, Inc.",84.15,USD,0.8629989212513469,2973049,0.30014674945317255,175535072187.96655,USD,Utilities,Strong buy,84.79227113229153,85.77878078445912,86.60687506057505,1.753325272067718,0.309929669805704,4.599129894344316,83.53400000000003,84.43050000000007,86.4654000000001,87.8083,18.88083645583253,4.030254,55.29809401024427
ADI,"Analog Devices, Inc.",361.755,USD,-0.1366459627329205,1231741,0.3928896266333108,175293978056.19885,USD,Electronic technology,Strong buy,371.7640977642517,375.20017008231406,372.23309419525714,1.5224651306373338,-6.457993949266936,31.513796488166648,358.1470000000002,371.4797499999999,376.8620000000008,348.9561249999998,42.929107134380786,12.868145,114.37875241681084
WDC,Western Digital Corporation,485.9866,USD,3.9632481923587113,3448197,0.6643733608130817,175218054647.81665,USD,Electronic technology,Strong buy,486.27467687673976,488.6186783683378,469.8830862020618,9.686189541156029,6.239351178830246,174.2588036117382,458.8713199999999,466.6118300000001,504.96963199999993,374.48015799999985,20.102775169492578,20.326053,370.6348433819378
T,AT&T Inc.,25.55,USD,-0.5062305295950117,17881179,0.6352230937052885,175078457793.9272,USD,Communications,Buy,24.859028417475997,24.56184228761517,24.591498147551064,-2.06975852817171,8.723404255319151,3.065752319483669,25.874000000000002,25.369500000000002,23.587600000000037,25.144149999999954,8.449353483911505,2.339237,72.38057234066811
SHOP,Shopify Inc.,135.355,USD,-6.709628506444284,7725969,1.1905798527777227,174153697857.4651,USD,Commercial services,Strong buy,139.33402758441457,134.91805087258706,131.38623364540575,-5.784289840949433,-8.805794172140827,-16.54540970466737,141.60299999999998,148.5347499999999,134.5203,131.27797499999994,93.24230116391853,1.9297510340000001,-19.900471515478106
WELL,Welltower Inc.,239.6225,USD,1.461870686369994,920768,0.37425272854678565,172706701627.6193,USD,Finance,Strong buy,236.7079845298965,233.33889513338775,227.4234708807495,0.660575509346772,1.906311133792641,29.09999461235924,239.18449999999984,237.09412500000016,237.35224999999977,211.11596249999968,nan,2.84054,-145.4237568148026
UNP,Union Pacific Corporation,290.155,USD,0.18472481182237696,495144,0.23707232739905595,172373973938.4034,USD,Transportation,Strong buy,294.02215021666433,289.91180036787176,282.53674110566345,-3.6029900332226004,-0.883036141285795,25.418197536200555,289.8550000000003,299.2812500000001,294.0180999999999,260.62587499999995,23.496805331735324,13.070862,7.263409337676438
BA,Boeing Company (The),211.625,USD,-0.2944640753828033,2719764,0.5619118859758714,167262050217.05066,USD,Electronic technology,Strong buy,216.14692964449625,217.6643607817342,218.73537723202796,2.3826802128688978,-9.585149107066565,-2.9910611964244813,209.78299999999976,216.8492499999996,219.29830000000013,220.35702500000068,96.37717460606612,-0.989718,nan
BX,Blackstone Inc.,134.46,USD,-1.2412780022034502,1382412,0.4699881320867333,166977377526.4235,USD,Finance,Buy,135.54030856802834,132.95846028964837,131.04695764046892,-3.2801035822183873,-0.4737231680236761,-13.32989557818743,136.35399999999996,141.95499999999998,132.97259999999994,130.81189999999987,30.163537250151425,5.944004,20.325532431775855
ETN,"Eaton Corporation, PLC",427.55,USD,4.064743823779966,991246,0.591092966761389,166060419857.43127,USD,Producer manufacturing,Strong buy,418.8024250941039,415.14468588932056,408.09453256173595,7.427322294530013,-5.361135090864815,32.28241700442438,403.41600000000057,422.2535000000001,415.81980000000044,381.4808500000001,43.50192810557268,13.548467,-1.1197633707593861
COP,ConocoPhillips,134.515,USD,0.18992998659317406,2319890,0.40556453939144915,161597910485.1924,USD,Energy minerals,Strong buy,127.9847769066025,124.62019352798093,121.23815181733526,-0.3592592592592694,16.352391661620956,43.69725456681977,135.57699999999997,131.4092500000003,120.74090000000005,112.96109999999994,17.82151326859126,10.303926,1.262443317502483
PFE,"Pfizer, Inc.",27.97,USD,-1.6871704745166975,17269886,0.5393606716814281,159419867590.5093,USD,Health technology,Buy,27.223468091113357,26.781487409722317,26.483594716724024,-2.942605316121877,6.674294431731503,11.969575660528415,28.56000000000008,27.840999999999998,26.05560000000004,26.177350000000015,37.03654661016949,2.974173,-59.82765040693653
IBKR,"Interactive Brokers Group, Inc.",91.945,USD,-0.7287842798531757,1088656,0.29043657767419545,156426874302.05493,USD,Finance,Strong buy,92.0357436341608,90.6624432738112,87.9040613599446,-2.832232496697497,6.208848330830542,40.567191560923405,91.4049999999999,92.95174999999993,92.04290000000005,79.04055,36.60522334580779,2.700625,31.735459170294224
UBER,"Uber Technologies, Inc.",73.52,USD,-2.956705385427678,13969293,1.0186283968127232,150169028716.31467,USD,Transportation,Strong buy,74.97929928802492,74.53683185904418,74.62702994334506,-2.324963464859838,3.128068452798414,-10.385177961969783,75.38600000000001,76.86250000000011,74.03600000000017,76.23502499999984,16.160017584349927,3.368282,-22.807404516687306
DHR,Danaher Corporation,206.24,USD,-0.6838100741596781,1675039,0.61898503746602,144983852518.13544,USD,Health technology,Strong buy,205.75784526719224,202.25140408350177,199.69501183217093,-3.958275123405048,3.430290872617855,-9.864079367160523,208.35400000000004,210.07799999999966,201.82839999999985,202.7305000000003,36.6186679924007,8.503372,19.62321056879488
GLW,Corning Incorporated,167.69,USD,8.677900194426433,8307673,1.0342409345643444,144446207833.98685,USD,Electronic technology,Strong buy,160.53069474891265,162.7425644624477,161.12551332025558,16.249566724436743,2.946773896494574,88.60645596670791,151.53599999999994,154.585,164.17799999999997,144.21645,76.91496193009814,3.282196,130.83112758073054
TJX,"TJX Companies, Inc. (The)",129.18,USD,-2.195639006662633,4205509,0.5608415568581567,142094643163.61218,USD,Retail trade,Strong buy,141.51674402997696,145.85970678211578,149.0456644344923,-3.6042086411461716,-19.493954879720803,-15.706362153344203,131.60599999999997,140.9994999999999,149.5269999999998,154.63310000000004,23.892577727634233,5.283072,23.37585286265203
NOW,"ServiceNow, Inc.",133.78,USD,-5.295200339798945,8516468,0.47763861624995885,138328514620.76736,USD,Technology services,Strong buy,128.14800383148278,122.4212488036824,119.1011582664723,-7.450709097198207,9.95767065302264,-12.60778677815522,140.04999999999998,131.92900000000014,117.72859999999999,118.43390000000025,83.54461999625305,4.072052,0.7740717432347375
BKNG,Booking Holdings Inc. Common Stock,181.31,USD,-6.197940917791914,5266614,1.0032749316710552,136232792483.56091,USD,Consumer services,Strong buy,193.9707309007773,191.13814272322057,188.17107283139512,-8.613911290322582,-12.514174045212188,-15.383093233074286,193.00399999999985,205.21799999999948,194.2471999999998,185.78832399999996,20.053310328046543,10.453019,57.21166385561022
NEM,Newmont Corporation,128.36,USD,0.2107892887813336,3417024,0.42351875726860355,135251934722.26717,USD,Non-energy minerals,Strong buy,119.69883109794202,115.25338936519645,111.87429992512331,5.264884369361995,16.141874773796616,27.101693236954173,126.93400000000001,125.35950000000007,107.79599999999999,108.70965,16.20850327680477,9.485329,42.18029048995494
VRTX,Vertex Pharmaceuticals Incorporated,528.915,USD,-3.150406504065048,474262,0.5258662547217271,134059282488.82214,USD,Health technology,Strong buy,520.1257587123768,507.01007473453296,492.799405017257,-3.5882245716369043,8.582250415717178,16.413919091429324,547.4789999999999,539.0282500000004,509.5156000000003,466.61465000000004,30.771446024958543,18.747244,22.86012451484244
PLD,"Prologis, Inc.",138.59,USD,0.9101499927188,988043,0.34731439059505126,134020007214.42174,USD,Finance,Strong buy,140.57184849263712,141.08425952239884,140.53360578034412,-0.630960063096003,-0.5239735859890825,8.493815562862071,138.11000000000018,140.45950000000005,142.04559999999995,137.3955,30.859496771320423,3.643333,22.353902738046575
BMY,Bristol-Myers Squibb Company,65.1,USD,-2.5740796168811717,4037834,0.5939570141315361,132980719827.70578,USD,Health technology,Buy,64.62589772369789,63.28080974250386,61.67698275077179,-3.669724770642208,1.3387297633872968,22.34542379252019,66.91800000000009,66.21299999999994,63.051600000000036,58.22734499999983,14.341102348327972,6.929361,83.16587983698503
COF,Capital One Financial Corporation,215.5,USD,-1.8670309653916184,964347,0.36353591660079004,132205978558.87524,USD,Finance,Strong buy,214.66075529850423,211.17274705608347,208.06904706719646,0.6539000467071489,-1.3684836834637781,-11.806834458768158,216.70799999999986,218.34550000000004,212.04579999999987,207.65679999999986,75.96587704455725,20.435647,-76.17936014778739
CB,Chubb Limited,339.15,USD,-0.7143066249011967,690030,0.459489779427193,130844012707.19064,USD,Finance,Buy,342.5739412942969,341.56963318333084,337.9222296977035,-0.513347022587269,-3.3430232558139585,9.241126070991433,341.4299999999996,342.30800000000016,347.88619999999946,326.56090000000023,12.002293228958385,27.694027,24.675593990602046
SPGI,S&P Global Inc.,430.23,USD,-2.994295506301994,760382,0.4265417572051583,126831801540.90538,USD,Commercial services,Strong buy,429.51472282377796,425.3162265258338,423.41649296646614,-0.7108075050194974,6.229629629629634,-12.831126590922752,439.2480000000002,429.7099999999991,427.2812301040002,429.8594003960002,26.198871006046875,17.902241,26.218823258137665
PGR,Progressive Corporation (The),216.01,USD,-1.3427723224480466,898971,0.5579429747748265,125523403976.59195,USD,Finance,Buy,216.11303849520345,214.64785327117215,213.2190444388016,-1.589977220956724,1.1614293073572752,0.7791359522254304,220.15000000000026,216.4894999999999,217.33980000000025,210.55682499999978,10.82952312196687,17.928174,12.29942911191433
ISRG,"Intuitive Surgical, Inc.",353.05,USD,-3.7223888737387445,1880991,1.0347715149198982,124724818170.28825,USD,Health technology,Strong buy,371.87469544799245,382.25649291172493,399.7662825301166,-5.853333333333331,-5.740221599252436,-37.709516920145376,366.14200000000005,379.6934999999995,379.9810999999998,462.8390249999996,40.46371961352879,10.799272,21.753509530853165
LMT,Lockheed Martin Corporation,537.84,USD,2.3911056960097583,668684,0.7287819861969509,124128507251.87573,USD,Electronic technology,Buy,552.9792396718957,553.527182581673,553.5139542821803,-3.528187835195774,-7.4460945432018,11.296430419037772,534.4239999999994,569.2830000000002,555.5375999999999,557.1751000000003,19.822064319252288,30.422348,52.76697088614012
CVS,CVS Health Corporation,96.66,USD,-0.08269588587967573,1697783,0.3133069712163454,123625270036.30618,USD,Retail trade,Strong buy,97.18186771863533,96.99575734891756,94.97221978493832,1.7580797978734624,1.5336134453781447,21.92230070635721,97.08599999999996,94.81300000000005,100.64039999999991,86.64630000000008,25.518097098656245,8.002043,5.683276602868143
PH,Parker-Hannifin Corporation,959.405,USD,-0.33087815165335804,184034,0.3017340600720224,120930576418.55298,USD,Producer manufacturing,Strong buy,983.5381413483325,976.4962857600765,962.2046426162213,-1.6234331922395007,-11.030059228637361,8.876941051031634,957.5970000000004,1010.4992500000001,991.0281000000011,936.7999750000001,33.67692226687962,35.12882,5.019759057463465
MDT,Medtronic plc.,92.815,USD,-1.4388871190400383,3780363,0.4305254751286424,118723174212.14415,USD,Health technology,Strong buy,90.21353800278933,88.43521738963123,87.52472517002448,-1.260638297872343,8.60636555113504,-3.3579758433985925,92.8610000000001,91.89875,86.97269999999999,89.68037500000003,22.850144021270836,5.973635,12.151416422773199
SNOW,Snowflake Inc.,338.6,USD,0.4211400438934741,3093206,0.4552298928575287,117358759516.97432,USD,Technology services,Strong buy,317.15611118260955,296.76502775605826,272.4294876313022,3.9048714998082157,4.184615384615392,53.97908140063666,331.57800000000003,328.4409999999999,299.11440000000005,219.36745000000022,nan,2.205276,23.458070116217392
SBUX,Starbucks Corporation,102.17,USD,-2.201588972910881,2271977,0.44757340558880243,116473801361.35387,USD,Consumer services,Buy,104.88216460433783,104.37534913808153,102.96603030433603,-3.7222012815680388,-1.7879457848697486,21.313227261933037,105.06600000000003,106.4900000000001,105.39240000000007,97.73667500000029,58.91137634780603,2.614173,-24.99351267191419
FTNT,"Fortinet, Inc.",156.3,USD,0.006398362019335419,1502310,0.34920708344291645,114679434355.9153,USD,Technology services,Buy,156.76850922422892,151.96969636658878,142.3608117057584,-6.639190036735049,-5.281338060176333,95.44829310991624,157.068,158.87150000000003,158.87620000000013,110.43607500000012,55.07399577167019,3.449759,13.261763179949714
MO,"Altria Group, Inc.",68.315,USD,-0.8202671312427378,4327868,0.6190076058588595,114068549740.10251,USD,Consumer non-durables,Buy,68.71012667553863,69.09335795098814,68.96307291105263,-1.5350245027385383,1.734921816827985,18.47901491501908,69.163,67.23375000000001,69.7189,66.43352499999999,14.386042495840966,5.678953,-8.228814378200786
LOW,"Lowe's Companies, Inc.",201.845,USD,-1.2741501589630668,1215122,0.4154937271020547,113245946191.84296,USD,Retail trade,Strong buy,210.04749770737445,213.45265462954572,218.65368758645369,-0.9349693251533748,-7.7575175943698,-16.420289855072465,201.61699999999996,211.41525000000001,212.9230999999998,236.14528500000037,17.068767229861145,12.268732,-2.844326136251599
VRT,"Vertiv Holdings, LLC",293.09,USD,4.477239510925749,2517311,0.6725069318162753,112836188027.56476,USD,Electronic technology,Strong buy,280.86350929066055,283.8077323115655,281.8820585864101,14.838178826110797,2.8674715709672745,72.95016670108869,271.024,270.918,282.48040000000003,258.04400000000004,66.31895732452368,6.72371,111.13128224727693
BNY,The Bank of New York Mellon Corporation,164.3,USD,-0.3275903906818685,843555,0.31467768828482673,111478229432.9277,USD,Finance,Strong buy,160.07536418856773,155.98216336272694,149.78006352136748,2.4250358456455428,3.7443960346025174,41.6257219205241,163.20400000000004,162.16700000000006,157.79419999999993,133.19380000000004,19.128227815679793,9.23064,31.18795246968262
MPC,Marathon Petroleum Corporation,396.735,USD,2.014656724093607,919713,0.4113505565587839,111413000503.16911,USD,Energy minerals,Buy,354.2632150371074,331.55595627957206,305.67855446330566,4.190083512789548,34.42264687944706,143.6198956094566,388.66899999999987,366.4627499999999,324.8309000000001,242.65857500000004,13.65908660549827,51.890733,330.27183171616923
FCX,"Freeport-McMoRan, Inc.",76.805,USD,5.602914890691603,10646724,0.7946213569142445,110293325802.49135,USD,Non-energy minerals,Strong buy,71.53923030842726,69.2434241331953,66.69240136829748,4.425560842963983,9.768472202372458,48.48719188013534,73.69899999999993,72.94475000000001,66.7225,61.118325000000006,37.924649417341506,2.946738,53.400999848507794
VLO,Valero Energy Corporation,382.1,USD,3.0697022011221393,1549094,0.6615150765254826,110017082720.37604,USD,Energy minerals,Buy,342.6377610163298,322.50292906507445,298.84101226938975,4.995603429325128,28.006700167504192,134.05819295558962,370.3179999999999,350.82450000000006,317.4608,240.6508,15.850036503617178,44.402481,899.6350970310168
SPOT,Spotify Technology S.A.,530.41,USD,-2.2159541323304355,892875,0.6438284442270968,109202050207.89218,USD,Technology services,Strong buy,520.7806777489179,511.58102304822546,507.667570809377,-1.775925925925932,11.211053801316721,-9.467809107667104,547.2919999999999,530.2955,504.00140000000016,506.72149999999965,33.02327898043171,14.22681599675,285.97793958618695
ACN,Accenture plc,178.04,USD,-4.6486718080548455,3004214,0.7135292127597297,108950179081.59383,USD,Technology services,Buy,175.93875105917263,173.2185855527626,176.56576311128643,-4.9556114305237555,4.037865949862676,-33.762416756575774,186.73000000000002,183.16449999999983,162.6864,202.59119999999987,14.218403104984905,13.860556,-0.3414327441164492
HOOD,"Robinhood Markets, Inc.",120.7,USD,-1.154696585046267,16586800,0.7696881307851726,108519232706.55394,USD,Finance,Strong buy,108.1602935682301,103.75806030815596,99.9574543415074,14.581355610404405,29.91066623614251,4.522073468539469,115.606,104.60549999999985,102.89359999999996,95.12812499999998,53.449650163847316,2.132125,14.69930922389272
SYK,Stryker Corporation,281.13,USD,-7.257612245571207,3974905,1.7174238389656533,107833887257.62828,USD,Health technology,Strong buy,314.4067318875015,318.4195074533672,322.7933275951063,-14.765182063487249,-16.49686636765973,-19.96982464131177,304.3680000000001,326.1180000000002,327.87719999999973,338.05947499999957,29.12871841099126,15.021979,27.708308522885172
ADP,"Automatic Data Processing, Inc.",269.055,USD,-3.0851523665441962,855282,0.4870040132981713,106885529028.74156,USD,Technology services,Buy,269.28510762958683,261.1005179135284,252.71384450271321,-6.144695991907073,-1.3655693232641566,4.67844220519007,278.9709999999997,278.1287499999998,262.9067000000001,237.1371750000002,24.587175246049952,12.257737,9.619738344719813
CEG,Constellation Energy Corporation,301.5794,USD,0.8761707251806401,1700337,0.7264601154603396,106851801925.4365,USD,Utilities,Strong buy,282.78272134157214,279.3849019945833,280.7284276510791,11.870094220639528,14.267083451738186,-15.759944134078205,291.18788,280.22096999999997,267.1700879999998,296.17254700000046,29.370802493182705,12.044624,7.150310973828108
MCK,McKesson Corporation,903.62,USD,-0.4812828335113828,356290,0.4084545002964044,105353382273.14204,USD,Distribution services,Strong buy,874.3169338712222,858.2835053321883,846.30788489982,1.7933986707220861,4.5445079482610975,10.466992665036674,912.9080000000001,884.8010000000002,850.0476000000007,843.4391999999991,24.180487987626375,44.630289,49.10940866650705
ABNB,"Airbnb, Inc.",175.74,USD,-3.4077168297240785,3333190,0.7505344015968696,105230599896.47983,USD,Consumer services,Buy,173.7918280666082,166.45876183038465,158.1656296217165,-3.7199364488029323,6.703096539162126,29.277622480506114,181.7469999999999,184.50299999999987,163.56620000000004,139.710925,39.945448346403005,5.287437,6.145049218297618
APP,Applovin Corporation,311.99,USD,-2.6734464686798085,2341809,0.5665588439669844,104407762562.41728,USD,Technology services,Strong buy,346.50935321464044,375.36920394607137,405.80014486602715,2.1243862520458294,-7.569473247615099,-54.345376589548856,315.38399999999984,311.5865000000002,390.2849999999999,484.97177499999947,23.980415366404824,15.787141,93.2791585577823
EQIX,"Equinix, Inc.",1049.74,USD,1.3282109693237312,160957,0.33021304636650145,103579611887.89372,USD,Finance,Strong buy,1051.6611312205464,1050.3111412279902,1037.5131868989351,0.9084005421565184,-0.9183837201619695,37.01315652083117,1034.675999999999,1061.7220000000002,1044.8499999999988,962.4579249999997,67.55735753129323,17.206202,52.11304833041284
PSX,Phillips 66,258.88,USD,1.4857501274060105,937952,0.38052333236547803,103298530284.49817,USD,Energy minerals,Buy,234.64469659243463,221.38503463516125,206.81156443012355,2.868950170865453,27.87986563920174,100.68217054263566,255.348,242.67950000000002,216.04840000000002,172.99200000000005,14.73512855101913,26.546544,322.8171929149018
ADBE,Adobe Inc.,257.45,USD,-3.399497204607708,2848229,0.6557043162318155,102336378750.0315,USD,Technology services,Buy,260.74829565123207,255.3947521745545,254.61035711963547,-10.688267536251995,-2.0432234989726825,-26.584444286019824,275.1160000000001,273.34200000000004,249.9422,267.59957499999985,14.72497554893359,24.421405,11.805369041681042
NET,"Cloudflare, Inc.",287.29,USD,3.0008604617811576,1266923,0.46399719607069007,102298146079.13574,USD,Technology services,Strong buy,284.5119908097823,274.60164969912995,260.1342289721229,-4.751011206153433,-9.65723270440251,44.439416792357974,281.7939999999999,295.11499999999984,281.2287999999999,222.7998499999999,nan,1.261428,-72.17134416543573
SO,Southern Company (The),88.92,USD,0.9193054136874388,2462010,0.44550494215335457,102290281968.5148,USD,Utilities,Buy,90.68805126134305,91.75799497551367,92.48223987901387,0.5541105959515943,-3.557483731019524,2.0075714121830903,88.44000000000005,90.21400000000004,93.22100000000006,92.3962249999999,21.455457967377665,4.590899,7.0047248973690355
CME,CME Group Inc.,278.46,USD,-1.006079135411867,496220,0.2565365722294792,100128440673.86803,USD,Finance,Buy,272.7483302891005,270.28727358265417,270.90741464504106,-2.768951429868364,6.051719541455607,2.282870208819253,281.2039999999993,275.32175000000024,259.5919,278.784725,23.614915576210382,12.253735,14.121324739175051
TT,Trane Technologies plc,447.17,USD,-0.16298280866263928,306670,0.3252207199544922,98387763210.17586,USD,Producer manufacturing,Strong buy,458.00168031249314,460.6274890182403,459.32765759323416,0.06489437880415783,-6.785208038022181,14.400839132214495,443.88600000000025,457.8904999999998,467.8074000000007,444.5892000000004,33.87266598492596,15.273812,4.751362803208827
USB,U.S. Bancorp,62.8,USD,-0.899479248855926,1970495,0.32562962684848784,97845633409.17784,USD,Finance,Strong buy,62.7552312749442,61.92198679353599,60.46820435095644,1.8818948734587875,-1.2578616352201324,17.757359834989686,62.73599999999999,63.19850000000001,63.09199999999999,56.80584999999999,12.530428189472843,5.217703,19.95117514719256
MELI,"MercadoLibre, Inc.",1925.31,USD,-2.6815139812774196,215579,0.6264775310661123,97607055731.6155,USD,Retail trade,Strong buy,1894.8491710021913,1859.2004279394894,1840.2370704361474,1.3321052631578918,5.754305017714427,-5.042539024931568,1972.959,1917.725249999999,1862.6711000000003,1859.4994500000007,52.392951901489894,37.914647,-9.254677097532534
PNC,"PNC Financial Services Group, Inc. (The)",244.36,USD,-0.5048859934853341,382376,0.2838621302591748,97485876292.66142,USD,Finance,Strong buy,245.84801923183403,243.72149599483208,238.87241945660907,1.8081826514457142,-2.649296840763307,17.069898912470666,243.0180000000001,246.74050000000028,249.44499999999994,225.0144000000001,13.440109122509819,18.994218,24.22383164799126
PWR,"Quanta Services, Inc.",645.64,USD,3.4000096090709664,382224,0.4101643988496373,97067698134.55865,USD,Industrial services,Strong buy,644.0321215792181,648.5119474340137,641.2483979990393,6.6609396682746205,-5.469985358711568,51.93316860807154,622.4560000000005,644.3014999999995,651.3311999999999,588.8918999999999,73.94715442498655,16.726683,35.41417869938117
GD,General Dynamics Corporation,357.35,USD,-0.5676284815938016,414267,0.4143797941799758,96683615766.02467,USD,Electronic technology,Buy,371.60133742608485,370.0570394989937,365.51723630889137,-3.8088829071332375,-7.654340129725819,6.18351458964759,363.21800000000013,380.56749999999937,378.1402000000009,354.6128999999998,21.78671153869603,16.976164,10.135098839707785
KKR,KKR & Co. Inc.,106.555,USD,-1.0906896871809126,1547493,0.49839747176875543,95647566482.49138,USD,Finance,Strong buy,105.75063791857647,103.99767639473147,103.19585231411659,-1.392744771423279,3.1809818921274435,-17.32231533209186,107.37699999999992,109.05824999999997,102.9199,105.64262500000017,33.96824890815774,6.62573,50.4364089775561
HWM,Howmet Aerospace Inc.,238.255,USD,-8.10544991707486,6764394,1.7306323736916622,95016421529.63647,USD,Electronic technology,Strong buy,263.8480980926039,265.4194665342216,262.03878962618285,-4.491702076485214,-18.251844227140158,15.944814832838574,253.16899999999978,269.27525,274.73650000000015,245.72392499999975,51.38682195621698,5.333394,35.486981677917065
DUK,Duke Energy Corporation (Holding Company),121.235,USD,0.8442854766261857,1602267,0.5308814848527178,94527198325.654,USD,Utilities,Buy,122.42762254152449,123.40616379822745,124.12424046669653,0.6266600265604212,-1.4349593495934965,3.460488137907486,120.76100000000005,121.95275000000001,124.5983,124.2580749999999,18.188705854112282,6.711179,8.975868157739853
CMCSA,Comcast Corporation,26.105,USD,-1.4533786334465761,10824055,0.5737073139731426,92637155389.0402,USD,Consumer services,Buy,25.810436649331756,25.574574854247455,25.730940081481226,-1.5648567119155323,4.461784713885563,-6.758556275545107,26.470999999999986,26.443750000000005,24.90249999999999,26.915300166549937,8.453144226410206,3.506833,-49.000049543375226
WMB,"Williams Companies, Inc. (The)",75.25,USD,1.483479433580572,2842699,0.352950161289105,92043354799.20093,USD,Industrial services,Strong buy,73.65460459447846,73.4661573651246,72.91614871527804,-0.41026998411858423,5.3331466965285586,25.187156879055067,74.768,73.5755,73.31880000000001,70.2281499999999,30.03872100914135,2.46971,26.392532795156416
CSX,CSX Corporation,49.3,USD,-0.22262699858328158,2832273,0.3316522456928273,91327009996.74155,USD,Transportation,Buy,49.99235935671502,49.371327283984066,47.968216380723405,-1.6164438235881107,-2.1437078205637263,35.45816733067727,49.01000000000006,50.373499999999964,50.172799999999995,43.23609999999999,28.47077847077847,2.008283,6.402851173651228
ICE,Intercontinental Exchange Inc.,158.835,USD,-1.5037827111496858,1078742,0.3724697334806074,89169087639.10335,USD,Finance,Strong buy,155.5782787203751,153.0506017466023,152.29288251942302,-1.0928451335699578,5.890000000000005,-1.5526217924879109,160.42699999999996,158.66175000000004,148.6416999999999,155.25794999999988,22.431470575774267,8.108103,35.9202242014742
BN,Brookfield Corporation,39.53,USD,-1.935003721161005,2187538,0.6651047996929169,88244852452.00844,USD,Finance,Strong buy,41.598958929930994,42.25390710445111,42.82867263760992,-2.7791441219872,-10.868094701240135,-14.251626898047721,39.941999999999936,41.89950000000004,42.61600000000003,44.26875000000004,75.34966207973454,2.773810733,78.2519800695957
LITE,Lumentum Holdings Inc.,983.745,USD,11.630004936142207,5434940,1.4812637687849008,88241923987.20859,USD,Producer manufacturing,Strong buy,885.7348667411144,863.1605815737202,825.0122657436343,9.178837787445623,13.074137931034484,159.30333702356478,890.3800000000001,892.3987500000001,819.7235000000001,688.904475,nan,21.515738,-34971.96776929601
JCI,Johnson Controls International plc,145.675,USD,0.5071063888505682,813545,0.34280192437133034,88241396845.84105,USD,Producer manufacturing,Buy,144.86703838733678,144.10517230594505,142.0413822785673,5.127372447138644,-5.5897602073882044,20.932259671260187,142.26899999999983,145.39575,144.71189999999999,134.8732000000001,25.323772272924817,5.07237,70.84942084942087
ELV,"Elevance Health, Inc.",404.1,USD,-0.8343558282208533,515978,0.594806586818547,87636881387.0783,USD,Health services,Strong buy,398.2575990202941,393.84081725517575,385.8597083756047,1.9321965492886755,3.511872742641983,15.210263720598721,407.052,399.86049999999994,396.4678000000009,359.6673750000001,17.960718428737152,27.148314,-4.238366624246124
DASH,"DoorDash, Inc.",201.99,USD,-4.600198365843282,2413172,0.6840758409996762,87527096819.11331,USD,Transportation,Strong buy,208.19374503156322,201.51477335690288,195.50274549371102,-12.212612455995478,-4.833922261484095,-12.07504461759456,217.52400000000017,222.01949999999997,204.00880000000024,188.4370499999998,106.06490233144298,2.615248,5.953043284744631
WM,"Waste Management, Inc.",217.95,USD,-0.4749075300242113,1051430,0.47550966701117603,87117925544.95135,USD,Industrial services,Strong buy,222.74925596856073,223.98246258126582,224.623810679257,-1.3131084446456898,-4.147242501539276,-0.6337193398377017,219.49400000000037,222.36149999999952,228.1825999999997,225.24889999999982,30.85144030009201,8.111063,4.823871561266581
HCA,"HCA Healthcare, Inc.",402.2,USD,-0.6913580246913609,929121,0.8141609809879174,87076901433.9906,USD,Health services,Buy,406.89164679870726,408.1799841771265,414.7923441450913,-3.878784981956365,-0.5194162750432904,-13.653928724774586,406.4080000000001,413.52400000000017,403.09280000000007,451.6161500000003,13.465510949516052,29.469862,25.46742221531456
MRSH,Marsh,181.58,USD,-2.2396898890922774,901387,0.441481308208208,86652025548.81189,USD,Finance,Buy,185.30772186399517,183.03519024810322,180.91444336482465,-4.877154382104864,-5.021445757924466,-1.5346239357952303,186.24000000000024,189.17950000000005,185.18940000000057,177.94629999999984,22.21923105161401,10.447877,-1.9073111593907066
MAR,Marriott International,331.37,USD,-1.5274434637900764,736723,0.5423196333748115,86410130141.66972,USD,Consumer services,Buy,350.52432721821054,355.6125536556355,355.72090085960525,-2.6913533117007122,-7.655222383234861,6.704234422798258,334.32799999999986,349.7574999999999,360.98860000000013,344.99779999999976,34.345266474575574,11.712431,8.838426568298985
INTU,Intuit Inc.,314.77,USD,-5.389239555154797,1981819,0.43498215993239475,86101240652.69476,USD,Technology services,Buy,329.0778292654786,329.78723456365583,345.9920898933654,-10.85528178986124,-3.7400611620795163,-52.35089312745989,335.9279999999998,348.53549999999825,316.62500000000034,425.58955000000043,19.07905104799311,24.042424,20.323815775079325
MMM,3M Company,166.745,USD,-1.0767679164689117,913179,0.38855501313658486,85994132361.57967,USD,Producer manufacturing,Buy,171.1727254388163,168.98719305084308,165.89724582761158,-3.032682019074205,-7.476972589057816,4.1505309181761465,168.521,176.85274999999982,171.66389999999984,160.88817499999985,29.606711647727277,8.943416,-21.668984700973585
UPS,"United Parcel Service, Inc.",100.88,USD,-1.3784338645028944,1822495,0.47253743602220966,85826842748.71365,USD,Transportation,Buy,104.31667314203635,105.20205898333582,105.37405031569484,-2.7662650602409684,-2.248062015503883,1.5911379657603206,102.468,103.54349999999997,107.57920000000011,104.93004999999992,18.779202889108134,7.193993,-20.137071836346333
SLB,SLB Limited,57.335,USD,-0.30429490523386743,4765634,0.3400177349348214,85093354226.23596,USD,Industrial services,Strong buy,54.62287088755946,53.51090672848842,52.32475920806537,-4.441666666666665,12.311459353574934,49.27102317104922,57.50700000000002,55.05125000000002,50.995300000000086,49.16402499999994,27.82982234734492,2.477982,-29.425870101397646
EMR,Emerson Electric Company,152.14,USD,-0.4449679361340183,749559,0.3633405582081018,84863694210.12172,USD,Electronic technology,Strong buy,152.68694413488953,150.5701635857486,147.91655063993585,0.4390163393299172,-3.6905741596505743,14.193499962470913,150.3559999999999,156.64499999999995,149.60119999999998,142.83824999999996,33.24519808578983,6.559588,-1.699102117970537
MNST,Monster Beverage Corporation,43.215,USD,-1.3806481058877154,3119121,0.3909473247556047,84660421123.78447,USD,Consumer non-durables,Buy,45.575554373935276,45.5700976839887,44.770364032582606,-6.014792255819014,-7.8686427124427,12.703795487152727,44.104999999999954,46.304250000000025,47.29445000000003,41.818624999999976,40.103006681514486,1.160447,34.5822405395279
EPD,Enterprise Products Partners L.P.,39.0907,USD,0.3870056497175154,1132508,0.5418203667425784,84415476115.86899,USD,Industrial services,Buy,38.55162387296183,38.271496058759716,37.82563577011299,-0.30425911757205465,3.3871991536630413,21.777881619937684,39.168139999999966,38.65053499999998,38.175613999999996,36.33970350000002,13.58778546351976,3.003847,7.479358912093255
REGN,"Regeneron Pharmaceuticals, Inc.",814.255,USD,-1.6267578408157384,243698,0.40845846142809783,83831609378.92778,USD,Health technology,Strong buy,783.5610555833831,759.2281055204511,740.0831059599635,0.6669881067180948,5.137061474298548,5.166935744268646,832.2589999999991,818.0627499999986,741.4891000000008,732.6173749999987,20.123396378428744,54.265844,1.954010824539639
MCO,Moody's Corporation,481.74,USD,-2.392867997163408,295883,0.47810859134071426,83437364466.62181,USD,Commercial services,Strong buy,489.05866883388643,483.8655584367039,478.44722086322867,-4.014823965410743,1.8477801268498961,-5.489288236678965,492.86,496.08499999999987,489.8669999999999,473.12102500000066,30.547682005821144,16.93734,34.02768924810688
BE,Bloom Energy Corporation,282.26,USD,11.622572863526708,20858145,1.6013845822792252,83133286441.67262,USD,Electronic technology,Buy,239.43668628882517,236.25697802414734,228.27019203314276,38.7027027027027,17.52263974185489,211.64844871370212,240.31799999999993,222.12150000000003,227.083,192.1396,384.60280692192396,2.673249,15514.893617021275
CVNA,Carvana Co.,75.15,USD,0.7507708808151257,2415015,0.4453499447769499,82699850349.55022,USD,Retail trade,Strong buy,71.85900341317382,70.71674597363376,70.24267538566033,4.21578144501457,8.23851361083105,-10.892145702902667,73.90200000000002,72.69399999999999,69.02739999999999,73.0855850000001,34.85944892847203,1.619303,169.87981972959443
AMT,American Tower Corporation (REIT),176.97,USD,0.6369064543645178,689775,0.3539154223336832,82460953350.9001,USD,Finance,Strong buy,175.24503132549108,175.37435107156992,176.3398837057142,0.6083001705514458,3.7886340977068844,0.9756932557343422,175.9020000000002,174.93050000000034,171.14419999999998,177.6238500000005,24.33279709606897,6.969845,164.01786038407087
BAM,Brookfield Asset Management Inc,49.27,USD,-2.6284584980237122,1188372,0.682973709088069,80715695341.76572,USD,Finance,Buy,50.35561310951807,49.792222154448915,49.36501135741755,-2.877981470530246,-7.889325107496726,-5.955334987593048,49.89799999999998,52.12699999999997,49.62320000000006,49.13094999999996,29.226507748494722,1.8648349965000002,10.931106900430727
CTAS,Cintas Corporation,200.35,USD,-0.05985933057315536,631189,0.4170102998450124,80173970965.02818,USD,Commercial services,Buy,199.3860477110392,195.95393866621936,192.50565402425204,-1.2519099019172912,-0.13956038478791863,6.807762021537467,200.10999999999973,202.26400000000018,197.84579999999968,186.92612499999967,40.81861336919096,5.500686,11.516790112237015
SHW,Sherwin-Williams Company (The),326.0,USD,-2.3103892601360405,459833,0.3348357139939262,79139159258.71567,USD,Process industries,Strong buy,338.44553815454407,337.3208865303016,335.70034570551525,-3.524607143914067,-10.785145453052742,0.8507347254447022,330.63399999999984,345.7745000000003,342.64600000000047,334.1721999999999,30.05550126306861,12.108388,7.709876665806048
CDNS,"Cadence Design Systems, Inc.",287.17,USD,-1.8893064571233253,1699925,0.7050167932041013,79084612650.78165,USD,Technology services,Strong buy,319.2383472425618,327.90566715204204,331.6660366596686,-13.291464114254651,-16.276967930029148,-9.037060500475127,300.8910000000001,320.0252499999997,339.84049999999996,327.04957500000006,57.13461461939438,8.14086,35.99761891877266
APO,"Apollo Global Management, Inc. (New)",133.4,USD,-0.20198997531232277,1180148,0.6017941824203085,78778463520.70323,USD,Finance,Strong buy,131.7109386031907,130.09052572340312,128.7536858336521,-0.39572911222280377,4.048046174245377,-8.006344390042058,133.10800000000003,134.90800000000007,127.28419999999993,127.81259999999993,50.457674559346394,8.767614,-50.116981132075466
MDLZ,"Mondelez International, Inc.",61.39,USD,0.17950391644908523,3520263,0.4912751790246755,78352545540.37778,USD,Consumer non-durables,Strong buy,61.98142884954838,61.72326650319503,61.25957439684711,-1.66586576966202,-1.6501121435437378,13.811642565813871,61.63600000000001,62.72150000000001,61.537400000000005,59.12952499999997,22.517697978945822,3.048791,-0.4418638621092528
CMI,Cummins Inc.,565.93,USD,0.9237628176549175,303623,0.3072662559973607,77908464681.88362,USD,Producer manufacturing,Strong buy,597.7242535470125,611.7340133105727,614.4279375446818,1.4393260440939188,-12.894983915900953,10.86884121853266,554.846,589.2355,630.3476000000006,600.5619900000003,28.919867749336955,29.543556,-7.964331234156232
ECL,Ecolab Inc.,277.67,USD,-0.5764823832712536,599277,0.4979806206391265,77838837235.72343,USD,Process industries,Strong buy,278.7998828435765,276.94901336126884,275.0321218272717,-1.782745569665015,-1.7862195812110961,6.30551301684534,279.2139999999999,281.9525000000001,278.68559999999997,272.97164999999995,37.25014086018621,8.155323,-0.31693389855440474
TRV,"The Travelers Companies, Inc.",367.08,USD,-0.6145932042777957,473674,0.36695611593010086,76563716746.4642,USD,Finance,Buy,365.2069252253439,356.97091354886265,344.561622210372,0.2950819672131104,-4.398781154777728,27.188940092165886,368.1740000000001,368.31250000000034,363.93740000000037,312.8240050000001,9.82916510469662,34.075679,65.14110353488454
EOG,"EOG Resources, Inc.",145.76,USD,0.39258902128245277,1088119,0.3847727694973062,76455373804.66423,USD,Energy minerals,Buy,143.88251976607307,141.98041433591456,139.03510704633297,-1.2533026217736079,8.533134772896485,38.81904761904761,146.84399999999994,146.4520000000002,141.7951999999999,128.86839999999992,11.338866891224356,16.58766,24.99538130937449
MSI,"Motorola Solutions, Inc.",461.43,USD,-1.4143788056831543,278938,0.33379840150417384,76363790335.95647,USD,Electronic technology,Strong buy,459.3176803615526,450.216905037696,441.82408150380303,-5.394267437569197,-3.5351423673537585,20.377230512365653,474.3739999999999,475.67849999999953,445.79460000000006,423.1071499999998,36.343945432491616,17.701044,2.1851634244689984
ITW,Illinois Tool Works Inc.,267.64,USD,-0.9181104694210048,287272,0.30048687174288286,76223867355.04103,USD,Producer manufacturing,Buy,276.4075001915285,275.2966821183761,272.7914676477407,-2.690517742873776,-8.826435019587814,8.510034461787951,269.6760000000002,281.2650000000001,280.22599999999994,267.02530000000013,24.258134686848546,11.430316,-3.183629056318995
SNPS,"Synopsys, Inc.",395.77,USD,0.4900467194799936,1057530,0.4782982671123481,75844033279.50058,USD,Technology services,Strong buy,410.0928636048789,417.69097020507724,427.04514935105465,-7.575722192382242,-3.185009418038611,-17.36543199565708,407.342,413.412,411.4390000000005,447.25142499999987,69.91661661307988,15.140179,-55.681346643178706
GM,General Motors Company,85.9,USD,-2.1194165907019133,3165679,0.5461135928983819,75373088956.43002,USD,Consumer durables,Strong buy,85.61037903671601,84.2462109286518,82.47058616990898,-0.48656163113992995,-1.13937161928875,5.515292961552646,86.27599999999995,86.28300000000006,83.47260000000006,79.95464999999996,43.32694441642288,13.445706,-68.57106623125456
DDOG,"Datadog, Inc.",209.435,USD,-1.641384492556241,2928192,0.7792136461592928,75202878953.39331,USD,Technology services,Strong buy,229.9723990115992,228.74522576258548,218.3662718038079,-10.06741669529371,-10.806609599250457,52.59380692167577,214.03900000000004,232.69874999999996,248.6279,176.53345,427.8549540347293,2.529359,41.43311181739381
FDX,FedEx Corporation,316.76,USD,-1.7859357559221105,418654,0.3013195605015681,74967726234.15527,USD,Transportation,Strong buy,321.62702185456794,319.86086666682564,314.0938017089279,-3.2912010746779106,0.5395797625849008,36.145298547602316,321.0019999999996,328.05049999999994,319.40699999999924,292.0532710894998,17.087986189782598,17.711085,9.927059242127733
NU,Nu Holdings Ltd.,15.415,USD,0.2927781392322702,41551538,0.635106747924347,74461917813.29831,USD,Finance,Strong buy,14.67333135498693,14.410718975352271,14.316264329267769,6.863084922010388,8.479943701618566,-9.642438452520514,15.264999999999992,14.699249999999987,14.26350000000002,14.970925000000001,20.978497550353836,0.874954,56.40698169433802
TGT,Target Corporation,163.17,USD,-0.7723181707613782,1198900,0.3224941860127313,74127602276.21242,USD,Retail trade,Buy,156.13092429329427,150.0533782572059,142.5983919544511,0.8841350315320752,11.706715958102277,66.6530487182106,163.746,160.42900000000003,147.4922000000001,122.87627500000004,16.93232052798705,10.078599,12.33563368460318
ET,Energy Transfer LP,21.52,USD,0.09302325581395152,4878801,0.724459467935503,74099806543.21115,USD,Industrial services,Strong buy,20.962953934843863,20.600685126097645,20.158204591984152,-0.6463527239150534,6.534653465346536,30.82066869300912,21.483999999999988,21.231500000000008,20.50339999999999,18.91820000000001,14.74477560808496,1.680475,12.650509416486564
NOC,Northrop Grumman Corporation,521.0725,USD,1.1830556526466993,577680,0.9006914687360992,74025137506.16634,USD,Electronic technology,Strong buy,539.3409648571379,546.6805664789975,559.2662778863426,-4.055882894494574,-8.06766055045871,-8.517969065468149,524.2045000000002,553.1931249999996,544.1794500000002,602.6707375,16.522105149677056,28.938661,15.966068289956544
NSC,Norfolk Southern Corporation,329.25,USD,-0.06374066654524967,195568,0.20584605837132708,73952303219.95993,USD,Transportation,Buy,334.91735396225863,331.6066309223756,325.6299797980675,-3.7983929875821767,-2.9476787030213707,13.970715497248094,329.91199999999964,340.56050000000016,335.49239999999986,309.1784500000001,28.107872765456126,12.983801,-20.859119530848844
CI,The Cigna Group,277.51,USD,-1.7733257822455015,874666,0.6407598284305582,73329380810.22438,USD,Health services,Strong buy,280.9074712928779,281.6537610687859,281.87539262341886,-0.7687906743903432,1.1002222303180378,0.30723631894743214,282.438,279.0244999999998,283.3484000000001,279.60124999999994,11.476697973143427,30.500709,32.04187280888568
HPE,Hewlett Packard Enterprise Company,55.09,USD,5.942307692307699,13686686,0.49489854813459644,73130031516.96982,USD,Electronic technology,Strong buy,52.02778150478968,49.47242774236057,45.40354467681481,4.953324442751002,3.010471204188494,126.89456342668862,52.84599999999997,54.437999999999974,50.23439999999999,33.42925000000001,28.72562310981333,3.798577,142.2076281889366
ROST,"Ross Stores, Inc.",228.18,USD,-1.0880402271446492,736950,0.3682582800022187,72892814833.766,USD,Retail trade,Strong buy,234.08979063324358,233.13614378476592,228.8179663468921,1.0495549355653002,-9.938427533943798,26.352511213245474,230.12599999999975,236.06649999999973,234.81129999999982,212.9589249999999,27.570957334976622,8.485218,31.42299080558334
RCL,Royal Caribbean Cruises Ltd.,265.565,USD,0.14140804706059806,1032841,0.6392601563005784,71223199671.22821,USD,Consumer services,Strong buy,283.82257828490947,287.0459704185031,288.11700742387535,-0.5858570733350794,-17.86818828477763,-4.644524236983843,265.4820000000001,287.3824999999999,296.24739999999997,287.91949999999974,16.401608261175685,17.761253,22.036223309239748
KMI,"Kinder Morgan, Inc.",31.87,USD,1.4968152866242117,9486185,0.9409280690687644,70968178940.20511,USD,Industrial services,Buy,31.76902272922938,31.863790452647557,31.816561187327324,-1.9686250384496988,2.6078557630392862,15.933066569661705,31.787999999999993,31.810999999999996,31.9358,31.101725000000016,20.558637595149012,1.52164,27.19067935674433
DLR,"Digital Realty Trust, Inc.",190.82,USD,1.2898773820266507,635380,0.3002150096637406,70793975189.45667,USD,Finance,Strong buy,189.67070627658754,189.0309696340369,187.43506755523404,2.7737383529918707,-1.6087449726719627,23.3962752198655,186.80599999999998,191.376,186.70879999999977,179.02824999999976,92.82031326004474,2.708176,-46.11977460359062
WBD,"Warner Bros. Discovery, Inc. - Series A",28.115,USD,-0.47787610619469584,7106244,0.4615118952165233,70588425223.16707,USD,Consumer services,Buy,27.811575909368518,27.539536421888954,27.21936684492409,-1.5925796289814556,6.819908814589659,-2.3445640847516525,28.289000000000005,28.307750000000006,27.126099999999987,27.315900000000006,nan,-1.146103,-521.58940397351
CL,Colgate-Palmolive Company,88.4806,USD,-0.32601103976568724,1973710,0.511235520247435,70534324142.14581,USD,Consumer non-durables,Strong buy,90.32632318890317,90.45209287206995,90.06105319208199,-2.0907380767954065,-4.01323497504883,12.10008868617761,89.41411999999966,90.86853000000033,91.75821200000037,87.76647800000013,35.00162189960046,3.867237,-28.947664286918883
ORLY,"O'Reilly Automotive, Inc.",86.0055,USD,-2.1441574695642314,2525975,0.544949125928332,69575078927.91736,USD,Retail trade,Strong buy,88.42444136926807,88.91825625028325,89.68990169788938,-3.61369494564609,-7.0411802853437075,-5.2176548379986745,87.23910000000008,89.52527499999982,88.93651000000011,92.1079775,27.351089203370964,3.285153,12.468257090740005
HLT,Hilton Worldwide Holdings Inc.,307.21,USD,-1.2757889324506804,593439,0.4163962327247967,69142189646.80127,USD,Consumer services,Buy,318.82302288015313,321.23480682971285,320.6857982084258,-3.1677488495240533,-4.652389819987588,7.090319656987477,311.24800000000005,322.102,324.38380000000006,313.0263000000004,45.14010314883112,9.039033,4.542242703533027
SPG,"Simon Property Group, Inc.",211.625,USD,1.0432582123758605,619410,0.570764642724057,68471589878.61023,USD,Finance,Buy,216.22460612339438,216.1713476891778,213.34080168835877,-0.7527083431036861,-4.570256132756128,14.720550767062395,210.9309999999999,216.90224999999978,222.26350000000025,201.9406749999998,40.15654648956357,6.647592,-25.407991394318557
AEP,"American Electric Power Company, Inc.",125.63,USD,0.9076305220883497,1092214,0.3801013210039446,68392645349.89109,USD,Utilities,Buy,126.00422378201537,127.26876396612643,127.85744249213813,2.2795733941219547,0.5120409632770626,8.827096327096326,124.27400000000004,124.0964999999999,129.0194,126.90132499999993,21.77069975392507,6.381186,-15.46518611839503
RSG,"Republic Services, Inc.",221.99,USD,-0.3232903776211211,744417,0.49368984743117034,67976221963.18455,USD,Industrial services,Strong buy,219.26011756168833,217.68419175776899,216.6111991448771,-0.2785139930820738,3.8501122754491104,5.433388743766325,223.12599999999992,219.8430000000004,217.66060000000004,215.0487999999998,31.4437881556396,7.276561,4.356116596700759
AON,Aon plc,319.17,USD,-1.21328422420996,736766,0.5565663048516571,67704076716.8069,USD,Finance,Buy,340.91045121302244,342.0032301911858,340.87603009815155,-0.6984739355661698,-10.724175547537124,-9.099453178400545,325.2879999999996,344.4225,352.9534000000005,337.0864000000007,17.598601683934255,18.795691,51.84785156904115
NBIS,Nebius Group N.V.,245.88,USD,8.609037501656438,18880341,1.488794453432423,66843763772.43482,USD,Technology services,Strong buy,224.31203622912437,217.42402238075786,204.07049665481955,22.995347906557953,24.581359410229766,182.66942576306258,217.30599999999987,226.64449999999994,213.18960000000004,155.56502499999996,nan,-1.91406,-114.14427157001417
APD,"Air Products and Chemicals, Inc.",298.86,USD,-0.7999468914926705,426377,0.48834841369831633,66551795552.371765,USD,Process industries,Strong buy,301.28274632631485,299.22442138640633,295.7756937429156,-2.9675324675324632,0.5450141299959643,21.84442270058709,303.8239999999998,304.975,300.5974,282.74050000000034,nan,13.432149,-103.09207216272551
BSX,Boston Scientific Corporation,45.62,USD,-4.560669456066945,15596250,0.8416680029560011,66113848378.4523,USD,Health technology,Strong buy,47.59421753883972,48.67367860770849,52.127371843306186,-7.115952356713843,-7.838383838383843,-52.34015879648976,47.364000000000075,49.272499999999994,46.91359999999996,66.49419999999998,18.49884432910263,3.303356,46.7741935483871
HON,Honeywell International Inc.,208.22,USD,-0.6631363007490171,747993,0.28829227930634077,65993247500.32488,USD,Producer manufacturing,Buy,221.13532869024203,225.23732235383122,227.86140426663945,-2.3220903504245385,-13.440033257119108,1.506319461117603,208.30199999999945,219.52500000000003,228.20500000000018,229.6940194600004,7.699276367118891,8.324974,53.73390557939914
AJG,Arthur J. Gallagher & Co.,252.53,USD,-3.86767672922456,601456,0.43970440344817807,64723436518.82474,USD,Finance,Strong buy,254.44696528159986,248.8346815086462,243.48842708563043,-4.500245811746021,1.8430391998709441,-1.7813387266150722,261.6680000000001,259.7299999999999,254.21899999999994,233.9040000000001,41.78331513286343,13.251395,-8.900712961427725
ALL,Allstate Corporation (The),255.71,USD,-1.4870747775166564,703828,0.5867197377655503,64658309735.56586,USD,Finance,Buy,256.09977865129787,251.00737178103026,243.0517393863503,-1.7746706103791252,-6.020066889632096,23.507534775888725,259.12000000000006,258.927,257.0307999999999,221.9745999999999,5.106580981176085,35.333983,135.47341938821094
PCAR,PACCAR Inc.,122.76,USD,-1.5557337610264617,792287,0.3739183009794858,64616557127.34082,USD,Producer manufacturing,Buy,126.21425061021809,125.44340554202137,123.68577030518497,-0.9999999999999959,-6.830601092896165,11.813462063940248,123.31000000000022,127.61749999999992,127.84320000000008,119.960775,25.842034355001687,5.934882,-18.58504147528622
BKR,Baker Hughes Company,64.11,USD,0.9606299212598417,2443796,0.41066985138257567,63640334773.08331,USD,Industrial services,Strong buy,62.264348252496966,61.63443708065014,60.87685288080558,0.37576326914044467,3.253341923014972,40.22309711286089,63.907,63.485,60.111100000000015,58.578600000000016,20.60089974293059,2.628275,1.8091405764386397
URI,"United Rentals, Inc.",1020.465,USD,1.0501455647317468,169314,0.45237436828457955,63516280473.7918,USD,Finance,Strong buy,1059.8293130289194,1055.5383068721344,1030.3202331050231,-0.7416665856101983,-12.406437768240341,25.891634488459022,998.7739999999994,1071.6650000000004,1085.6398000000002,928.4677499999995,24.51773722715424,49.425832,7.655638525983063
TDG,Transdigm Group Inc.,1148.18,USD,-1.1935803106578797,116142,0.39805984298602115,63467401522.5891,USD,Electronic technology,Buy,1199.703451502178,1215.7221288326057,1230.2048077502777,-1.8423054893009458,-9.801641855532424,-13.607668750893504,1155.514000000002,1198.8244999999993,1238.4330000000004,1268.3406500000015,34.81707224622849,41.072753,9.481962989768064
TRGP,"Targa Resources, Inc.",293.41,USD,1.1584209619031247,213192,0.2215695675042941,62916201467.12177,USD,Utilities,Strong buy,284.01365783556747,278.25796497458543,268.8893996978593,-2.026846533992251,11.241279951471048,59.609421748354464,293.3039999999999,288.154,278.17519999999973,238.58495000000005,28.011570847574134,11.276709,49.97780673243511
COR,"Cencora, Inc.",328.26,USD,-0.8128116029611717,623339,0.5892193686304036,62640932074.67381,USD,Distribution services,Strong buy,318.9672014217168,313.9053179432821,311.7744374845932,0.7025186366843462,1.314814814814812,-2.6454712616406715,332.75200000000007,323.0294999999999,312.94719999999984,321.75789999999995,24.404677823459004,17.875464,38.36887530989928
TFC,Truist Financial Corporation,51.015,USD,-1.2294288480154851,2486959,0.47129339118847235,62321263489.94086,USD,Finance,Buy,51.26585227928524,51.0615694333413,50.61128813079679,2.935835351089585,-2.307545001914972,3.5732412952999653,50.90500000000001,51.21225,51.54090000000009,49.7056250000001,11.711970246567795,4.63056,18.367346938775523
OKE,"ONEOK, Inc.",97.02,USD,1.6661427224143237,1239688,0.39351495550654075,61158467513.20402,USD,Industrial services,Buy,93.77641315479957,92.45818008551623,90.70801243705353,-0.6960081883316344,11.68412570507654,32.07187585080316,95.9800000000001,94.64799999999975,91.83999999999989,85.06950000000002,16.760239777497535,5.745599,12.846755170867707
MET,"MetLife, Inc.",95.95,USD,-1.7107150174144659,1144119,0.4464109541599632,60974013025.196686,USD,Finance,Strong buy,95.3333973727285,93.27515562219094,90.2205021053436,0.40812055253244095,-3.55814654739169,21.548011147707125,96.72799999999992,96.25399999999993,94.53579999999991,82.05395,18.36082513682116,10.027122,-11.437626044367619
CRH,CRH PLC,91.54,USD,-2.8856354763420313,2947792,0.7055619244645058,60900143124.17314,USD,Non-energy minerals,Strong buy,96.52520422357098,99.08501600135321,102.1739711014132,-2.033390410958895,-6.14169998974674,-27.059760956175296,92.34199999999991,95.14050000000002,99.34180000000003,111.38979999999994,16.142627894263494,5.889749,18.52726626674749
MPLX,MPLX LP,59.89,USD,0.3686944863415433,697743,0.6599800003480832,60719970307.95476,USD,Industrial services,Buy,58.96468997695583,58.43653818148233,57.79776759827661,1.1313745356298577,2.062031356509886,12.490608564988728,59.396000000000036,59.136499999999934,58.26520000000003,56.459649999999954,12.890936094190577,4.298714,10.254402202287725
OXY,Occidental Petroleum Corporation,60.6601,USD,1.0328114590273165,3618570,0.5911904346927657,60638104974.07598,USD,Energy minerals,Buy,58.669699569221926,57.684708383424415,56.49290820704632,-0.7199672667757798,8.807354260089687,47.09044616876818,60.63402000000001,59.70900499999999,56.331801999999946,52.49337549999976,17.97176547269872,6.190055,98.32540102238676
GWW,"W.W. Grainger, Inc.",1282.9,USD,-3.140076557769399,206297,1.0098079574807397,60425796384.53488,USD,Distribution services,Buy,1314.922224596992,1310.0953607000858,1284.7789603147885,-2.2299109864650646,0.5848961926864483,27.362798824557235,1302.8580000000009,1310.6150000000011,1338.0224000000003,1179.36375,32.56281458054658,46.510439,-0.5866737992742951
MPWR,"Monolithic Power Systems, Inc.",1226.47,USD,0.21325968656546726,286008,0.5819844626704037,60272416397.52714,USD,Electronic technology,Strong buy,1301.1129899674331,1328.5777190694084,1330.1045428260973,-1.4970564849691894,-11.508185602862977,32.21899407614232,1221.8599999999983,1305.2669999999998,1326.7977,1252.39775,75.15871654083733,27.420919,-57.50593725261448
COHR,Coherent Corp.,305.85,USD,8.511317675441711,6521907,1.2965878696332087,59895288981.32176,USD,Electronic technology,Strong buy,303.66058631038766,309.4230637341125,306.8639898194917,13.068391866913132,-15.046386311871553,62.686170212765965,278.5580000000001,298.2574999999998,305.62440000000026,277.2739000000001,74.37443766262189,9.442466,nan
TEL,TE Connectivity plc,206.42,USD,-1.0687754612988345,562800,0.2873381297902452,59761315908.4205,USD,Electronic technology,Strong buy,207.04276024947288,207.50460365962118,208.78535629548117,0.5896398810974024,-3.8475871063909164,-10.40798611111112,206.93800000000002,207.41449999999995,205.75419999999963,216.09709999999978,20.23467597267015,11.445998,110.62705180352239
D,"Dominion Energy, Inc.",66.54,USD,1.0631834750911344,1418754,0.3590897190505145,58523652788.71659,USD,Utilities,Buy,67.1283495599991,67.22911848435005,66.70817235591609,0.4377358490566132,0.180668473351407,12.951960617891716,66.32000000000025,67.16499999999952,68.68740000000001,64.14150000000002,23.140323422013562,3.586569,-0.6529850746268628
NUE,Nucor Corporation,257.32,USD,-1.4363963687899797,632689,0.6271681640851908,58379649399.425896,USD,Non-energy minerals,Strong buy,254.02236611220644,248.82610734232088,238.69758074694252,3.515970713653544,-5.0479704797048,55.78157161884004,259.3499999999999,257.4465,248.9138000000001,206.55980000000014,20.528776347071307,18.628221,126.28899480069322
TER,"Teradyne, Inc.",372.33,USD,4.28535417191833,1467730,0.7237534049911977,58210349021.30123,USD,Electronic technology,Strong buy,370.3742271898439,369.2358015807277,359.33575957033617,9.09170817462642,-6.35563380281691,86.82824025289779,349.00600000000014,375.69499999999977,370.64070000000027,317.33279999999996,51.0831835581105,9.206802,152.82528009989946
FIX,"Comfort Systems USA, Inc.",1650.66,USD,2.503819069264886,134100,0.4041756985819792,58093868732.27001,USD,Industrial services,Strong buy,1663.521527415779,1682.8060700121616,1660.361974222898,8.686863366101946,-6.252449240380516,75.90153452685423,1591.1379999999992,1649.7900000000009,1706.8568000000002,1495.5073000000004,40.611137764328156,49.007236,108.88515440711674
AFL,AFLAC Incorporated,115.51,USD,-1.4503881921337674,950908,0.42986570979819766,57910166758.97543,USD,Finance,Buy,118.61474169610088,118.85329959189434,118.06311145146019,-1.0705721137375812,-8.803094899731558,4.875612856364631,116.86800000000002,118.0465,121.4094,114.58980000000003,12.378768231650467,7.010224,110.97696081756314
O,Realty Income Corporation,61.195,USD,-0.08979591836734648,3282730,0.6951573469732883,57903815320.67632,USD,Finance,Buy,62.248255531947756,62.493994372273534,62.50138130064493,-0.47975280533420345,-1.7736757624398025,8.5980479148181,61.408999999999956,62.193249999999956,63.21050000000002,61.875875000000015,44.75936220011703,1.529334,33.38536585365854
CTVA,"Corteva, Inc.",86.095,USD,-2.008877760072844,1639833,0.361531582580922,57442238632.24947,USD,Process industries,Strong buy,83.66814743047217,82.84939625969976,81.65148187179003,0.7076851093695216,12.395561357702357,28.5,88.055,81.89525000000005,83.42189999999997,77.4832249999999,56.918550839613914,3.755249,-26.404904393519196
LNG,"Cheniere Energy, Inc.",276.52,USD,-5.301369863013705,3001381,1.4124856445719551,57110822928.82931,USD,Industrial services,Strong buy,273.8148123276967,267.79816194493145,260.9468839924831,-6.807764896198451,4.587919361549225,42.198909801501586,289.87199999999996,279.56,266.68899999999996,240.65695000000014,20.575629501756055,5.249878,-21.674311258239555
MRNA,"Moderna, Inc.",142.85,USD,-1.855032634833402,6556469,0.3012737421453925,57030845276.4318,USD,Health technology,Buy,112.64045603306053,97.47303453310748,83.45657013431537,1.8538324420677321,160.7227596276693,378.8803218236675,148.46999999999997,122.11450000000002,87.0076,55.41352500000001,nan,-8.332565,-6.204860141255336
FAST,Fastenal Company,49.435,USD,-0.33266129032257896,1947646,0.3551980380167109,56726546098.51512,USD,Distribution services,Buy,49.37775419968311,48.71857243045791,47.86147829564456,0.64128664495115,-2.2540781018289677,22.789369100844524,48.98899999999999,50.53649999999995,48.72699999999997,45.413250000000026,42.068760105522934,1.266571,13.569150478399544
KEYS,Keysight Technologies Inc.,332.015,USD,1.4684759023257257,310142,0.28358240889697267,56523809519.075455,USD,Electronic technology,Strong buy,328.9039056739587,328.0455672447571,321.2697625415301,3.2802438796777174,-2.20471281296024,61.71399347328429,324.5390000000001,330.39725000000044,326.18489999999974,289.299825,45.731463753942776,11.48519,131.29440249769027
NXPI,NXP Semiconductors N.V.,224.035,USD,-1.6678736805144125,1127145,0.4546621949581908,56493601336.38062,USD,Electronic technology,Strong buy,236.55640112257473,244.72790148985607,248.731806402104,1.053225078935502,-5.5939488432851565,1.5548151673806156,225.55200000000013,227.22099999999978,249.21360000000018,243.87557500000017,19.12034547797663,15.083894,39.66719511759026
NKE,"Nike, Inc.",38.055,USD,-0.8984374999999971,19671144,0.7075669324966092,56454545801.36172,USD,Consumer non-durables,Buy,40.18240889104586,41.42050386649831,43.627827618698795,-0.7950990615224185,-9.435982865302245,-40.5390625,38.31699999999998,39.62325000000005,41.452500000000015,51.297125000000044,18.136974549613956,1.730201,-2.8296207104154196
F,Ford Motor Company,14.15,USD,-3.214774281805738,23358006,0.5987444840473509,56426568784.80164,USD,Consumer durables,Buy,14.255244093783286,14.186485635501205,14.015053862960457,1.4336917562724092,2.3878437047756877,7.35963581183612,14.23199999999998,14.082999999999984,14.11399999999999,13.506225000000011,nan,1.850104,-320.88809493428613
PSA,Public Storage,302.48,USD,0.15562398596073881,273871,0.3469198263063757,56405220137.314674,USD,Finance,Buy,313.40226702400474,314.2555894315387,311.96374452034416,-1.436996969598217,-7.328431372549008,16.742570436125046,302.88200000000023,316.6110000000007,319.9979999999993,297.9062999999996,28.844154977256906,10.026551,14.418670623663427
CRWV,"CoreWeave, Inc.",101.91,USD,14.044315129811993,38342452,2.115031641503197,56207093820.29813,USD,Technology services,Strong buy,91.4818102807202,91.56429616871584,92.45771105389727,23.767306290988575,14.21046733161492,37.84661165967806,87.72200000000005,91.704,85.72400000000005,91.60587500000005,nan,-4.006192,-47.0942608136873
CAH,"Cardinal Health, Inc.",240.995,USD,-2.5022250991180526,643388,0.4752167339681366,56049586238.47637,USD,Distribution services,Strong buy,236.08830804779421,232.02307706992966,226.4621025196341,1.7500527760185816,1.5870674029422986,17.80564110084568,244.325,236.9452500000003,234.28669999999983,215.92727499999987,33.29764010169117,12.544261,12.39381939591583
SRE,DBA Sempra,85.695,USD,1.969300333174663,1092915,0.25900397949211457,56035994585.27802,USD,Utilities,Strong buy,86.23551662776373,87.589298369396,88.84591216119765,3.296769527483124,2.2125477099236517,-3.409603246167725,84.47099999999988,85.01325000000008,88.60089999999998,90.97789000000004,24.83409163358159,5.114957,-16.443895588164086
FANG,"Diamondback Energy, Inc.",199.51,USD,0.14556771408492725,780000,0.4179731677302208,55867659014.87561,USD,Energy minerals,Strong buy,198.60541917907736,196.5765141831184,192.99577112002063,-2.5902439024390254,6.563850792464919,32.16188490684669,201.64999999999984,203.16900000000012,195.5491000000002,181.11782499999987,38.653492201879295,20.495948,-63.303828516583124
AME,"AMETEK, Inc.",239.22,USD,0.6309944472488642,461723,0.3704344939247998,54843875484.35588,USD,Producer manufacturing,Strong buy,240.2261863912957,238.90301558614107,235.627406677492,2.182734611934554,-5.431688804554083,16.12621359223301,235.13000000000002,243.594,241.39020000000025,226.23194999999978,34.9665273189698,8.3361,10.327366553781657
AU,AngloGold Ashanti PLC,108.555,USD,-0.47217383331804014,879952,0.34935049817716435,54821086491.17315,USD,Non-energy minerals,Strong buy,103.10241229229737,99.41801622597102,96.71675144420747,0.4023307436182041,12.73756360992834,24.611146186075892,109.05100000000002,109.01574999999998,92.70429999999996,95.35607500000002,14.528044324888587,8.937885,9056.985294117647
GRMN,Garmin Ltd.,278.23,USD,0.4331660830957101,334039,0.4491993351550229,53657357461.545044,USD,Electronic technology,Buy,279.7920346440197,272.8684429952426,263.66345731908376,-1.831204572718932,-8.726175245218634,36.60823881769531,276.72999999999985,292.0925000000003,273.42240000000004,238.81069999999997,28.691787320051148,10.169199,19.64318762260799
NDAQ,"Nasdaq, Inc.",95.43,USD,-1.4966969446738116,871248,0.35192213545832196,53343207566.83837,USD,Finance,Strong buy,95.29190894101363,93.76246385557872,92.29130322536716,-2.9295086969789397,0.9734419638133548,-1.871465295629813,96.85599999999994,97.46700000000004,93.10610000000011,90.43690000000001,27.80918521972258,4.131461,31.852762621993403
STT,State Street Corporation,194.13,USD,-0.06692062184700683,607046,0.54550075061326,53327849551.28765,USD,Finance,Strong buy,188.47174746078554,182.64248803652515,173.73045698382717,2.292127726841603,5.660480052250588,50.96819348316353,192.03200000000015,190.7785,184.98380000000006,149.3855000000001,17.116632573887284,13.644805,27.095263175588595
DVN,Devon Energy Corporation,48.305,USD,0.5097794423637066,3923388,0.4702566606712774,53135501518.702774,USD,Energy minerals,Strong buy,46.747809112778306,46.108429502646445,45.43387790125692,-1.878935608368875,13.418642873914056,31.69302071973828,48.647000000000034,47.533750000000026,44.935699999999905,43.57254999999997,11.438821662838334,5.117338,-5.407342696503363
MSTR,Strategy Inc,137.36,USD,-3.809523809523808,12214258,0.452086130219434,52777217216.542854,USD,Technology services,Strong buy,121.57701754841685,120.08752024515633,125.70707968946049,7.287354526282912,35.54371422932702,-11.145610970955424,134.61,117.525,104.60280000000003,138.73897500000024,nan,-25.302581,-955.7415004313606
DAL,"Delta Air Lines, Inc.",79.66,USD,-0.6361481851066547,2787397,0.5670856955826024,52386245855.8795,USD,Transportation,Strong buy,82.86790289552923,82.77416146879305,80.93435528542346,2.7738356341117165,-13.694474539544963,14.044380816034364,78.61999999999998,83.12699999999998,86.31540000000003,74.30715000000001,13.234096988021863,6.499967,-12.686577989236861
VST,Vistra Corp.,153.83,USD,3.0341594105827197,4731635,1.1944367970246434,51630762774.78634,USD,Utilities,Strong buy,148.0406094998508,149.45599055892922,151.87841757931585,12.695970695970706,10.976445550625836,-6.138263469400192,145.7779999999999,142.42449999999997,149.44900000000024,157.6605000000001,25.966375206778977,8.609632,-6.008345364832065
ALAB,"Astera Labs, Inc.",297.0,USD,-4.317010309278343,3406830,1.1517229495815304,51525075891.25322,USD,Electronic technology,Strong buy,308.84085022218113,308.10536489863745,293.4514788413726,3.3582738820253963,-12.652196929592373,72.99123394588928,288.85200000000015,297.429,328.5529,225.93134999999995,146.23338257016246,3.994019,256.1283534981589
VMRK,Vivmark Residential,65.97,USD,0.9487375669472143,2463426,0.5130099781615911,51046206943.334045,USD,Finance,Buy,66.27758396029455,66.29601998699542,65.90741040329631,1.4923076923076906,-0.7969924812030093,5.856867779204106,65.29400000000005,65.53299999999999,67.16259999999997,63.908450000000066,28.953258722843973,1.286,-12.81472411418075
ETR,Entergy Corporation,108.64,USD,1.2771511140113774,1144858,0.5354358696264743,50694844600.33187,USD,Utilities,Strong buy,108.28609483872211,108.99648534279545,108.88337133578146,1.7038007863696008,1.3243797798918129,17.359835799935194,107.49199999999999,107.04799999999977,110.16879999999992,105.57780000000008,27.778061876757864,4.39967,-2.653325368379127
EW,Edwards Lifesciences Corporation,87.39,USD,-2.7919911012235876,1102417,0.4441578610357751,50371598988.17419,USD,Health technology,Strong buy,88.80973492815498,88.26295893974981,87.24044891241924,-4.37684648210964,-2.2920393559928414,2.258366487245503,89.72600000000011,90.81250000000006,89.56899999999997,84.96460000000003,51.857346309043436,3.000897,15.046422719825225
FITB,Fifth Third Bancorp,54.76,USD,-0.20047384727537712,1841288,0.47248271281413073,49661436611.34828,USD,Finance,Strong buy,55.40193637740026,55.044372140170054,54.010187779507376,1.9549432135542677,-3.3703899770601793,16.88367129135538,54.40199999999999,55.54199999999999,56.57139999999995,50.96625000000002,18.637895238419386,3.060225,-8.564404195064261
AMP,"Ameriprise Financial, Inc.",559.16,USD,-0.2497502497502457,195094,0.5429722452217112,49392403882.52947,USD,Finance,Buy,547.8401720592126,533.4814622448031,517.6712087501024,1.6931890515595063,0.7096286156838624,14.114285714285707,555.858,559.1819999999994,537.5542,488.1513500000001,13.4881656519264,46.473846,28.977620972132762
CIEN,Ciena Corporation,347.155,USD,8.147975077881611,1866379,0.7686220597836879,49229541174.11885,USD,Electronic technology,Strong buy,379.3628570517098,396.82936906315575,402.92942959341036,-7.889569901032135,-15.542282989490085,44.047717842323635,340.0210000000001,387.72175000000004,402.09270000000004,377.9659,77.46574731110813,7.151266,362.8589134476348
BDX,"Becton, Dickinson and Company",180.151,USD,-2.4840316119952357,762454,0.5287687308985939,49070757722.34293,USD,Health technology,Buy,178.26355600707498,172.90025675920234,167.77693683062236,-5.333158171308461,2.7907109437407396,17.989621568020784,185.43019999999953,186.20405000000014,170.48642000000018,159.92784434299938,54.33763648428546,12.670374,-40.38122639812983
HUM,Humana Inc.,408.11,USD,1.6362006275838008,246817,0.29002617223665395,49005975135.8301,USD,Health services,Buy,389.3913200549561,375.6221214412327,352.32446508141635,5.269810152703262,12.118131868131874,59.39306358381502,402.4039999999998,389.02049999999997,388.83299999999997,280.5941000000002,38.64897626759096,9.153904,-18.957127726526167
CARR,Carrier Global Corporation,59.435,USD,-0.4605593702897313,1875888,0.35739648172072674,48993759977.33236,USD,Producer manufacturing,Strong buy,61.79114601695183,62.97102399293744,63.41553024376194,2.651122625215896,-6.958359423919849,11.909244963283754,58.610999999999976,60.23325000000004,64.44989999999996,61.42325000000002,41.882178845747305,2.895607,-43.37642646237332
AZO,"AutoZone, Inc.",2974.3,USD,-0.3013451592034225,233702,0.7963370852063166,48556505587.86602,USD,Retail trade,Strong buy,3009.3200161918053,3055.2781528090004,3137.171176473095,-1.0384260907466631,-2.4512633484637716,-11.880686514720123,2965.1959999999963,2999.5255000000075,3033.2463999999995,3377.1728499999986,20.449106180933647,151.101764,-1.5630245048673954
WAB,Westinghouse Air Brake Technologies Corporation,285.7,USD,1.004030262320574,269085,0.39317965498205826,48257825315.97928,USD,Producer manufacturing,Strong buy,286.7123736592709,282.6557945126335,275.4805156706519,1.3731682219777896,-3.2411013648525056,33.742158973878844,281.8,292.3800000000001,283.7483999999999,254.67414999999954,38.47707805850347,10.862538,10.817264640916962
XYZ,"Block, Inc.",80.27,USD,-3.008699855002427,1453594,0.36720512272459643,48225974749.65949,USD,Commercial services,Strong buy,80.79823459515018,79.16499739831448,76.68919077461288,0.012459506603527168,1.6590678824721408,22.139379184418743,81.34799999999998,81.52500000000005,80.38519999999995,68.90115000000003,142.90546555100588,4.056505,-87.9842556741609
XEL,Xcel Energy Inc.,76.58,USD,1.135763338615953,1633698,0.3547118886773469,47834498404.67116,USD,Utilities,Strong buy,77.41154466287696,78.03498953274445,78.46078352321305,1.082365364308333,-0.14343460685878137,3.7388241668924485,76.00799999999991,77.43749999999993,78.6373999999999,78.60677500000003,20.962443884813315,4.115166,1.3426542387927207
ROK,"Rockwell Automation, Inc.",430.16,USD,-0.8413821719185767,264791,0.4123359923783766,47768701281.72629,USD,Producer manufacturing,Buy,441.6874156660856,443.892959631899,439.83165125752123,1.9022575983701773,-4.302558398220239,9.734693877551027,427.02800000000013,434.38049999999987,452.8737999999996,420.8557999999998,40.31792449293293,13.225617,25.185680594177896
VTR,"Ventas, Inc.",90.865,USD,0.6591337099811664,1050601,0.403449338796471,47644729329.70527,USD,Finance,Strong buy,91.65846217383331,91.09134249590923,89.6090214646444,-1.2444299532659604,-1.018518518518521,17.442161044332416,91.47500000000005,91.58925000000002,92.87470000000012,85.22512499999993,166.66360968451943,0.582831,26.057803468208096
LHX,"L3Harris Technologies, Inc.",255.6,USD,-0.33144862546305104,775088,0.5113444556267728,47596457825.82803,USD,Electronic technology,Buy,271.1760645356891,279.9823773579873,289.69855730107747,-4.090056285178238,-11.437580125428784,-13.06122448979592,259.81199999999933,270.36549999999977,281.95920000000007,313.9423499999994,25.816095669036844,11.941914,10.543180930050802
NTRA,"Natera, Inc.",329.58,USD,0.4265951611920218,566726,0.5622884755795735,47507032853.55188,USD,Health technology,Strong buy,310.7829189462566,293.8547755637327,274.03145020440616,2.676095828530476,2.7048924898722366,43.95282812841232,326.271,323.91775000000007,293.62610000000024,236.2259,nan,-1.350015,28.01767211907642
COIN,"Coinbase Global, Inc.",179.9,USD,-2.5671577123050158,3410842,0.39770552807841314,47464276300.000015,USD,Finance,Strong buy,172.40242347890515,170.9933163463829,175.06505374597828,-0.8514976990272466,21.3818230888604,-21.984431579175606,181.8040000000003,171.5365,163.76420000000005,192.35100000000006,nan,-3.000051,-137.16237133348812
CCEP,Coca-Cola Europacific Partners plc,106.8,USD,0.9833585476550605,640883,0.5050044757396002,47335642862.99546,USD,Consumer non-durables,Buy,106.58194082495517,105.20555419205867,103.13961268504181,-1.1660188784008931,-0.9625549435263977,17.828773168578987,107.41799999999994,107.68999999999983,106.97680000000004,97.79044999999996,20.632896719601252,5.20605693566,42.72872663100424
CMG,"Chipotle Mexican Grill, Inc.",37.08,USD,0.32467532467531773,5065087,0.4634679981667662,46921697118.48701,USD,Consumer services,Strong buy,35.97144281870592,35.354436494159096,35.047242156905085,-2.7537372147915136,11.184407796101938,-0.45637583892617906,37.528000000000006,35.921500000000044,34.9458,34.88207499999998,34.203486763213725,1.149163,-4.172191284363114
MDLN,Medline Inc.,35.455,USD,-3.1019404208800356,3553643,0.528003057198178,46612953553.01421,USD,Health technology,Strong buy,36.37710217647176,37.12743284232975,38.21329524895975,0.6386602327561778,2.4119006354708286,-15.402052016225241,36.00899999999998,35.07675000000003,37.71959999999999,nan,41.57481238273921,1.492612,-46.20915857196922
EBAY,eBay Inc.,103.39,USD,-0.019340489314375806,2585772,0.7226565856965542,46008551629.68475,USD,Retail trade,Buy,106.10508676828593,106.70966153778082,105.67086730174442,-0.42376962342290064,-7.331719996414801,18.839080459770116,104.86800000000002,104.1849999999998,109.23970000000001,98.76864999999998,21.404467631410057,6.139297,6.7398846485316035
PYPL,"PayPal Holdings, Inc.",53.295,USD,-3.0294759825327495,5516184,0.37964828232776926,45591786651.42221,USD,Commercial services,Buy,55.0456696275392,53.773088062687485,52.55889330435411,2.0781459490519074,-10.71368738482157,-9.161411283449803,54.42900000000005,58.607499999999916,55.20359999999999,50.983625000000075,10.071242299406629,5.387703,13.295366960691968
EXC,Exelon Corporation,44.125,USD,1.1113657195233717,3497603,0.4737200326218585,45548202976.532425,USD,Utilities,Buy,44.754406964782184,45.2036676742489,45.56344401276329,0.6730549851699789,-2.1835513189980036,1.2970615243342463,44.01900000000003,44.568250000000035,45.721300000000085,45.92612500000002,16.165964462355745,2.857226,3.6177966745121837
RVMD,"Revolution Medicines, Inc.",209.52,USD,-0.23807256451766498,800329,0.4385516975522162,44907768842.93001,USD,Health technology,Strong buy,201.81418184572618,192.29163984802364,177.04367716850803,2.3846755277560714,4.332237824917845,160.9540415992029,209.9020000000001,210.14425000000006,197.33689999999999,134.75052500000004,nan,-9.701684,-95.67340777410264
TEAM,Atlassian Corporation,177.08,USD,-6.593522523472941,2201387,0.5709259914594009,44825822722.34666,USD,Technology services,Strong buy,158.3732509989516,141.88310767934962,128.4488790525006,-7.083639416517998,22.010541909256915,9.214259282101905,186.96200000000005,174.55574999999993,127.87880000000004,109.41337499999996,nan,5.494503,80.95723014256619
WDAY,"Workday, Inc.",185.595,USD,-5.207109658307367,1461919,0.3493836204042067,44728393466.25104,USD,Technology services,Buy,182.18159072226902,172.2206927427866,164.9498421497924,-5.482277449582406,6.480206540447496,-13.756970260223046,197.51100000000005,195.34350000000003,167.01610000000016,159.98037500000007,37.665908998660555,11.072162,127.87772279517178
ADSK,"Autodesk, Inc.",213.045,USD,-2.2280862781092328,1407760,0.5918300579680339,44526403752.43038,USD,Technology services,Strong buy,230.9620137027695,230.55374712301355,232.50440515287622,-15.951948871705856,-13.042857142857148,-28.025337837837846,231.57699999999994,248.167,231.01000000000022,246.60660000000007,27.59721754449597,12.595033,60.05888329082955
FERG,Ferguson Enterprises Inc.,228.56,USD,0.06567138041241875,424665,0.3166640617589808,44215552795.41737,USD,Distribution services,Strong buy,233.98492661192947,235.0307463005155,235.9554115299809,2.6221264367816106,-10.079471240852941,2.4197884925613935,224.06799999999967,235.77599999999998,235.46460000000002,239.64375000000035,20.459021089190447,11.368972,37.48477054284554
KDP,Keurig Dr Pepper Inc.,32.415,USD,-0.5369745320650636,3102054,0.4157797378298398,44111176611.16799,USD,Consumer non-durables,Strong buy,31.822127915964362,31.429065714254747,30.883846017965297,1.4236545682102575,8.556597454789015,16.516894320632634,32.473,31.598499999999994,31.270600000000005,29.159499999999998,32.85193067801763,2.291665,-12.456747404844288
IQV,"IQVIA Holdings, Inc.",263.735,USD,-1.5068902416252636,531500,0.42344773937863206,43410780828.621994,USD,Health technology,Strong buy,247.015840603265,233.72245788349016,220.69686497141217,0.6276469914914872,13.478335699840807,17.002351271017265,265.0629999999998,255.09774999999996,231.5822999999999,202.11987500000004,32.714563925722864,12.968094,16.773614148934634
VEEV,Veeva Systems Inc.,264.79,USD,-3.7442291613653556,648036,0.29637344125605597,42871842230.07667,USD,Technology services,Strong buy,245.1710382189292,229.29986075125058,216.61829294679367,-6.142776123635326,18.02540673055495,18.521999910478506,276.842,258.6935000000004,221.87299999999996,198.57664999999997,43.564600779848966,9.235162,24.69687955193567
FLEX,Flex Ltd.,114.305,USD,4.378595562049129,1100238,0.4020376414382202,42224605492.478905,USD,Electronic technology,Strong buy,116.61922246416479,118.1721178534885,115.10295504103817,5.740055504162824,-8.358053395333918,86.04329427083336,108.90299999999995,114.43625000000009,122.3874,95.12215,44.136612865858375,4.698455,13.732378902990646
PAYX,"Paychex, Inc.",117.06,USD,-3.820557061868369,1600743,0.799684251354386,41636235434.250435,USD,Technology services,Buy,118.71429080557722,115.3066392581233,111.68247431279724,-8.07287576566672,-1.9926322839919588,4.405993578308952,122.69799999999995,123.38375000000003,116.71669999999999,104.06342499999991,23.936692295108788,5.960639,6.805276491657191
IDXX,"IDEXX Laboratories, Inc.",528.3425,USD,-1.3144869064963247,214019,0.4829534812664534,41623414431.83079,USD,Health technology,Buy,548.3070048418112,553.8068863185625,562.7049039333435,-4.965824264772024,-10.106084322999973,-21.904054513473167,535.4325000000001,551.819624999999,557.682149999999,606.4334625000001,37.13373535468545,14.770758,18.42736095620182
A,"Agilent Technologies, Inc.",147.5,USD,-2.2272305448760528,624665,0.24894747344408177,41584503037.25308,USD,Health technology,Strong buy,146.99588039506264,142.96556106526097,138.53329779833743,-3.9400846629762363,4.291875839637979,8.26482677627715,149.93200000000007,152.05899999999963,142.55920000000003,131.60780000000003,29.040578055167252,6.202461,19.1074736768051
CBRE,CBRE Group Inc,143.31,USD,-3.0706797429827475,535846,0.37016387152920854,41499040446.824615,USD,Finance,Strong buy,146.39429982255473,145.0033011737231,144.2129082367772,-1.0358400662937641,-3.3648010788941396,-10.604453870625663,145.28400000000016,148.90650000000016,144.90000000000006,147.14069999999987,32.86022195725947,7.834381,22.18642310817247
PRU,"Prudential Financial, Inc.",120.28,USD,-1.4259957384035362,400614,0.2698577476341625,41496598858.51303,USD,Finance,Buy,119.87844817542125,117.51958446981523,114.37503447230856,1.81141019129846,-0.5950413223140486,6.565074864888807,120.49600000000032,121.56500000000013,119.33279999999993,108.0777000000004,10.894927536231885,14.352993,144.26399982299708
AXON,"Axon Enterprise, Inc.",506.1,USD,-1.8558380359532136,361125,0.4898891226097684,41114252596.7264,USD,Electronic technology,Strong buy,545.8106291402388,534.8820342737495,522.8111443746634,-9.218102566862182,-3.841769265845878,-11.732389207666948,517.0399999999997,587.9214999999999,567.6526000000001,505.4210500000001,209.59993373643667,7.713503,-40.31097817219983
YUM,"Yum! Brands, Inc.",149.66,USD,-0.6967022758941088,586821,0.34923971663317827,40842379327.081276,USD,Consumer services,Buy,151.6577175982084,152.43009654092359,153.20798342465545,-2.590471231450137,-1.2145214521452168,-1.2405965421670817,151.24200000000002,150.87299999999996,153.09779999999992,154.84094999999996,18.822079408398626,6.598706,57.04100173803127
ADM,Archer-Daniels-Midland Company,84.24,USD,-0.4373005554899002,2416045,0.7247984386884441,40600276552.664696,USD,Process industries,Buy,81.92995810090792,80.77760141460062,78.77714021470638,1.6164053075995044,9.502144806967358,46.65738161559888,84.63200000000002,81.48949999999999,81.11960000000005,72.23732499999997,23.059235738530603,5.302981,60.792253521126774
MSCI,MSCI Inc.,553.28,USD,-3.443220886197452,233683,0.6448169036548078,40223454996.77507,USD,Commercial services,Strong buy,569.075395058954,572.8453704642187,574.5484683717857,-2.7336814162403646,-2.466197754155871,-3.199958010392441,564.9320000000005,565.7415000000002,578.5086,573.0713500000006,30.262488582102208,19.722014,21.125612826288588
LYV,"Live Nation Entertainment, Inc.",170.63,USD,-1.6541786743515876,657507,0.4227885692562743,40206206445.43268,USD,Consumer services,Strong buy,176.96814245599225,175.9751175608072,172.80335258113635,-4.92561430879813,-6.24725274725275,19.7991996068244,175.6819999999999,181.5039999999999,181.3928,160.6375999999999,nan,-0.341203,-148.655692133953
TTWO,"Take-Two Interactive Software, Inc.",214.36,USD,-0.15371000046578048,1438495,0.47926472373149587,40081127195.68103,USD,Technology services,Strong buy,229.44076412603695,230.76845980618603,229.9935667249426,-1.2211418828625304,-8.197002141327618,-16.819619332182135,215.1999999999999,232.35749999999993,239.18429999999967,227.76169999999976,nan,6.940139,92.76511480231275
ED,"Consolidated Edison, Inc.",108.66,USD,1.276913039425846,619266,0.33255141243568914,40044440164.3497,USD,Utilities,Buy,108.41779435107759,108.71095202904691,108.68259401380493,0.6111111111111079,0.5738615327656333,9.063535079795244,108.01400000000031,107.87000000000016,109.66839999999996,107.31014999999975,17.84470866452079,6.104395,10.407600812300547
MCHP,Microchip Technology Incorporated,73.65,USD,-0.7010920857489498,4217128,0.588679304912707,39992587337.13159,USD,Electronic technology,Strong buy,77.15439513628567,79.16815167158416,79.93082366081511,2.412570395605923,-9.465273509526723,12.856267238737358,73.01999999999995,75.67349999999999,79.57800000000012,77.49330000000005,110.10614441620571,3.641002,nan
WAT,Waters Corporation,404.44,USD,-1.206702818896868,163991,0.3305161999111991,39735465237.13479,USD,Health technology,Strong buy,400.38024751964105,390.9847661329449,379.6209402916451,-2.617322000433412,0.9585621567648465,6.670183304760654,409.08399999999995,411.6204999999999,392.30579999999986,360.91244999999947,100.98881342389132,14.573953,-63.8963263466306
AIG,"American International Group, Inc. New",75.845,USD,-0.4789397716834994,1317855,0.40047007840292076,39658828774.774704,USD,Finance,Buy,76.85099494715712,77.02530914077958,77.12786253276043,-0.752420832242872,-4.17561591914088,-11.011380969142326,76.1849999999999,76.35974999999982,77.89009999999993,77.36529999999985,13.895097464458448,8.040637,1.1714116251482827
RKT,"Rocket Companies, Inc.",13.98,USD,-0.5689900426742537,10665082,0.4790615184690586,39586361268.046936,USD,Finance,Buy,13.996200649497165,14.110940149734521,14.439385859027082,6.717557251908404,-1.7568517217146873,-28.307692307692307,13.770000000000021,14.091999999999995,14.136800000000004,16.14317499999999,93.01397205588823,0.61946,nan
RKLB,Rocket Lab Corporation,66.059,USD,2.7995642701524934,15239949,1.0160957980457772,39533655778.11263,USD,Electronic technology,Strong buy,71.62495617056759,76.04902992523337,78.994019764239,6.135925449871458,-16.168781725888323,-6.471754212091177,63.95379999999998,71.05545000000001,74.54578,79.58996999999998,nan,-0.2761,38.885245901639344
ROP,"Roper Technologies, Inc.",395.006,USD,-3.0136515419367518,234784,0.38452278747575686,39066437442.58347,USD,Technology services,Buy,396.54224535721715,387.0901214157591,380.79529530028714,-6.167660403354171,-1.327438049560357,-11.180716389719617,411.7471999999998,408.9717999999998,385.20711999999986,375.8577549999998,16.369438101671314,22.218238,69.57863076079778
DHI,"D.R. Horton, Inc.",139.19,USD,-2.493870402802103,1038205,0.6361262585062023,38931623104.54703,USD,Consumer durables,Buy,145.71681354201172,147.12433605419417,148.11218350669267,-2.7527422622790456,-4.963812645090816,-3.5679645281973156,141.99599999999984,146.65349999999995,148.7750000000002,149.83830000000003,13.241813649941967,10.469279,-15.746358980113653
ODFL,"Old Dominion Freight Line, Inc.",186.86,USD,0.5326303330284656,722384,0.4045236874472355,38746658568.74331,USD,Transportation,Buy,202.25209703157122,206.90458966926863,207.27821687674785,-6.448382897767095,-11.595779912002644,18.453248811410468,186.61999999999995,200.78599999999977,213.98270000000005,196.83169999999944,35.961586574546295,5.819727,1.4843460088670244
VIK,Viking Holdings Ltd,86.41,USD,0.69921920522083,1423644,0.42472919129956194,38552434806.58058,USD,Consumer services,Strong buy,92.07820121361934,92.64138191584175,90.73946035690246,0.40669300488030946,-18.573313230305324,20.83624667878617,85.71799999999993,92.46700000000007,98.07560000000004,82.54220000000004,28.65243053252868,3.261369,62.43671226974038
SYY,Sysco Corporation,79.8,USD,-0.31230480949406625,683901,0.3403852215394896,38231865354.73079,USD,Distribution services,Buy,81.66390576103906,81.50081837075007,80.98455841684387,-2.3853211009174347,-4.705039407690468,9.419991772932937,80.96000000000001,82.48899999999992,83.03980000000001,79.42337499999994,21.83788517322533,5.073495,-2.142359809329979
HEI,Heico Corporation,318.79,USD,-2.055425832616443,203939,0.3624377962237969,37492248670.55696,USD,Electronic technology,Strong buy,339.3901779084638,339.09284995992175,334.629030782275,-3.2944031548612034,-13.091246149232568,-1.3705835034960727,323.60400000000027,348.35800000000006,351.6006000000001,322.6999999999998,53.065334997919265,6.286364,31.659690109360284
PEG,Public Service Enterprise Group Incorporated,74.42,USD,0.9769335142469455,857362,0.3110500173835108,37092418134.78372,USD,Utilities,Buy,75.245684467249,76.3546288134936,77.54391108181764,1.004343105320297,-0.5080213903743255,-7.884639188018324,73.7460000000001,74.31200000000004,77.07939999999991,79.90315000000001,18.505072607917246,4.367533,1.5555555555555636
HIG,"The Hartford Insurance Group, Inc.",136.79,USD,-1.1418660114186692,506577,0.4320140897908628,37052580841.44532,USD,Finance,Buy,137.99856328763173,137.61329433079806,136.94144807019822,-0.7401494811697339,-4.927717542396444,-0.2842980026243,137.90000000000006,137.95299999999995,139.16379999999992,136.25690000000006,8.840618112958786,12.73837,40.27124298548596
VG,"Venture Global, Inc.",14.8,USD,2.6352288488210873,9887113,0.8746056700921265,37001374543.328705,USD,Industrial services,Strong buy,14.01387022071582,13.646754195391463,13.201858906063844,-1.069518716577541,11.61387631975868,115.74344023323614,14.708000000000013,14.215499999999997,13.421200000000013,11.414724999999992,11.247910016719866,1.664415,147.3308270676692
EL,"Estee Lauder Companies, Inc. (The)",101.18,USD,-2.5803966878490203,1052031,0.32837463745246476,36606778312.880035,USD,Consumer non-durables,Buy,95.95225338088491,92.85088080715589,90.9535815808735,-0.13817607579943383,18.353023745467322,-4.199214126781222,101.41000000000001,97.32899999999998,88.91019999999992,92.33275000000005,203.33601286173635,3.321818,nan
NTAP,"NetApp, Inc.",186.37,USD,0.42028126515437314,922142,0.35907079933751124,36606609490.92909,USD,Electronic technology,Buy,183.66040446421744,176.07819898712594,164.39498916160187,0.7459862695280801,-4.019569975537534,73.12587087784486,184.2539999999999,192.67099999999988,179.37700000000007,131.01784999999984,26.304869442484122,9.915765,25.18552547883242
MLM,"Martin Marietta Materials, Inc.",512.1,USD,-0.5186782446529439,452440,0.6785732444107021,36369509662.83525,USD,Non-energy minerals,Buy,534.9065828027803,547.1808142670726,561.5011597155359,0,-5.841362065161429,-17.301574485264428,511.56000000000006,529.0310000000001,550.4934,600.6095500000002,12.586948506820695,18.170114,125.40291081945053
TKO,"TKO Group Holdings, Inc.",190.31,USD,2.311703671845606,1158613,1.3879905067593996,36019918254.21843,USD,Consumer services,Strong buy,189.486925389984,190.56917804368686,191.95491202607496,4.882887847891989,2.3282073341219554,-9.345972467012816,187.55999999999995,191.62400000000008,189.15199999999976,197.33960000000008,65.83298740832987,4.640149,33.093922651933696
QSR,Restaurant Brands International Inc.,78.315,USD,-2.313833104652618,904828,0.3855954881610123,35595061877.42335,USD,Consumer services,Strong buy,77.66980938169569,76.89259814408325,75.99778775587643,0.14705882352940522,7.060833902939154,15.135254336959722,79.16700000000004,78.30624999999992,75.72910000000005,73.44297499999998,23.147518694765463,4.060493,28.374122557389498
KVUE,Kenvue Inc.,18.495,USD,-1.307363927427948,8912423,0.460178387079019,35524706550.649155,USD,Consumer non-durables,Buy,18.891033606471776,18.815323090194553,18.6354817462617,-2.1428571428571304,-3.091433062614618,7.093225246091497,18.812999999999995,19.021749999999987,19.166700000000006,17.96477500000001,21.44099234871319,1.176411,17.18516505909524
UAL,"United Airlines Holdings, Inc.",109.3,USD,-1.867480696713951,867234,0.28187515948707886,35477005268.48178,USD,Transportation,Strong buy,115.0625186987015,115.34101482109345,113.67603685879588,2.3504073415113687,-15.948938788065208,-2.930728241563053,108.46399999999998,115.19349999999993,121.06470000000003,108.37465000000003,10.215526104267528,10.140514,7.196601576980504
ALNY,"Alnylam Pharmaceuticals, Inc.",262.9,USD,-1.2062680846266718,1020182,0.6102644438180712,35178417764.37901,USD,Health technology,Strong buy,252.93893187828843,259.73773003259237,273.43449553752595,8.457990577480004,20.979246238093033,-34.16637451795463,261.404,239.9360000000003,258.25599999999974,320.13942499999973,44.38704013236759,6.67407,nan
IRM,Iron Mountain Incorporated (Delaware),117.85,USD,0.8471675509156211,697714,0.44117492699608835,35084277499.16225,USD,Finance,Strong buy,120.60684872503806,121.12545297806234,119.76743280442581,1.9463667820069206,-3.9527302363488253,41.98795180722891,115.14999999999995,121.056,122.16039999999997,109.70099999999998,84.1124830490329,2.493808,920.4661325564457
WEC,"WEC Energy Group, Inc.",107.23,USD,1.2176703794600776,862092,0.5076038538212162,34940828238.83369,USD,Utilities,Buy,108.48050730116373,109.78680173556751,110.84494842445426,0.44964871194379763,-0.2511627906976707,1.476294123213781,106.35999999999983,107.71150000000011,111.03280000000012,111.70579999999985,20.767323856373707,5.601055,-1.0217187110625514
KR,Kroger Company (The),57.02,USD,-2.6796381635091318,3338235,0.6469799877284018,34933151353.46578,USD,Retail trade,Buy,57.949938334942324,58.861625643464336,60.3647021019339,0.4403734366742998,0.5643738977072316,-8.563181526619623,58.05599999999998,57.38200000000006,57.68519999999999,64.00094999999999,33.348929699380044,5.194721,-53.52794085670798
TWLO,Twilio Inc.,226.91,USD,-2.6053738518327725,952895,0.6001128059290877,34847753854.29985,USD,Technology services,Strong buy,224.72280928507044,216.58682681828566,203.4295203649375,-1.770562770562772,-3.5451647183846986,58.84494224711236,231.15399999999985,233.175,216.26179999999997,163.77309999999997,31.57404057551554,5.926652,5800.328407224959
UI,Ubiquiti Inc.,575.7,USD,-0.6831590932615538,81335,0.49266618814415036,34846187526.97134,USD,Electronic technology,Buy,575.1903118207158,586.7240137145104,608.0943202690265,-2.456794307014571,0.12173913043479052,3.0095906097910197,587.2940000000002,582.0779999999999,558.4301999999999,656.8702500000003,36.31077023992734,17.714,34.80826460335006
RPRX,Royalty Pharma plc,60.5,USD,-5.409631019387119,3956102,1.5173913263606729,34790605799.093185,USD,Health technology,Strong buy,60.0402364223873,58.60580611534352,56.32014627083768,-2.127315376526729,5.32729805013928,56.350949735107896,62.75399999999998,61.004,59.028500000000065,49.33917499999998,32.20654777748203,5.339364,-18.219416630387464
HSY,The Hershey Company,173.12,USD,-0.017326017903552492,606940,0.5450451619496441,34784292449.88876,USD,Consumer non-durables,Buy,177.77698143933367,179.62732829423655,182.59737709792748,-2.280424475050797,-4.988749245376216,-4.868666886471033,174.952,181.9215,178.7568000000002,192.39655000000036,25.292192613370734,8.493649,-9.041620156274913
MTB,M&T Bank Corporation,240.265,USD,0.17720146764508962,492598,0.5674677679072749,34698172122.46266,USD,Finance,Buy,241.48525037914325,239.2194436174927,234.3977206634282,3.3664601617621703,-3.3722099336416727,19.558618630573235,237.53300000000004,243.0932499999998,244.91609999999972,221.0302750000001,12.685987940483859,19.347027,22.687551418336348
EQT,EQT Corporation,55.315,USD,0.2628239985499293,2304447,0.3911897592534505,34600415905.715965,USD,Energy minerals,Strong buy,54.08995882386453,54.00157438974018,54.398497018379594,1.7006802721088383,7.220391548749746,3.683223992502336,55.48699999999998,54.39325000000006,52.718700000000034,56.13222500000004,12.830534421970679,4.081688,131.89715453714166
STLD,"Steel Dynamics, Inc.",240.995,USD,-0.4399735602743112,650866,0.695297528429476,34541353780.91795,USD,Non-energy minerals,Strong buy,241.92217098858737,240.64066297810712,234.47352699121606,5.18516901992449,-7.7954623713509585,40.415428538134364,242.16299999999993,242.00099999999998,241.87459999999993,210.74357500000013,21.860939767779392,16.860682,60.82161405146758
KMB,Kimberly-Clark Corporation,103.54,USD,-1.3528963414634028,1683632,0.5016138872782154,34435233555.57413,USD,Consumer non-durables,Buy,107.11908679511977,106.8788838701078,106.26006976423604,-4.1296296296296235,-4.558233857215277,2.322363869947632,106.56399999999996,108.75650000000003,109.60859999999997,103.2415999999999,17.64515414373115,7.450267,-19.11699840105862
RJF,"Raymond James Financial, Inc.",178.155,USD,-0.07571933366985861,477778,0.40884368410964156,34270201801.122417,USD,Finance,Buy,175.2408442671389,171.55846993415253,167.50061950111356,1.0636487406398911,0.05897219882055027,11.187043624789373,177.39899999999986,177.79875,172.88550000000018,160.45557500000007,15.529008751438234,12.150608,12.601462433135408
EME,"EMCOR Group, Inc.",772.74,USD,2.4636681871221016,154323,0.4322670188524923,34085484016.36388,USD,Industrial services,Strong buy,776.531890696837,783.2125619423525,783.2839747297061,5.818555289284493,-5.827727405674167,25.34713210485336,747.5459999999999,781.5239999999995,778.7100000000007,759.9702000000001,23.977658831743078,32.949496,33.73516474396216
HBAN,Huntington Bancshares Incorporated,16.87,USD,-0.939518496770406,8633946,0.4653860693468282,34084401024.244274,USD,Finance,Strong buy,17.157002082362318,17.16032508541007,17.087696147505728,0.746491489997014,-2.541883304448283,-2.9344073647871003,16.85200000000001,17.194249999999997,17.496299999999994,16.99502500000001,13.004933703361088,1.380613,-3.4102755026061105
NTRS,Northern Trust Corporation,186.17,USD,-0.2464769865509339,368336,0.4775175765168841,34060855733.13754,USD,Finance,Buy,184.67234739585587,181.44041363341725,175.6540678344478,1.1408703210735016,1.135375923511503,36.119031951451326,185.3810000000001,187.0762499999999,184.06990000000005,158.78282499999995,15.98066903010378,11.472479,36.923203497802106
P,"Everpure, Inc.",101.01,USD,1.507386192342478,2043024,0.6035881074508931,33576223482.319866,USD,Electronic technology,Strong buy,95.34510896769301,90.57010366723456,85.60184088015285,9.164595266400092,14.771048744460856,47.6106970626918,96.97599999999997,105.17449999999997,88.3938,75.47009999999997,137.82234957020057,2.780066,79.9852652259332
VMC,Vulcan Materials Company (Holding Company),258.5,USD,-1.5725545444160969,362896,0.37323398418762244,33496103711.049763,USD,Non-energy minerals,Strong buy,272.7102653667396,276.981639983124,280.54974157361704,-3.20623267660499,-7.776310624174713,-9.351760909218454,260.996,272.3594999999998,281.3744000000002,288.26840000000016,30.512275731822477,9.14136,18.428225953003338
CQP,"Cheniere Energy Partners, LP",68.77,USD,0.05819874872689079,94919,0.9606262555725917,33288650256.295498,USD,Utilities,Neutral,67.33666711613239,66.19410016072165,64.83796227117838,-2.8123233465234723,5.799999999999994,27.96799404540378,69.48999999999998,68.6235,65.81859999999999,61.35746000000002,12.378055365563915,4.691117,34.31486316603809
EXPE,"Expedia Group, Inc.",276.53,USD,-7.217152060126174,1698925,1.1234481315683948,33188823982.378067,USD,Consumer services,Buy,296.15294404980693,287.59915264925445,276.35195092500174,-11.722266560255395,-11.220624117118287,-2.2931241608366935,298.0000000000001,319.28224999999986,295.0017000000001,258.876225,17.247014064302864,20.875168,96.19323813369553
ACGL,Arch Capital Group Ltd.,96.33,USD,-1.8042813455657454,2997656,0.990628203057273,32870601194.409176,USD,Finance,Buy,98.29458143599122,98.09858997826218,97.48948253328906,-2.43087207535704,-2.4703857446593074,0.5847342591625794,98.21600000000001,98.77050000000007,100.04050000000007,96.12227500000006,7.527369054409914,9.391713,32.18712556294673
CRDO,Credo Technology Group Holding Ltd,174.32,USD,2.1985108753004634,6784432,0.7797992443647173,32763780023.593834,USD,Technology services,Strong buy,209.3557758821247,212.21144468551392,206.02135542909807,-20.76363636363637,-27.710043957866798,17.466307277628022,176.18199999999993,226.14849999999996,228.94169999999994,175.51857499999994,62.208264934694164,6.26796,312.1488454184439
PCG,Pacific Gas & Electric Co.,14.845,USD,3.811188811188811,30086362,0.4132782753366332,32694137710.13636,USD,Utilities,Buy,16.217679554568964,16.52808954829838,16.688879731129834,11.616541353383457,-12.367178276269188,-8.307597282273012,14.098999999999993,16.575750000000006,17.040300000000006,16.758250000000004,10.828652709898607,1.653792,26.79430262671107
JBL,Jabil Inc.,310.81,USD,0.07727726438484371,301971,0.3793627450610895,32568875119.350163,USD,Producer manufacturing,Strong buy,319.7876652308754,323.1929045534459,319.9894614553073,2.893369086635551,-10.511919843372104,34.38108002940032,305.1659999999997,324.33050000000014,326.1618000000001,293.38390000000004,38.7896713966578,12.758785,55.77091312039503
CCI,Crown Castle Inc.,76.525,USD,0.9165238032441083,1604433,0.6628926413654348,32557978663.95325,USD,Finance,Buy,76.90763829870424,78.39728649967091,80.5087980355192,0.2423369138066574,2.388279368477403,-13.871693866066392,76.16700000000002,75.48574999999987,76.28670000000005,84.70237500000029,16.86761594075119,1.928738,nan
CNC,Centene Corporation,65.62,USD,-2.1181384248210047,1542128,0.3826566224745699,32415952022.352325,USD,Health services,Buy,65.32054108786745,63.85030069435502,60.75800649555906,1.3906056860321472,2.4192289683159225,59.349198640116576,66.64999999999998,65.63699999999996,65.53079999999997,50.47905000000007,nan,4.801888,-358.10710577065714
ILMN,"Illumina, Inc.",214.225,USD,-1.8307212904408416,874455,0.5157350333746985,32347975180.631474,USD,Health technology,Buy,205.47548117595946,195.88024401185237,182.93422251349142,0.8782256545488701,9.482802677978233,63.119622325439714,214.89699999999993,209.63950000000014,198.92900000000006,152.33397500000004,39.92340520695503,5.352501,-32.04022442595337
RBLX,Roblox Corporation,45.17,USD,4.294620180096974,7770347,0.77845351716492,32268361960.304092,USD,Technology services,Buy,42.61154188529049,44.0775245599027,47.65784614753644,10.710784313725503,22.77792878499593,-44.5426642111725,42.373999999999995,39.22549999999998,45.26079999999998,59.627300000000005,nan,-1.435997,0.7500350483667568
DXCM,"DexCom, Inc.",85.25,USD,-3.014789533560871,2440671,0.9188336174597252,32170004350.656994,USD,Health technology,Strong buy,85.23156884588137,82.23782054806556,78.77173368869055,-6.143344709897608,3.3458601042550677,27.94536995347442,88.53799999999998,89.77,81.5246,71.02389999999995,33.65043025183548,2.667527,77.35928311397369
RMD,ResMed Inc.,222.46,USD,-2.5793737683380717,485230,0.37568897539490004,32090371817.396362,USD,Health technology,Buy,221.9677558536071,218.503717630294,218.28751684030564,-7.269695706544392,7.375229269234482,-7.979317476732158,228.446,229.80749999999995,215.72540000000004,228.27100000000007,21.31700492535311,12.094344,9.756944079258734
CCL,Carnival Corporation Ltd.,23.28,USD,-0.9783071033602739,8723449,0.44950162275749306,31885432985.85453,USD,Consumer services,Strong buy,25.44886538018199,26.11178492286489,26.64800626545925,-1.3559322033898316,-20.464639562692174,-24.144672531769306,23.447999999999997,25.650499999999994,26.714399999999987,27.774864999999988,10.484597369843272,2.237381,20.346883468834697
BIIB,Biogen Inc.,214.14,USD,-3.029479690259487,303490,0.47768485045374476,31640041351.51338,USD,Health technology,Strong buy,212.8876847258118,209.30843877777647,203.99039538550423,-1.8201824767319366,3.2597164625325448,22.10754404972343,219.6380000000002,216.1214999999999,209.4891999999994,191.2731249999998,37.92370630113696,12.4885,-45.98105806945374
ARES,Ares Management Corporation,138.865,USD,-0.9168747770246141,756695,0.436045322275177,31099889260.426506,USD,Finance,Strong buy,136.89911784907437,133.90028414751686,131.9284670464522,-0.8107142857142792,0.4811866859623882,-14.63916892058028,139.5370000000001,141.78525000000005,131.63210000000004,133.21449999999987,63.319046099129096,5.866107,25.463386727688775
ZTS,Zoetis Inc.,74.53,USD,-1.6884316053291135,2210202,0.5409944792275638,30797554087.098404,USD,Health technology,Buy,76.1139205449951,78.34700116813598,83.88821720936303,-4.338339109228592,-4.3506160164271055,-41.03639240506329,76.01,75.8185,75.54540000000003,102.82035,12.260643548068698,6.253119,4.590502408809359
CBOE,"Cboe Global Markets, Inc.",294.06,USD,-1.4478182183792456,434765,0.4524381385687734,30708984777.753872,USD,Finance,Buy,295.39223135979023,293.80144358729956,292.0841808526937,-0.9865652042156324,3.389353772589827,17.178720860729236,298.53600000000006,298.545,285.2773999999999,285.455,22.904901739326856,14.037196,50.504091346041115
HAL,Halliburton Company,36.84,USD,-0.6204478014566951,3028537,0.27903056430383716,30692522618.22714,USD,Industrial services,Strong buy,35.636383443740904,35.596714323688204,35.528462237358745,-0.5399568034557121,14.445479962721361,29.992942836979548,37.12600000000003,35.34050000000001,34.143600000000006,34.85085,19.29705096642397,2.341991,-10.677022411453711
FTI,TechnipFMC plc,78.11,USD,-2.166833667334674,1301329,0.5896052727560227,30631957354.041706,USD,Industrial services,Buy,75.99142711557703,74.32814673061178,71.84373594658528,-1.1265822784810133,13.912789849788549,75.48865423500337,79.20199999999993,77.45649999999992,73.61500000000002,64.57220000000002,27.219821577920268,3.098433,35.896950179958324
GEHC,GE HealthCare Technologies Inc.,67.38,USD,-2.149288411269248,1377675,0.5646725552927628,30434619712.87336,USD,Health technology,Strong buy,69.16982545834111,68.63423088271135,68.76557496276041,-5.431578947368427,-4.064924894995379,-18.406393799951566,69.38799999999998,72.23975000000003,68.32440000000005,72.71865000000004,15.483959922787019,4.925288,-10.913669212029383
ROIV,Roivant Sciences Ltd.,41.97,USD,20.1545949040939,16579775,1.6315313877539686,30315896492.634983,USD,Health technology,Strong buy,36.49708625454557,35.231679307202256,33.427713837930575,21.160508083140872,16.973244147157178,93.32105020727774,36.00200000000001,36.227999999999994,35.43600000000001,28.59722499999997,nan,-1.352255,37.23526044647968
WTW,Willis Towers Watson Public Limited Company,326.29,USD,-2.524347254585645,140605,0.3549985861156557,30303184618.71082,USD,Finance,Strong buy,326.0645182987598,316.6594723879441,308.37404087006604,-4.347443714821759,-4.032352941176464,-0.3603383516047292,335.0580000000001,337.9340000000001,317.24160000000006,300.261825,20.129802027231282,19.833583,1032.8045286183522
BAP,Credicorp Ltd.,378.86,USD,-0.9594018769769584,237272,0.8515959348274569,30131908773.458195,USD,Finance,Strong buy,380.309848626781,376.903300317655,367.90218458377416,3.508005027047711,-3.5537905401965224,31.206926406926414,379.53200000000004,376.3414999999997,384.9784,340.1806050000006,14.016693057878147,29.927318091180002,27.602160284009358
CPRT,"Copart, Inc.",32.475,USD,-3.69217081850533,3609894,0.5198312442871772,30065730311.61032,USD,Retail trade,Buy,31.952648075485083,31.68615196045906,32.14321859302542,-0.8094074526573016,13.13360041804565,-17.039213181760125,32.879999999999995,32.349000000000004,30.1206999999999,34.40394999999999,20.232384275123046,1.582993,6.087243886318578
CFG,"Citizens Financial Group, Inc.",70.37,USD,-0.5792596778751011,792414,0.2928949754244611,29638210083.762085,USD,Finance,Strong buy,70.70624042255969,69.98125238375547,68.38956658714669,2.6100904053660052,-2.3045953075107546,20.37290455011975,69.98399999999998,71.1535,71.4742,64.10409999999997,15.297160993000306,5.31156,40.27566018174057
AEE,Ameren Corporation,106.82,USD,0.3287310979618619,399004,0.34768215094412624,29572397555.712032,USD,Utilities,Strong buy,108.07445244521166,108.85204248375062,109.11760889403126,0.40417332456057203,-0.99175085735472,7.0984559855624605,106.33599999999998,107.55700000000004,109.96160000000023,107.82845000000016,18.803358622753436,5.389736,24.769936966023163
EXR,Extra Space Storage Inc,139.79,USD,0.38779174147216666,400491,0.4122918651391313,29533372039.35397,USD,Finance,Buy,143.71548166503558,144.39683259016655,144.27179884451212,-0.9143748227955913,-6.48872834303299,7.481162540365977,140.014,144.4239999999999,146.26200000000017,141.39727500000018,31.298137202221024,4.61874,-2.9317801490883015
KHC,The Kraft Heinz Company,24.815,USD,-0.14084507042253577,9509019,0.5230008942642915,29426216323.795773,USD,Consumer non-durables,Buy,25.144603666742547,24.96264026919507,24.70560585695302,-3.638552345448888,-0.3213496686081474,2.1613832853026027,25.44300000000007,25.298250000000046,25.452099999999984,24.029325,nan,2.052717,36.07490402642621
OKTA,"Okta, Inc.",167.48,USD,-1.8288393903868727,1509635,0.30032621920596153,29278981137.099884,USD,Technology services,Strong buy,153.91562387474085,144.53491836122933,132.61369613210238,-1.4823529411764766,12.674919268030145,92.17441193344806,167.6159999999999,152.1969999999999,146.80659999999992,102.28349999999999,101.1780341931976,3.928315,95.17745548873954
IR,Ingersoll Rand Inc.,75.4,USD,-1.257202723939227,924282,0.3338004029735142,29255158815.366688,USD,Producer manufacturing,Buy,79.10880428264875,79.56976892640526,79.95533605202152,-1.2701322508838533,-14.13278669855369,-5.549292246022789,75.36000000000003,79.5694999999998,81.54740000000031,82.04239999999999,31.068441221311144,3.544495,89.48313554028732
RDDT,"Reddit, Inc.",152.05,USD,-1.5602745047261404,2058541,0.5742089874343483,29253892205.567783,USD,Technology services,Strong buy,158.96862019667802,161.45799404187358,163.725690579455,5.014158436356116,-0.8153946510110893,-34.51201653889224,153.04799999999994,155.72100000000006,169.71440000000013,174.37639999999988,35.35306563742473,5.374702,263.03705579471597
MDB,"MongoDB, Inc.",360.12,USD,-2.337690513641049,1304949,0.5467999430132578,29009949501.055485,USD,Technology services,Strong buy,383.3031628386968,371.5094000378258,357.3165320065537,-18.743653963311445,-5.841133713329492,-14.764497041420118,384.5839999999995,422.59350000000023,374.3673999999999,342.5590999999999,508.2133784928027,6.50373,nan
LVS,Las Vegas Sands Corp.,44.22,USD,-0.3380662609871503,2554564,0.5182488719062692,28641345130.55849,USD,Consumer services,Strong buy,45.71969691757097,46.700001129544155,48.211092114107316,1.5384615384615425,-4.078091106290678,-32.177914110429455,44.296000000000035,45.44599999999996,46.03340000000006,54.11414999999992,17.228347683796315,3.105494,29.605130276711776
DTE,DTE Energy Company,137.57,USD,1.0949441504996917,302800,0.2862179352967871,28626674589.296436,USD,Utilities,Strong buy,139.45403098859722,141.23792508999045,142.32085785957116,0.7174756570759131,-1.34815346002151,6.363074068346984,136.5659999999999,137.5335,143.1764,141.49479999999994,21.735764393604246,7.713905,-8.93892525717574
ATO,Atmos Energy Corporation,168.555,USD,0.5938171401289117,273076,0.36625835084759173,28483863054.498363,USD,Utilities,Buy,169.749855452684,171.3378191259434,172.8894856138052,0.8526296894632989,-1.4067618156293875,0.840562369129525,168.12299999999965,168.66125000000025,172.73110000000014,175.5385750000004,20.066310313218015,8.453338,15.998287623940136
ZM,"Zoom Communications, Inc.",96.9,USD,-4.37185433731372,1277926,0.34170191418164847,28273843395.01925,USD,Technology services,Buy,99.06611071150894,97.74471956690046,95.80151152737174,2.0000000000000058,-5.232273838630801,12.308762169680117,97.42600000000007,102.0275,96.07470000000005,90.50847500000016,8.974798321740499,6.145137,184.39837741017806
SUNB,"Sunbelt Rentals Holdings, Inc.",68.945,USD,0.5175681586236911,5905557,0.5647098452144823,28263833759.864407,USD,Finance,Buy,73.65094584742847,74.35343755519831,74.260166036671,-2.7985337656844966,-15.155057839035209,-5.554794520547954,67.54100000000001,75.30574999999999,74.82130000000001,nan,nan,4.003839,nan
ATI,ATI Inc.,207.385,USD,-1.5499643959174054,695442,0.30395892422871806,28239696527.542316,USD,Non-energy minerals,Strong buy,207.0068448783911,201.02006105113716,190.41678895858465,1.814031125730273,-7.106382978723408,79.80319056701923,205.04299999999998,214.9632500000001,202.61070000000007,159.045925,60.6300248501681,5.05327,18.23775450240244
TDY,Teledyne Technologies Incorporated,607.87,USD,-0.4552525996888517,78611,0.3902299304187336,28178222813.667538,USD,Electronic technology,Strong buy,631.5958957842427,634.2733832209917,631.5061269234782,-0.4682920439474094,-11.85179814385151,18.49317738791423,608.6520000000003,638.6449999999996,646.2159999999993,614.36625,29.368254244330426,24.718242,14.031501875898703
DG,Dollar General Corporation,127.695,USD,-4.140079573605596,1169211,0.39393322928275043,28171662517.566998,USD,Retail trade,Buy,125.39928327332191,123.70432532275677,122.73496521886563,0.42862760519070975,0.42862760519070975,-3.8332642994314146,130.829,124.63074999999996,122.9783,126.22007499999991,16.595620248229256,7.880046,42.337859336268444
ON,ON Semiconductor Corporation,71.97,USD,-3.240118311374021,4805480,0.7270606346582645,28018762484.889885,USD,Electronic technology,Buy,78.7414184212558,82.59084353278229,83.95621616497999,-0.9087154068566662,-10.289809909629163,30.262443438914026,72.99800000000002,76.05499999999996,83.15280000000003,78.48130000000005,46.342562781712815,3.198916,44.896435902220546
VICI,VICI Properties Inc.,25.441,USD,0.08261211644373423,4946774,0.5764574867477474,28012513133.876713,USD,Finance,Strong buy,26.087859710297433,26.44212228126819,26.9080658649115,-0.8534684333593188,-4.3571428571428665,-9.655539772727275,25.53219999999998,26.004550000000005,26.347219999999993,27.837804999999967,9.866206468626388,2.785065,-1.3542463657230337
AWK,"American Water Works Company, Inc.",140.94,USD,0.17057569296375913,968356,0.5166215491444174,28008863052.240513,USD,Utilities,Buy,137.33239309583223,135.68456246516538,134.35119938677133,1.2718258245311564,5.541410813239484,8.223911541119564,139.88400000000001,137.6604999999999,135.2704000000001,131.58625999999998,24.399279828266742,6.082198,3.9987037070377944
HPQ,HP Inc.,31.01,USD,-4.9938725490196045,7595275,0.4355582850190334,27964538871.99755,USD,Technology services,Buy,29.59598155028148,28.18227204408554,26.657534568885502,4.235294117647064,9.537265983751334,37.57763975155281,31.77800000000001,30.29599999999997,27.370600000000003,22.906600000000044,11.822791566586604,3.257835,-4.5489282724989994
LPLA,LPL Financial Holdings Inc.,350.145,USD,-2.5561461609105844,219829,0.34432970216277253,27571216939.85562,USD,Finance,Strong buy,351.1352923600004,342.1649011161434,334.53022601766384,-5.212506767731456,-1.5727778714791778,-2.196866009329351,356.5309999999996,363.8014999999995,341.8581999999995,330.8392249999998,27.92180348000829,23.757266,-14.22982483738808
INSM,Insmed Incorporated,125.99,USD,-0.23754849948532056,754700,0.43092171339543583,27513885415.45126,USD,Health technology,Strong buy,120.82412415030613,119.28711431061134,121.08287132635802,3.3128331283312766,-6.66716053040967,-28.329256499232038,125.42000000000004,125.7159999999999,116.14399999999995,140.44112499999994,nan,-1.599321,28.022864356852285
CASY,"Caseys General Stores, Inc.",740.24,USD,-2.096311285693505,349359,0.9584030593489556,27392518016.875446,USD,Retail trade,Strong buy,791.3847129854252,798.7931652226308,789.1051385589411,-2.456251317731392,-10.433530557672997,34.14276135766449,755.05,806.3504999999993,825.9547999999999,728.0710249999992,38.62135172644079,21.415575,30.89078889860139
FISV,"Fiserv, Inc.",50.915,USD,-3.933962264150945,4417906,0.8473837295448042,27074902734.20745,USD,Commercial services,Buy,52.4409552920664,52.9340048090235,54.958288681633604,-2.8617762091004484,-5.292038690476189,-24.603879757144977,52.05900000000005,52.56775000000007,52.19110000000005,58.26077500000009,9.76636679262655,7.249966,-12.858957643833776
ES,Eversource Energy (D/B/A),71.87,USD,1.1541168191414601,544177,0.32128311327875186,27071614989.06151,USD,Utilities,Buy,71.67712530762793,71.65142737630559,71.37008764175215,1.9577244999290817,-0.0695216907675155,6.0185868122141875,71.066,71.346,72.74239999999999,70.16194999999992,18.613866514723785,4.646639,66.18317982267368
FE,FirstEnergy Corp.,46.75,USD,-0.04276245456489871,2489662,0.6482309406857943,27051418095.814617,USD,Utilities,Buy,46.9875306602925,47.205464500253065,47.34624988168501,1.4980460269214018,-0.10683760683760077,4.213107445385646,46.602,46.704499999999996,47.71739999999996,47.5343099999999,24.947969475425584,2.730429,-17.27806471549022
WSM,"Williams-Sonoma, Inc.",229.61,USD,0.9629759915574823,511715,0.3761318447171563,27043276108.74145,USD,Retail trade,Buy,231.7205085059584,228.1008871611527,221.74387508735776,2.2716137365819,-6.8103413287876835,25.689730676592955,224.72599999999994,235.62350000000046,232.58520000000004,204.61574999999996,23.489754370888704,9.508993,7.441277657481413
ECHO,EchoStar Corporation,93.03,USD,3.5968819599109176,2295810,0.9590983395280227,27024350383.53107,USD,Communications,Strong buy,91.59457509528414,94.94212505883657,98.66649595701024,8.75613747954173,6.624641833810889,-14.40007361059993,89.07000000000002,88.56375,90.89230000000006,107.7842,nan,19.949147,-2120.0623052959504
CTSH,Cognizant Technology Solutions Corporation,59.595,USD,-4.357246027924897,2832733,0.5226158367819298,26844223517.382042,USD,Technology services,Buy,58.15059248820376,56.41987134816676,56.40149240940831,-7.4036668738346805,4.7916300334095325,-28.19014339076997,62.66700000000001,61.30275000000015,52.84860000000014,62.717000000000006,12.789449964589995,5.752066,-5.379117085651624
CPAY,"Corpay, Inc.",408.64,USD,-1.8565218435526138,161360,0.41892363418848866,26831138345.324783,USD,Commercial services,Strong buy,399.85987528925716,387.677805581377,372.8008575923008,1.4171195989377756,2.547115360485828,35.468257914801924,413.1800000000006,411.21500000000026,385.94880000000046,337.6244999999994,24.83922340955785,27.384829,11.781212841854936
OTIS,Otis Worldwide Corporation,70.285,USD,-1.298974863081024,1556883,0.4893311814134468,26755344361.142113,USD,Industrial services,Buy,71.73410540140902,72.44708064803831,74.00995943227781,-1.1184580754079934,-4.478119054090788,-19.41641825269434,70.88099999999983,71.67774999999988,72.29050000000008,79.89445000000006,18.043076449145143,4.046355,2.9847984137475154
MTD,"Mettler-Toledo International, Inc.",1332.99,USD,-0.9120913429374233,57522,0.39775049215763153,26708531843.70148,USD,Health technology,Buy,1356.0088060553826,1336.7925028205088,1317.4807747228247,-5.511961722488038,-6.093737891778033,-4.709515537541007,1355.6360000000002,1397.2540000000013,1361.9822,1319.1536499999995,30.001282885186278,47.329332,12.537359553407695
SMCI,"Super Micro Computer, Inc.",40.5161,USD,2.3392270775448294,28862770,0.828672581153921,26617675664.869743,USD,Electronic technology,Buy,36.43209645500297,34.92108372560569,33.881207773768445,11.216305242931655,35.324315297261194,35.23397863818425,38.337219999999995,37.48730500000002,31.90432200000001,31.396330499999955,12.3239141014722,4.338365,98.09592672933236
CPNG,"Coupang, Inc.",14.785,USD,-3.3028122956180446,11812738,0.8361553760784055,26576210865.486923,USD,Retail trade,Strong buy,15.961594724834374,16.393494662664846,17.129701638597894,-6.186548223350252,-10.987357013847078,-37.61603375527426,15.471,16.086249999999993,16.609300000000005,19.23437500000001,nan,-0.507101,-314.45115810674724
PPL,PPL Corporation,35.29,USD,0.512674451723155,3346425,0.47694577178204145,26557306446.317287,USD,Utilities,Strong buy,35.238498839820735,35.492220615661466,35.794931271810675,3.0966988022202817,1.117478510028655,0.8285714285714262,34.90400000000001,35.07100000000002,35.513400000000004,36.28049999999998,20.96103587550487,1.949174,26.567433468651323
LH,Labcorp Holdings Inc.,327.37,USD,0.14683838600141277,268478,0.4650679375292424,26549707690.01172,USD,Health services,Strong buy,318.6775853479331,308.52757091801817,297.65361918661773,-2.3563098398305775,3.4671302149178342,30.265409255501172,329.00600000000003,329.69050000000004,307.6494,275.909575,27.07148055041016,18.350181,33.345095271700785
ZS,"Zscaler, Inc.",162.655,USD,-4.207891637220265,2538946,0.6991687453082549,26521663153.85177,USD,Technology services,Strong buy,166.76124008850041,162.5904640951631,162.1082795383144,-11.906954072790288,-3.17578427287339,-28.257321806633733,172.27099999999993,178.75725000000003,161.56810000000004,171.80014999999977,nan,4.87444,-47.39000745712155
CNP,"CenterPoint Energy, Inc (Holding Co)",40.17,USD,1.2603982858583311,1546703,0.2931102639749669,26460794712.25183,USD,Utilities,Buy,40.59294527091285,41.160100732456804,41.506650163782794,0.955013822568491,-1.6646266829865353,4.800417427602409,39.76000000000001,39.855499999999964,41.793799999999955,41.461975,23.676765295296473,1.912264,18.23820475294446
SYM,Symbotic Inc.,43.605,USD,1.5486725663716794,923640,0.6776026727905523,26372377701.99557,USD,Producer manufacturing,Buy,42.40045859884251,43.19633079261547,45.02514099712323,11.865059004617754,7.269372693726933,-28.304833936205203,41.24700000000001,41.17350000000001,42.024599999999985,52.47709999999998,483.4257206208425,0.208571,nan
NVT,nVent Electric plc,162.7,USD,4.274818945074657,1146808,0.3979171603874634,26334286741.85862,USD,Electronic technology,Strong buy,158.03333663087116,157.1637555204202,153.14184884744824,8.829431438127083,-1.7215342796738282,58.20692337611822,153.25800000000007,158.29250000000008,157.28340000000017,135.719,44.94599298323158,5.137629,3.016591251885366
DOV,Dover Corporation,194.715,USD,0.951368726669436,723163,0.5782250509151127,26224260004.817917,USD,Producer manufacturing,Strong buy,201.42778265264866,204.76681790820157,206.95982145565753,0.8520225824830425,-7.66549696509863,-0.2382416231171244,191.49899999999997,200.32625000000007,206.69030000000024,210.07837499999965,23.438459223593142,10.693862,-49.914086757302634
WRB,W.R. Berkley Corporation,70.43,USD,1.8657795776685078,1780469,1.0774672826703688,26145555345.15939,USD,Finance,Buy,70.07534010350783,70.01164458381065,69.77742368147705,3.588763053390222,-1.4689423614997161,0.9459653146051467,68.98200000000001,69.21049999999994,71.06280000000001,69.22074999999991,14.48431876606684,4.8749,10.669822700685069
DGX,Quest Diagnostics Incorporated,236.775,USD,-0.15391751707851087,333995,0.39589988561403927,26133652170.82072,USD,Health services,Buy,233.6203414817612,227.41657697216868,219.61024787097494,-2.4493243243243215,0.18405686722518502,36.61935260515838,238.06699999999987,239.81575000000007,228.07550000000032,201.3411249999998,25.116153258655807,11.191837,12.727794518582284
TPL,Texas Pacific Land Corporation,378.37,USD,4.400971248827324,140058,0.5376073329981083,26097949896.47969,USD,Miscellaneous,Buy,375.9909475401951,381.9555774514945,387.7107338897522,0.3261388343851138,4.858108857111193,32.2972027972028,368.9080000000003,366.72200000000055,387.56939999999986,391.9478661926002,48.23748390469027,8.800473,17.272672906138798
CINF,Cincinnati Financial Corporation,169.75,USD,-0.7890122735242515,132987,0.3108833362866241,26052898661.09585,USD,Finance,Buy,172.70450602633397,172.90792995196944,171.71179431935425,-0.7832135133555459,-5.013709361535453,3.9370560862111237,171.53000000000003,171.2975,177.0303000000002,167.3394249999999,8.00409281447008,8.36986,83.98615412643468
Q,"Qnity Electronics, Inc.",123.81,USD,2.7724744749730252,570228,0.36416217308438514,25902109830.913425,USD,Electronic technology,Strong buy,129.4622424036434,132.6236951763924,132.26004247728022,5.235869103272415,-9.270115784845379,51.56077855306647,119.186,128.451,134.90300000000002,121.82685,44.33502828904963,4.5525,-26.24461875709796
JBHT,"J.B. Hunt Transport Services, Inc.",274.94,USD,0.4273660371845038,304733,0.4429754492872022,25820972534.24941,USD,Transportation,Buy,273.75202624689706,272.2112201023911,265.2140339477431,4.4803344100323095,3.2289554704513117,41.40458250829326,266.33799999999997,269.52750000000003,276.2183999999999,237.9694749999995,38.978677554723824,7.836231,28.1843458665746
ASTS,"AST SpaceMobile, Inc.",66.29,USD,6.387417749959884,8090839,0.8504401317597736,25797913854.79891,USD,Communications,Buy,66.13966970117657,69.02415053144887,72.42100085098929,15.568340306834044,-4.024902273056301,-10.828625235404893,61.78600000000006,64.92750000000001,66.63159999999999,81.44477500000004,nan,-2.050116,-12.655962095288231
RF,Regions Financial Corporation,30.2648,USD,-0.5101906640368201,2975253,0.4670702134589963,25783476129.58472,USD,Finance,Buy,30.53466159056247,30.29287313664842,29.781942159569926,2.4189509306260586,-3.3382305972532667,11.71945367294205,30.068960000000004,30.714739999999978,30.89009600000002,28.488223999999924,12.309769787684047,2.637919,14.59867623753147
SYF,Synchrony Financial,78.99,USD,-1.1636636636636721,1087501,0.36069032914662075,25701042821.796173,USD,Finance,Strong buy,78.16305371125299,77.1812138737261,76.15821949650991,3.57985837922894,1.0619242579324442,-5.6385139170947305,78.75399999999999,79.27450000000002,76.83519999999997,75.14035000000007,8.100790696243424,9.352585,18.484270386526852
FOX,Fox Corporation,57.78,USD,-1.095515234508731,388276,0.3545476352731231,25678846466.664158,USD,Consumer services,Buy,57.542270858295886,56.60468895330645,56.07690085255913,-3.571428571428572,4.333694474539542,-11.039260969976908,59.194000000000074,59.99250000000004,54.52999999999995,56.95680000000003,15.068457426000784,5.95399,-21.89155055813575
XYL,Xylem Inc.,109.275,USD,3.3919954584161305,2136624,1.1228050409102448,25514272452.151577,USD,Producer manufacturing,Strong buy,112.77775451432707,114.28447177416285,116.36630799341198,-0.3692560175054715,-9.405571215387166,-19.821703720008795,107.29699999999998,113.52775000000008,117.3831000000002,124.09122500000005,25.956673555191333,5.663771,9.421947289078346
INCY,Incyte Corporation,125.72,USD,-0.8126232741617365,414164,0.36917207614947334,25483161621.473454,USD,Health technology,Buy,122.48500306923538,118.91811787563957,114.32368209309215,0.8907792312013477,6.039136302294194,27.959287531806616,126.86200000000001,125.42250000000004,121.04639999999998,104.82934999999996,16.02263458401305,3.76232,78.375920705647
CHTR,"Charter Communications, Inc.",145.52,USD,-4.256859003881833,887435,0.40126471624618054,25482762745.50799,USD,Consumer services,Buy,147.61566095048465,148.7486488229475,155.9849440787607,-0.39017044287767344,-6.717948717948712,-30.522797803771777,150.81,151.46600000000004,143.5083999999985,181.89037499999995,3.780624041983841,41.120654,4.731715280801037
NRG,"NRG Energy, Inc.",121.2,USD,1.8316249369853863,1247684,0.5351298578282798,25477509425.90825,USD,Utilities,Strong buy,122.3388196095061,126.38666872110845,131.78124228636156,10.684931506849317,1.8487394957983216,-24.990716672855555,114.53200000000001,116.16300000000001,126.91979999999998,146.45530000000008,32.05670757511638,8.888127,59.993229232787435
VRSN,"VeriSign, Inc.",281.405,USD,-3.65482059709669,248115,0.41420028453054625,25410871190.731976,USD,Technology services,Buy,284.870814349503,282.39559157177007,278.2086156395266,-3.2240869385789948,-4.3880810002718205,15.766414349185435,289.0330000000001,286.0414999999998,279.5339999999998,261.9033749999997,30.543013436950524,9.789784,9.963478385410445
SN,"SharkNinja, Inc.",179.18,USD,3.3452532010612592,1071126,0.7207201024149963,25241365310.779907,USD,Consumer durables,Strong buy,173.79348173834757,165.32260773344447,154.30634006518216,-5.689773145955051,-1.4031805425631338,59.78241483859462,175.58799999999997,183.28899999999993,167.52099999999996,128.6287500000002,36.61068203179274,6.5675,33.76882499248366
TSEM,Tower Semiconductor Ltd.,222.94,USD,0.27211190320911677,1074389,0.866848343071492,25153193672.9044,USD,Electronic technology,Strong buy,228.3773575032173,229.31022572953705,222.33647726504606,9.246827069142944,-3.1748099891422377,85.0278031371898,211.461,227.03424999999993,230.17129999999995,186.76502499999992,87.93436674160849,3.864925,45.74040009197516
GFS,GlobalFoundries Inc.,45.56,USD,0.7741650077416532,2288184,0.6341986399861241,25001096766.266758,USD,Electronic technology,Strong buy,50.74190512849379,54.34333753562335,56.141202410343574,3.828623518687328,-10.980851895271586,28.19358469330333,44.64000000000003,47.755000000000095,55.031000000000006,53.35249999999999,35.560412113643466,1.937415,nan
PFG,Principal Financial Group Inc,115.455,USD,-1.0498800137127258,535806,0.40442980790931454,24719451827.46134,USD,Finance,Buy,113.2222598549278,111.42900015369304,108.3121647875678,4.616708952519027,0.8516771488469552,30.73830823236326,114.26299999999996,112.77475000000001,112.37750000000005,99.04319999999998,16.386125264338126,9.61237,41.87994603411126
CRCL,"Circle Internet Group, Inc.",96.7516,USD,-5.191964723174915,8639520,0.5742967657824123,24562897519.353893,USD,Technology services,Buy,85.62119146983068,83.53694021539009,84.50247623899008,5.022089552238802,47.37486671744095,19.682830282038587,96.03032,85.63508,72.94403200000002,85.20555799999994,58.22797303803563,1.040944,nan
HUBB,Hubbell Inc,464.165,USD,0.7477426636568834,147913,0.36306542654351837,24523029512.112164,USD,Producer manufacturing,Buy,475.7971421236202,481.02516509381167,483.9544086425672,3.4881387675020155,-9.128017384835255,3.6707390614879505,455.68500000000006,475.9687500000001,484.0182999999999,485.7812749999997,27.48311040848832,20.458206,9.655239579275419
PPG,"PPG Industries, Inc.",110.2,USD,-2.070558962054562,664902,0.5681140558376939,24497460070.5092,USD,Process industries,Buy,113.6391626539492,114.08631226366656,113.7938072793919,-0.9260091701879,-6.276577649260075,6.959138115112105,110.8980000000001,113.07449999999983,115.52900000000017,111.45290000000021,15.823557285010699,7.905816,23.48268586322452
BIP,Brookfield Infrastructure Partners LP Limited Partnership,37.4525,USD,0.868569889577156,143792,0.2083711008851917,24373665444.020603,USD,Utilities,Strong buy,38.33387917725959,38.38920110500613,38.148707460620784,0.4627145922746766,-4.652494908350307,7.037725064304082,36.96450000000002,38.453624999999995,38.80065000000001,37.205062499999976,62.3896385140763,0.604573,2994.329896907216
DRI,"Darden Restaurants, Inc.",214.05,USD,-1.304869052010321,272427,0.33444632521166,24303613349.20809,USD,Consumer services,Buy,213.91667702278767,211.60359471664455,208.88612810877842,-0.028022978842652035,1.325443786982254,15.991113037823789,216.9119999999999,219.57499999999942,209.62939999999972,201.48940000000024,20.603721279442485,10.100273,17.071219292314616
TW,Tradeweb Markets Inc.,103.68,USD,-2.3728813559321997,403937,0.3745645124333549,24264049338.79322,USD,Finance,Buy,104.66463129845984,104.5758488663086,105.54035002904453,-3.562459306111058,1.0132501948558128,-3.3737185461323302,105.07999999999977,106.04550000000017,102.7453999999999,108.73687500000004,24.75112798109289,4.030394,61.45307380998266
EXPD,"Expeditors International of Washington, Inc.",186.52,USD,-1.2076271186440684,374039,0.5300562268664856,24245852905.293858,USD,Transportation,Buy,183.23622874852336,178.47887751008463,172.23978098104885,-1.5361875098981135,4.727681078046051,25.063698538286193,187.2499999999999,187.2184999999999,178.81479999999988,158.95154999999986,27.139261134634133,7.712106,12.143265073019503
FCNCA,"First Citizens BancShares, Inc.",2176.65,USD,-1.441709041018963,26696,0.4756322224083068,24168564170.266224,USD,Finance,Buy,2183.1555548162983,2156.993341575034,2119.3466061572217,0.7829646161112129,-2.1457664607665965,1.8825798177333335,2181.367999999999,2199.4920000000016,2162.751,2046.2229000000007,11.641321194890045,194.200418,10.347745875154256
AFRM,"Affirm Holdings, Inc.",71.54,USD,-1.1195577055977721,1665548,0.2127427402306923,24139115859.636772,USD,Finance,Strong buy,74.34439888159008,73.59892758068199,71.77175502642545,-2.427714129841772,-8.25852782764811,-4.613333333333325,72.444,75.37349999999996,76.92850000000001,66.54272499999996,12.958501639284876,1.973511,4209.679937548791
WST,"West Pharmaceutical Services, Inc.",337.445,USD,-0.7427125922875648,224792,0.5769835928568532,23747949409.94305,USD,Health technology,Strong buy,341.8969921696707,338.1375592261203,328.2753785311471,-1.2828013925050437,-3.1693879307871144,22.59582198001816,340.2849999999999,346.4947499999999,349.8509000000002,294.11342499999995,43.1382951523829,8.966825,17.17546960663891
GPN,Global Payments Inc.,89.615,USD,-3.160795331748445,1073938,0.4656150529463927,23713776150.621296,USD,Finance,Buy,88.12711667553006,84.89463482118732,81.65595966025494,-0.7915421233255877,2.300228310502284,15.483247422680414,91.35899999999997,91.70075000000006,85.03669999999984,75.75680000000018,28.117156124497992,13.646061,-44.26120564523181
TPR,"Tapestry, Inc.",118.605,USD,-2.894219747830356,1416135,0.44562216076691064,23648849834.290653,USD,Retail trade,Strong buy,130.74845394921687,134.4757583948009,136.42195284184405,-2.2862086010874867,-27.280809319435924,-8.214672651292366,121.72500000000016,129.8957500000002,140.22150000000008,138.42607499999994,16.290776732367284,7.981415,1049.7946936197093
BG,Bunge Limited,122.6,USD,3.2768932693117687,1233185,0.7693902009366934,23553804587.899925,USD,Process industries,Strong buy,116.71306011903265,116.4699332603974,116.15271482822136,3.90711077209933,13.099630996309951,37.443946188340796,121.06599999999992,115.32150000000006,113.8735999999999,114.32569999999991,23.773972735558182,9.516979,-48.493323079074315
FWONA,Liberty Media Corporation - Series A Liberty Formula One,87.42,USD,-1.0862186014935435,118643,0.9945187175861234,23502052242.23693,USD,Technology services,Strong buy,90.60174592880449,89.77185328834678,88.37200559663889,-4.249726177437016,-4.656996400916126,-2.203825931312226,89.07600000000004,93.38199999999992,91.69079999999992,84.55052499999991,54.046367851622875,1.81296,52.752856738124464
TROW,"T. Rowe Price Group, Inc.",109.905,USD,0.11386409182000364,482565,0.4468950028032518,23444477318.913235,USD,Finance,Buy,111.21265136897554,110.67599540734373,109.01016938843311,0.6179620983246334,-3.7777972334092085,7.25578218015029,109.78399999999996,111.26300000000012,114.46779999999988,103.69435000000003,11.02368128065477,10.20053,11.482723918148286
KEY,KeyCorp,21.965,USD,-0.9693417493237145,5264982,0.6184088578157245,23439478704.732193,USD,Finance,Buy,22.31107889669351,22.323198899471976,22.12605916028868,2.928772258669166,-2.852720035382572,6.471158507028604,21.85500000000003,22.20975000000001,22.688699999999972,21.44217499999999,12.775548188216135,1.827253,nan
SOFI,"SoFi Technologies, Inc.",18.135,USD,-0.46652030735454064,17755880,0.480988803940143,23422628948.198963,USD,Finance,Buy,18.02648725691316,17.91699792339713,18.095533832098354,3.333333333333338,-1.7605633802816862,-31.976744186046506,17.95099999999999,18.24075,17.886300000000002,19.929700000000008,38.235294117647065,0.593642,-4.336425978217027
ULTA,"Ulta Beauty, Inc.",547.275,USD,-2.98606679429909,341104,0.4164914008538035,23400095828.69801,USD,Retail trade,Strong buy,528.322829293152,521.5669196125523,522.5235757142852,3.6819869657471855,1.5635148928273088,-9.708473569590184,553.1809999999998,532.6927499999999,506.8461999999999,556.4961000000001,19.939264986100536,28.987861,5.199190513058345
AMRZ,Amrize Ltd,42.21,USD,-3.6741214057507974,3317303,0.836430790438611,23364780613.260384,USD,Non-energy minerals,Buy,45.81207854464635,47.5343788474778,49.31728930392069,-2.4497342269470814,-11.136842105263156,-22.84774264302687,43.163999999999994,44.79899999999999,48.153400000000055,53.49760000000001,19.381055144864316,2.55666,1.5243333954876082
VLTO,Veralto Corp,95.83,USD,-0.4983906136434472,432756,0.2987523405393953,23362716158.86325,USD,Producer manufacturing,Strong buy,95.87942708878747,94.59804318724531,93.60330309803757,-0.920181968569066,-2.3438296137776393,-3.416649868978029,96.85600000000005,97.88099999999991,95.27639999999991,93.42070000000005,24.15435801784544,4.381649,11.103643339214205
SW,Smurfit WestRock plc,44.645,USD,-2.5856425921885124,1583902,0.384534017172933,23344387487.46924,USD,Process industries,Strong buy,46.54623328866806,46.01979927791035,45.117137624174354,-4.236379236379224,-5.212314225053075,14.94593202883625,45.304999999999986,47.87825000000002,46.65930000000001,42.46967500000005,47.47447894512973,2.214902,42.24776887006504
RIVN,"Rivian Automotive, Inc.",16.115,USD,2.3824650571791497,9819763,0.5389454835857475,23332273553.64263,USD,Consumer durables,Buy,16.110304623206662,16.128786136691225,16.092026442627347,2.774234693877543,3.0370843989769685,-18.52881698685542,15.782,15.967000000000002,16.516600000000004,16.296499999999998,nan,-2.29869,20.201582982933463
DLTR,"Dollar Tree, Inc.",124.28,USD,-5.432963019327337,1437074,0.568860568805942,23318692712.79653,USD,Retail trade,Buy,126.86333255173906,124.4478862810078,121.33857497421427,-2.4872499019223238,-2.8758987183494784,1.287693561532191,130.07200000000003,130.15,127.31699999999995,117.22687500000002,15.178865859765258,7.875428,nan
ARXS,"Arxis, Inc.",53.725,USD,0.19582245430810144,761191,1.7029395742377007,23146144568.629242,USD,Electronic technology,Strong buy,52.13970740209759,49.6450418892494,45.04772727272727,4.829268292682929,-7.673139714727611,41.381578947368425,52.611000000000004,54.45925,49.82819999999999,nan,nan,0.47484,nan
IOT,Samsara Inc.,39.55,USD,-1.6169154228855862,4870110,0.5919344901084511,23117507736.53234,USD,Technology services,Strong buy,39.02305991951546,37.82077727900977,36.513573854148866,-1.7267080745341623,0.11389521640091549,10.18105849582173,38.870000000000005,39.741500000000016,37.80080000000001,33.66709999999998,256.8181818181818,0.7731,nan
VRSK,"Verisk Analytics, Inc.",177.27,USD,-4.585822703051823,538458,0.5139434131367884,23072757030.13241,USD,Technology services,Buy,185.9842453830104,186.4215381343809,187.9254481182738,-8.35444346792121,-6.517956019617142,-20.127061367937277,187.23399999999955,186.1859999999995,190.47050000000024,194.3438499999997,27.23878303626306,7.711934,0.3778823166499536
FSLR,"First Solar, Inc.",214.395,USD,4.864269992663254,1426901,0.8574301234598762,23040984767.687313,USD,Electronic technology,Strong buy,216.60924226181163,220.6497941486207,223.51089364827152,7.73509813971719,-17.257149473196712,-19.357932746558337,205.70300000000006,213.57824999999994,218.56149999999997,230.4082249999999,13.216800029590543,17.423205,38.72032564821782
CHD,"Church & Dwight Company, Inc.",97.13,USD,-1.4408929477422645,726578,0.4615217900016083,23039615831.02912,USD,Consumer non-durables,Buy,98.94869572957559,98.64278092373914,97.93237222468211,-2.831132452981191,-5.753929749660399,16.29549808429119,98.60399999999996,100.1675,99.22940000000024,94.99044999999978,31.252614305479582,3.779834,46.592141880099994
ROKU,"Roku, Inc.",154.74,USD,-0.5463076033164048,1142556,0.5517514339884342,22980224550.202072,USD,Technology services,Buy,152.333631536938,147.49361497056196,139.96466208604082,-0.7122232916265545,1.8361303060217313,41.761714992441945,156.37399999999988,156.56125000000011,148.8140999999999,118.29137500000006,66.10842910240527,2.788237,nan
CRS,Carpenter Technology Corporation,463.52,USD,-2.4845896535038823,321005,0.35111927095211454,22971386348.70864,USD,Non-energy minerals,Strong buy,502.9989910805622,507.93270459419495,495.3183725428486,-2.0083717390385187,-18.035048009761102,46.41018351811491,468.0720000000001,497.14049999999986,543.5483999999998,432.9918250000002,44.02568291478287,13.337362,41.99552234780028
EIX,Edison International,59.35,USD,4.544653866478771,3243219,0.34727538242176453,22838708997.2873,USD,Utilities,Buy,66.70305520292143,68.65866831936123,69.4209543755749,9.887057952231075,-11.799673056917824,-1.689580917674335,57.28199999999994,67.67799999999997,72.22480000000003,68.49179999999996,6.113892494385727,6.134251,42.63841542259315
BRO,"Brown & Brown, Inc.",68.125,USD,-4.613553626435174,748664,0.5166557549778729,22795329615.863907,USD,Finance,Buy,69.9778907541939,68.94911879161283,68.50043942600071,-6.344514709925757,-3.162757640369573,-14.598219882161208,71.239,71.65875000000001,70.11169999999997,69.38617500000004,21.54218315203643,4.490611,-8.806736259299848
EXE,Expand Energy Corporation,98.01,USD,0.10213461342049691,1025930,0.5224980820058124,22689686736.28404,USD,Energy minerals,Strong buy,95.72796830850636,95.09842956857189,95.71775307779423,-0.34570411794609984,6.89279092594613,-10.88379705400982,98.85399999999998,96.89724999999984,93.02769999999975,100.98302499999978,8.459858613933175,9.000043,2897.490297542044
PHM,"PulteGroup, Inc.",121.01,USD,-2.7641623141824008,359663,0.3319414722458875,22683631934.437447,USD,Consumer durables,Buy,126.22054904109169,126.32507547521084,125.90845118260144,-2.873424833453727,-6.764773865474988,2.161249472351205,123.32000000000002,127.64600000000007,128.4558,125.25489999999998,12.361077061371251,10.151652,-26.81384239288892
XPO,"XPO, Inc.",192.48,USD,-0.3210771620921826,428435,0.4898525680229483,22536804757.341064,USD,Transportation,Strong buy,198.26862849840785,200.6224166927377,199.90396031393416,-0.4654049022649735,-2.4083557268164073,42.020216926141806,188.29000000000008,196.60900000000004,202.484,189.20099999999974,56.5984474241355,5.475928,17.642175176421745
USFD,US Foods Holding Corp.,103.705,USD,-0.32199154171473277,630840,0.42198106342920416,22434577410.499905,USD,Distribution services,Strong buy,104.13174421685531,101.95676709527619,98.81074446607926,-2.7431304510925605,-2.5054056594904637,38.31021605761536,104.72099999999992,107.59025000000011,103.44309999999989,90.52492500000004,31.89156774709392,4.791512,39.00739537468472
AER,AerCap Holdings N.V.,144.685,USD,-0.4917469050894108,435784,0.4159162624266465,22343713591.319878,USD,Finance,Strong buy,147.1184973989288,146.852477980106,145.67079645714315,-0.9956206377446176,-6.984892317582776,-0.29288126249053226,145.12900000000008,147.72125000000005,149.17090000000007,143.6479749999999,7.11587737978724,18.720007,26.695329781599515
RGLD,"Royal Gold, Inc.",263.06,USD,0.3624432490175837,211201,0.37881936267172567,22288509474.025105,USD,Non-energy minerals,Strong buy,244.5963667654109,237.22346784529785,233.51490795308652,3.7077920797934207,15.084434333712482,17.4375,260.49799999999993,252.15099999999953,221.53349999999978,236.97417500000017,28.67795353704935,10.504746,34.28537967178557
MKL,Markel Group Inc.,1798.24,USD,-1.5590785670491383,25318,0.4194284256441435,22280118402.948936,USD,Finance,Buy,1842.3118584611439,1859.7503762232573,1879.5107205091065,-0.555223748534517,-3.6380102136507153,-16.100647123867997,1816.2560000000008,1815.5714999999993,1891.8677999999989,1957.415400000001,9.921192767654388,98.627717,8.703805992214209
OMC,Omnicom Group Inc.,81.04,USD,-1.9123698862260932,1832635,0.7721416967133709,22232998778.691837,USD,Commercial services,Strong buy,83.15607089101461,81.98923194604372,80.60823053601892,-7.308704106142056,-1.9479733817301867,0.3591331269349923,83.24800000000013,86.30849999999991,82.86240000000011,78.06527500000016,69.46682667581004,10.416101,-83.26303405928094
L,Loews Corporation,108.745,USD,-0.5077767612076786,224446,0.31344221123071797,22230492935.724022,USD,Finance,,111.02008580504146,111.251232235996,110.7016553639738,-0.022984278753324882,-5.611492057981068,3.566666666666671,109.14699999999986,110.76825000000026,113.6655,108.84632499999987,13.320063694267517,nan,29.801577206817598
FFIV,"F5, Inc.",390.65,USD,0.0460982918021743,152304,0.3637364086044925,22121408719.79294,USD,Technology services,Buy,393.6310025901326,389.8009934786947,377.6383184100559,-2.481340023465388,-6.9880952380952435,52.69905796818198,392.014,396.17000000000036,404.57750000000016,328.01997500000004,31.119803076530893,17.333083,10.691674161860927
GH,"Guardant Health, Inc.",164.05,USD,1.6355863948949971,1068527,0.6262310755963418,22014881694.903046,USD,Health technology,Strong buy,160.20816864919144,153.8840193064747,143.51756598237034,3.501577287066253,1.4156775469831977,60.361681329423284,162.79399999999993,163.63400000000007,159.8158,117.72694999999997,nan,-3.204651,-4.599796760117153
IFF,"International Flavors & Fragrances, Inc.",85.57,USD,-0.9033005211349174,677761,0.49701061491846554,21833181980.085236,USD,Consumer non-durables,Strong buy,84.05826334149808,82.31309898009938,80.2062305058358,-0.5231341548477132,0.9913843974979218,26.71405301347548,86.22,85.16200000000006,81.67819999999999,74.74674999999995,79.39320838745591,3.425774,nan
CMS,CMS Energy Corporation,68.98,USD,0.7595676307332899,1061770,0.42293962177103583,21630549305.13994,USD,Utilities,Buy,70.19478459048754,71.26907507839084,72.22322521741968,0.7595676307332899,-1.9613416714042005,-1.3302817908739704,68.40999999999983,69.27449999999996,72.16339999999995,73.50464999999997,20.728409159204283,3.870706,-1.7942513132267004
ENTG,"Entegris, Inc.",141.34,USD,1.874008937581083,600563,0.32042406143472174,21596753286.668736,USD,Producer manufacturing,Strong buy,141.72055417545334,141.63779179724452,139.15727772233745,7.761512656297657,-5.134572790120146,64.04363974001858,134.32,144.47425000000004,141.3884,126.50737499999994,70.78679821705815,3.91804,2.647542669134273
UTHR,United Therapeutics Corporation,502.4,USD,3.0331617481183657,371104,0.7018441034005125,21548281932.810238,USD,Health technology,Strong buy,512.4925772559068,519.9872456992429,523.0752098973277,-2.294826915597057,-6.0653653429063,2.51596710673985,496.9940000000003,510.25200000000024,524.878,523.5836500000001,17.97013323795046,26.146032,9.163357502918695
STE,STERIS plc (Ireland),220.47,USD,-1.8344538937619683,290906,0.5228777201347987,21495848198.481857,USD,Health technology,Strong buy,226.32608710808975,225.03222288652256,224.94070063949331,-5.733709594663928,-3.8927637314734116,-13.005563666495682,226.378,232.96299999999965,225.41960000000032,232.70094999999958,26.947710660767104,11.206146,24.045182321279654
CDE,"Coeur Mining, Inc.",20.9082,USD,-1.5621468926553563,14566809,0.44075558885913935,21492271560.237938,USD,Non-energy minerals,Strong buy,19.5023177212265,18.875509639760192,18.569811788120358,5.650328448711479,24.084272997032635,13.0172972972973,21.083639999999995,20.445909999999998,17.671764,18.97394100000001,17.17164914586071,1.069279,212.20512820512818
DOW,Dow Inc.,29.685,USD,0.832201086956513,4295385,0.5503354605768095,21442684016.279552,USD,Process industries,Buy,30.350814584462487,30.836828621966273,31.312487887024837,-3.2899022801302866,-0.36912751677852157,26.072186836518046,30.244999999999997,30.86525000000001,30.01629999999993,31.515425000000015,nan,2.477102,-30.144223904041116
CW,Curtiss-Wright Corporation,577.935,USD,1.9735333039258836,136860,0.3921877664124391,21345708139.915947,USD,Electronic technology,Strong buy,636.869099436071,662.106693694647,675.1366820086913,-0.21151322605152684,-19.258012238397278,4.207536963577339,570.5850000000003,632.38075,695.4453000000005,676.4181000000003,39.77146042363433,15.293098,22.603017110458644
MTSI,"MACOM Technology Solutions Holdings, Inc.",277.11,USD,3.0340211935304056,539809,0.5615627037035265,21163148237.657333,USD,Electronic technology,Strong buy,283.0344127080209,290.0777164492328,289.58371144855136,7.01293686039777,-10.603909929672882,58.54788877445933,265.116,279.27724999999987,286.71230000000014,264.17410000000007,89.12582014666152,5.512437,nan
LYB,LyondellBasell Industries NV,65.04,USD,2.392947103274564,1332875,0.4853427844589372,21010387336.224182,USD,Process industries,Buy,63.423807940901966,63.181319581725994,62.98665807720234,-1.5289131092945885,7.396400858510808,49.26571821936668,65.012,64.59650000000002,60.8316,60.594450000000016,nan,9.381197,-247.10743801652893
SNX,TD SYNNEX Corporation,262.475,USD,-0.0628236369174397,258828,0.6254000447977685,20987173515.866776,USD,Distribution services,Strong buy,256.5787174582099,252.62725842085328,242.99721469716616,4.152612991547967,1.080217198752265,73.82450331125828,258.419,255.40775,252.7960999999997,205.31263500000006,18.77664749477781,19.00409,63.39154218388386
THC,Tenet Healthcare Corporation,260.105,USD,-1.86568571967553,334463,0.4412151340472795,20943392800.220394,USD,Health services,Strong buy,254.22684816331116,242.05925448864485,229.5116554623117,-2.637095264832476,1.40941167296971,30.791471815759046,262.6029999999999,267.79925,239.11430000000007,208.5826249999999,10.030619603487704,21.215261,66.00366178428763
PKG,Packaging Corporation of America,235.025,USD,-0.9378292939936752,179948,0.35585146343686924,20940327280.905376,USD,Process industries,Buy,241.56624365450597,239.62284286648116,235.49157917768628,0.5239520958083808,-6.85439124920735,14.117504248604039,233.9009999999997,245.72124999999997,242.16669999999993,223.3864250000001,30.550500454959057,10.498881,-23.22431911857167
RL,Ralph Lauren Corporation,350.23,USD,-0.27619589977220116,379604,0.577557590070496,20850968571.31595,USD,Consumer non-durables,Strong buy,366.7599406629863,371.0392308092988,371.09518723490504,2.412421779051406,-11.45970269996966,-1.3436619718309808,344.5899999999998,366.1270000000003,377.7327999999998,366.32940000000025,22.080787829496952,18.921331,26.61185392137298
AMCR,Amcor plc,44.655418,USD,-1.0954197120708775,1074200,0.36728444101116714,20646239968.819283,USD,Process industries,Buy,45.42871946256525,44.75929576639465,43.980302785372835,-2.9018960643618277,-5.350958033064863,6.9590850299401135,45.63908359999999,46.56077090000004,45.364508360000045,42.763727089999904,18.729728210720577,nan,32.20583342575136
FTAI,FTAI Aviation Ltd.,199.24,USD,1.5080497248828244,435783,0.37435800209418385,20463360939.267982,USD,Electronic technology,Strong buy,208.0118779135869,215.59184409889087,222.10276474974077,6.272669084702378,-11.448888888888884,0.6110185325455779,193.96200000000002,204.86800000000002,214.78119999999987,234.78445000000008,43.39984316459005,5.975444,13.859126984126977
FIS,"Fidelity National Information Services, Inc.",39.665,USD,-5.311530198137984,3408815,0.604374811865055,20455475519.622704,USD,Technology services,Buy,41.49351455982964,41.983963670791326,43.43670130312949,-2.4471224790949275,-6.867809344916657,-40.35338345864662,41.307,41.411750000000005,41.92849999999998,49.481975000000055,6.090501489420508,6.202081,2338.2628229127663
WES,"Western Midstream Partners, LP",49.45,USD,-0.1816713766653135,341774,0.5047985356479422,20431483906.116272,USD,Industrial services,Buy,48.06164718822021,47.10513899689008,45.91839606937601,2.2116577097974375,5.212765957446814,24.590576971529366,49.226000000000006,48.66250000000003,47.01220000000002,42.97064999999998,15.573822121441172,3.720147,-2.286505616248655
RS,"Reliance, Inc.",400.015,USD,-0.12359241966492834,105422,0.3622536270205428,20422587910.161358,USD,Non-energy minerals,Buy,399.15753912312687,394.57970547650564,383.91156731275373,4.5326260224213994,-4.339248134685297,37.54255063095279,397.81699999999967,401.4477499999999,397.49749999999995,347.3886750000003,23.264666368114646,23.148541,25.544700487747875
CF,"CF Industries Holdings, Inc.",134.67,USD,0.9898762654668115,1314076,0.5128759745982604,20380705486.89314,USD,Process industries,Buy,126.552659022383,123.47592563646843,119.8369726823247,1.9686529870523166,17.718531468531452,73.81259679917396,136.14,126.47050000000002,121.76459999999999,108.34400000000012,9.98865178789969,15.018197,76.22078736864118
SBAC,SBA Communications Corporation,190.635,USD,0.6308065878378342,443084,0.6479148190094047,20224107468.326935,USD,Finance,Buy,187.84063543851818,188.85831995262296,190.9147547168104,0.5140778234735813,3.7751769188894952,-0.8090951662417435,189.36499999999984,185.9287500000002,183.31550000000013,192.9371249999995,20.528849260192544,7.700492,14.116129032258062
EFX,"Equifax, Inc.",171.86,USD,-2.9313753177068613,688140,0.690922968625326,20190955507.0893,USD,Commercial services,Strong buy,179.00137865045102,177.89712402951184,178.95032849649022,-8.531587631060713,-2.7831202624731235,-20.62993580566203,181.93600000000015,186.26250000000027,178.44499999999982,187.62700000000015,30.199620440008434,8.561258,11.283194493331768
MTZ,"MasTec, Inc.",251.2471,USD,5.926514608541672,943348,0.6562950014543781,20176385231.67145,USD,Industrial services,Strong buy,273.42502453179327,292.39256840112415,304.3906305449874,5.610382513661195,-4.290465125138091,14.198036452888505,238.75741999999954,260.344855,306.29594199999997,304.7345855,40.02279533579712,9.342369,86.28445947950976
NI,NiSource Inc,42.065,USD,1.6308287025851587,1983870,0.4320751724161513,20172694851.382942,USD,Utilities,Strong buy,42.63293429614727,43.5716648653689,44.33068404565075,2.497563352826507,-2.514484356894556,0.7303639846743288,41.44499999999997,41.462250000000026,44.05129999999996,45.04397500000012,22.277830738269248,2.05424,0.32410605175070367
WWD,"Woodward, Inc.",341.345,USD,-1.4080642366125584,207904,0.40592946296116234,20154996231.02991,USD,Producer manufacturing,Strong buy,357.6747272124825,364.77453357628474,366.19585631220076,1.3344218494879039,-7.6397532334000635,12.328879820981978,340.44500000000005,348.96524999999997,376.9963000000004,360.15162499999997,37.961809648791125,9.466328,42.25055765610414
TPG,TPG Inc.,51.91,USD,-1.4055080721747426,724359,0.35981118678744634,19960679874.5453,USD,Finance,Strong buy,50.23866656258314,48.582136903795934,47.647736865258146,-2.259461495010361,6.832681621732853,-19.20622568093386,52.50299999999995,52.68624999999997,47.26050000000006,49.14232499999994,78.33106986570093,2.848041,nan
PR,Permian Resources Corporation,23.675,USD,1.3484589041095947,5424614,0.6248827325553964,19829162655.04816,USD,Energy minerals,Strong buy,22.312150635776547,21.625853080953622,20.821837173126717,-0.9828523630280194,18.31584207896051,68.86590584878746,23.676999999999985,22.898750000000014,21.116699999999994,18.659825,15.714190893402364,2.092277,-2.149769435604347
GIS,"General Mills, Inc.",36.98,USD,-3.4212588143118365,5754607,0.677306961777517,19770599996.510838,USD,Consumer non-durables,Buy,38.088620809183105,37.709867971945116,37.83505182232584,-11.020211742059686,3.0945079453582367,-20.438898450946645,39.24000000000001,39.50100000000002,37.82039999999994,39.85239999999992,nan,3.082755,-104.6300144229594
SNA,Snap-On Incorporated,380.29,USD,-0.7075718015665743,98733,0.454065285365359,19671307704.96243,USD,Consumer durables,Buy,392.37997308263243,392.78673959802563,389.4076748011407,-1.215679143829391,-7.768238261544425,10.372950224931072,381.85400000000004,393.6869999999998,402.3338,376.7769000000004,19.39809737560254,19.803778,4.492687190857923
FICO,Fair Isaac Corporation,909.42,USD,-2.4499603115010866,357382,1.0972668267311838,19641321672.283634,USD,Commercial services,Buy,1059.5820003663373,1096.9308474744744,1141.6156923314636,-19.940489290713344,-11.980255516840892,-46.22094226595625,1032.7480000000005,1098.2139999999986,1162.1146000000012,1300.5014500000004,26.276752202442697,42.937752,35.366545286716125
LEN,Lennar Corporation,81.17,USD,-2.8834649437664472,2381582,1.0358655048786434,19511845339.87796,USD,Consumer durables,Buy,84.87092403641748,86.11690681286308,88.67816972656966,-3.080597014925371,-5.550383988829411,-21.201825065527622,83.10599999999997,85.62050000000006,85.4692,98.18819999999981,12.696898121353376,5.489902,-47.147333349868134
IP,International Paper Company,36.805,USD,-1.1680988184747645,1491482,0.37060782802754344,19490820505.52846,USD,Process industries,Strong buy,38.73713431491174,38.564261604925576,38.380768976759036,-2.374005305039796,-8.740391767914701,-6.869939271255069,36.64900000000004,39.59025000000009,39.45109999999991,38.3844500000001,nan,1.37122,-6527.811860940696
DINO,HF Sinclair Corporation,108.41,USD,2.846029788445119,848500,0.3934622662267247,19273547196.49806,USD,Energy minerals,Buy,96.55638543944897,90.51569282152748,83.45497737723265,5.472588412706134,30.14405762304922,135.67391304347825,106.0,97.38149999999993,89.07380000000003,65.89739999999999,10.346440160335941,14.774202,nan
BR,"Broadridge Financial Solutions, Inc.",169.02,USD,-2.232762609902814,650197,0.6646492665824214,19271964703.459396,USD,Technology services,Buy,168.58402673905044,165.04957297467553,165.03783338393845,-6.937561942517341,2.6104905293832026,-24.2640139803737,175.85199999999992,176.89449999999985,161.6593999999998,176.84744999999978,17.561979177490077,10.555144,35.666760642796724
TOST,"Toast, Inc.",33.0,USD,-2.79823269513992,3678368,0.44189936303179816,19173000430.60383,USD,Technology services,Strong buy,33.171742507366815,32.03245320917631,31.077938874408,-2.193242442205104,-5.335628227194491,-7.743919485602469,33.70199999999998,34.935,32.47720000000004,30.11102499999999,42.16174779609046,1.384767,128.25896762904637
VTRS,Viatris Inc.,16.68,USD,-1.1848341232227448,1841430,0.2603207236475895,19158493930.35782,USD,Health technology,Buy,16.604120441163165,16.468513406348663,16.0808801887723,0.36101083032490205,1.2135922330097044,33.44,16.844,16.490250000000007,16.771,14.75152499999999,nan,2.505968,87.72002200220021
LUV,Southwest Airlines Company,39.135,USD,-1.2241292276627953,1237616,0.2966169614391431,19145162035.796818,USD,Transportation,Buy,41.915143603003514,42.822150660850596,43.06205640127889,2.716535433070857,-16.592071611253203,-5.721512888460612,38.754999999999995,41.05324999999996,45.16330000000002,43.105924999999985,23.741203591361316,3.346495,147.8796992481203
RBRK,"Rubrik, Inc.",91.81,USD,-1.9856944592719115,860174,0.20206128472390247,19032619504.5308,USD,Technology services,Strong buy,90.04298895397544,85.72886584419818,80.55566964436069,0.1199563794983636,4.507683551508262,18.235672891178357,90.63999999999996,96.65350000000007,86.94580000000002,69.03505,nan,0.495468,46.36243667787664
SSNC,"SS&C Technologies Holdings, Inc.",80.88,USD,-3.3114166168559596,958013,0.6348248665875332,18978896647.522774,USD,Technology services,Strong buy,79.57504217899782,77.26492918728364,75.62562922225636,-1.8446601941747696,1.3026052104208317,-7.162534435261718,82.7239999999999,82.21349999999995,75.63700000000004,75.34909999999988,23.224028025038763,7.10598,9.698554194097083
EVRG,"Evergy, Inc.",82.315,USD,0.9504537650232909,445501,0.23252604612085054,18974680360.03293,USD,Utilities,Strong buy,82.60301778286845,82.93319645133273,82.70961960550338,1.3606698682428322,-0.7415892921741336,13.804783630582055,81.61499999999981,82.20375000000007,84.0689,80.67237499999997,20.85349479390976,4.255644,8.627332269249818
IREN,IREN Limited,48.0321,USD,7.5024619516562225,35707537,0.8126258210359861,18902430140.31973,USD,Technology services,Strong buy,43.0243603763697,43.52204205973093,44.22934811988179,33.12666297117517,21.69267798327844,23.12765957446809,42.15642,41.59685500000002,40.24014199999997,45.65598550000001,nan,-1.513195,-427.0100709922404
BBY,"Best Buy Co., Inc.",88.87,USD,-1.5509028470145025,1515993,0.29295042088821893,18730873289.4748,USD,Retail trade,Buy,85.53401939272814,82.93821875873776,79.63868905204005,11.324063635224862,11.60366695968857,31.815485019282118,87.25200000000002,85.71049999999995,84.24540000000003,71.54100000000003,14.789974703767808,6.796676,65.59098299666547
U,Unity Software Inc.,42.53,USD,2.0883341334613648,4887086,0.5707572956465276,18716982049.15963,USD,Technology services,Strong buy,40.355691814264205,37.734144390005525,35.18286230192799,3.1780688985929215,-0.02350728725904563,-5.907079646017703,41.589999999999996,44.27949999999999,36.842200000000005,32.08640000000001,nan,-0.686276,-27.864387678437264
GFL,"GFL Environmental Inc. Subordinate voting shares, no par value",42.85,USD,-2.0123485021724115,1595596,0.7631711687788169,18683311879.915634,USD,Industrial services,Strong buy,41.78031629318531,40.992981765123155,40.59914278839799,1.1328770356384328,3.103946102021172,-0.533890436397393,42.82999999999999,41.767500000000005,40.561999999999955,40.97300000000006,nan,0.592465468,87.87859681633327
GPC,Genuine Parts Company,134.13,USD,-2.8606604866744036,319608,0.32627087542838573,18491131427.44271,USD,Distribution services,Buy,132.29866898314359,128.36813309703564,124.66565666137096,-0.8280961182994488,0.5773845230953673,8.942495126705646,136.36399999999998,135.50700000000018,129.64940000000004,119.8866999999999,537.3798076923077,7.739434,-95.70055465600991
SITM,SiTime Corporation,610.16,USD,-0.3153131075495537,189420,0.6690591069321898,18348143755.161755,USD,Electronic technology,Strong buy,616.3858803307922,615.6789118374609,596.4951292625877,10.536231884057964,-14.494317465211125,66.90647482014387,583.6569999999999,621.14025,608.4926999999998,501.7749749999998,1236.64369679773,11.250787,nan
NTNX,"Nutanix, Inc.",67.64,USD,-0.6171025565677368,707026,0.2380876372741955,18284477666.91801,USD,Technology services,Buy,64.41085948264632,61.0515640159197,57.54398411203863,-0.14762326542662285,10.378590078328982,30.629586713016607,67.46399999999997,66.89025,60.475700000000046,48.861875000000026,13.10674908442653,2.326458,702.472399315814
TSCO,Tractor Supply Company,35.08,USD,0.25721634752785455,5121162,0.7041480183686483,18278087588.258354,USD,Retail trade,Buy,34.19126125999755,34.11141602088756,35.352221822378176,0.6599713055953998,3.3284241531664076,-29.79787872723634,34.847999999999935,35.17300000000001,32.82679999999999,41.78634999999996,18.316624895572264,1.934051,-5.799026117751223
PAA,"Plains All American Pipeline, L.P.",25.855,USD,0.6031128404669305,1547135,0.6597918122673552,18242421553.6786,USD,Industrial services,Buy,24.761949072074565,24.195148686752812,23.465686504063996,0.4077669902912638,11.443965517241384,43.638888888888886,25.73199999999999,24.772999999999993,24.04740000000004,21.4268,7.160859690910098,1.50058,299.22600619195043
CDW,CDW Corporation,145.47,USD,-4.53471584197401,918748,0.5788385854924558,18186286585.153694,USD,Technology services,Strong buy,142.90532989508674,139.81874478776322,137.0616198344591,-4.0308747855917755,3.0459729404264446,6.0276967930029235,150.14800000000002,142.34050000000008,140.1979000000001,131.7951249999999,17.485215635367087,10.953032,3.423584694562535
ITT,ITT Inc.,203.155,USD,-0.5750501639504778,169731,0.2977419773017154,18162057472.26851,USD,Producer manufacturing,Strong buy,203.89670071326472,202.39595470284388,200.2765861860132,1.0419775191485123,-6.676925903808166,16.148304842490425,201.24500000000018,208.77974999999998,200.97670000000025,194.78507499999992,39.892979872361316,8.26355,-19.95190040554559
MKSI,MKS Inc.,267.3975,USD,2.7227152241558055,1028980,0.8256491240767736,18080764648.420334,USD,Producer manufacturing,Strong buy,286.22944320260183,295.52139445813407,293.8115526729834,6.549848581447232,-11.216714257254807,62.51215509906405,255.0355,277.5628750000001,313.69795,262.98483749999997,42.63692896436259,13.134026,59.397636294319476
ZBH,"Zimmer Biomet Holdings, Inc.",94.1,USD,-4.048128887529315,1928168,1.40692300496656,17948416211.321503,USD,Health technology,Buy,96.36240443574395,94.9859044626534,93.67081163702294,-7.281505567050941,-2.567819424311456,4.590419028565072,97.99800000000016,99.32000000000001,94.94879999999992,91.38989999999991,22.899834517667667,8.531728,0.06331271611552519
ESS,"Essex Property Trust, Inc.",278.395,USD,-0.07716880226841528,269577,0.4522342209466727,17892011482.07322,USD,Finance,Buy,283.61964577347135,282.9916627012791,279.7711108050518,-1.3867734051220362,-2.228348668961167,7.480117365454405,278.3890000000001,284.14774999999975,288.9687,267.1477250000001,43.32861233891551,5.651527,-48.34674534331261
EWBC,"East West Bancorp, Inc.",130.4845,USD,-0.2183222451632738,252137,0.37991881990211257,17877924118.81106,USD,Finance,Strong buy,130.77837554196412,129.7803060730962,127.38798433819534,2.703266430539158,-0.5756629076501159,16.079085490614716,129.5189,131.19072500000007,131.36229,120.10864750000005,12.529238362267629,10.634446,21.704783162520016
TSN,"Tyson Foods, Inc.",51.825,USD,0.7876312718786487,1387257,0.44731246771329575,17869291261.29959,USD,Consumer non-durables,Buy,55.31018123424791,56.60758746158021,57.826770266265896,-5.342465753424652,-11.666950741435144,-11.516134539866822,53.175000000000026,56.109249999999996,57.46829999999997,60.46454999999985,31.30663283798478,3.7409,-26.43647513664845
LNT,Alliant Energy Corporation,68.71,USD,1.0887156098278576,936277,0.4870807792568306,17815451953.32985,USD,Utilities,Buy,69.77597372540812,70.6652862080441,71.08897564993492,1.073845248602515,-1.0085002161071932,5.6914320873711555,68.06799999999996,68.88300000000005,71.93560000000001,70.43795000000013,21.772609164078837,3.42464,-2.475354615408382
DD,"DuPont de Nemours, Inc.",131.82,USD,0.17478531803327743,372352,0.32456389385322787,17801363644.94764,USD,Process industries,Strong buy,136.43143265063657,137.54177209684175,137.56843380958588,-1.2732174955063038,-8.964088397790068,8.654797230464887,131.91600000000022,137.91049999999993,138.19879999999998,136.74205000000018,313.11163895486936,7.253369,nan
GEN,Gen Digital Inc.,29.69,USD,-3.1321370309950978,1881219,0.3322054379213516,17772048881.468517,USD,Technology services,Buy,28.976990316105503,27.95151905927705,26.85470342701972,-3.3843150016270718,2.386371473894752,9.034153507161223,30.467999999999996,29.415749999999996,27.83919999999999,24.62262499999994,17.2345736344111,2.928811,79.82254697286012
CHRW,"C.H. Robinson Worldwide, Inc.",151.92,USD,2.8989433757789227,559667,0.48837022198813046,17752042939.279327,USD,Transportation,Strong buy,155.7290948777801,161.2601872306149,165.33878911206702,1.0980235575963113,3.9906906701348372,-5.856107083100959,147.86500000000007,146.89574999999996,167.64289999999997,172.72544999999982,28.991259875577267,6.231749,19.290657439446353
WCC,"WESCO International, Inc.",364.245,USD,3.6376828088544997,342229,0.8168583169275364,17750698975.403076,USD,Distribution services,Strong buy,350.4792690683603,346.43887509110334,338.1102135352651,8.609893550407014,-2.9301247201790863,48.15741305674192,343.7870000000001,348.74525000000034,341.5142999999999,310.3917200000001,25.172773638889275,16.828394,13.292254210349114
OWL,Blue Owl Capital Inc.,11.355,USD,-3.3617021276595707,8698612,0.4344447300472571,17703492582.34213,USD,Finance,Strong buy,11.265073848795192,10.946084033840297,10.859934657135451,-4.419191919191922,-1.2608695652173876,-24.551495016611295,11.645,11.86424999999998,10.641500000000002,11.424824999999993,143.55246523388115,0.885531,42.266187050359726
BEN,"Franklin Templeton, Inc.",34.8175,USD,0.2519435646415367,1723302,0.5985307897419312,17689967382.54089,USD,Finance,Buy,34.12782660529164,33.447160163322835,32.26703702016415,2.858197932053179,2.40441176470589,45.19391159299417,33.84150000000001,34.129875,33.74915000000001,28.600037500000017,23.737046632124354,2.891795,181.2655800575264
NDSN,Nordson Corporation,316.475,USD,-0.5920969971101868,112367,0.3542176095961899,17627456526.04842,USD,Producer manufacturing,Buy,313.12100403659355,307.1809412513475,299.2672703058269,-1.4679784551200146,2.3528460543337757,31.21942117920226,316.67099999999994,319.74125,305.16619999999995,279.62777500000044,32.020863265677804,11.892857,24.235110742388816
OVV,Ovintiv Inc. (DE),63.77,USD,-1.528721432983326,3119666,1.2159238376014425,17568865219.94101,USD,Energy minerals,Strong buy,62.85592078066601,61.36276242946621,59.25191696906159,-4.32108027006752,7.7924273157538995,63.09462915601023,65.58599999999996,64.90600000000003,60.74700000000008,52.82860000000005,17.829283976850167,7.262299,58.28207284152764
APG,APi Group Corporation,40.225,USD,0.4620379620379677,1653516,0.6126561720871734,17544548823.97915,USD,Industrial services,Strong buy,40.752648512981324,41.06754712493665,41.29410653505654,3.0881599179907693,-3.583413231064232,5.135912179822278,39.75499999999998,41.412750000000045,41.01229999999997,41.939274999999974,nan,1.723192,-299.9401913875598
FLUT,Flutter Entertainment plc,100.69,USD,0.5793627010288666,1231477,0.4802570872197088,17473652918.411247,USD,Consumer services,Strong buy,101.50732787697801,102.86306699719421,108.47420877008672,2.587875700458474,6.651837729054127,-53.45967182805639,100.42399999999996,99.46199999999985,102.51419999999956,131.23247500000014,nan,4.858627,-311.80179292680526
JHX,James Hardie Industries plc.,29.88,USD,-1.6781836130306074,7149037,1.0753617722255362,17346012607.747284,USD,Non-energy minerals,Strong buy,29.136513034247937,27.98118963676918,26.583539421161205,2.0143393649709793,-0.16705646508520117,43.8613384689456,29.385999999999996,30.063999999999993,27.827799999999996,23.25425000000002,120.28985507246377,1.356766,-67.61408083441981
NLY,Annaly Capital Management Inc.,22.785,USD,-0.10960105217009461,3451926,0.6043530106511623,17173382578.028498,USD,Finance,Strong buy,22.873245329123137,22.7775541897183,22.645915514575584,0.06587615283267707,0.3744493392070522,1.8551631649530582,22.751000000000005,23.095750000000002,22.90150000000002,22.559474999999985,5.71038319841608,3.094556,297.10390127388536
FTV,Fortive Corporation,56.475,USD,-0.8166491043203307,577275,0.2532490700820488,17056413013.802687,USD,Electronic technology,Buy,59.10786188813971,59.544609243934104,59.39494817252,-3.741264700869269,-6.914455249711554,2.0694017711910413,56.87700000000001,59.408250000000145,60.55209999999991,58.08972499999998,33.34218916046759,3.017387,-23.54428094249345
ROL,"Rollins, Inc.",35.175,USD,-1.910206358059125,2465241,0.5846824797894552,16924290305.247488,USD,Commercial services,Buy,37.61833362268982,39.85571203636388,43.0175546646993,-2.7363184079602045,-4.24489795918368,-41.10460251046025,35.72900000000009,36.25974999999996,39.34810000000005,52.157174999999846,31.93082788671024,1.142464,9.06930693069306
J,Jacobs Solutions Inc.,143.75,USD,-1.695958421664494,296041,0.38923713775718954,16824300035.816866,USD,Technology services,Strong buy,142.9502705030778,139.45393485819105,136.44984283950197,-3.929693243333553,0.055683162803655956,8.359716568671796,146.18599999999998,147.50099999999995,138.81260000000012,132.6806,50.45984274080314,7.255943,-28.810255641352413
CNH,CNH Industrial N.V.,13.555,USD,-5.86805555555556,8501029,0.2725459999876759,16777374837.128124,USD,Producer manufacturing,Strong buy,12.204732475801602,11.742331318694967,11.407384691823824,14.872881355932194,25.161588180978757,45.596133190118145,13.588999999999995,11.672250000000016,11.09409999999998,10.766825000000008,54.30689102564103,0.443785,-62.02069385270846
ASND,Ascendis Pharma A/S,268.505,USD,-0.7595357776463656,211152,0.4161442330622131,16748494967.984661,USD,Health technology,Strong buy,258.06978291967,254.00405073563888,248.15237181767887,2.6199120963118743,6.65117572291071,26.153448599887234,267.5490000000001,256.0987500000001,257.7243,232.74335000000008,20.45892670735517,16.47833288787,nan
CLH,"Clean Harbors, Inc.",317.07,USD,-0.00946073793756845,159480,0.4928308074260838,16737252634.5684,USD,Industrial services,Strong buy,312.69757353321023,308.78960727048485,302.5251578731461,0.2529484301388091,3.1121951219512174,35.39584934665641,316.6580000000001,316.80350000000004,309.9932000000003,283.22504999999984,38.45556754921104,9.80103,15.793834702619211
INVH,Invitation Homes Inc.,28.33,USD,-0.21134202183868359,1324575,0.3595884553801649,16732355745.962309,USD,Finance,Buy,29.231387998426694,29.257341780520175,29.041566155604837,-3.012666894899016,-6.992777413000665,2.385254788579677,28.628000000000032,29.572999999999944,29.851600000000005,27.884725000000017,50.60735977134691,1.006013,24.788230049041456
AS,"Amer Sports, Inc.",28.825,USD,-2.387402641381652,4227826,0.6051871944791831,16668684721.875212,USD,Consumer durables,Strong buy,31.877158763215657,32.83696356903724,33.61583948297525,-4.140339208513472,-21.543277082199243,-23.398883869253265,28.97700000000002,31.457749999999994,33.65930000000001,35.497175000000006,30.12646321070234,1.296727,132.23300970873785
NWS,News Corporation,33.09,USD,-2.3893805309734373,538112,0.46932435023008684,16668298290.810621,USD,Consumer services,Buy,33.03037620096636,32.35024005860268,31.60931536731103,-3.4714119019836573,-1.8100890207715115,11.639676113360332,34.06999999999999,33.99250000000001,32.338499999999996,29.877725000000023,32.210649274798016,1.321115,26.23494716146475
MEDP,"Medpace Holdings, Inc.",595.1775,USD,0.6574608060342718,87520,0.4666959240360665,16612387545.02324,USD,Commercial services,Buy,583.9713882429659,566.2005463880647,546.1328678307838,-0.057512761955933085,0.8006605131679165,6.5366233487273195,591.2174999999997,600.3723749999999,575.4219499999997,520.7852625000003,34.90899973019579,17.602326,26.790561393332286
IEX,IDEX Corporation,225.18,USD,0.6436041834271912,107314,0.22723307302695103,16600247948.54143,USD,Producer manufacturing,Strong buy,227.86813857683097,225.79382717064942,221.07108430473698,-1.0023740437879192,-4.0889343214924585,26.484300398809193,223.89799999999963,232.21400000000025,228.71579999999946,206.21864999999988,32.35251860578719,8.829885,12.346456184526994
CG,The Carlyle Group Inc.,46.575,USD,-0.840962316372144,745452,0.2895033538530834,16596201741.586653,USD,Finance,Buy,47.28136481276563,47.131907061599314,47.57013526770035,-1.7405063291139151,-5.335365853658536,-21.392405063291136,46.99499999999998,48.48674999999999,46.63789999999997,50.890175000000056,48.24924893815394,3.657376,-71.83825889080141
LSCC,Lattice Semiconductor Corporation,116.32,USD,0.3623813632441652,380947,0.332920285784974,16520959849.221743,USD,Electronic technology,Strong buy,121.44045408679385,123.36215549780906,121.63219064675373,2.3943661971830976,-11.97881195611049,54.02542372881356,114.28200000000007,119.76500000000007,127.0490000000001,108.26620000000003,449.28543839320196,2.132308,13.056768558951969
ZBRA,Zebra Technologies Corporation,348.91,USD,-3.8126481777581698,171746,0.360198511228703,16507162395.605228,USD,Electronic technology,Strong buy,339.6088267921712,320.52572365271647,300.32425742168283,-0.877840909090902,-5.262157538895977,41.64332399626518,352.79200000000003,362.85899999999987,316.789600000001,257.83459999999974,31.927782505650573,21.124719,3.257963017206364
WY,Weyerhaeuser Company,22.72,USD,-1.3032145960034782,1903763,0.4334944080912514,16375122766.818419,USD,Finance,Strong buy,23.76704262086959,23.97462525021282,24.122355829425178,-2.4474023185916716,-11.492014024152718,-4.256215760640546,23.07000000000001,23.974000000000004,24.084799999999927,24.274549999999987,34.74537391038385,0.328587,70.19781363872984
JLL,Jones Lang LaSalle Incorporated,355.865,USD,-1.792416381499063,77720,0.2708399907861434,16372530165.41038,USD,Finance,Strong buy,358.75083781560477,350.01404330609364,340.42158688109527,-2.928259683578836,-2.248317538799616,5.77683321939185,357.02499999999986,372.38375000000025,350.5037000000001,327.1853749999998,17.051591047393615,25.008397,79.38097366430587
LDOS,"Leidos Holdings, Inc.",130.055,USD,-2.251033446072908,681054,0.6467777542048142,16320889796.269258,USD,Technology services,Buy,131.19676755263905,130.08596139322972,133.0768796463194,-7.427574916364155,-2.383096900097563,-27.586302895322937,133.6849999999997,139.10324999999997,123.5415,152.85282499999997,12.120689655172415,12.38496,1.4695591322603239
NVR,"NVR, Inc.",6121.12,USD,-2.82162616985641,24332,0.738698806885455,16311928158.057932,USD,Consumer durables,Buy,6307.393063266607,6349.933022962589,6437.225768613877,-2.7158296249205356,-3.1468354430379764,-16.002563374212848,6279.337999999999,6335.225,6402.443400000001,6803.128750000004,15.874216224318687,361.099709,-18.614432631103945
SGI,Somnigroup International Inc.,70.82,USD,1.3596679547731338,1271327,0.28768201984377706,16305539476.039785,USD,Consumer durables,Strong buy,68.5889455028619,69.51757318795912,71.35121447535104,10.864120225422653,8.122137404580142,-20.71204657411554,68.33600000000001,65.51450000000001,69.19600000000001,78.80344999999997,28.23538792759748,3.087967,75.6319585463203
RGA,"Reinsurance Group of America, Incorporated",248.73,USD,-1.79255340150828,78604,0.3132653138491692,16242483723.17246,USD,Finance,Buy,243.89296096520064,238.1442672457384,230.9555991775194,0.29839912899712917,0.7942618632734852,22.358323494687127,251.6000000000002,247.02599999999967,239.03659999999985,213.9764000000001,10.935061395140266,29.555162,97.91092046532266
BALL,Ball Corporation,61.28,USD,-2.2179671294080108,587343,0.3826711710796049,16221020117.060158,USD,Process industries,Strong buy,62.44479081972008,62.02769729553359,61.28082165823409,-2.6064844246662435,-3.4352347935707526,15.49189596683,62.589999999999996,62.80350000000002,62.9004,59.16780000000008,17.431375337789788,4.022756,64.14530513143762
IONQ,"IonQ, Inc.",39.97,USD,1.138663967611325,27603842,1.577013771818341,16193369726.531122,USD,Electronic technology,Strong buy,41.60758337683486,42.79823862750856,43.76094635567961,5.559223557374876,-1.0276092608641803,-13.127580960660724,38.78599999999999,41.93150000000001,41.02619999999998,44.17322499999996,nan,-3.446667,-125.36928720134827
VNOM,"Viper Energy, Inc.",44.77,USD,0.8560486596080256,423608,0.4190491641432852,16081154939.776527,USD,Miscellaneous,Strong buy,44.084825541628526,44.080827470656,44.06086133841946,-1.104484205875856,8.902943322792517,15.89438260419363,44.91200000000007,44.03399999999996,43.34740000000007,43.380925000000026,350.58731401722787,2.621784,-96.30860842920738
WPC,W. P. Carey Inc. REIT,70.4599,USD,0.11352657004832223,373132,0.32772820653801665,16051953904.942972,USD,Finance,Buy,71.50648331346088,71.9726399398155,72.05752557756763,0.427451539338666,-1.5510688836104354,9.494794094794111,70.36998000000001,70.93649499999995,72.239998,70.9764495,24.13175559969861,3.122717,91.85228990078191
BURL,"Burlington Stores, Inc.",254.165,USD,-4.207967436776841,750591,0.34052098611632203,15965423735.094828,USD,Retail trade,Strong buy,300.170473896468,310.4707834333882,314.5089189155877,-0.7167968750000031,-31.297472631436683,-11.514761175323777,259.39,308.30200000000013,330.71659999999997,312.2114000000001,22.800179412424306,11.907369,31.537027422476054
KIM,Kimco Realty Corporation (HC),23.73,USD,0.5508474576271144,2367325,0.4645124241780706,15917831952.207201,USD,Finance,Buy,24.204109069080122,24.323694770186446,24.17474380982972,-0.4196391103650771,-2.7060270602706034,17.301038062283737,23.889999999999954,24.054499999999997,24.86820000000002,23.057724999999973,27.819460726846426,0.837796,2.91988416988417
TIGO,Millicom International Cellular S.A.,94.815,USD,-0.015817779183803192,426066,0.5424562893792817,15885384342.46362,USD,Communications,Buy,94.15402817917509,92.67539056254392,89.13423792326246,1.8311674363655872,-8.55034722222223,69.3125,94.68100000000001,93.60475000000005,94.63690000000001,76.53572499999997,23.904548204921337,4.062078,-29.71239212489588
NBIX,"Neurocrine Biosciences, Inc.",156.255,USD,0.39514263685428497,337709,0.3625184192986481,15883192175.94873,USD,Health technology,Strong buy,158.2074237932402,158.52735494916962,156.43022217709498,1.26044974402177,-3.2656472481891945,10.357369870753578,156.959,155.17675000000003,165.6228,147.62584999999982,22.89182220399074,7.036067,101.47584049115972
SUN,Sunoco LP,77.12,USD,2.010582010582024,186357,0.5144931997514182,15796075163.648678,USD,Distribution services,Strong buy,74.6092425089407,73.07146982716483,70.86958465944493,1.3270266719222246,6.755260243632351,46.895238095238106,76.02200000000002,75.55799999999999,73.67160000000001,64.64664999999997,16.919330422763874,8.637534,123.93023827069516
STZ,"Constellation Brands, Inc.",121.13,USD,-5.500078015291006,2583154,1.3965880624952929,15691566633.805975,USD,Consumer non-durables,Buy,130.83997793493535,133.86000225149718,137.40029710771378,-7.562576312576311,-8.863140470995411,-12.47832369942197,127.6759999999997,132.32650000000032,132.614,145.10750000000027,11.555780275133081,11.802038,nan
JAZZ,Jazz Pharmaceuticals plc,241.565,USD,-2.125116486366032,201813,0.14114914439963197,15681090676.453058,USD,Health technology,Strong buy,245.7326069178328,242.29859816451574,233.57026826935572,-3.4242194059089264,-6.184706202182613,42.51622418879056,245.0439999999998,248.99174999999977,249.10650000000052,205.81660000000008,16.658965835896446,25.023581,nan
TLN,Talen Energy Corporation,326.65,USD,3.044164037854882,389468,0.5954196769426151,15651192065.537067,USD,Utilities,Strong buy,332.5984880272086,341.6097675645914,348.62357438576225,12.158357368493327,-3.569109051189712,-14.289837579701407,308.98600000000056,321.6670000000005,346.0316000000001,357.8103000000002,nan,20.580739,-224.49463225216994
RBC,RBC Bearings Incorporated,491.26,USD,0.5567609612314182,76902,0.35199337958409105,15552920743.648872,USD,Producer manufacturing,Strong buy,524.9188392562822,540.7410177553544,547.8732511653777,0.10392256749872458,-14.014667530148959,9.283028941338737,490.0319999999994,515.8410000000013,557.8730000000004,544.2500000000003,48.54395794424846,14.928889,27.276729006049464
H,Hyatt Hotels Corporation,163.73,USD,-1.2782634911064243,328840,0.5358982047638293,15449028996.762436,USD,Consumer services,Strong buy,174.13799084288956,176.3845353708587,175.76462397187584,-0.54063904750335,-9.336065119884829,1.8411395160788575,164.50800000000015,174.25150000000014,181.2501999999999,169.39425,203.06337591467195,3.558915,-80.90422508525957
STRL,"Sterling Infrastructure, Inc.",503.39,USD,3.4738637998725514,312491,0.6361319943709349,15397953839.251102,USD,Industrial services,Strong buy,546.4194307553134,578.6372274925415,586.6399083004774,9.202334208299881,-9.104205413408925,62.68299777009339,472.7220000000004,511.6384999999997,593.6147,523.5120750000003,36.27382453611962,19.799,50.88175176132904
SOLV,Solventum Corporation,90.25,USD,-1.570509324899114,360452,0.4537832306719253,15362692910.410078,USD,Health services,Buy,87.57073995206859,84.96471667674531,82.15715354014228,-2.527270763581384,10.128126906650394,13.894497728419996,91.44599999999997,89.47149999999999,84.22799999999995,77.45581999999997,11.031254201654994,7.15966,276.8621309134461
PNFP,"Pinnacle Financial Partners, Inc.",101.63,USD,0.6138006138006042,278700,0.3196926545708823,15357577967.019499,USD,Finance,Strong buy,102.0728350292309,101.35930216838153,100.06521379731983,1.9051438884989385,-3.8778019483590356,6.967687611830324,100.22600000000004,102.61699999999992,102.3516,96.68980000000002,13.954414389674584,10.18375,-3.4648215895233556
PFGC,Performance Food Group Company,97.38,USD,-1.2673628713373213,361807,0.29350510431844085,15340566548.383453,USD,Transportation,Strong buy,103.43685681880106,103.91894355780865,102.74844088682833,-1.9137792103142683,-14.676246385700518,8.828788556101912,98.73600000000002,103.18150000000014,109.03999999999992,97.07047500000017,42.55932870066867,5.68209,5.204837004000183
LAMR,Lamar Advertising Company,150.92,USD,0.10612894667020203,113317,0.2895982854673372,15325877981.092064,USD,Finance,Buy,153.09973478592747,152.85743564097663,150.5529452343039,0.6535947712418233,-5.456367850654644,19.625871908687376,151.16199999999998,152.03299999999996,156.36040000000014,141.0902,27.54668078193732,5.917944,27.705647886995642
ARMK,Aramark,58.055,USD,2.2455089820359255,657938,0.37792806971993925,15304750817.684132,USD,Consumer services,Strong buy,57.72411916218925,56.57320357640942,54.30902270499587,3.0806107954545445,3.0989167110637497,57.50135648399349,57.09100000000003,59.11225000000004,57.73969999999995,46.70282500000003,40.49030548193611,2.275188,6.0659860926172575
SMTC,Semtech Corporation,163.57,USD,10.60621428812929,2886116,0.7384941113602824,15265271514.41343,USD,Electronic technology,Strong buy,141.82939128302982,138.0398136846301,131.4338299502622,28.159523622972657,16.694014411072274,116.99389758556647,142.59500000000003,135.8827499999999,133.1211,107.94544999999997,108.7277319861739,3.474217,537.1876323591698
AKAM,"Akamai Technologies, Inc.",105.644,USD,0.40296521573845906,2168664,0.8404690288009299,15182798120.944157,USD,Technology services,Strong buy,111.52078217428803,114.19607279489766,114.75006941532597,-3.0077120822622074,-14.800477434755951,21.012600229095085,105.78280000000014,111.84769999999995,115.81748000000037,109.67371999999996,38.109736300999245,6.715832,-1.7160078000354546
CRBG,Corebridge Financial Inc.,34.04,USD,-1.2474615607774868,1130409,0.43291480512037933,15174097185.758053,USD,Finance,Strong buy,32.86205184959865,31.944119479891217,30.965708446160683,4.6418690439594155,1.2492563950029796,13.164893617021281,33.79399999999999,33.08199999999999,32.020600000000016,29.01510000000002,19.35080438860781,4.564853,nan
APA,APA Corporation,43.31,USD,1.2625672200140265,2002582,0.5062042042980273,15173723690.815523,USD,Energy minerals,Buy,40.80903897701464,39.458965356464255,37.905828731119755,-1.9248188405796973,20.355703765457836,76.20016273393004,43.85100000000001,42.452999999999996,38.0386,33.666375000000016,9.15915915915916,5.920033,58.661879676542625
HST,"Host Hotels & Resorts, Inc.",22.08,USD,0.13605442176869653,2942979,0.46214038983037037,15127545999.97823,USD,Finance,Strong buy,22.811837397435056,22.916598404451836,22.598438170095246,0.8219178082191768,-5.215711526078572,24.39436619718309,21.974000000000007,22.548000000000016,23.440999999999985,20.951199999999982,14.811833366874623,1.380286,57.82953943885653
LECO,"Lincoln Electric Holdings, Inc.",277.19,USD,0.2713066126465056,120400,0.3051433121785889,15108450743.643974,USD,Producer manufacturing,Buy,275.443746768864,272.2061492855209,268.6288121209347,-0.2518982331138179,-0.7590132827324494,15.674164336685724,273.746,281.30425,268.14040000000006,261.9773999999999,27.709024751089608,11.220382,12.502389815450027
FN,Fabrinet,421.01,USD,3.3406971035837048,402385,0.49735166434235084,15086834921.16986,USD,Electronic technology,Strong buy,459.16487400485,485.0892220850918,506.48120424786384,2.585282651072128,-25.2202486678508,-9.40956233592977,404.1659999999998,461.1519999999996,480.54840000000013,536.1667500000002,32.27688462629469,18.2021,42.246286723810755
ALB,Albemarle Corporation,127.78,USD,1.1878365536902122,3091591,1.482748656440966,15078686202.726166,USD,Process industries,Strong buy,132.42430288622162,136.68172181216775,141.88239849656733,-3.196969696969696,-1.1373307543520301,-11.121930861793148,131.90199999999996,133.97799999999998,127.85800000000005,156.60759999999993,nan,11.498956,99.60973099314884
BMNR,"BitMine Immersion Technologies, Inc.",24.965,USD,-0.02002402883459754,18761710,0.42187042180348183,15059546147.186024,USD,Finance,Strong buy,21.715278591589215,20.587310754206698,20.49708545848994,2.3575235752357493,32.37009544008484,-10.839285714285714,24.562999999999995,22.271750000000026,18.68690000000001,22.280774999999995,nan,-21.88,-196.1904431170996
DOCN,"DigitalOcean Holdings, Inc.",127.98,USD,13.790344091757806,1912797,1.0709506476747688,15047830213.307549,USD,Technology services,Strong buy,122.17543555675671,123.61781670836879,120.2067812136667,17.726060160058882,2.2122833639485746,163.11677631578948,112.72800000000007,118.49700000000003,124.47379999999997,97.52595,58.34511055390929,1.461039,72.28243795161794
UNM,Unum Group,94.835,USD,-1.0589462702138766,406838,0.32275036321890727,15013024495.4458,USD,Finance,Strong buy,91.97799561113438,90.29550084236006,87.94572745275268,0.8990318118948812,5.889906208128618,22.763754045307433,94.3489999999999,91.62325000000001,89.88110000000007,81.12532499999996,22.129789517897976,8.666004,-48.71469602680708
YUMC,"Yum China Holdings, Inc.",43.595,USD,-0.011467889908262746,515469,0.327635813847682,14929461649.41055,USD,Consumer services,Strong buy,45.19352289743639,45.35089811244467,45.72499929983669,-2.0997080619806923,-9.158157949572834,-9.703811101905556,44.10299999999999,46.501249999999956,45.21870000000007,47.8108750000001,16.00345068095885,2.956402,12.575419456153403
WSE,Wise Group plc,12.46,USD,-2.5039123630672813,1234079,1.057549006845949,14925538967.089205,USD,Commercial services,Strong buy,12.626723181102841,12.567572485263216,12.53493369358488,-3.035019455252909,-0.5586592178770831,5.236486486486495,12.876000000000001,12.894,12.609499999999995,12.356757499999993,nan,0.581769,nan
MAA,"Mid-America Apartment Communities, Inc.",128.19,USD,-0.1013092269326648,337654,0.47884003103453604,14872854589.669264,USD,Finance,Buy,130.94650373311256,131.71065467459738,132.1044499365956,-0.6279069767441878,-3.8911381016644158,-7.450725579380546,128.60799999999995,130.74099999999999,133.51500000000007,132.20024999999998,37.450699699085575,3.686444,-29.495973140538425
TRU,TransUnion,77.49,USD,-2.9919879819729602,1081735,0.5839602636994362,14847083962.166874,USD,Commercial services,Strong buy,79.6652947802365,78.38591375640283,77.27038821257591,-8.208955223880604,-3.906250000000007,-9.895348837209308,81.67000000000004,82.5415,79.76040000000008,76.5742,20.439977842842445,4.848543,90.78556690654723
EQX,Equinox Gold Corp.,12.705,USD,-0.8196721311475443,4413852,0.42051823970421504,14832577252.884508,USD,Non-energy minerals,Strong buy,12.061189657585295,11.852220735862854,11.95493846441145,3.0413625304136254,10.19080659150044,-11.709520500347468,12.688999999999997,12.621749999999993,10.822900000000011,13.275025000000001,14.970447946909996,1.144409,nan
BWXT,"BWX Technologies, Inc.",161.44,USD,2.4430484167777107,497206,0.43565076826331217,14791451907.022526,USD,Electronic technology,Strong buy,165.32467662049018,171.82192330754364,178.76562902259136,6.913907284768211,-4.47337278106509,-7.500143241849542,159.28000000000014,160.38349999999997,170.3928000000002,192.69589999999982,41.79243573481064,4.742068,20.519780356919995
ULS,UL Solutions Inc.,73.24,USD,-0.7991331437085242,145036,0.3339537959509979,14787022572.85006,USD,Commercial services,Strong buy,78.33545808822525,81.50671408275831,83.64103331660748,-1.9544846050870253,-4.261437908496739,-6.878575969485074,73.85600000000011,75.22049999999994,82.95679999999999,84.89079999999987,29.615851192883138,2.316547,52.38153921991496
WMG,Warner Music Group Corp.,28.08,USD,-2.4322446143155063,630439,0.48979191967909425,14688922394.676857,USD,Commercial services,Strong buy,27.733417302199392,27.87675227786649,28.184001042802894,0.071275837491089,6.202723146747341,-8.444734268014358,28.545999999999992,27.294000000000086,27.43329999999995,28.65082499999997,22.206405693950177,1.490955,123.7261146496815
DT,"Dynatrace, Inc.",50.745,USD,-2.225433526011563,1897388,0.31933821205453666,14665413833.847687,USD,Technology services,Strong buy,49.209969984390284,47.40624744017399,45.56924378604608,-5.6959672923248545,1.166267942583734,17.112854834987306,51.827000000000055,50.78025000000012,47.23910000000005,41.54052500000005,100.8445945945946,1.984568,-69.03194042710321
EXEL,"Exelixis, Inc.",58.71,USD,-0.5083884087442758,806392,0.4314536697949151,14547262753.361975,USD,Health technology,Buy,55.740341083499615,54.552290391664954,52.777056960823295,7.232876712328769,11.425317897134189,34.90349264705882,58.45399999999997,54.75750000000007,55.12439999999993,47.732450000000036,18.44022865757899,3.512857,52.70023980815349
BBIO,"BridgeBio Pharma, Inc.",74.36,USD,-0.6413682522715178,740069,0.5070792280589289,14536858487.407267,USD,Health technology,Strong buy,77.37552668237952,76.94678972971747,75.58402126451641,-2.936953400339381,-11.180124223602485,-2.8481839561013937,75.53600000000002,79.513,80.68500000000003,73.88542500000001,nan,-2.775,12.833414753297514
DOC,"Healthpeak Properties, Inc.",20.51,USD,-0.6779661016949008,1243512,0.3176152872343434,14490873048.79322,USD,Finance,Buy,20.964082325017184,20.81616155873755,20.353500955419946,-1.3942307692307652,-2.750118539592216,27.867830423940166,20.807999999999993,20.953000000000007,21.522000000000002,18.627,58.63350485991996,0.448259,49.04132935662548
PTC,PTC Inc.,133.3,USD,-5.474400794213585,751925,0.6133266665470343,14463884376.518934,USD,Technology services,Buy,140.95950319970865,139.46433006194187,140.21838127741,-13.142633739493052,-9.932432432432424,-23.540208787426863,145.26799999999986,150.52049999999997,136.85970000000032,148.51939999999917,12.886697602474866,8.190005,143.8529904052429
IVZ,Invesco Ltd,32.725,USD,-1.043241608708796,938875,0.3000055919029246,14448080376.102962,USD,Finance,Buy,31.750390247615243,30.794266815775735,29.62721210230614,1.347166305357703,2.8118127552623413,23.8176314793795,32.443,32.38325,30.559099999999997,27.289574999999996,nan,2.811481,-175.02685284640174
SUI,"Sun Communities, Inc.",118.37,USD,-0.8958472873409186,397509,0.3163308489522962,14417579542.636724,USD,Finance,Strong buy,120.9536576495991,121.74901511885587,122.8467240060799,-2.768194512896329,-1.374770871521406,-4.2236426895379875,120.06799999999998,121.52550000000001,121.32280000000003,125.48945000000005,nan,-3.305304,-166.36077557562254
PAG,"Penske Automotive Group, Inc.",218.62,USD,-0.5232743322564525,99280,0.417951716641534,14355217424.370842,USD,Retail trade,Buy,213.6452202481243,206.5082637287793,197.19632918117577,1.2645328639585058,1.212962962962965,37.48820828878688,218.5980000000001,217.9064999999999,208.82979999999978,174.31405000000004,16.09903017003321,13.603442,-5.429234015585708
RVTY,"Revvity, Inc.",128.4,USD,-1.3976347719244302,492077,0.3107858727986998,14327693285.722624,USD,Health technology,Buy,122.21715894852856,117.59835559462107,112.52948594067965,0.7374862702024259,11.671595060010437,32.098765432098766,129.35600000000005,123.71749999999989,116.70460000000011,102.5398499999999,60.98024316109423,5.355816,-10.658520027155461
EG,"Everest Group, Ltd.",373.49,USD,-1.9376690209257739,245317,0.8430398191009344,14320628020.181347,USD,Finance,Buy,373.4613847718369,369.14716948903134,362.6332478216122,-1.0622516556291366,2.105032942398641,10.44118516766219,379.5,372.98950000000025,373.7758000000008,343.0971000000001,7.904399704555892,53.543051,146.14074294019287
EQH,"Equitable Holdings, Inc.",52.405,USD,-1.047960725075528,945802,0.45813989299661173,14308407115.901152,USD,Finance,Strong buy,50.49214581240031,49.08569668505123,47.61200407710113,5.020040080160326,0.662696888205914,9.955937893411676,51.9569999999999,50.838249999999945,49.16770000000003,44.69530499999993,nan,7.18639,-366.9731429954029
OHI,"Omega Healthcare Investors, Inc.",47.18,USD,1.7248814144027533,997819,0.7265757685114553,14296153691.968092,USD,Finance,Buy,47.29699484384694,47.42401889024093,47.23023479071359,2.587519025875185,-2.7417027417027384,6.79040289723857,46.87599999999997,46.50799999999994,48.26599999999998,46.376550000000016,16.851805550594705,2.654151,74.66467028510824
CPT,Camden Property Trust,105.5,USD,-0.17977102847951343,332528,0.4188762892272956,14267752009.44744,USD,Finance,Buy,108.14338154783441,108.77402350285047,108.69652600727137,-0.5655042412818043,-5.1600143833153505,-3.758438241196866,105.65800000000016,107.41100000000006,111.01980000000007,107.34339999999989,34.91643223564455,1.07585,110.85136078157711
TYL,"Tyler Technologies, Inc.",348.385,USD,-4.297722715160834,305558,0.25455892645343264,14267158042.357006,USD,Technology services,Strong buy,342.5365194653628,335.7440394419088,336.87573625664857,-5.9181744531461025,12.552902788098091,-22.689346026673768,368.5989999999996,350.9067500000007,326.33909999999963,356.98497500000076,46.16816856612775,13.080909,7.9048218269175825
SWK,"Stanley Black & Decker, Inc.",93.9,USD,-3.553820870994242,774157,0.5711017668105197,14180463273.934881,USD,Consumer durables,Buy,95.92613247191716,93.68959303871948,90.33971972872794,-2.1874999999999942,-7.305034550839083,25.517978879828906,95.83200000000002,98.85699999999986,95.22220000000016,82.11860000000048,22.896296115676286,5.596218,30.0409043345911
ARCC,Ares Capital Corporation,19.705,USD,-1.6716566866267508,4202755,1.1124363954610268,14148641658.462324,USD,Finance,Strong buy,19.64423247393516,19.454697541758488,19.327749077572296,-1.6225661507738534,0.5357142857142697,-2.6432806324110683,19.937000000000037,19.908750000000023,19.32189999999995,19.29057499999998,14.647290567159741,1.905516,-34.09914764377388
MLI,"Mueller Industries, Inc.",63.74,USD,0,622513,0.5158251434854716,14098102583.0,USD,Producer manufacturing,Strong buy,63.9217389648513,63.85050941641291,63.34348105998471,3.1057910061468808,-8.511554471077938,10.755864465682023,62.710000000000015,64.0125,62.845199999999984,61.87402499999998,16.613668352186835,4.165,21.80455901962029
MAS,Masco Corporation,71.14,USD,-2.145804676753786,545502,0.3248518624364896,14027913819.127098,USD,Producer manufacturing,Buy,73.5987585725185,73.71890035286455,73.01610349704293,-0.863991081382392,-6.122987595671682,11.749921457744275,71.29,73.16249999999994,75.91360000000003,69.65732499999993,16.39737236372018,4.529916,15.220162532533058
SMMT,Summit Therapeutics Inc.,17.54,USD,-0.3692132916785077,3696352,0.5641023661001391,13992528213.150808,USD,Health technology,Strong buy,15.30979054584634,15.194447943376696,15.496471203681056,31.091180866965605,26.18705035971222,-1.1830985915493006,16.206999999999994,14.244999999999996,14.2872,16.414724999999997,nan,-1.188019,-11.097875719674398
FIVE,"Five Below, Inc.",253.655,USD,0.5769230769230819,447800,0.3259290615906939,13964731126.226925,USD,Retail trade,Strong buy,238.97454399018739,231.06397765511448,223.38506367331078,4.6647410769548205,9.570194384449245,33.20467375607194,246.79500000000002,245.6747499999999,219.4755000000001,208.87600000000023,22.75810402217896,10.247331,125.47996196718655
AIZ,"Assurant, Inc.",282.96,USD,-0.9729124378806011,92780,0.38982456214063177,13956652011.53524,USD,Finance,Strong buy,281.6993196824274,276.6114278860065,268.2665850181657,0.17701621468526518,-4.527970848235379,18.08204314985602,284.2520000000001,283.35050000000007,281.03900000000067,246.11284999999992,13.427799949697949,22.10712,52.56584758401992
MKC,"McCormick & Company, Incorporated",51.85,USD,-0.44162826420890333,1112557,0.48492486163677667,13941574374.70046,USD,Consumer non-durables,Buy,52.78069580574665,52.562416164800105,53.10531163892461,-4.862385321100915,-0.3267973856209183,-24.018171160609604,52.91400000000019,54.28749999999999,52.87019999999996,57.04994999999994,8.629441624365484,3.086134,108.65020661874499
REG,Regency Centers Corporation,75.88,USD,0.8238107892638723,474352,0.48646153565316785,13895187305.769333,USD,Finance,Buy,76.91267811684288,77.48324641640822,77.5360153045605,0.9982696659124185,-1.3648771610555197,10.499490316004067,75.78600000000003,76.0564999999999,78.62039999999998,75.9602499999999,25.60572315583451,2.504565,38.2053912881261
HL,Hecla Mining Company,20.605,USD,-0.3626692456479656,13464105,0.5000052250584176,13841788758.808512,USD,Non-energy minerals,Buy,19.01872075868047,18.364698524154022,18.044439694495516,8.681319260935387,22.212336892052203,4.860050890585251,20.474999999999998,19.844249999999995,17.17409999999998,19.007575,26.420053853058082,0.740609,398.3386581469649
TTMI,"TTM Technologies, Inc.",131.33,USD,4.562101910828041,1034471,0.542164238808633,13835466839.877232,USD,Electronic technology,Strong buy,130.68652089628023,135.21740534045296,135.40490595514802,12.555707919094964,-6.386770261600955,87.96336052669244,120.64999999999982,123.119,132.92229999999995,120.4941,59.27513991695253,4.83958,148.6365166647963
AA,Alcoa Corporation,52.285,USD,4.632779667800676,1587573,0.5142400032857887,13798504562.093954,USD,Non-energy minerals,Strong buy,50.942839634535986,52.25680709547301,53.85535243621412,6.530154849225751,7.251282051282044,-3.390613451589063,51.051000000000016,50.88225000000001,48.701900000000016,57.74892500000001,10.725128205128204,6.568963,25.044887908479964
W,Wayfair Inc.,100.4775,USD,1.053504978376747,1091964,0.5576337858367482,13762218309.739063,USD,Retail trade,Strong buy,97.91316916060272,94.44592554801557,90.88056743369219,2.5280612244898024,-4.877875603521717,-5.214376680345256,97.0615,101.56837499999995,96.25294999999998,88.18378750000002,nan,2.836937,-2.663498812054533
CACI,"CACI International, Inc.",621.78,USD,-0.2934526386684051,62677,0.2594717088611263,13741087678.736322,USD,Technology services,Strong buy,601.7926870171912,581.17813455518,565.9601386005461,-0.4243870409813714,-0.5167917313323016,16.54732895970009,623.8240000000002,641.3750000000003,555.9694,560.25975,25.737631631233857,32.868263,8.109656227904525
ONTO,Onto Innovation Inc.,280.0,USD,4.473713667400474,637254,0.8033389443795432,13740789227.41689,USD,Electronic technology,Strong buy,285.21145370538005,285.3915964307421,277.63080281340166,6.185293336872844,-6.666666666666667,72.20172201722018,262.2780000000001,294.66700000000003,293.08799999999997,241.81835000000018,104.79041916167664,8.105455,-33.86629705714922
QXO,"QXO, Inc.",13.2199,USD,-0.9745318352059834,7683804,0.693603142329858,13715523996.12777,USD,Distribution services,Strong buy,14.065308225534181,14.788141749547787,15.84795402673802,0.9152671755725285,-15.419705694177862,-31.325194805194798,13.225979999999998,13.836994999999996,14.455797999999984,19.09709949999999,nan,0.270248,-307.70985401459853
JBS,JBS N.V.,12.805,USD,-1.7267843438219466,2671570,0.5736963990161241,13713246819.870302,USD,Consumer non-durables,Strong buy,13.215617230982183,13.300431631743145,13.54583670802067,-5.007418397626118,-9.055397727272728,-10.014054813773722,13.184999999999997,13.479249999999988,13.009900000000007,14.495625000000002,11.951652044054509,0.815303,-18.413036856533658
IESC,"IES Holdings, Inc.",343.49,USD,6.48541401866262,117270,0.4552546448435336,13687633401.41402,USD,Industrial services,Buy,338.60560743051576,336.13482960842674,325.1921068668786,15.087448904375806,-13.046009746218585,72.79907435355669,316.87599999999986,341.21875000000017,334.3935000000001,280.13237499999997,30.525118416024597,11.57,82.836948574214
TXT,Textron Inc.,79.13,USD,0.07588212975844477,595096,0.40393171899385777,13609325181.35298,USD,Electronic technology,Buy,84.06303387764217,86.00701371555562,87.48106646242674,-1.2849301397205604,-9.936262235374464,-9.57604845160554,79.30399999999997,83.612,87.6251999999999,90.04075000000006,14.933569864875066,6.466332,19.88235294117647
BWA,BorgWarner Inc.,66.79,USD,-1.110453064850459,492922,0.33679572675927943,13602876807.997482,USD,Producer manufacturing,Strong buy,66.51821209818493,65.97725757350499,64.32409542440593,4.229088639201011,0.3757138563270213,46.95269526952696,65.75600000000006,66.385,65.21540000000003,57.72984999999996,33.92249479404744,5.222959,110.21780909673289
TRMB,Trimble Inc.,58.185,USD,-2.1607533210021805,893457,0.18752309258113287,13567569274.329494,USD,Technology services,Strong buy,58.14124962366772,57.806692102048835,58.74983622339997,-2.2100840336134415,-1.0459183673469301,-26.2173471975653,59.161,58.970249999999965,56.209900000000026,64.72294999999987,nan,3.669212,-141.84954316454613
CSL,Carlisle Companies Incorporated,341.585,USD,-2.9973874027375493,119328,0.16252307374650632,13565753100.899994,USD,Producer manufacturing,Buy,355.3667551485532,355.7344659451966,355.1580227606057,-0.34571286868745876,-12.353424165447883,6.6087200774008155,343.10899999999987,359.86174999999963,355.7827000000002,351.607125000001,19.468968543923943,21.053707,-2.518557205084889
CHKP,Check Point Software Technologies Ltd.,132.805,USD,-3.0974097044874163,553491,0.6429454092718998,13559474696.722654,USD,Technology services,Buy,133.22920306274148,133.24212266017503,136.0603968098837,-3.470707951737175,5.275465715418154,-28.503364737550466,135.12499999999997,132.50275,132.30710000000002,150.58399999999986,13.60274912681423,10.443949,27.25293918302442
CRL,"Charles River Laboratories International, Inc.",283.98,USD,-1.5667244367417614,298757,0.3860473668697583,13556885020.17858,USD,Commercial services,Strong buy,270.7823714464182,254.58041185291816,236.2980359553427,-1.8253474382908017,8.584101250334587,41.89776645180633,287.986,288.8779999999998,255.99020000000036,200.75790000000023,nan,11.319686,-266.286706424096
RNR,RenaissanceRe Holdings Ltd.,324.92,USD,-1.6526424117682608,100369,0.4790528624373853,13501041969.170046,USD,Finance,Buy,324.33394771101547,320.50945478362314,314.4646607764605,-1.5871092803489244,1.1676059407790267,16.026281959720038,330.854,325.6329999999997,323.02220000000017,298.34374999999994,5.582597251311374,43.173517,48.472225056631494
DTM,"DT Midstream, Inc.",130.95,USD,1.1040765904879388,214995,0.23569123598481545,13358903574.430586,USD,Industrial services,Buy,133.34042203015204,135.43226276104767,136.15903155585195,-0.41825095057035083,-1.7850446261156707,9.691740660077059,129.58599999999998,131.388,137.66060000000002,133.87374999999997,28.720884326885113,4.719238,22.56781096266029
LII,"Lennox International, Inc.",386.51,USD,-1.0293703428673808,196590,0.41909570492456105,13358047061.599136,USD,Producer manufacturing,Buy,423.81773918181256,446.34043495415966,466.21104106667855,2.1297397278372316,-11.003914344922869,-20.826334548732028,382.8739999999999,400.5464999999998,469.3723999999997,497.7683000000005,17.47237943692024,23.609046,-5.415644053737405
GRAB,Grab Holdings Limited,3.27,USD,-4.385964912280699,32326417,1.0000472577022956,13336751180.894737,USD,Transportation,Strong buy,3.482269173719969,3.533935450629109,3.636675846916359,-6.571428571428571,-11.14130434782609,-35.18334985133796,3.420000000000003,3.540500000000004,3.6125999999999983,4.033049999999999,23.610108303249095,0.150333,422.64150943396237
COO,"The Cooper Companies, Inc.",68.26,USD,-1.9111941370886596,1042037,0.672995658234197,13312789720.212963,USD,Health technology,Strong buy,71.18257808548066,71.02474196173483,70.97346926830657,-2.8396555405309094,-6.557152635181372,-16.847362650749176,69.50000000000018,73.37649999999988,72.58999999999986,73.36327500000017,57.65202702702703,4.630558,-42.568878540939075
SJM,The J.M. Smucker Company,124.425,USD,-1.3126586294416254,393010,0.25962152372817593,13291474507.629086,USD,Consumer non-durables,Buy,122.91960670072041,119.73180119237016,115.973514930767,-5.888359428182445,5.302132701421801,27.01612903225807,128.3750000000002,125.20625000000011,119.65669999999994,106.90892500000025,58.34153889435927,10.790427,nan
ALLE,Allegion plc,156.06,USD,-0.6746435845213864,343399,0.2132758716527655,13270840869.525076,USD,Consumer durables,Buy,155.97813899452527,153.05811689306907,150.90220386718346,0.14117043121149825,-6.511711495836581,-1.9908308735790916,155.1260000000001,160.29249999999982,153.0411999999999,151.06654999999992,20.473597900951134,8.950091,5.885703172751004
NXT,Nextpower Inc.,87.075,USD,3.0473372781065122,886317,0.5000497614160135,13211848189.978403,USD,Electronic technology,Strong buy,92.98510932593415,98.46083177910309,103.01145192903097,8.870967741935482,-13.676018637850701,-1.0848574349653508,84.13900000000004,90.27374999999998,98.65849999999992,108.45632500000004,22.56822953114066,4.667169,5.139384690846653
SEIC,SEI Investments Company,110.08,USD,-0.2808225382733964,371579,0.5909260060304576,13211711294.312891,USD,Finance,Strong buy,106.50113246707247,102.91668609305098,98.68341082807471,-0.44315818033824267,5.339712918660285,34.58858051106491,110.11799999999997,108.8412500000001,102.59870000000014,88.82997500000006,19.431254523309384,6.343957,6.380861172140525
RPM,RPM International Inc.,102.895,USD,-2.4876800606520093,294532,0.14280341471079971,13127767000.205223,USD,Process industries,Strong buy,107.12046944935582,107.31312588309136,107.21642367480946,-0.33417280123982845,-10.440421272521546,-1.2239608332533414,103.38499999999999,108.29174999999991,108.34510000000004,106.56802500000008,19.925831251573424,6.001178,-3.4911320014203726
GL,Globe Life Inc.,170.72,USD,-2.0370689160498143,130954,0.3573386438137006,13119736978.895735,USD,Finance,Strong buy,174.34703515679286,172.8662628667745,168.63452924026845,-1.5625900939860509,-7.9626934066526545,22.26598868438015,173.43000000000006,175.02249999999998,178.3333999999999,154.1768500000002,11.335161442391327,15.732901,20.325157785411843
WSO,"Watsco, Inc.",316.255,USD,0.35699552565607845,146678,0.27155733255525827,13048571709.157314,USD,Producer manufacturing,Buy,326.66825966028273,339.44545885514617,352.98103946081693,3.683365025244251,-1.5456696345184084,-6.64610207515423,314.13299999999936,312.81475,344.4624999999997,374.7205749999999,27.50473987232784,12.077729,-11.972806822792649
MAIR,Madison Air Solutions Corporation,25.97,USD,0.2702702702702714,837581,0.28199893567901435,13029735779.616217,USD,Producer manufacturing,Strong buy,28.73443581625895,30.83481051055257,34.39683982683983,0.42536736272234893,-17.213898629263635,-18.843750000000004,25.79399999999999,27.714999999999996,31.532400000000003,nan,nan,1.093807,nan
ALLY,Ally Financial Inc.,42.82,USD,-2.080951292019201,762446,0.2696340465579404,13025830012.263893,USD,Finance,Strong buy,43.447080598792994,43.560360792935725,43.40359483510059,2.36672244800383,-2.748126277538044,-5.807303123625166,42.92999999999997,43.13249999999998,44.15479999999995,42.84560000000003,10.085260728249093,5.229265,175.80875665843834
CNA,CNA Financial Corporation,48.095,USD,-0.7736744377965752,95652,0.27504630256646045,13014553121.388386,USD,Finance,Buy,49.41578701420229,49.26831919215179,48.787781565664424,-1.3840475702276076,-7.70485511418154,0.997480050398995,48.59299999999995,49.516250000000035,51.015100000000096,47.578324999999985,10.582889583241649,4.2,41.211198458813655
AVY,Avery Dennison Corporation,171.195,USD,-2.207814463612481,357119,0.25991464103301803,12974550333.532274,USD,Process industries,Strong buy,173.3542136902336,171.59303878139477,170.6643251805087,-1.4194402856155726,-1.334217048008759,-5.781507980187119,173.3549999999998,178.32624999999993,170.18949999999992,173.10062499999978,18.737481530126416,10.172575,2.413352463794099
AUR,"Aurora Innovation, Inc.",6.455,USD,1.8138801261829687,15208039,0.5495607882994211,12936763504.136436,USD,Technology services,Strong buy,6.372937346892109,6.330846013459952,6.171579942471181,16.93840579710146,-6.85425685425685,67.2279792746114,6.084999999999996,6.206000000000003,6.339000000000006,5.3650000000000055,nan,-0.491818,1.1927582534611276
BAX,Baxter International Inc.,24.88,USD,-3.677893921796358,2727834,0.6552880313894386,12862859737.356562,USD,Health technology,Buy,25.173693317387034,24.27573891641172,23.154629411864978,-5.435195743063473,-7.61232825844783,28.91191709844558,25.492,26.219000000000012,24.77279999999997,20.37870000000009,nan,2.053674,-626.1393596986817
JEF,Jefferies Financial Group Inc.,55.67,USD,0.7966684772768511,487648,0.3729251769767219,12834844877.85497,USD,Finance,Buy,54.612105155009814,54.26874182986598,53.822893410994716,7.202002695936843,-1.311824144655194,-10.469604374396908,54.007999999999996,53.648999999999965,54.13460000000002,53.52780000000005,15.513445729413405,3.545705,36.0156161164386
HAS,"Hasbro, Inc.",90.68,USD,-1.999351561655673,905026,0.7515663687947315,12789911836.837349,USD,Consumer durables,Strong buy,91.58597438757835,90.78170471317054,90.0662523249023,-2.9225992934375227,-1.7125514849338805,10.585365853658544,92.58200000000002,94.43299999999998,89.32600000000001,89.66932500000009,16.29909229801384,6.143535,nan
AGNC,AGNC Investment Corp.,10.715,USD,0.6103286384976478,20714025,1.3012329874388766,12702433231.1831,USD,Finance,Buy,10.784446020863745,10.77135430710215,10.74027867081821,0.6103286384976478,0.6103286384976478,-0.04664179104478341,10.649,10.84824999999999,10.882900000000012,10.77247500000001,5.6202465250458955,1.578033,487.157376039421
TOL,"Toll Brothers, Inc.",137.73,USD,-2.822267692090595,292547,0.4285802604060089,12691406364.41953,USD,Consumer durables,Strong buy,145.01080884245346,145.91303269627673,145.7052158408778,-3.048007883992688,-9.809442734594995,1.8637674728200442,140.43399999999994,145.57749999999993,149.45920000000012,144.52599999999993,11.059452688379263,12.763518,-8.472483537158991
BMRN,BioMarin Pharmaceutical Inc.,65.335,USD,-1.796182173455595,584366,0.3554229420246151,12647141441.867876,USD,Health technology,Strong buy,64.16026918673936,62.61537616067766,60.99709606587669,-0.3127860848337084,0.786733513305038,9.936059229345439,66.02099999999999,66.75550000000001,62.70349999999999,57.90684999999999,176.15260177945535,5.03325,-89.01492714133396
AMKR,"Amkor Technology, Inc.",50.9,USD,6.552229432698336,3575340,0.8303810192253828,12646230787.037888,USD,Electronic technology,Strong buy,54.00245424226423,57.076031641269395,58.36661991023049,9.227467811158792,-9.1233708266381,23.995127892813645,47.702,51.260499999999965,58.29420000000001,56.206699999999984,22.840475656271035,2.524304,81.84414524683802
PEN,"Penumbra, Inc.",320.005,USD,-0.6720054629543472,212509,0.7048054752940489,12604812950.8498,USD,Health technology,Buy,321.9472511307002,322.1046604839629,321.93752017567203,-1.5369230769230784,-1.5157110762318073,2.988220906282173,321.73899999999975,323.9987500000001,321.22030000000024,324.731775,78.58475970629405,4.708007,7.97030359273498
COKE,"Coca-Cola Consolidated, Inc.",188.95,USD,-0.20070775893943055,177224,0.42889001017628814,12577324190.592087,USD,Consumer non-durables,,189.68527497751194,188.51305603069977,186.15473827920286,-4.003454757912932,1.586021505376338,23.255055446836252,192.82,191.20250000000004,187.3082000000001,179.646325,25.85558094664678,nan,21.71313413943573
GWRE,"Guidewire Software, Inc.",149.475,USD,-7.970077576653117,1717955,1.0146868847044526,12444745846.48273,USD,Technology services,Strong buy,164.6995535505797,159.7871548716169,156.60118611808304,-25.99148388374511,-8.856707317073173,-25.604718295839138,181.72100000000006,185.07225000000005,161.34810000000002,156.74337499999984,91.74748342744905,4.177906,103.98146988856894
BTSG,"BrightSpring Health Services, Inc.",62.894,USD,3.5633130248641556,663500,0.34233932560442754,12444472617.637115,USD,Health services,Strong buy,62.12260852730639,61.82188627130141,59.562959662697345,7.419299743808712,1.5402001937358745,67.62793176972279,60.89280000000001,59.9042,64.98058,50.275495,46.97438195533647,1.818109,352.94316644113667
ICLR,ICON plc,161.25,USD,-2.183803457688805,268639,0.5029259450770773,12441117299.090084,USD,Commercial services,Buy,164.2667346084332,160.67884950544322,155.608587492537,-2.414669571532322,-0.3768688990485689,-12.34030986681163,162.18399999999986,167.29174999999995,167.8274,147.41157500000008,292.70284988201126,10.596872,-94.52907761976643
CHYM,"Chime Financial, Inc.",32.825,USD,-2.769549763033161,2094771,0.41976146846569445,12427055139.379444,USD,Technology services,Strong buy,30.091722440199828,27.792735418520042,25.80209268138237,0.5821970277309785,7.07877997064101,29.948535233570865,33.06099999999999,32.63074999999999,26.7323,22.849149999999995,nan,0.41504,97.70790140520617
GGG,Graco Inc.,76.635,USD,-1.5986132511556117,457848,0.13190225080067192,12411331086.622885,USD,Producer manufacturing,Buy,78.6034571317873,78.69811375412563,79.25312856973169,-0.9243697478991457,-7.456828885400311,-6.656516443361741,77.37699999999981,79.97524999999999,78.40950000000001,82.2988750000003,24.077855975870307,3.28,12.853242562847916
MDGL,"Madrigal Pharmaceuticals, Inc.",536.8425,USD,-0.783155910401432,87578,0.4548953529804689,12403278165.0018,USD,Health technology,Strong buy,526.0649693727995,521.7010987700215,516.0077377579595,-0.5902449863896451,4.858194816102495,-7.762190302738739,541.2345000000001,529.9146249999998,530.07705,515.1885624999999,nan,-6.261658,-0.28488254432803495
CORT,Corcept Therapeutics Incorporated,114.68,USD,2.7414441856298173,373571,0.48442088602219247,12396724392.819925,USD,Health technology,Strong buy,109.45204546186604,102.08980880278253,92.16441454013051,0.6671348314606786,5.939953810623563,220.69351230425062,112.58199999999985,116.01450000000014,104.62299999999998,67.01122500000012,273.8953904943874,2.06078,-62.739165257631036
DOCU,"DocuSign, Inc.",64.84,USD,-5.218535301856444,2214575,0.5459007349184715,12380849213.688059,USD,Technology services,Buy,61.26068553272572,58.289028503502,56.09200986461041,-0.5063679607181192,11.83166609175579,-5.494825827138896,65.85,62.777,56.0829999999999,53.63690000000019,39.4403892944039,4.60629,24.01931200965601
HALO,"Halozyme Therapeutics, Inc.",108.895,USD,-1.175242762501136,708247,0.5136900706280602,12359365103.322533,USD,Health technology,Strong buy,100.35747935542737,93.94406990224407,87.33810785127145,1.3448115402512733,20.99444444444444,60.8255796780387,109.44499999999996,106.22725,91.34480000000003,74.40492499999992,32.53510606513295,8.414857,-23.547819730921223
SF,Stifel Financial Corporation,81.84,USD,0.4295005522150062,354319,0.38929428894261325,12357982036.438337,USD,Finance,Buy,80.97241147149197,79.82375914351321,78.77468504049678,2.5692442661987682,-1.7291066282420722,-2.0818867192863513,80.89199999999994,82.0205,79.8992,78.6872306482001,14.641477028767712,6.52386,62.1301775147929
CCK,"Crown Holdings, Inc.",113.56,USD,-1.3893713094824542,340132,0.5105052731238933,12350843417.383816,USD,Process industries,Strong buy,115.67698711222164,113.97833216399383,111.50191537086498,-2.4230967520192417,-5.751514648518544,10.413223140495877,115.59399999999997,117.70800000000015,116.51480000000005,106.31574999999992,16.340508806262232,8.406344,45.86822828117456
BF.A,Brown Forman Inc,27.05,USD,-0.2948765204570523,76651,0.5572883495173866,12296466639.382605,USD,Consumer non-durables,Buy,27.722097040991525,27.70821307747174,27.68160031698938,-1.9572308807538932,-5.749128919860622,1.9984917043740615,27.40599999999995,28.203999999999986,27.723,27.597199999999944,17.435864380559497,1.707816,-13.06248248809191
FIG,FIGMA INC,23.06,USD,-4.394693200663359,10317140,0.6882589683289495,12291202194.381426,USD,Technology services,Buy,24.414376369089748,23.945630563681902,24.39491391530895,-14.781966001478198,-4.176189486806576,-39.31578947368422,25.06599999999999,26.329500000000003,24.256200000000046,25.861665000000002,nan,0.286469,-1737.8941742383752
PSKY,Paramount Skydance Corporation,10.93,USD,0.6445672191528572,7187855,0.7770254284971435,12262868165.661142,USD,Consumer services,Buy,10.271411370305223,10.134773630067004,10.253390487324573,1.1100832562442111,20.64017660044149,-18.432835820895527,10.869999999999997,10.482000000000003,9.589799999999979,10.9848,nan,0.501599,-2130.4347826086955
CSGP,"CoStar Group, Inc.",30.115,USD,-2.571983176965389,2852565,0.3809054251474,12202525703.540113,USD,Technology services,Buy,30.910552430584872,31.499648178361706,33.8764235845214,-5.890625000000005,0.23298385754700193,-55.12591268067353,31.188999999999993,31.869749999999993,30.290999999999972,43.543125,165.74023115024764,1.366381,-28.717143978030606
HUT,Hut 8 Corp.,98.95,USD,5.777967822972903,3500168,0.8299584888917034,12196524127.940563,USD,Technology services,Strong buy,93.17238735678328,93.91811019969356,91.18496135983318,24.637863710794814,5.400511291009808,106.79205851619645,87.76700000000008,85.12225000000004,95.32379999999998,75.42252500000002,nan,-4.696667,-479.26734216679654
AHR,"American Healthcare REIT, Inc.",55.36,USD,1.1695906432748548,785583,0.32522699107933073,12153836974.836256,USD,Finance,Strong buy,55.0200982680832,54.30053526635293,53.157986180150246,-0.05416140097490727,-0.7885304659498168,18.214819560111042,55.71800000000003,55.27,55.34480000000002,50.73100000000003,82.11213289824977,0.597196,nan
NVMI,Nova Ltd.,382.34,USD,2.7519484009674686,331656,0.7080336724603474,12151901842.05321,USD,Electronic technology,Strong buy,395.66783989839985,414.8244795777886,428.6420699369943,11.025931410982366,-3.5882694101924044,13.791666666666659,358.87599999999986,377.4787500000001,415.4745000000002,438.32182500000033,47.67331670822943,10.673463,9.600273317389815
HUBS,"HubSpot, Inc.",243.505,USD,-1.653877221324717,836279,0.7512197409300267,12142669207.03956,USD,Technology services,Buy,235.57278181681298,230.1619726743712,233.52491596773618,-5.877237060801664,17.60685824680028,-38.971177944862156,248.56899999999996,239.8932499999994,224.9285000000006,259.96597500000064,86.19340908286432,13.286581,nan
GLPI,"Gaming and Leisure Properties, Inc.",41.725,USD,-0.46517175572519154,1021233,0.21012917032585574,12138638302.910902,USD,Finance,Strong buy,43.11905881241987,43.79025611259293,44.44572971821181,-1.5223035166391221,-5.170454545454542,-6.383217410814447,42.02900000000004,42.7032500000001,43.69509999999997,45.439400000000006,12.236070381231672,3.219939,30.98256126603672
ARWR,"Arrowhead Pharmaceuticals, Inc.",85.92,USD,-0.4864489228631013,633022,0.5711282078718941,12136583618.768587,USD,Health technology,Strong buy,84.84856396531161,82.89348719972699,79.36584444211442,5.891052501848658,-2.3636363636363615,29.592760180995484,85.372,86.83949999999999,84.14950000000005,71.36404999999999,nan,-3.606775,-77.55877463785323
TXRH,"Texas Roadhouse, Inc.",184.75,USD,-2.534884334362062,282506,0.4675859735793881,12127161381.684736,USD,Consumer services,Buy,194.42924376998178,192.81470427794974,189.27238152309306,-4.120608230837095,-9.710683217671784,11.469771931941589,189.16300000000058,200.37875,198.46069999999978,179.84337500000035,29.582719528597966,6.599424,-4.7523182040019565
WTS,"Watts Water Technologies, Inc.",363.24,USD,0.030292181863248325,52425,0.27822224345043345,12126059475.6192,USD,Producer manufacturing,Buy,363.97301135339046,357.2162116595798,346.1744513597153,0.1986097318768695,-3.4038932028507634,31.823625476320085,357.89599999999984,371.80949999999984,362.2651999999995,316.5520000000002,31.705464924454688,12.858125,23.210195192773014
AR,Antero Resources Corporation,39.44,USD,0.07612281146917316,1098338,0.3776251613223307,12125393929.824919,USD,Energy minerals,Strong buy,37.72434447685158,37.15088989515953,36.806140678734195,0.6122448979591706,13.07339449541283,15.32163742690057,39.588000000000015,38.16899999999996,36.08900000000002,36.29890000000001,11.322921451538814,4.255078,142.66406576564023
FNF,"Fidelity National Financial, Inc.",45.06,USD,-1.5727391874180838,1459451,0.8358474984984924,12084767698.908258,USD,Finance,Strong buy,47.553810298886994,48.15393646724657,48.82259733652467,-3.0133448127421407,-13.71122175411719,-17.184341113765843,46.068,47.418500000000066,49.19179999999994,50.961750000000066,15.683954054994778,5.13276,-27.175483511191096
ELS,"Equity Lifestyle Properties, Inc.",62.08,USD,-0.5446972124319183,380112,0.3125615688204146,12047531316.803589,USD,Finance,Strong buy,63.78682134341953,64.01137872696147,64.04584232177292,-2.3592324630386914,-5.624809972636064,2.730431904683102,62.674000000000035,64.24299999999998,64.7564,63.853250000000024,30.16667476553768,2.065361,11.382333838493189
ELAN,Elanco Animal Health Incorporated,24.07,USD,-1.7551020408163254,1345277,0.30245164484865544,12025898090.621634,USD,Health technology,Strong buy,24.18993254928312,24.14938154697559,23.962227846568688,0.12479201331115282,-1.2715340442986003,5.431449846692957,24.316000000000013,23.95049999999999,24.626000000000005,23.75005000000001,nan,1.133848,-146.3504067835453
MANH,"Manhattan Associates, Inc.",206.185,USD,-3.548206015811389,233013,0.47681206099416107,12021611222.390232,USD,Technology services,Strong buy,198.78424751365523,187.43015879411902,176.88629578757315,-6.741598444072549,6.533533119768529,18.770161290322587,215.05700000000002,210.0217500000001,183.80550000000005,158.32712499999997,59.02467651437078,5.497456,-2.647567025249434
EHC,Encompass Health Corporation,121.18,USD,-0.5008621397487474,244594,0.3132296679056574,11954816841.923803,USD,Health services,Strong buy,118.8198837489595,116.08454836252639,113.30688776588913,-0.13186088676446067,-2.274193548387091,14.601853603177616,121.75799999999984,121.78150000000014,115.65840000000006,107.27410000000005,19.731978571312265,6.113152,20.07625378824911
LULU,lululemon athletica inc.,103.055,USD,2.4301759268462453,7475975,0.7715406516025224,11936454975.288242,USD,Consumer non-durables,Buy,113.38685977465153,117.51565311361328,125.05787953688987,-12.71259655779915,-17.25148546651678,-50.74323678424625,112.68000000000002,117.674,118.10929999999944,152.465025,8.44685420150159,9.921991,-16.471659489398405
WTRG,"Essential Utilities, Inc.",42.01,USD,0.7434052757793649,934041,0.41008323182682216,11921538993.052036,USD,Utilities,Buy,40.725977223417324,40.195877308598256,39.76451611069005,1.8424242424242376,6.219974715549939,9.858786610878651,41.64799999999991,40.824499999999894,39.884199999999915,39.018449999999895,21.457758708754724,2.235296,-16.251015955854044
AIT,"Applied Industrial Technologies, Inc.",324.81,USD,-0.23343674171452866,166449,0.6350627722020538,11920155800.543415,USD,Distribution services,Strong buy,333.64919364568186,331.5843259627667,324.0326557633586,0.7568942519465204,-9.6143143365984,25.47224475605516,322.2799999999999,338.9155000000002,338.99839999999995,296.94445000000013,29.642710472279262,12.0325,8.195507282152557
PNW,Pinnacle West Capital Corporation,98.145,USD,0.6408941755537326,292691,0.3619870049224079,11894902230.335777,USD,Utilities,Buy,99.82602930369936,100.78316384630705,100.92892887456115,0.14795918367346533,-2.2460159362549894,10.648252536640353,97.74100000000024,98.76575000000011,102.71310000000013,98.5560249999999,18.821555278550196,4.716033,7.42686444169757
MOG.A,Moog Inc.,375.2136,USD,0.9507102884201406,102751,0.5499832196533988,11892604084.578753,USD,Electronic technology,Strong buy,387.1514617700576,384.86269522595103,372.68954130303575,1.6123056924660117,-9.730645238897184,53.99064269884264,369.44071999999977,394.8006800000001,401.7954720000001,329.64798800000057,31.91433115872381,11.475914,78.61114487117162
DKS,Dick's Sporting Goods Inc,133.26,USD,-4.2328422565576815,2113935,0.251740513476171,11850400690.74524,USD,Retail trade,Buy,168.1772152375755,182.0856090913385,192.82281892781603,0.037534719615631665,-32.707165580972585,-33.02844506985627,136.49400000000009,163.56349999999972,193.1020000000001,207.01675000000006,14.310413333190152,11.705528,-34.9976964637228
DKNG,DraftKings Inc.,23.855,USD,-0.6455643481882596,3485709,0.37573283316236566,11842911977.257185,USD,Consumer services,Strong buy,24.704280890206036,24.86183112014464,25.244547269193433,-0.10469011725292537,4.193055252238484,-31.03498120844175,23.940999999999967,24.91375000000003,24.74760000000008,26.723175000000012,nan,0.122862,42.920625191541525
GDDY,GoDaddy Inc.,93.47,USD,-7.7386240252689795,1294130,0.7443358939021835,11837760708.13582,USD,Technology services,Buy,94.37788608757647,92.72897043392294,92.56574901313947,-4.0743021346469614,2.7820541016054556,-24.383140522611438,100.16600000000001,97.37400000000002,93.62960000000012,96.0179000000001,13.858905165767155,7.401865,20.188897799162422
CR,Crane Company,204.345,USD,-0.1685475597244608,128902,0.3498320886307149,11811213479.631102,USD,Electronic technology,Strong buy,209.23145762710027,208.28062104020972,204.90514791484767,0.6229072286783466,-6.80667669995896,11.111413191234844,202.215,209.62375000000011,215.19809999999987,195.47372500000034,35.65732532979688,7.014646,8.120141876084833
AFG,"American Financial Group, Inc.",141.75,USD,-0.6796524663677121,70735,0.2757455772919901,11754118563.790987,USD,Finance,Buy,142.5887410529253,141.3889655152,139.54025947097296,-1.302047068653394,-2.9641292442497345,3.7929267042542336,142.76600000000005,143.98050000000003,142.9394000000001,134.81384999999995,12.387485799178538,12.33845,25.54582757334387
FHN,First Horizon Corporation,24.79,USD,-0.6014434643143629,1639805,0.4527160283734327,11744936063.384521,USD,Finance,Buy,25.070621941255176,25.054204397528284,24.863868816438355,1.974496092143153,-3.7281553398058285,3.0340814630091457,24.657999999999998,24.988499999999974,25.38080000000002,24.30747500000002,11.90281845681087,2.139853,34.32441148016769
TEM,"Tempus AI, Inc.",65.085,USD,0.7195914577530008,3231755,0.530838014983119,11743597176.270426,USD,Technology services,Buy,60.34247296903124,57.91331034954869,56.50339144870668,-0.8455210237660067,36.86258017032908,8.09666168410562,63.71500000000001,61.900749999999995,55.868500000000004,56.402375000000035,nan,-0.200628,-21.60770075149878
AMH,American Homes 4 Rent,32.44,USD,-0.09239297813366534,873915,0.5017580464211526,11672399254.394827,USD,Finance,Strong buy,33.24590238382526,33.15960209872843,32.85619849941455,-2.78693437219059,-6.37806637806638,1.8844221105527572,32.806000000000004,33.711,33.751,31.704974999999987,25.658467135964564,1.088682,13.757423070001803
HRL,Hormel Foods Corporation,21.165,USD,-1.7409470752089138,2028440,0.2853721224677522,11648175813.944292,USD,Consumer non-durables,Buy,22.877216090440445,23.248918220947264,23.413496504757006,-3.664087391898042,-15.542697525937747,-11.071428571428578,21.685000000000013,23.15524999999999,24.330900000000025,23.431425000000043,34.01092720552788,1.488,-54.62632154575282
DVA,DaVita Inc.,182.365,USD,-0.8832001739224958,261908,0.5061148360549138,11634887208.145279,USD,Health services,Buy,191.02421198470094,193.93284643051894,190.47648017676588,3.4284255898366696,0.23359349236012497,60.41959887403237,180.709,178.67374999999996,207.59070000000014,164.4093249999999,15.379976891872518,14.845336,16.519919026748696
AEIS,"Advanced Energy Industries, Inc.",290.385,USD,3.3766464934140314,316464,0.6765889623279874,11630047272.672785,USD,Electronic technology,Strong buy,295.7074987434689,302.48908746471346,305.2627303549712,6.759191176470585,-11.849614473923873,34.65569209367029,276.1550000000002,295.56174999999996,302.3563999999999,299.5776999999999,54.147010013239104,11.244505,143.32577132486387
KNX,Knight-Swift Transportation Holdings Inc.,71.42,USD,-0.79177663564383,1162655,0.4325265887476087,11624032939.631895,USD,Transportation,Strong buy,71.39031585225867,71.33479450566288,69.9315120339352,4.3236926672509615,3.059163059163066,36.323725901889674,69.426,69.93900000000004,72.10940000000001,63.48119999999986,271.6622289844047,2.314349,-74.09852216748767
UDR,"UDR, Inc.",36.145,USD,-0.6459593183067603,1173970,0.48949377336751426,11612095615.804014,USD,Finance,Buy,37.41307876897592,37.68995657082679,37.696800840893744,-2.0460704607045948,-5.081407563025198,-1.1621547716707605,36.471,37.28524999999998,38.62389999999993,37.114325,23.03256228891863,1.087159,309.3114241001565
EVR,Evercore Inc.,298.695,USD,0.2601369495166411,144898,0.3392539307406702,11487160535.665276,USD,Finance,Strong buy,306.3975299706419,313.6444800176181,319.2411780450769,6.097041167903961,-4.276695295474948,-12.416432090077418,293.6889999999992,295.5097500000001,317.4493,329.970725,16.89050112529829,19.546178,60.841488703750876
ERIE,Erie Indemnity Company,245.72,USD,-2.8006329113924098,82679,0.219284716853274,11443270923.714558,USD,Finance,Buy,249.8797898660425,247.17526362263138,247.11555085451653,-4.954937531427677,-2.3603274258920757,-13.782456140350877,254.27800000000008,257.8265,246.63489999999993,254.0611250000002,22.43567502419605,12.68,-7.666756592702501
PINS,"Pinterest, Inc.",20.15,USD,-1.2254901960784315,4092821,0.38568516064074865,11411207080.38235,USD,Technology services,Buy,21.938808075147413,21.935768908504468,21.900783571689637,-6.756131420638598,-13.63051864552079,-23.032849503437742,20.773999999999994,22.613499999999995,22.88320000000001,21.898400000000024,58.72923345963275,2.014523,-87.73503967970258
HII,"Huntington Ingalls Industries, Inc.",289.57,USD,1.273038855663969,125564,0.3711209914608833,11410389218.9048,USD,Electronic technology,Buy,298.0010591286987,303.1234492483878,312.1045757326,-0.4503575357535761,-10.327635327635335,-14.849883847443174,289.4739999999996,303.3839999999999,297.4602,347.8287499999998,17.26415825528084,18.659297,25.6208807669263
BJ,"BJ's Wholesale Club Holdings, Inc.",89.87,USD,-3.562614014379218,477740,0.31712237104034313,11351902141.076189,USD,Retail trade,Buy,92.4646873212861,92.47482279451496,92.64294584482909,-1.2417582417582367,-7.264472190692387,-0.177718538265019,92.09600000000003,92.93250000000009,92.67379999999994,93.38124999999998,19.635132182652395,4.70759,5.100002296263983
TECH,Bio-Techne Corp,72.325,USD,-0.14496755488057983,1158594,0.6185266838042759,11341879061.013391,USD,Health technology,Buy,71.29690714178784,69.19551561452232,66.43022004761801,-0.048369264787170525,0.45138888888889284,22.980785580683555,72.33700000000002,72.32775,71.87269999999995,61.0738,62.43525552486187,2.055385,155.43550165380375
DECK,Deckers Outdoor Corporation,83.135,USD,-3.1173522899428936,1315815,0.4854895154756965,11321478131.236858,USD,Consumer non-durables,Buy,91.12855957006579,94.59165265738591,97.66842764828263,-3.7120685661338872,-14.276139410187668,-20.300067107659856,84.35700000000024,88.82024999999986,96.7593,102.54827499999982,11.797553499460749,7.534283,8.21585429527934
CART,Maplebear Inc.,48.76,USD,-4.523203446250249,1452249,0.588405250300412,11287942908.223223,USD,Transportation,Buy,48.63003012641353,47.378609000995425,45.831389690202386,-2.2845691382765545,-2.480000000000004,8.235294117647062,50.626000000000055,50.24450000000004,47.88099999999994,42.386349999999986,26.84578538787645,2.34069,4.849044622755878
GNRC,Generac Holdings Inc.,191.1525,USD,2.0296236989591723,279444,0.2661203139153867,11279213425.796877,USD,Producer manufacturing,Strong buy,202.84287776533247,211.4593091610858,216.0177271354794,4.907798693814827,-10.676401869158877,38.53638208436007,184.74049999999994,201.61012499999993,214.79085000000015,208.74731250000002,44.06364537470321,9.722809,-27.948113207547177
JKHY,"Jack Henry & Associates, Inc.",160.435,USD,-3.142356918618682,335497,0.42531297863984324,11248516522.005102,USD,Technology services,Strong buy,159.34448700263872,156.18272398918015,154.67761698608166,-4.154967441304728,2.783650458069062,-11.810136323658744,165.91500000000005,163.29075000000063,155.6599999999997,159.9230999999998,23.007041142644084,7.345694,11.760557736998164
UHAL,U-Haul Holding Company,64.695,USD,-3.713350200922763,79095,0.5732568555997183,11189867068.639084,USD,Finance,Strong buy,68.32195622320805,67.1401095273949,64.63698657847038,-3.4402985074626966,-13.740000000000009,27.982195845697323,66.71099999999996,70.24475000000004,70.28069999999995,57.07332499999997,444.02882635552504,1.17,-89.74954270437597
CLX,Clorox Company (The),92.525,USD,-0.5748979153234436,1535159,0.4801797181271027,11189141164.7464,USD,Consumer non-durables,Buy,98.08652326394885,98.46268073031491,99.42457661016478,-5.2192173734890375,-12.654583215330877,-8.481701285855578,93.82299999999998,102.38275000000009,99.75549999999988,103.13142500000075,19.229170563418336,5.80566,-26.25068971859481
DPZ,Domino's Pizza Inc,336.74,USD,-1.2724287557171265,200492,0.2220586712387108,11141019126.400845,USD,Consumer services,Buy,338.9501557693482,337.3183060905147,340.79778373934323,-1.53801169590643,-5.127627204597957,-19.18886489080873,342.3800000000009,343.6057499999992,334.46270000000004,364.3078499999995,19.091733756661753,18.947569,2.40302831497728
SANM,Sanmina Corporation,207.455,USD,4.52713256411549,242090,0.4021578211548071,11119039326.628458,USD,Electronic technology,Buy,202.81613371268534,204.64435792024284,202.04720982394787,6.808937857179645,-1.0044855888528297,34.79857050032489,195.31699999999992,198.21624999999977,203.55650000000003,183.6446499999999,37.12708269950069,12.098333,19.620226066107215
SWKS,"Skyworks Solutions, Inc.",73.84,USD,-0.24317751958929024,2951224,0.48052477985339714,11110909447.131046,USD,Electronic technology,Buy,69.31965643932047,68.26479003751783,67.34523943865445,11.878787878787884,9.457456270382464,15.069347046906657,71.68800000000019,68.69449999999992,64.9934,63.94454999999996,38.24915824915825,5.040243,-23.08152043987568
SCI,Service Corporation International,81.33,USD,-1.0704293881522875,323742,0.5128071909779185,11084595335.330738,USD,Consumer services,Strong buy,82.15000713338294,81.49690592727184,80.87203979366865,-0.9620068192888531,-3.7514792899408302,4.793196752995747,81.7680000000001,83.06149999999997,81.60440000000011,79.83295000000003,21.217259730773243,4.190335,4.0555947662739555
IT,"Gartner, Inc.",174.705,USD,-6.284196974573531,491469,0.5095595354970779,11032441633.797155,USD,Technology services,Buy,176.409213911478,170.5617928854393,169.09553312085336,-11.528333417734332,-8.049999999999994,-30.22684612005271,186.65299999999993,189.63375000000005,164.7025,177.329425,15.675498649630782,14.465515,-31.447674347082632
RRX,Regal Rexnord Corporation,165.505,USD,1.6240943141348285,591255,0.538133868553188,11021286747.005463,USD,Producer manufacturing,Strong buy,175.64502622118744,183.25714615957014,187.6701433961443,6.004611541663998,-8.175210830004445,16.676066267183646,161.75099999999992,165.90675000000005,191.0265000000001,187.74047499999986,34.09591891390783,10.623059,29.057215782197165
ALGN,"Align Technology, Inc.",155.0,USD,-2.291423708513248,309888,0.40245842920067804,11011176109.27601,USD,Health technology,Buy,164.24187719867288,167.22458373517242,169.00942826512747,-2.028948865432026,-8.36535619272835,-1.724575196550849,157.5200000000001,163.51400000000015,170.92210000000014,170.6598500000001,26.888715413305576,11.291493,-2.7613778212610978
ARW,"Arrow Electronics, Inc.",216.055,USD,0.039357318146042486,113918,0.27615808679593545,10998371057.912373,USD,Distribution services,Buy,211.7175774590979,208.99776915831606,201.46957327904798,6.457255481645735,3.07967557251909,94.31153880744671,211.40100000000007,209.13425000000015,209.43649999999982,169.97867500000004,13.80640172791698,21.806,76.91568498880774
UMBF,UMB Financial Corporation,143.85,USD,0.06260434056761506,137980,0.32070025055433404,10925411033.21056,USD,Finance,Strong buy,144.25297444394536,142.3459062994542,138.7107383631863,1.912858660998929,-0.373987118221478,24.956567060458642,142.18200000000004,145.57374999999993,144.91240000000002,128.04910000000015,11.980212037677079,13.242003,37.85490407687627
AXSM,"Axsome Therapeutics, Inc.",208.485,USD,0.8733307528546579,135602,0.2700564222393362,10920614331.077583,USD,Health technology,Strong buy,212.6772928755871,215.29327694603697,212.61937491501905,4.393871113114018,-0.7828487127016522,13.72115856651939,207.25300000000016,209.09225000000015,223.09350000000012,195.03532499999997,nan,-2.674691,25.865672819056634
GKOS,Glaukos Corporation,184.745,USD,4.099284386093427,282450,0.5355982753147696,10896987388.609371,USD,Health technology,Strong buy,174.72272239368874,166.2706849328809,155.345017602434,2.6532199811079655,6.82606684399214,61.391630995020535,179.75899999999984,182.97274999999985,167.4733,129.80542499999984,nan,-0.306772,-96.75336431114599
VSAT,"ViaSat, Inc.",78.82,USD,4.646840148698885,818595,0.5523842415271325,10857913183.63197,USD,Electronic technology,Strong buy,75.25580036987652,73.70394590693543,70.13538226537108,18.082397003745307,-5.604790419161684,124.68643101482324,72.41200000000002,75.30474999999997,76.00179999999999,57.41840000000002,nan,-1.42,94.73331169533701
AM,Antero Midstream Corporation,22.855,USD,1.1283185840707919,737841,0.41115543469859855,10848674709.908186,USD,Industrial services,Buy,22.403928306794594,22.276636523714885,22.026947269427804,0.9050772626931649,6.848994857410005,28.39887640449438,22.58099999999998,22.370749999999994,22.30930000000001,20.980174999999985,27.430388862217953,1.091032,-11.39940450871969
NYT,New York Times Company (The),67.24,USD,-0.059453032104646635,842551,0.5354248696629156,10844707547.0214,USD,Consumer services,Strong buy,68.3353115615294,69.74209235784771,71.03606204854391,-0.3851851851851928,4.086687306501549,-2.6776668114054254,67.39800000000002,66.4475,70.21800000000002,73.53571500000001,28.059925718816505,2.836065,23.367998352553553
LFUS,"Littelfuse, Inc.",426.505,USD,1.7741666070107625,66969,0.4075508487675921,10832692561.46083,USD,Electronic technology,Buy,425.56781882454356,425.4774412181155,416.78446136451396,3.7220330739299627,-7.641919033337307,67.84927194018103,415.8489999999998,425.72350000000034,425.1156,371.99647500000026,nan,16.59,-110.53256904637831
ALSN,"Allison Transmission Holdings, Inc.",130.475,USD,-0.5829015544041563,330916,0.5069498871558683,10774370360.929401,USD,Producer manufacturing,Buy,126.24953120610844,124.01583450344874,121.4697297457148,4.715088282504013,11.986095614110367,33.00203873598369,127.915,127.48275000000024,121.03590000000005,115.04532500000005,20.713605334180027,8.142492,-28.496832928462773
BPOP,"Popular, Inc.",168.71,USD,-1.5234648610786745,198636,0.43986549552851245,10760071127.921377,USD,Finance,Strong buy,170.12765178986413,167.67767036054389,162.52472781138363,0.136514719848064,-3.8141391106043314,35.488274975907494,169.83200000000005,171.5434999999998,171.4596,146.22567500000005,11.390858145972588,15.943626,43.684516880093135
EGP,"EastGroup Properties, Inc.",200.0,USD,0.6947940791461059,129661,0.3932295647152732,10754662821.46813,USD,Finance,Strong buy,202.45256539889562,203.06762467454334,201.79092737217582,-0.16472819847252657,-0.1497753369945139,12.707805015497328,198.92999999999958,201.1714999999997,206.847,194.9035699999999,35.105580031946076,5.946671,22.85911453278988
FROG,JFrog Ltd.,87.15,USD,-0.5136986301369734,999387,0.4677567747334292,10745709442.077057,USD,Technology services,Strong buy,89.13747707698714,86.27930966642256,80.96141927920608,-11.612576064908712,-9.459248870188551,38.37726262305495,89.77400000000007,92.34449999999998,89.13889999999998,65.829225,nan,0.980067,51.508817766165905
GSAT,"Globalstar, Inc.",82.27,USD,-0.0850133592421756,227136,0.38859753920389306,10659179210.452879,USD,Communications,Buy,81.93724289440696,81.22101311763423,79.09787842042266,1.5302974207083733,-0.8795180722891615,32.69354838709677,81.88399999999999,82.26300000000002,81.35319999999997,72.287725,nan,-0.620333,-29.915406306075372
GLXY,Galaxy Digital Inc.,27.16,USD,3.1522977592100334,2499452,0.4819811283843241,10616547570.210407,USD,Finance,Strong buy,24.642511393811507,24.706960944197895,24.949134691862874,15.182357930449541,32.8117359413203,18.654434250764524,25.495999999999995,23.399000000000008,23.259300000000007,25.075100000000017,nan,-0.745308,71.4400987279286
DCI,"Donaldson Company, Inc.",91.575,USD,0.5987037240470193,178868,0.289742526861054,10614554857.953148,USD,Producer manufacturing,Buy,92.18805453419981,91.57092307244439,90.81599324964587,1.5131360159627638,-6.603773584905655,3.183098591549299,90.57499999999999,93.04875000000013,92.41310000000001,91.44392499999996,23.777068079140054,4.354286,26.25885129819041
CYTK,"Cytokinetics, Incorporated",76.09,USD,4.634213421342141,1168500,0.6391613765145691,10578292375.813395,USD,Health technology,Strong buy,75.61515573110333,75.70540320863043,74.4693618626628,8.933428775948475,-6.327711436661332,20.47181760607981,73.21799999999999,75.20700000000002,79.06449999999998,69.81245000000001,nan,-6.053118,-41.03370172218533
AES,The AES Corporation,14.8136,USD,0.1595672751859369,2330031,0.3333578030919998,10568593997.885004,USD,Utilities,Buy,14.757265735296594,14.730793324071156,14.685087147624076,0.43118644067796075,0.6358695652173816,2.0923501033769774,14.790719999999997,14.749680000000012,14.743871999999994,14.597317999999996,5.536138724867329,2.288875,88.92889924451038
DAR,Darling Ingredients Inc.,66.9,USD,2.623101702715153,861437,0.3332397176520104,10557015575.002302,USD,Consumer non-durables,Strong buy,64.11656283676518,62.70943631596154,60.56899325948498,0.8517373935328438,11.370068253704021,84.55172413793105,66.63200000000003,65.38200000000006,62.264,53.69462499999999,17.977105390444457,6.374711,470.41692213366036
BXP,"BXP, Inc.",65.93,USD,-2.6000886393854206,486999,0.46876813833212533,10526487034.166052,USD,Finance,Buy,67.65878213725092,67.02313174297865,65.96342050261373,-2.7294187075833496,-4.986309266464899,-2.427112623945518,67.20200000000003,68.21649999999988,68.60180000000001,63.55754999999993,35.4233827638083,2.12335,9299.999999999998
CGNX,Cognex Corporation,62.375,USD,0.2008032128514056,470275,0.3686248535181128,10492962421.80522,USD,Electronic technology,Strong buy,62.89692332500144,62.798981330780045,61.31582778095452,4.445746818486271,-8.795145489106595,71.21877573428493,61.08700000000001,61.58074999999995,63.83369999999998,53.66767499999998,60.3940743609605,1.680421,44.54863540937718
KRYS,"Krystal Biotech, Inc.",353.78,USD,-1.2449754354622702,97537,0.45102459348042717,10471475557.540306,USD,Health technology,Strong buy,347.4484381815328,341.09624511965876,328.32995812905324,-1.7277777777777854,8.408408408408409,44.023774629539155,363.312,347.9259999999998,349.3879999999998,291.0698,44.33666691731207,7.641,62.32479606159854
OC,Owens Corning Inc,132.27,USD,-4.649653979238747,588869,0.6227479191203616,10455769414.105755,USD,Process industries,Strong buy,141.06722757536843,139.54176508952776,136.17482579554786,-2.9922992299229807,-12.403973509933769,17.814197915738855,134.72599999999997,145.705,145.23920000000007,124.98054999999997,nan,10.043267,-314.5313117996045
MOD,Modine Manufacturing Company,196.435,USD,0.911846296106034,768440,0.6423058952153042,10433194448.560698,USD,Producer manufacturing,Strong buy,203.99178261974586,213.32418476885792,218.24284621286327,10.307165318957766,0.5245381505552458,44.19364310357485,187.62900000000008,192.80125000000004,211.9143,210.78737500000022,74.02864141699642,7.512848,-23.959766162310856
FRHC,Freedom Holding Corp.,163.1599,USD,-0.8387626109152783,33917,0.27807406836537507,10407588210.571556,USD,Finance,,160.70859826422392,157.14327506413963,153.16088824208435,-6.364476327116217,9.173569755771165,33.73762295081967,166.40198000000004,162.5719949999999,156.7856980000001,141.34454949999977,64.54620618719835,nan,87.5639979223863
SSB,SouthState Bank Corporation,107.26,USD,-0.6667901463233922,123750,0.20615956467096436,10401488742.008518,USD,Finance,Strong buy,106.36882505716031,104.80531227083948,102.85926855734513,2.6509713848215237,-0.42703304864462843,14.09424529305393,106.52599999999995,107.641,105.09479999999998,98.55418500000002,11.261956510326435,9.451907,41.60756501182035
RYAN,"Ryan Specialty Holdings, Inc.",40.54,USD,-3.2689095681221607,797392,0.6071960844216624,10370731483.194466,USD,Finance,Buy,41.702646900856195,40.97340893004352,40.55889169950553,-4.902650715458605,-7.400639561443587,-20.91299258681233,41.89,42.58299999999999,42.2886,41.63870000000001,59.50388962277998,2.160802,2862.1739130434785
FRO,Frontline Plc,46.57,USD,0.9757155247181329,1427593,0.5437287290705213,10367547947.111666,USD,Transportation,Buy,43.09787841113558,41.4653200146509,39.440422564338995,4.9110159945933765,16.833918715504268,119.56624233851956,45.570000000000014,43.25399999999997,40.047,33.70509999999998,6.974271423008956,9.816667,524.5230078563412
SOLS,Solstice Advanced Materials Inc.,65.2,USD,2.3066059940373544,822440,0.1999793562480601,10359591075.499765,USD,Process industries,Strong buy,63.937197944798704,65.88434693661344,67.25596985645227,3.8216560509554234,5.178254557186644,34.40527726242013,62.604000000000006,60.24249999999997,62.35860000000003,68.141475,49.47264587601487,2.888495,nan
XP,XP Inc.,20.03,USD,0.8559919436052452,3695039,0.6574494238570843,10355821394.892246,USD,Finance,Strong buy,18.03178194748898,17.67310179398695,17.59887231675597,10.601877415792389,18.380614657210398,19.510739856801905,19.720000000000002,17.416499999999992,16.93039999999999,18.040150000000008,10.444803671064296,2.0590253178,20.428284350665656
WTFC,Wintrust Financial Corporation,153.43,USD,-0.4477030885024641,134015,0.3704518647537641,10351302723.43849,USD,Finance,Strong buy,155.6569253671048,155.63843855519798,154.12899133758967,2.286666666666671,-3.2658722653048398,9.899004369314513,152.4060000000001,155.1315000000001,158.60899999999998,148.93592499999997,12.327160245852248,13.12518,17.676256748196543
FDS,FactSet Research Systems Inc.,290.6,USD,-3.7620876937342556,272575,0.3206471596655224,10335346831.138563,USD,Commercial services,Buy,286.0068514260915,275.67422469729786,266.5343730766845,-6.550471106537609,5.3853127833182315,0.7104487957026551,303.406,296.6359999999992,273.95259999999996,249.82025000000027,19.151810722641446,17.838297,9.523534549339184
SAIL,"SailPoint, Inc.",18.2,USD,-3.2943676939426196,2200716,0.6812734951277242,10322730130.010626,USD,Technology services,Strong buy,18.04636726765608,17.341335709789664,16.739075331174643,-10.12345679012346,-2.7777777777777755,-11.629036173828597,18.790000000000003,19.022500000000008,17.063100000000006,16.009874999999994,nan,0.319901,78.71144203008662
MGM,MGM Resorts International,40.97,USD,-0.606501698204755,1382976,0.7675398383953732,10307754982.409025,USD,Consumer services,Buy,42.95567314275779,43.24863104430672,42.706612402415125,0.7872078720787216,-8.01526717557252,11.848211848211838,41.10600000000003,42.807000000000016,44.78659999999999,39.63734999999997,24.7957392725292,1.842162,-8.95917130420408
MOH,Molina Healthcare Inc,197.39,USD,-1.6982071713147535,124404,0.2379708093425407,10303758307.68461,USD,Health services,Buy,201.83513331142754,200.76040657132458,196.40119301243354,-1.0576441102756962,3.4484565798438154,13.442528735632177,201.35600000000062,201.43350000000032,210.15379999999942,177.6611499999999,nan,5.233027,-100.92903989348588
BIO,"Bio-Rad Laboratories, Inc.",382.04,USD,-1.054103752816553,42372,0.20036780439502136,10263676913.288855,USD,Health technology,Buy,362.1641173222414,345.8052503683956,329.56412114272825,-1.5056202949365718,12.636358275841742,25.9943275509531,385.10400000000027,375.72350000000006,337.8273999999999,302.37225,46.28543736370245,9.641321,-29.659204213289247
AVTR,"Avantor, Inc.",15.155,USD,1.2358049432197644,5120233,0.8020293363654928,10250218185.982298,USD,Health technology,Buy,13.848983444603109,12.923472599502679,12.021500047062538,4.158075601374561,13.690922730682667,31.553819444444446,14.833000000000002,14.289250000000006,12.709099999999994,10.386825000000002,nan,0.812164,-184.09136047666337
CFR,"Cullen/Frost Bankers, Inc.",164.62,USD,1.2298610257040954,203073,0.4572532918846001,10230932619.539293,USD,Finance,Buy,162.64383409566713,159.77361959840854,155.32343964514212,2.611730973010034,0.420911364606843,30.154965211891206,161.98999999999992,164.33649999999994,162.46640000000008,143.5845499999999,15.568964212756297,10.99179,13.85622604126288
FRT,Federal Realty Investment Trust,117.03,USD,-0.05124263387138293,487196,0.8357850697230942,10230240049.905712,USD,Finance,Strong buy,118.53126913760578,118.77155823921795,117.58363815538485,0.43769309989701777,-0.8220338983050838,17.795671867136395,117.25,117.35500000000002,120.73559999999996,111.27430000000032,23.62810417928528,4.261305,25.62138581718576
GMED,"Globus Medical, Inc.",75.91,USD,-3.0399795631626128,732233,0.7397232153617889,10191822058.453058,USD,Health technology,Strong buy,80.40914020560717,81.0323019788229,81.71367723804515,-6.813159833046892,-13.856105310939638,-12.857306853403745,78.69200000000009,83.28099999999998,80.77739999999993,85.85650000000005,19.410350823360947,5.000451,50.93203658677782
WMS,"Advanced Drainage Systems, Inc.",134.31,USD,-1.0680612846199093,182175,0.3205301331754978,10127691088.371391,USD,Producer manufacturing,Strong buy,140.0082641612868,141.481330420671,142.7288860873187,-0.42997998369040263,-10.28056112224448,-7.397959183673463,133.65799999999976,140.60800000000026,144.12759999999992,147.52835000000016,23.18527853061506,6.271556,4.580083766608902
ZIONP,Zions Bancorporation N.A. - Depositary Shares each representing a 1/40th ownership interest in a share of Series A Floating-Rate Non-Cumulative Perpetual Prefer,17.74,USD,-0.3376385525924126,5653,0.9797057243375331,10124784560.0,USD,Finance,,18.102145178900948,18.27616386530471,18.54770604960661,-1.0044642857143038,-3.284721275725788,-11.565304087736791,17.754039999999993,18.127964999999953,18.25369199999994,19.258742999999978,2.259872611464968,8.00345,43.201138312233205
DDS,"Dillard's, Inc.",646.02,USD,-1.6248153618907053,89860,0.5284654447937097,10090478122.431313,USD,Retail trade,Neutral,615.3859389276489,603.7866708417425,597.0154958276194,3.198083067092649,6.44061094360141,6.544183131576335,643.5599999999998,623.161,587.7084000000007,606.1153000000004,14.793255766557744,39.417239,20.41520869351818
ENSG,"The Ensign Group, Inc.",171.66,USD,0.5093975057087679,114334,0.41961650455862354,10004761979.330757,USD,Health services,Strong buy,173.93618452032868,174.274431429409,175.53383145783621,-1.1630584983878456,-5.134014921248959,-1.111815196727926,172.08799999999982,177.47150000000013,174.51939999999973,182.30890000000002,26.89752428705735,7.794301,15.21519352975158
UHS,"Universal Health Services, Inc.",169.66,USD,0.005894488653103982,317886,0.5878308659006098,9997055463.567226,USD,Health services,Buy,168.2492784826149,166.86774069950076,168.61363194199873,-1.0498075352852043,0.7003798670465378,-22.10999908181067,169.3520000000002,172.0329999999999,163.76820000000032,185.73420000000013,6.908993174895343,22.528523,29.3490513363463
HSIC,"Henry Schein, Inc.",89.39,USD,-0.4676539360872973,254629,0.3352636226809898,9962206014.123148,USD,Distribution services,Buy,88.14385956345308,86.48233793045016,84.21821706994072,-0.4565701559020007,1.4412165229232818,18.162590879048242,89.79399999999994,89.64600000000003,87.523,79.17525000000003,26.0490733185686,5.384536,10.347932342915946
FCFS,"FirstCash Holdings, Inc.",229.61,USD,1.768460242886273,137947,0.3421642314891202,9958598660.128712,USD,Finance,Strong buy,220.0839249819281,217.68737229475553,213.4758879318468,8.006020979349927,11.895711500974674,44.29083139571421,222.962,218.9187500000002,214.33949999999993,196.94902500000015,26.180702834598982,11.29146,34.81622676894226
SPXC,"SPX Technologies, Inc.",198.085,USD,0.8733513265773811,234003,0.6461247645402439,9921257569.828384,USD,Producer manufacturing,Strong buy,206.5535777508474,210.1384356845162,211.99147219408454,2.074100793569002,-9.743928555155598,-1.7630430470144707,194.75500000000005,204.8192500000001,212.49550000000013,214.47657500000003,34.717037348616294,8.382632,27.513073794305647
FPS,"Forgent Power Solutions, Inc.",32.585,USD,3.9393939393939377,4270955,0.9144083760432843,9919815651.41212,USD,Producer manufacturing,Strong buy,35.335421115190506,37.57184259571643,37.50769262986661,8.004640371229694,-16.7262969588551,25.32692307692308,30.645,33.57975000000002,37.9901,nan,nan,nan,nan
PRAX,"Praxis Precision Medicines, Inc.",355.24,USD,0.9749580739603784,147085,0.5284687215932568,9918296693.348455,USD,Health technology,Strong buy,347.5872480102289,340.1936876605155,329.1791100423105,1.4971428571428598,-4.572073282114646,22.281504939589006,354.62800000000004,365.7334999999998,339.6593999999998,308.73855,nan,-13.595501,-5.316222902154806
KYMR,"Kymera Therapeutics, Inc.",119.265,USD,1.5972399693329926,276692,0.46829823759401146,9916958583.762201,USD,Health technology,Strong buy,114.72954617781234,110.36711144190453,104.05822698987775,2.0056448853917197,11.87036863333646,54.188752424046555,118.32300000000001,119.44525000000002,114.27509999999992,89.36412499999999,nan,-3.82472,6.7318757192174905
MP,MP Materials Corp.,55.62,USD,1.9988996882449959,3623581,0.7717342315336656,9906010382.046581,USD,Non-energy minerals,Strong buy,54.48446985974305,54.485137842300325,55.137183606602136,3.9626168224299017,9.747434885556428,8.041958041958043,54.474000000000004,56.494000000000014,51.414800000000014,57.635849999999984,nan,0.017286,43.46421069639684
DRS,"Leonardo DRS, Inc.",37.09,USD,1.3387978142076558,217601,0.25173532882024247,9899005693.451094,USD,Electronic technology,Strong buy,40.59828666858513,41.79992610195526,42.41527374257874,-2.085533262935584,-18.751369112814885,8.704572098475985,37.085999999999956,40.528999999999975,43.250299999999996,41.933,30.939272605939273,1.380307,28.84780739466897
ORI,Old Republic International Corporation,40.96,USD,-1.1344436398744844,527168,0.5197916368810215,9889092572.655563,USD,Finance,Buy,41.66858812354231,41.51195267345569,41.293547642033474,-2.5458006186057585,-5.4259986146386545,-4.410735122520421,41.754000000000055,42.09949999999998,42.19359999999997,41.52600000000001,8.970652650021902,2.9835,29.326460091769093
BSY,"Bentley Systems, Incorporated",32.725,USD,-2.921981607831502,893385,0.48628094806455135,9885989418.59018,USD,Technology services,Strong buy,34.37121459095686,34.13835903055907,34.318512626872774,-9.873313136876895,-9.223300970873774,-14.466806063774168,34.55300000000001,35.97524999999999,34.168699999999994,35.42504999999997,36.068555053455306,1.397611,15.934065934065938
ONB,Old National Bancorp,25.79,USD,-0.9600614439324118,1096492,0.3853416309548016,9866480835.806068,USD,Finance,Strong buy,26.03839251722948,25.837769357736445,25.39390851890447,1.0579937304075218,-3.0815482901164986,15.5983863738234,25.727999999999945,26.128499999999974,26.319699999999962,24.132875000000027,11.48570410617262,2.606325,33.31354271804312
VIRT,"Virtu Financial, Inc.",63.515,USD,-1.4201458947695267,235329,0.24217382521320865,9857542722.90121,USD,Finance,Buy,62.6769060134728,60.86035606582021,57.86510208645694,-2.852554297950436,14.544634806131645,89.59701492537313,64.02899999999997,62.77424999999998,60.932700000000004,47.806110000000025,10.542258664188022,7.166751,36.75943160666454
PODD,Insulet Corporation,141.85,USD,-3.8174667751559506,956123,0.5377506377374545,9837892224.495865,USD,Health technology,Buy,148.5390932748782,153.46876528367088,164.79482714825014,-5.300754389478602,2.789855072463764,-50.30827436418412,147.28599999999983,145.96449999999984,153.9946,209.24324999999996,28.12140676420443,6.503135,53.510453756961574
RRC,Range Resources Corporation,42.07,USD,0.16666666666666735,731857,0.37221790313099473,9830897391.375,USD,Energy minerals,Buy,40.69470491183167,40.22987245264524,39.94878193499604,0.3099666189795006,9.671532846715332,20.475372279495986,42.263999999999974,41.094,39.17299999999996,39.27599999999999,11.609680713083312,4.062635,82.40712775596496
AYI,Acuity Inc.,327.635,USD,-1.920371201915887,59178,0.33977577944947346,9807932541.817633,USD,Producer manufacturing,Strong buy,336.00405784981456,332.82718226322754,327.5270202640964,-0.602208603846858,-8.83834168057874,-9.814473285804736,329.3649999999999,342.43024999999983,342.1121000000001,319.16837499999997,21.733665008291876,19.808928,18.78683770920667
FLS,Flowserve Corporation,77.1,USD,0.6002087682672153,611265,0.3794710133163897,9800395083.28027,USD,Producer manufacturing,Strong buy,77.34254070259495,76.7346272392979,76.04940669138098,-1.2045105074321014,-2.651515151515162,10.284651695036473,77.06199999999995,79.4759999999999,75.37360000000007,76.06900000000007,27.03650454115089,4.116589,29.30534143466038
OGE,OGE Energy Corp,47.41,USD,1.0443307757885654,859442,0.6236140521228507,9794018272.000639,USD,Utilities,Buy,47.13240648831942,47.337124044116194,47.35746038016975,3.492687186203873,1.1089784602260524,11.212760966455534,46.73400000000005,46.547500000000035,47.66100000000004,46.53400000000002,20.764716187806588,2.422901,-6.226384097256455
PAYC,"Paycom Software, Inc.",220.06,USD,-5.011438684335471,403735,0.6688102521032069,9745419109.482714,USD,Technology services,Buy,208.34645637371665,192.46611293148086,177.7894346346041,-8.979608719030487,1.438185673458101,38.02922912877125,233.29000000000002,227.394,183.91760000000005,149.5385,23.387002497475958,12.09022,27.296463648908244
WLK,Westlake Corporation,75.73,USD,1.2568525203904235,194930,0.3314732423738878,9678032617.58604,USD,Process industries,Buy,76.74376987541162,78.74847326375526,81.72052000193952,0.9464142895228046,-1.5854450942170224,1.5555853560413182,75.12400000000012,76.94699999999997,75.94900000000007,88.15156499999986,nan,3.085257,-1710.041525103813
JAN,"Janus Living, Inc.",31.37,USD,1.8837284832737962,526191,0.41059384574688274,9658534281.890223,USD,Finance,Strong buy,30.46325170576794,29.775993560430408,28.397607403865855,4.6713380046713455,4.636424282855239,36.39130434782609,31.00999999999998,30.611500000000007,30.223600000000005,nan,nan,0.185702,nan
VIAV,Viavi Solutions Inc.,39.1,USD,12.16293746414229,3283756,1.090703881786018,9647918605.590935,USD,Technology services,Strong buy,38.94513130001796,39.935537543351685,39.718766126278126,9.677419354838719,-6.235011990407676,116.62049861495845,35.37199999999998,38.6725,39.64059999999999,34.92570000000001,nan,1.644338,-204.1015625
SIRI,SiriusXM Holdings Inc.,28.59,USD,-1.379786133149357,2189817,0.63128374407106,9636742438.256294,USD,Consumer services,Buy,28.901520294117088,28.700096792974563,27.998405496501437,2.5834230355220624,-4.221105527638196,42.30960676953708,28.933999999999997,28.623249999999967,29.698299999999946,25.073299999999996,11.261225775957143,2.964968,nan
AAOI,"Applied Optoelectronics, Inc.",113.43,USD,7.486022931867721,8647908,1.4966804596491659,9630920153.63925,USD,Electronic technology,Strong buy,117.95045019407036,121.81441518301399,121.27634141877658,8.59741503111537,-20.388826501965177,212.0924473792819,105.17200000000003,120.13900000000001,117.18679999999999,101.97305,nan,0.74,76.82331945270673
RGEN,Repligen Corporation,170.5,USD,1.7303102625298363,382879,0.4420928755406236,9622273450.083532,USD,Health technology,Strong buy,163.84030456225335,156.79617221481024,149.8735799831881,-5.644714997232977,6.93677872553939,4.262214884119121,170.1340000000001,173.566,156.10419999999996,142.06189999999998,232.38380809595202,2.061231,nan
LTH,"Life Time Group Holdings, Inc.",42.94,USD,-0.6708304418228064,1251427,0.5157700694378702,9595456454.329863,USD,Consumer services,Strong buy,43.01727391511179,41.594220807896804,39.23323401960224,2.6045400238948537,-1.1737629459148564,62.651515151515156,42.915999999999976,44.098,43.25160000000002,32.50708000000001,23.47859369019629,1.585489,79.02310101801095
HLI,"Houlihan Lokey, Inc.",136.89,USD,-0.1604551090365599,225099,0.3591121483026491,9568274332.069067,USD,Finance,Buy,134.49991048876487,136.11043871481874,140.06504200226553,4.576012223071031,7.104295438541572,-21.40437503588448,135.39400000000006,130.5535,133.56440000000003,153.55870000000016,22.993197278911563,6.935941,0.3742855697739075
OSK,Oshkosh Corporation (Holding Company),154.93,USD,-1.368729309905784,90321,0.2303887920868754,9565339565.144957,USD,Consumer durables,Buy,152.93254089144835,150.6596956002349,148.43391582893273,1.3409209837781342,0.2329041858057926,22.716831683168323,153.78800000000004,154.03849999999997,150.3933999999999,145.83979999999997,17.735879295739178,10.703,-12.33214909375564
RMBS,"Rambus, Inc.",87.9,USD,2.8551369061549403,864283,0.48520137572425154,9533774648.228413,USD,Electronic technology,Strong buy,94.13222613626101,99.78866814129401,104.22086516704097,3.4604519774011444,-12.901307966706296,-7.88094739048417,85.36400000000006,91.17550000000001,98.57199999999993,107.97257500000003,40.23435711997071,3.037143,3.388386730396084
R,"Ryder System, Inc.",248.46,USD,0.008050233456774365,108727,0.5046062310587602,9527662571.33972,USD,Transportation,Strong buy,253.33298941831262,253.4976165761753,248.77043764595754,1.4536545528787268,-5.305282414818198,29.866192766046424,246.09600000000052,251.51450000000014,259.9506000000006,226.50599999999991,20.419635592593508,14.673182,3.8793508234229437
SAIA,"Saia, Inc.",356.97,USD,-0.27099513885007837,96326,0.25582508942829896,9522049944.136866,USD,Transportation,Strong buy,372.3396769936417,384.08969831695606,390.56529313908175,1.7762445116040424,-1.3404455253993603,9.16179933335373,344.87599999999986,357.47000000000037,386.24300000000034,385.474625,34.428316535660905,11.337664,-4.220629260812543
PTGX,"Protagonist Therapeutics, Inc.",147.03,USD,0.8989843535547641,201619,0.44226321789435424,9514058851.750137,USD,Health technology,Strong buy,143.57103221730046,137.53808285702723,128.6153647803373,-0.48730964467005,0.581474893966339,69.89831291888143,146.82399999999993,150.762,141.49940000000007,106.37617499999999,141.77032108764826,4.670262,45.53746842548413
APTV,Aptiv PLC,45.82,USD,-4.442127215849849,1364473,0.230104958437534,9513759391.30511,USD,Producer manufacturing,Strong buy,49.90911938243021,52.44098576848121,55.09337450324843,2.5514771709937345,-3.6382754994742315,-29.599377918838684,46.03599999999996,47.30350000000003,52.99000000000003,60.93331699799998,43.464238284955414,5.748689,-75.87201318319143
MTCH,"Match Group, Inc.",41.41,USD,-1.0750119445771689,1060381,0.35505318476593645,9505706204.664833,USD,Technology services,Buy,40.12460273559965,39.16268266756858,37.96719762085937,3.009950248756203,12.741628096923497,27.611710323574705,42.01000000000003,40.246,39.310399999999994,34.720600000000005,14.621658839730234,2.782247,39.471092287993685
WYNN,"Wynn Resorts, Limited",92.195,USD,0.7155341927026293,768856,0.4941905028619889,9493678087.07084,USD,Consumer services,Strong buy,96.4214113669915,97.95145960815032,99.93590687172319,2.8158804505408623,-8.853188334157204,-23.222018654230517,91.48299999999995,97.48025000000018,97.8294,106.97917499999993,22.082105817824722,4.64442,23.166558499026475
ESTC,Elastic N.V.,90.09,USD,-1.8734342664197787,1247316,0.33501406729471483,9458664127.885416,USD,Technology services,Buy,83.45859657150098,77.43339822976093,72.21864431097616,-5.92105263157895,25.66606221230298,19.419406150583253,91.99999999999999,86.8969999999999,72.51600000000002,63.851525000000095,25.22752093192574,3.359707,nan
MUSA,Murphy USA Inc.,513.52,USD,0.428294838949406,109417,0.4021549805624664,9438676162.512505,USD,Retail trade,Buy,538.853652106215,544.3524911680814,538.0117014543816,-2.1027547421599415,-3.291902071563092,27.5097459836615,520.814,543.3674999999998,570.5491999999999,493.5539,15.63507601060769,34.906,35.93962120459587
CHWY,"Chewy, Inc.",22.995,USD,-2.810650887573961,4455282,0.6543482211997608,9414709714.198225,USD,Retail trade,Strong buy,22.838942714968777,22.65768981382401,23.11831286065034,-2.6048284625158766,-2.6460626587637592,-30.233616504854368,23.700999999999986,23.36425000000002,22.33409999999997,25.770500000000002,38.16597510373444,0.775003,-32.51568100358423
PNR,Pentair plc.,58.82,USD,-2.30858661351935,1181798,0.23195026717210637,9389904353.325693,USD,Producer manufacturing,Buy,63.67257399285789,66.64923109976954,71.22137135957308,-1.9830028328611862,-15.585533869115967,-43.561696411437346,59.86799999999988,62.980500000000006,66.6978,85.50394999999988,14.802325288773687,4.64608,8.53545285698678
IONS,"Ionis Pharmaceuticals, Inc.",56.475,USD,-2.780168703735586,6368063,2.3873815089009125,9385259845.51859,USD,Health technology,Strong buy,59.21967970035679,61.54883066107138,64.45583955123595,-6.451880072883877,3.1883793166453582,-29.300200300450673,58.78100000000005,59.46624999999997,60.741899999999966,73.32840000000006,nan,-3.649244,-87.54657881946319
MSGS,Madison Square Garden Sports Corp.,389.13,USD,-0.5189692197566289,184862,0.8997320203987669,9370415702.654797,USD,Consumer services,Strong buy,392.27016442099534,387.3147179070372,374.6232414403742,1.5872601488056348,-0.7245452458096363,50.691244239631324,387.2199999999997,398.01600000000013,395.17320000000024,329.52415,1251.6243165004823,-0.692967,nan
AMG,"Affiliated Managers Group, Inc.",362.18,USD,-2.171681702771331,126724,0.49788879341606856,9365950874.128195,USD,Finance,Strong buy,363.51444589180926,356.83435002837365,344.8421722088989,-0.4261402688807663,-2.9190232396065046,25.430303030303033,363.15999999999997,364.1144999999998,362.6291999999994,315.1422000000002,12.640653357531761,36.951304,115.62311860325106
VOYA,"Voya Financial, Inc.",103.27,USD,-0.7877798059371768,171280,0.21000485286786347,9355884903.28014,USD,Finance,Strong buy,100.63406357753011,97.78641199216918,93.54316988221649,2.1463897131552936,2.166600712307081,38.673291258224786,103.13199999999998,100.79449999999997,99.11360000000002,81.74220000000005,17.414252470405717,9.141921,18.72509960159362
JXN,Jackson Financial Inc.,137.84,USD,-1.983929460285851,235281,0.505814324709144,9335730467.259048,USD,Finance,Buy,131.45761423587015,126.7943862455074,121.86614561620299,3.2432027563478485,4.038040606838248,29.46369869446793,137.54,133.69549999999992,125.32680000000002,112.80094999999987,189.3666712460503,27.07525,nan
VMI,"Valmont Industries, Inc.",482.91,USD,0.3011672828480134,68025,0.40375808109705863,9322508451.522848,USD,Producer manufacturing,Strong buy,491.27629047252634,496.10924107995686,493.3992815722067,3.5998541179499344,-2.3714216399805843,19.861500657747783,474.2739999999998,482.4450000000003,503.9893999999996,468.6760999999991,18.80022112869067,23.099448,139.09672254749557
CTRE,"CareTrust REIT, Inc.",39.395,USD,0.9869264291207513,617258,0.37600103457574807,9308770120.173933,USD,Finance,Strong buy,39.78463353783202,39.923249660499266,39.76853681867225,0.600102145045982,-3.8442762997315008,9.172786476375231,39.503,39.37525000000001,40.67549999999997,39.00107499999996,24.829824782553892,1.533849,32.349015682349005
EAT,"Brinker International, Inc.",222.775,USD,-3.2338632612283877,508090,0.6705157305743243,9304200337.69818,USD,Consumer services,Strong buy,220.03842938534294,208.39898613003666,194.31910189649372,-1.7010104575740148,-2.6077642738480384,53.70153166827654,229.37100000000004,235.76725000000005,210.8159,164.24527499999994,20.44764063919816,13.221096,31.088544236021708
SNAP,Snap Inc.,5.455,USD,-0.2742230347349119,11612296,0.33540064298349836,9225483510.343695,USD,Technology services,Buy,5.2651957541374665,5.217546399237668,5.297212790825845,0.27573529411764114,3.314393939393936,-33.71810449574727,5.512999999999997,5.407249999999995,5.022700000000002,5.824825000000004,nan,-0.048718,42.927278306228914
DY,"Dycom Industries, Inc.",305.405,USD,1.7236785131399108,297697,0.30881636558582964,9211307511.919394,USD,Industrial services,Strong buy,355.1435747270628,375.91030269476596,387.10977107676933,5.617996956702153,-24.803023587925352,-10.264735264735265,297.09499999999986,355.40275000000037,396.6239,394.38932499999993,27.799978153616486,17.052867,23.491456834532357
KTOS,"Kratos Defense & Security Solutions, Inc.",48.77,USD,1.9866164784609008,1577444,0.5979870378343815,9155169144.163738,USD,Electronic technology,Strong buy,52.33293656924868,53.9212987995746,57.210475208924436,-2.8292488543534464,-15.870277729860264,-36.290006531678635,48.36200000000001,55.56149999999991,52.3662,71.50384999999996,280.448533640023,0.838758,86.58798283261801
ADC,Agree Realty Corporation,73.36,USD,1.0190030294684589,364566,0.32696446526234624,9124466571.331312,USD,Finance,Strong buy,74.56082367193589,75.18385703038051,75.53175723503601,1.2979839823253214,-3.7901639344262303,1.7193566278424774,72.76800000000003,73.70649999999995,76.42780000000008,75.54020000000001,39.51734539969834,1.903142,10.717480765789942
TTEK,"Tetra Tech, Inc.",35.565,USD,-0.960735171261484,604322,0.3407144786936886,9106220241.788221,USD,Industrial services,Strong buy,34.94793366551355,33.94856005655954,33.19802099419367,-1.536544850498338,2.4042614454362248,5.785246876859014,35.88299999999999,36.209249999999976,33.6251,32.96854999999999,21.392481203007517,1.57707,106.08652535019216
QRVO,"Qorvo, Inc.",102.59,USD,-0.24309607156748347,512237,0.5596025426537753,9050657100.308441,USD,Electronic technology,Buy,97.45706613931739,95.70360726542073,93.75094122452394,7.95538251078607,7.076505583968271,20.128805620608894,100.568,97.32824999999977,92.388,87.94207500000027,23.804441144395202,7.648126,402.999533146592
PCVX,"Vaxcyte, Inc.",60.79,USD,-0.6049705689993418,504125,0.5129338698132376,9045873106.576029,USD,Health technology,Strong buy,59.18670074982676,58.0044174919397,56.672963218346645,0.829324929507381,1.4688699716241072,32.6423739908357,61.101999999999975,60.71800000000006,58.272600000000004,54.1171000000002,nan,-8.206667,-83.87235260446478
PBF,PBF Energy Inc.,76.19,USD,2.488566047888074,1189381,0.4929004255198527,9031321829.761097,USD,Energy minerals,Buy,69.2638440175566,64.26931274970296,58.341603797903225,1.5866666666666636,25.9755291005291,178.77789974387122,75.266,72.40550000000003,64.56619999999997,44.46585,6.7368141827667,17.58143,nan
OSCR,"Oscar Health, Inc.",32.935,USD,2.1240310077519453,2127182,0.5251561607224504,9006701321.985582,USD,Health services,Buy,31.119130845801216,29.714171358783684,27.450836211226015,10.483059376048319,24.283018867924536,127.92387543252597,31.517000000000007,31.095249999999975,30.4677,20.579275000000003,24.054192229038858,1.72404,nan
ONON,On Holding AG,27.33,USD,-2.357984994640944,5005534,0.8013478112763239,9001750899.540194,USD,Consumer non-durables,Strong buy,31.129098229787232,32.869794599190115,34.69183958926905,-3.085106382978727,-28.07894736842106,-41.65243381725022,27.841999999999995,29.61650000000001,34.10159999999998,39.51965000000002,18.318922179770762,1.72977558,226.7411300919842
LLYVA,"Liberty Live Holdings, Inc. - Series A Liberty Live Group",94.92,USD,-0.7372549019607826,35545,0.4399531145759456,8973676528.653805,USD,Consumer services,Strong buy,97.93105401941584,97.70670862363156,96.5658974469855,-4.256606818640305,-4.34344452282576,15.939904727006226,96.87899999999999,100.64125000000007,100.03929999999998,91.70514999999997,nan,-7.69,nan
BRX,Brixmor Property Group Inc.,29.19,USD,0.13722126929675027,888832,0.40759340078314915,8957602741.417152,USD,Finance,Strong buy,29.873916688068302,30.157623003745936,30.143574606756026,0.7594062823610715,-3.2803180914512873,11.796246648793572,29.254000000000065,29.457499999999992,30.692000000000043,29.172600000000003,20.827684623617554,1.052069,28.22506861848125
PRI,"Primerica, Inc.",291.0102,USD,-1.5593667546174166,50593,0.2896198699850476,8956522477.741661,USD,Finance,Buy,298.4278154563732,296.7598476046246,291.67213833804476,0.821161308203995,-10.256823017855487,12.97418378042627,293.6640400000001,299.96851000000004,305.8374040000001,274.4396509999999,11.682652471336352,25.249165,23.365541286766344
SM,SM Energy Company,37.63,USD,3.2656421514819014,2434675,0.7375039625304034,8950448126.6191,USD,Energy minerals,Strong buy,34.81592871071649,33.429145654493304,31.829885834267845,-1.3630406290956645,32.87429378531074,101.98604401502955,37.599999999999994,35.958,32.302600000000005,26.860450000000004,7.417847779376689,7.186377,-28.25564292583584
TTC,Toro Company (The),94.42,USD,1.1678988535304868,336023,0.36540726147199676,8938116123.707706,USD,Producer manufacturing,Buy,95.78247716814477,95.35816814254393,94.38346158303337,-2.659793814432988,-3.82970055001019,19.989833523954765,95.44600000000011,97.66099999999993,96.12679999999996,91.31690000000037,25.281816477896484,4.631304,13.265398962787742
KNTK,Kinetik Holdings Inc.,55.0,USD,1.0472166084879668,450343,0.5397672690156307,8930852440.10656,USD,Industrial services,Strong buy,52.91980602113854,51.70265878341357,50.156411896671,-1.6979445933869577,11.290975313638198,52.56588072122054,54.582000000000036,53.92700000000002,51.31939999999999,45.224999999999966,19.91743318606504,1.359357,281.67242570836214
AGCO,AGCO Corporation,127.415,USD,-4.486506746626686,373554,0.26595495495367216,8923091580.876762,USD,Producer manufacturing,Buy,117.6244421164299,115.99941009188136,115.38205943963638,8.107076192092318,25.755033557046996,21.52122079160707,127.12899999999986,111.15924999999984,112.23870000000016,115.20322499999996,17.634073766521347,5.653907,443.1481620687063
CUBE,CubeSmart,39.625,USD,0.31645569620253167,701260,0.3765633330757614,8922054025.838608,USD,Finance,Buy,40.41902248970833,40.510141813513364,40.35871071179301,-0.18891687657431444,-5.316606929510159,11.619718309859154,39.61300000000009,40.53425000000004,40.914899999999946,39.12737499999986,27.090312435906203,1.54136,-10.854461238420292
VICR,Vicor Corporation,193.04,USD,2.3813312118801275,172243,0.29262291851280015,8900443920.405197,USD,Electronic technology,Strong buy,210.11602804049818,221.20819646710865,223.1507154017739,5.428727471327143,-14.120473351721687,73.19217656558406,183.58600000000007,204.93299999999994,229.7445000000002,202.92470000000012,61.96315079925531,3.436,114.63313813296591
IDCC,"InterDigital, Inc.",342.875,USD,1.4603183997159266,61357,0.3713620806008903,8848234846.369549,USD,Technology services,Strong buy,326.8906336131761,318.0141661570112,313.32843990944536,3.6659108087679515,3.5688394852896748,7.65644133253791,333.283,339.63924999999983,305.3327,318.9537000000002,39.56143488444542,9.0725,-38.22946660204693
WULF,TeraWulf Inc.,17.715,USD,7.298606904906106,20227683,0.8048890125890387,8839230447.536947,USD,Technology services,Strong buy,17.546575178834125,18.346830496874382,18.67639958289121,20.469228153689222,-4.346652267818573,51.3455788124733,15.985,16.155250000000002,18.268999999999995,17.900225000000006,nan,-2.912736,-1179.5811518324608
ARE,"Alexandria Real Estate Equities, Inc.",50.715,USD,-3.675213675213666,410317,0.2575809175790908,8836965190.343592,USD,Finance,Buy,51.190772274902734,50.908514548435946,50.93214681358742,-1.0825043885313042,4.137577002053389,3.9454806312769097,52.08100000000004,50.897749999999874,50.66729999999994,50.130824999999405,nan,1.516062,-4488.115064345193
BRKR,Bruker Corporation,57.825,USD,-1.153846153846149,456162,0.2655160555718663,8810177330.07308,USD,Health technology,Buy,57.915719654198334,56.827185118379745,54.49861977654283,0.06056411143797144,11.15916955017301,22.536554354736182,58.157,58.02975,58.68089999999997,48.10057499999993,nan,2.123217,-234.26226379079975
ESI,Element Solutions Inc.,36.12,USD,0.3054707025826144,2234021,0.38587025498909655,8802114996.049986,USD,Process industries,Strong buy,36.95609741398418,37.6691949055316,37.66666654953593,3.5253654342218312,-6.763035622096036,43.39023421992852,35.179999999999964,36.34299999999999,38.080799999999975,35.19449999999999,49.21651451151383,1.813531,-25.906108026249374
QGEN,Qiagen N.V.,42.65,USD,-1.8863584080975393,746348,0.3972150009989617,8789088453.954453,USD,Health technology,Buy,42.44587771651223,41.79067049885527,41.54915592490334,-3.5722360388876293,0.32933427428840406,-9.88086930248883,43.51399999999991,43.33600000000017,41.96040000000019,43.12364053894993,21.66294189353921,2.425227,9.469001946066173
ALV,"Autoliv, Inc.",119.89,USD,-4.241214057507989,603202,1.0918691137100438,8780410183.228754,USD,Producer manufacturing,Strong buy,122.14569773078519,121.64610741933672,120.84581683589242,-0.13327780091628205,-1.4224634106232559,-1.0890190578335066,122.104,122.2235000000002,121.04600000000006,119.15719999999996,14.117494671643724,10.126858,-7.086433260393877
WAL,Western Alliance Bancorporation,80.28,USD,-0.8276714021000638,253688,0.26578025753303186,8758617371.043852,USD,Finance,Strong buy,80.5431546522527,80.56881570869125,80.55073835202273,3.002309468822175,-1.2060054147181933,-4.621599144588334,79.72200000000004,80.07349999999995,81.14600000000004,81.52989999999996,9.044818495234233,9.073776,16.700852003786686
IBRX,"ImmunityBio, Inc.",8.225,USD,1.7945544554455393,4596516,0.6110382191144719,8717153515.584778,USD,Health technology,Strong buy,7.915933971933155,7.827692696174459,7.604328211903208,5.179028132992319,11.148648648648638,307.1782178217822,8.062999999999999,7.934749999999997,7.874700000000001,6.629175000000001,nan,-0.96,-96.55242344352058
BAH,Booz Allen Hamilton Holding Corporation,72.38,USD,-0.5769230769230793,591741,0.44774052733475744,8706226721.16154,USD,Commercial services,Buy,73.24928305624421,73.21273548077569,74.38131590354033,-4.107048224695294,-1.9506908696830099,-14.078822412155747,73.52200000000016,75.62400000000001,70.50179999999996,78.83055,11.366027543537317,6.409482,-21.793753914549225
PB,"Prosperity Bancshares, Inc.",72.19,USD,-0.8515313830517849,186039,0.2666381356786073,8675560957.193518,USD,Finance,Buy,72.81713922268925,72.517701233141,71.9196322625244,0.9932848349188497,-2.1152542372881387,4.320809248554906,72.04199999999999,72.99799999999995,73.09700000000002,70.66505000000005,12.507580089055217,5.811957,5.186710648612203
AAL,"American Airlines Group, Inc.",13.0699,USD,-0.45773038842345976,33061808,0.537484916821182,8651880598.080807,USD,Transportation,Buy,14.073300546716986,14.300773997517577,14.260393733709952,-1.0081042187381573,-19.71805896805897,-14.96486662329212,13.04598,13.861494999999996,15.163998,13.930874500000025,nan,0.020582,-163.46104397017228
COLB,"Columbia Banking System, Inc.",30.555,USD,-0.7954545454545486,1016679,0.39221556955529546,8644079034.449999,USD,Finance,Buy,30.96232802966612,30.93071116125479,30.625552714518005,2.6713709677419293,-1.2443438914027198,8.930481283422456,30.24099999999998,30.98875000000003,31.530199999999986,29.68949999999998,12.191764424227914,3.02978,-0.5002382086707934
KMX,CarMax Inc,60.87,USD,-3.8236688260388716,657720,0.4977622569944747,8638127992.42155,USD,Retail trade,Buy,59.78813385225229,57.39103856205313,54.414912481842,-0.31116934163119037,4.158110882956879,57.00283724529274,61.84599999999999,61.054499999999976,57.97919999999997,46.41694999999995,40.06186652626036,2.707808,-57.98003263364584
SFD,"Smithfield Foods, Inc.",21.931,USD,-0.17751479289939884,674772,0.49416078087087806,8635713139.88343,USD,Consumer non-durables,Strong buy,23.103924829052595,23.779263923802077,24.28772580261694,-0.3136363636363594,-12.275999999999996,-1.8747203579418366,22.034199999999984,22.341049999999978,24.217619999999968,24.622380000000003,8.165537270087125,2.4628,15.982208403506492
LINE,"Lineage, Inc.",37.81,USD,-0.9431490699502212,239531,0.33072711750836065,8609715518.019913,USD,Finance,Buy,40.13232338885806,40.578404877050104,40.49257441642912,-3.9135959339263002,-7.441860465116276,8.400229357798164,38.37600000000008,40.3845,41.966,38.64317499999996,nan,-0.691357,72.1732745961821
FORM,"FormFactor, Inc.",110.21,USD,6.073147256977852,576567,0.5625172321007134,8609685509.04052,USD,Electronic technology,Strong buy,111.81845748836687,114.03429312975322,113.32759299830278,11.020449279742115,-8.081734778982495,90.50993949870353,100.572,112.97725000000003,113.65330000000006,102.34485000000004,75.55875497051967,3.048201,159.21450151057402
TKR,Timken Company (The),124.03,USD,0.7063981812276751,241323,0.3230465810726132,8594886930.857664,USD,Producer manufacturing,Strong buy,127.44074476817254,127.86440346677115,124.99810104643372,2.5549859434430324,-4.120284477427344,46.05511069241639,121.52000000000001,125.32949999999998,132.7392,111.42282499999999,33.64164044700011,6.282028,-16.14047857337822
NNN,"NNN REIT, Inc.",44.59,USD,-0.08962581223392145,542971,0.4771178573926638,8558221854.346628,USD,Finance,Buy,45.76400193533352,45.91826752784538,45.66696071168202,-1.8705985915492833,-4.559075342465744,12.85750442925843,44.94199999999996,45.62999999999997,46.914399999999844,44.076749999999954,21.968763856727595,2.05426,-3.513025289979087
PCOR,"Procore Technologies, Inc.",56.18,USD,-3.1546285123254583,1025534,0.4390159058044797,8536850615.368039,USD,Technology services,Strong buy,56.57008646690573,54.801603349099516,54.16049975787651,-9.020242914979757,-0.495926319518245,-23.03055213042882,58.92600000000008,60.72750000000002,52.64159999999998,56.904600000000016,nan,1.68162,72.92211186617877
TGTX,"TG Therapeutics, Inc.",55.67,USD,-0.5626507100116063,545515,0.35365553070274447,8521353884.977226,USD,Health technology,Strong buy,53.60354352776899,51.83575194818082,48.80492023361862,5.037735849056607,11.429143314651723,88.32882273342356,56.271000000000015,53.19525,53.58980000000001,39.13874999999995,20.27681660899654,1.00331,633.6985569214324
ACM,AECOM,66.13,USD,-0.6758786422349097,445187,0.1722671639910561,8510694911.529738,USD,Industrial services,Strong buy,67.88854041574132,69.45103371753312,72.87254237811365,-1.2247946228528863,-12.294429708222824,-30.86974702069831,66.44599999999986,65.08550000000004,68.3374,83.61914999999982,24.144729635985247,3.978942,-44.29846860954627
TXG,"10x Genomics, Inc.",65.285,USD,4.205905826017555,1530176,0.6583759844493129,8506059079.821628,USD,Health technology,Buy,57.244520646328574,51.593022823952474,44.85066797275804,5.656255057452658,43.45198857393979,300.27590435315756,62.556999999999995,61.48375000000001,51.44409999999997,29.187324999999984,nan,-0.744126,16.021076616348623
TWST,Twist Bioscience Corporation,129.2,USD,3.592046183450922,986323,0.7082581564117518,8505548792.039769,USD,Health technology,Strong buy,120.86873634355773,110.77754538577126,97.8263060617435,-4.253742404031428,16.511858598611227,307.1856287425149,129.13800000000003,133.92299999999997,111.50439999999998,65.27000000000007,nan,-2.158429,-53.16848050695688
GME,GameStop Corporation,18.945,USD,-1.1221294363256777,6910186,0.9874614350243572,8500455733.227557,USD,Retail trade,,19.39432217755452,20.03300277738798,20.756703571878052,3.8082191780821932,-1.379489849036963,-6.490621915103658,19.022999999999985,18.446749999999998,20.211500000000015,22.17517499999999,14.433186042968154,1.3,184.60537727666954
CNM,"Core & Main, Inc.",43.9,USD,-0.947653429602892,1565293,0.8137773490433148,8495529228.249097,USD,Distribution services,Buy,44.72241921850124,45.469133368101545,46.617334048831154,3.5377358490566038,-3.917706281462025,-15.852022235000964,43.60799999999999,44.49149999999999,44.851599999999955,49.91214999999999,18.62379093840149,3.133769,9.276343238607408
FR,"First Industrial Realty Trust, Inc.",61.84,USD,-0.016168148746965257,164044,0.22093953038969072,8473993570.561036,USD,Finance,Strong buy,62.88597166321055,63.05107024496785,62.67652973949452,0,-1.981296560469171,8.149702693249393,61.895999999999994,62.5785,64.13839999999996,61.07400000000003,22.51838904668269,2.503086,34.28194220331523
HESM,Hess Midstream LP,40.92,USD,2.5306940616387,729120,0.4821792023978813,8436818493.660737,USD,Energy minerals,Buy,39.96304735936928,39.675062124883574,39.2562293459633,0.41717791411043365,3.0990173847316806,18.334297281665712,40.18800000000001,39.8685,39.71420000000005,37.68069999999998,14.112291350531109,2.947861,7.6317743132887905
KNSL,"Kinsale Capital Group, Inc.",369.32,USD,-1.0317013693490962,83368,0.5186647902956281,8412528303.759894,USD,Finance,Buy,367.7352088272936,360.8751248567974,356.9685881237641,-1.3594722363184828,-0.7977651830562269,-5.544757033248084,374.95200000000034,378.49649999999986,361.2901999999998,357.8879399999998,14.969013833327253,21.229085,28.788653874261378
SNEX,StoneX Group Inc.,69.73,USD,0.38871292830407467,221459,0.3307253215685824,8410604985.659518,USD,Finance,Buy,70.57956814182945,71.4226072068043,70.41029865428709,3.2272390821613723,2.9529012254540086,64.8202768712987,68.67999999999998,68.0195,72.38997757679991,62.0263330255,18.068979813946257,4.365,47.982974154459704
FIGR,"Figure Technology Solutions, Inc.",37.605,USD,4.57452725250277,2287974,0.5988049935878982,8407169006.132786,USD,Finance,Strong buy,34.310249331380845,33.50431161753468,33.48687888820453,6.049069373942459,29.22680412371132,-9.906564446574041,35.33299999999999,35.470000000000006,31.90129999999999,36.8811,41.21095890410959,1.204962,nan
LNC,Lincoln National Corporation,43.87,USD,-3.5188036067737003,618513,0.3916763961006949,8398795115.697603,USD,Finance,Buy,43.39953777713177,42.28738100594365,41.08025888017756,0,-5.615318416523235,-1.504265828468796,44.378000000000036,43.810999999999964,42.53780000000002,39.44675000000001,3.7941949768214207,7.935353,101.7413152338911
RIOT,"Riot Platforms, Inc.",22.38,USD,2.6605504587155884,9438765,0.6491900902664931,8398294820.548623,USD,Technology services,Strong buy,21.094245619811584,21.18740506410415,20.88573603079082,21.663495515085618,2.005469462169543,72.02152190622597,20.348999999999997,20.022250000000007,20.946400000000004,18.698700000000006,nan,-2.553149,-701.7460659624919
CBSH,"Commerce Bancshares, Inc.",58.49,USD,0.21416945086952793,355969,0.46497505505078696,8389348138.350724,USD,Finance,Buy,58.37771057909418,57.72870440225077,56.69025803106312,1.3515855137757773,-0.5948334466349446,11.707410236822007,58.06500000000004,58.69025000000012,58.781700000000036,53.804890599900034,14.338595803098647,4.245971,3.34937927539904
MOS,Mosaic Company (The),26.345,USD,1.9148936170212665,5305648,0.7519395047918845,8374961297.227659,USD,Process industries,Buy,24.18592124577776,23.76685003982182,23.816584970002058,10.045948203842931,13.21443919209282,9.315352697095424,25.648999999999972,23.68025000000001,22.808300000000013,24.52702499999993,nan,0.60603,-168.4390789786022
APLD,Applied Digital Corporation,28.635,USD,8.589306029579069,13301914,0.9029144068941457,8346218408.220138,USD,Technology services,Strong buy,28.620369842467174,30.009480336074212,31.04887829074003,15.931174089068836,-4.230769230769221,13.137099960489937,26.022999999999996,27.86775000000001,29.061400000000003,32.229625,nan,-0.77,18.887368901048795
COMP,"Compass, Inc.",10.815,USD,-2.742805755395681,3106450,0.3098916039281939,8302076802.218526,USD,Finance,Strong buy,11.303058429693275,11.082790786573634,10.691264433044756,4.999999999999988,-15.043205027494114,1.8361581920903982,10.783000000000008,11.711249999999993,11.8423,10.144174999999999,202.90806754221387,0.184917,nan
BOKF,BOK Financial Corporation,136.41,USD,-0.2121433796634909,80168,0.35787704025581013,8289208359.501902,USD,Finance,Buy,138.75677200145853,138.19313500517248,136.32834398095125,0.4639858594785649,-5.454671472137513,14.678436317780575,136.036,140.06999999999996,140.58039999999994,130.82215000000014,12.835447325830856,10.65,27.078799473873012
RHP,"Ryman Hospitality Properties, Inc. (REIT)",121.39,USD,-1.7005425540529553,161419,0.30669376299352596,8281139674.930359,USD,Finance,Strong buy,125.14946400972886,123.90175160473909,120.40082868487322,-4.077439747135517,-2.512086605952553,28.251452720549388,122.64599999999992,126.2464999999999,127.4288,108.03384999999999,29.81236799449875,4.204978,-1.0041088230288726
REXR,"Rexford Industrial Realty, Inc.",37.05,USD,0.7067137809187225,850586,0.47135164442145094,8261710372.897526,USD,Finance,Buy,36.80019533944406,36.55217593001034,36.44552480286094,0.10807889759524222,1.7577588574567444,-4.387096774193556,36.908,36.918000000000006,36.49139999999993,36.96505,nan,-1.195,-234.26552621792487
IMVT,"Immunovant, Inc.",39.97,USD,1.8343949044585959,597844,0.5478318798560604,8255910962.781911,USD,Health technology,Strong buy,40.09979595479932,38.8760797317973,36.67627469523731,-1.5517241379310407,0.2759658805820357,56.25488663017983,39.54600000000001,42.15700000000001,40.463800000000035,30.64082500000001,nan,-2.936197,1.2756536407084698
UGI,UGI Corporation,38.4199,USD,1.2648919346336338,515025,0.3415611078537269,8240874791.781069,USD,Distribution services,Strong buy,37.13548558245989,36.70482721809497,36.42984275881043,-0.6724405377456084,12.701378703432075,3.057671673819735,38.09997999999993,37.42899499999999,36.50439799999997,36.71789950000002,12.822447685478755,2.797805,57.932742989668995
LAD,"Lithia Motors, Inc.",373.61,USD,-3.4125281145782136,141714,0.80598497046246,8213111972.662133,USD,Retail trade,Strong buy,365.95967619540426,352.72605137578216,338.0532411651802,1.9205063153013122,-0.1923436539951301,11.832495210727979,376.246,372.6304999999998,353.2936000000001,311.96505000000025,12.377298733481089,36.143003,-10.572470573596386
SARO,"StandardAero, Inc.",24.7,USD,-0.4433696090286153,1623470,0.5559722142315079,8173709834.087062,USD,Transportation,Strong buy,26.10480095934578,26.568757122027144,26.912328822023937,1.646090534979418,-16.80700572583362,-14.265879902811523,24.485999999999997,25.66949999999999,27.542999999999996,27.76699999999999,25.427218447601398,1.3204,144.62352052379754
NEU,NewMarket Corp,881.56,USD,-0.3887005649717576,106819,0.9530688175304919,8107183995.104497,USD,Process industries,Buy,878.770920151015,852.3815744440284,817.8638790420316,-1.9104736683987484,-1.4179638575773912,27.96260814027754,895.796000000001,923.1274999999987,851.3114000000016,733.3635999999992,18.97909535189132,nan,-7.931171866173245
OKLO,Oklo Inc.,43.4733,USD,5.338744850981339,10558212,1.066871449058194,8086801385.526142,USD,Producer manufacturing,Buy,43.754939471334886,46.3907674868745,50.85175367553251,10.478526048284627,-1.8439828403702807,-41.24435734558723,40.52665999999989,42.316665,43.94206599999996,64.5842165,nan,-0.949776,-132.91201982651796
CHRD,Chord Energy Corporation,146.9299,USD,0.36880934490061973,312201,0.543725433816444,8036752853.055625,USD,Energy minerals,Strong buy,141.44697332693164,138.2400779066175,134.25462399322785,-1.9094065024367373,12.443483584602447,58.70587599913589,148.26198000000005,144.29374500000003,134.18749800000003,121.27104949999998,9.849696994073955,19.748544,281.93409632076197
TTAN,"ServiceTitan, Inc.",84.1974,USD,-4.234076433121019,1633567,1.4585704845478673,8032227682.6661005,USD,Technology services,Strong buy,86.52839911544714,83.35390964075975,80.64896475070316,-13.36824776211544,-3.8403380539058936,-20.635875200301633,90.56747999999999,92.87861999999996,84.20994799999998,78.38963700000001,nan,1.311305,59.33493143048278
SYRE,"Spyre Therapeutics, Inc.",91.07,USD,2.3488424365025726,802963,0.5853416836208528,8029985272.178466,USD,Health technology,Strong buy,94.44907958009952,91.96144304446732,85.26875223756774,4.606018837583266,-14.093010093387427,177.99145299145297,88.57000000000005,98.58500000000006,98.14040000000006,62.32045,nan,-2.739089,28.51287096245286
AOS,A.O. Smith Corporation,59.08,USD,-2.3148148148148127,609254,0.4812288794829918,8029478236.865742,USD,Producer manufacturing,Buy,60.71968644557381,60.941107576074025,61.65791957231893,0.5788219271365276,-6.222222222222225,-11.899791231732783,59.56800000000004,61.457499999999854,61.270799999999916,65.17765000000003,16.471047422565444,3.736149,0.04183633625258149
EMN,Eastman Chemical Company,70.19,USD,-1.4046916701783958,315340,0.4215264272099627,8028151281.553028,USD,Process industries,Buy,71.63831885854641,71.67171659478946,71.62428923228796,-2.0923420281768728,-4.594263966290602,9.313191091730268,70.89000000000001,72.76850000000005,70.619,70.65777500000002,18.28483601219163,6.367412,-46.07052542849115
BROS,Dutch Bros Inc.,45.795,USD,-1.6852726492056607,2174910,0.6006529077305378,8000652237.825998,USD,Consumer services,Strong buy,52.266880803707565,54.790445556971854,56.238873575478856,-4.851444005817579,-14.96611271005477,-25.36668839634941,46.61100000000002,49.44525000000001,58.84809999999999,57.16842500000004,64.55455314350155,0.957061,50.6476959014653
CIFR,Cipher Digital Inc.,19.2699,USD,8.624013528748598,25937474,0.9790494494016658,7997600584.514223,USD,Technology services,Strong buy,18.450358847410442,19.00390858053492,19.104666184162195,29.458515283842797,2.8825413774692974,28.723446893787568,16.833980000000004,16.615744999999993,19.312298000000002,18.4011745,nan,-1.295457,-522.4881463084218
ATR,"AptarGroup, Inc.",125.625,USD,-1.4009889333647254,108496,0.33874872535238976,7987379329.747469,USD,Process industries,Strong buy,129.59766635066765,128.9323733038168,128.12048058248752,-4.576528674515766,-6.985784095957354,3.191227205519965,128.51899999999995,132.07524999999998,131.2185,126.55367500000004,22.69770719280178,5.517143,-4.529694857951115
LEVI,Levi Strauss & Co,20.735,USD,-1.5432098765432067,1544732,0.8245016290602007,7979876200.524692,USD,Consumer non-durables,Strong buy,22.066989775008025,22.42327044539839,22.46031473425588,1.6421568627451024,-15.159574468085113,-0.4082612872238273,20.66299999999999,21.505750000000006,23.283700000000024,21.92952499999997,16.96808510638298,1.540759,20.72712902588421
IDA,"IDACORP, Inc.",137.8,USD,1.5475313190862365,160887,0.41209542739464977,7970633598.412677,USD,Utilities,Strong buy,139.77323701839205,141.2166725999807,141.64121397793306,0.9671746776084567,-1.7118402282453478,9.010363104184806,136.22800000000012,138.61200000000005,144.04179999999988,139.42139999999995,22.79796174971875,6.378671,6.241541138628657
CDP,COPT Defense Properties,35.23,USD,0.19908987485779375,231588,0.32280087478552005,7965993417.431457,USD,Finance,Strong buy,36.15546799431791,35.89624636790684,35.15275482210249,-2.5179856115108015,-4.937938478143566,26.817854571634253,35.334000000000046,36.56750000000001,36.99300000000001,32.700950000000006,24.548811929482262,1.44545,13.008898338451846
NFG,National Fuel Gas Company,83.67,USD,0.4200672107537309,100820,0.25427990765013786,7952423904.62146,USD,Energy minerals,Buy,82.40570259730075,82.11880368894226,82.34238477046418,-0.15513126491646237,4.430853719420865,4.548294389603899,83.51200000000001,82.85850000000002,81.44159999999994,83.68440000000004,11.639424080127982,7.28,169.00048647232722
PRMB,Primo Brands Corporation,21.955,USD,-0.20454545454546227,2262411,0.4963081774491419,7946474495.348408,USD,Consumer non-durables,Strong buy,22.90556223811398,23.009520484459028,22.78413093195466,-3.621597892888511,-7.440978077571672,34.52818627450979,22.167000000000012,23.156249999999986,23.609300000000005,20.752025000000003,80.30358449158742,1.326,nan
CBC,"Central Bancompany, Inc.",33.025,USD,1.1795343137254841,1220996,1.797159360279822,7909657174.031863,USD,Finance,Buy,32.32743893146165,31.58783382745685,30.399250173378693,2.7855586679115967,-0.7363991584009755,37.718932443703075,32.435,32.47749999999998,32.142599999999995,nan,18.126680937482845,1.906,nan
ZWS,Zurn Elkay Water Solutions Corporation,47.6238,USD,0.02898550724638388,280956,0.38870944579061356,7899078349.471015,USD,Producer manufacturing,Buy,48.62561679012618,48.76030641022032,48.66803886605415,0.6207479399957839,-7.634212567882078,2.394753816383584,47.27875999999998,48.958689999999976,49.088075999999944,48.343543999999945,29.242171189979125,1.830509,60.9129532654876
THG,Hanover Insurance Group Inc,226.7,USD,-0.735616078465718,69790,0.3365394352464179,7893744257.557579,USD,Finance,Buy,224.05753833296598,219.11169071938392,211.69310108724622,-0.28590279305036537,-1.0043668122270792,24.67003959524856,227.9599999999999,225.31450000000018,221.99439999999996,191.6818499999999,10.814291847540904,20.285878,37.99164006187672
CMC,Commercial Metals Company,71.355,USD,1.5295959021058663,309263,0.3809564518252929,7893599375.393854,USD,Non-energy minerals,Strong buy,69.69829355477064,69.55308895827561,69.32025372268308,7.446167745821424,-3.2867985904038997,1.7902995720399568,69.335,69.11324999999995,67.88669999999996,69.85367500000005,13.447983415001886,6.390177,1609.9581050596196
ZETA,Zeta Global Holdings Corp.,31.4,USD,0.15948963317383463,2846273,0.35276477600568973,7881826942.845294,USD,Technology services,Strong buy,28.118711654724834,26.086407408097042,24.056220788817846,3.2894736842105265,23.08898471187768,52.87244401168452,31.486,29.643999999999995,25.100199999999987,20.159950000000002,nan,0.970637,92.81997918834547
MHK,"Mohawk Industries, Inc.",130.25,USD,-2.5293721469729817,546387,0.6400401744877243,7872068632.5095415,USD,Producer manufacturing,Buy,129.03012852220712,125.20724530219042,121.24182172163914,2.956288040471105,-2.4490713001797557,18.91719163699443,129.96800000000005,133.1845,124.05199999999994,113.99165000000008,17.268123243357905,9.845964,0.2445377704534548
GTLB,GitLab Inc.,47.22,USD,-5.237808549066826,2010068,0.2655559352921001,7867560589.024683,USD,Technology services,Buy,42.35448243338577,39.123834598784384,36.30481293488162,3.3712784588441314,25.769077107471027,24.32859399684045,48.20799999999998,43.97600000000001,37.64390000000001,31.59825000000001,nan,0.866466,-829.7619047619047
GAP,"Gap, Inc. (The)",22.315,USD,-0.5127061970575053,2553740,0.2232643139147975,7838592635.6747675,USD,Retail trade,Buy,21.52898252440193,21.4712566568557,21.840941437585187,1.224767520979812,10.799404170804372,-13.440651667959658,22.224999999999955,21.06875000000002,20.296499999999977,23.920024999999978,6.666766252390058,2.426745,43.84185646755479
ALKS,Alkermes plc,46.41,USD,0.6724511930585578,630000,0.514625324989977,7785892633.8449,USD,Health technology,Strong buy,47.75188104880755,47.16448551244281,45.14482921719539,-1.2553191489361775,-5.382262996941898,65.69082470546232,46.86199999999998,48.43549999999999,50.39529999999998,37.79654999999999,120.54545454545453,-0.478707,-81.51881720430107
HQY,"HealthEquity, Inc.",93.94,USD,-2.217133340272713,487731,0.4567465902105677,7770274682.591027,USD,Finance,Strong buy,97.4234693474327,96.15843418456937,94.07857930536083,-2.803931712364209,-9.612239007023966,2.420409943305712,96.86600000000008,101.2987499999999,99.3393999999999,89.33969999999998,33.928055475296155,4.723607,67.61305163750833
VLY,Valley National Bancorp,14.01,USD,-0.10695187165775807,2199825,0.380721656812316,7741998985.856684,USD,Finance,Strong buy,14.209000876417502,14.174975638872894,13.951085537496633,2.9390154298310094,-3.2458563535911646,19.743589743589748,13.825000000000006,14.258750000000001,14.4723,13.159350000000002,11.827775432672013,1.279518,51.664532650448145
PCTY,Paylocity Holding Corporation,144.295,USD,-5.224958949096888,254222,0.5112814072979407,7655854746.430803,USD,Technology services,Strong buy,144.15718267201754,137.97638810489897,132.5552194486918,-8.720268218623497,-4.7746320860555755,-4.912685337726532,152.31900000000002,151.7067500000001,137.2364,125.30434999999993,29.19237694470857,8.830307,23.061793556739516
NOV,NOV Inc.,21.455,USD,0.3038803179055527,1112042,0.38864361929293856,7648237823.068255,USD,Industrial services,Buy,20.711771900251115,20.386093056608413,19.972782731983447,-0.5792400370713624,8.468149646107165,36.48218829516538,21.480999999999984,20.90274999999999,19.967099999999995,18.985775000000018,82.36084452975047,0.915818,-78.59842260926717
AXTA,Axalta Coating Systems Ltd.,35.715,USD,-0.18166573504750622,989441,0.745577733242226,7643724192.196199,USD,Process industries,Buy,35.71990051000059,34.98008476947977,33.99408355402907,-0.29313232830819896,-5.765171503957771,9.588830929733046,35.66700000000001,36.29775000000001,35.100300000000004,31.871224999999978,22.00418951389317,2.65115,-20.225105671876545
AVT,"Avnet, Inc.",93.05,USD,1.0753856180751629,229833,0.23709349024234222,7636890136.255159,USD,Distribution services,Buy,90.88463719855861,89.1158912525569,85.42965304640447,5.046285843305485,-4.564102564102567,91.46090534979423,91.06199999999997,91.50025000000004,89.43709999999992,71.99580000000003,23.31846431435445,11.612,46.114976199194444
FLR,Fluor Corporation,57.1,USD,1.6737891737891826,750862,0.3370569484491341,7636614411.515314,USD,Industrial services,Buy,54.03719749571434,52.85880103263636,51.474027313584926,5.976243504083145,4.732208363903151,41.96916956737942,56.722,53.82699999999996,51.98519999999985,47.95549999999992,nan,2.698259,-152.5275023879319
SSRM,SSR Mining Inc.,37.2,USD,0.134589502018854,1044067,0.44798289124106766,7585426904.26918,USD,Non-energy minerals,Strong buy,34.403322837448314,32.93463047490513,31.482638427341335,3.0328209389281433,23.17880794701988,65.77540106951872,37.36400000000001,35.980000000000004,31.090500000000002,28.202449999999985,34.31417765888756,4.107511,41.490472461498314
AVAV,"AeroVironment, Inc.",148.905,USD,2.9415831316971968,1276540,0.9675060045641509,7567740834.182716,USD,Electronic technology,Strong buy,157.08611842721797,162.16674605513532,172.44855828216458,2.003699136868072,-13.778228141285458,-40.06641175286777,146.06499999999997,162.07425000000003,159.17869999999994,211.80797499999989,nan,3.226747,-451.9178437216534
CELH,"Celsius Holdings, Inc.",29.795,USD,-2.8212654924983642,4141589,0.6456483279096564,7539179260.329909,USD,Consumer non-durables,Strong buy,30.5669607187843,30.887523759386493,32.26570673117786,-5.171865054105665,24.301209845640393,-35.82812836528107,30.814999999999998,31.43399999999994,30.198800000000073,37.68194999999997,128.871107266436,1.450746,-36.255858836504004
MORN,"Morningstar, Inc.",200.71,USD,-4.149952244508117,154518,0.5782779205527468,7529348189.955779,USD,Commercial services,Strong buy,200.84159726081367,194.9055832122607,190.96388587842478,-7.749230132830807,1.95570456161739,-7.126000647818242,209.10600000000008,210.78249999999986,191.00649999999976,187.88719999999975,19.028071406224818,12.315837,12.230544974783475
HNGE,"Hinge Health, Inc.",91.915,USD,-0.49258417235032836,666838,0.36540690299131084,7417027770.1286125,USD,Technology services,Strong buy,86.90627924065582,82.21628549653308,75.455004572743,0.5744611007768965,14.350584722567818,97.9220499569337,91.38299999999998,89.49374999999996,85.63710000000003,57.045849999999994,70.78007084552596,2.318917,nan
MTDR,Matador Resources Company,59.9,USD,1.267962806424345,514061,0.35164184944400667,7412877912.686391,USD,Energy minerals,Strong buy,56.14746848322695,55.19555899882782,54.440038269740825,1.6287750254496114,24.661810613943814,41.37361340571159,59.511999999999986,56.770000000000074,53.13220000000004,51.87110000000004,10.287147077007624,7.766901,-14.615441014737145
Z,"Zillow Group, Inc.",32.73,USD,-5.377276669557694,2787958,0.8875516836325936,7388755378.694708,USD,Technology services,Buy,34.1690963650226,34.76400996719704,37.01672602067443,-4.298245614035105,-2.2401433691756276,-52.25382932166302,34.13800000000001,34.969999999999985,33.811699999999995,46.637549999999976,145.27296937416776,2.23955,nan
SSD,"Simpson Manufacturing Company, Inc.",180.1,USD,-0.4807426645300351,86818,0.4370204405642033,7381341636.686742,USD,Producer manufacturing,Buy,186.30422200235154,187.70838553540037,187.57322667852674,-0.5137270065734999,-7.011565468814546,10.830769230769228,178.71199999999993,186.95649999999966,190.65879999999993,183.94520000000034,19.669302345900135,9.17,16.600448247758752
OMF,"OneMain Holdings, Inc.",64.093,USD,-0.8308834906390098,223989,0.2856598473506745,7373352351.513045,USD,Finance,Strong buy,63.120400030078365,62.03946065273765,60.924590474389646,3.3924826584933077,-1.2434514637904501,-5.299940898345158,63.510600000000025,63.71315,62.27206000000001,59.987315000000024,9.665515525327624,7.092059,19.86587371884095
KEX,Kirby Corporation,139.54,USD,-0.8737657171272417,130589,0.39705654762176235,7367712116.968955,USD,Transportation,Strong buy,139.19413203895812,139.04161118411702,137.76508104040758,-1.489587010236508,5.130716492126877,26.0523938572719,141.23000000000002,139.28749999999997,138.95819999999995,132.46494999999993,21.437679556313466,7.122245,23.236396682949007
SLAB,"Silicon Laboratories, Inc.",219.935,USD,-0.29241091667422714,51589,0.16902118162479063,7338518477.4572935,USD,Electronic technology,Buy,218.9494887816656,217.8209444453665,213.6751015192835,0.5968988702373905,0.5876972330208079,65.58876675199518,220.11499999999992,219.00924999999984,218.3573,194.5733,nan,2.907218,63.222884090345
NE,Noble Corporation plc A,45.955,USD,0.756413067309798,795532,0.7844166590578189,7336357946.848607,USD,Industrial services,Buy,44.738527850867584,44.43009083933839,44.002729044182985,-1.3629534234814447,13.133924175283115,62.78781438186326,46.56699999999999,45.78424999999999,42.65010000000003,41.91282499999998,49.681081081081075,0.61826,-52.02530989056584
DBX,"Dropbox, Inc.",33.73,USD,-3.158196956646573,1563947,0.46766838209693995,7334339905.154752,USD,Technology services,Buy,33.41063723211146,32.163901845612514,30.748315557074047,-3.435442313197832,-4.284903518728732,22.033285094066557,34.60399999999999,34.601,32.259600000000034,27.681900000000063,18.731604376075968,3.066418,10.168247170388492
FAF,First American Corporation (New),71.8,USD,-1.3058419243986292,388367,0.5142415570290573,7330779890.449484,USD,Finance,Strong buy,72.56597493962529,71.8113770639567,70.53366225857461,-3.038487508440243,-4.559351322610669,17.128874388254488,73.73999999999998,73.24399999999996,72.74980000000006,66.90840000000003,9.938128918847841,6.962,299.0224235060201
MSA,MSA Safety Incorporated,189.385,USD,0.3683290052466973,80051,0.3989923885863186,7306149363.225503,USD,Electronic technology,Buy,186.4375632730809,183.18647621387117,180.00448611565864,1.8198924731182746,-2.0658806494983994,18.195718654434252,188.3410000000002,189.36574999999976,181.82290000000046,174.67342499999944,23.553004676151623,9.162821,14.6474656020532
TAP,Molson Coors Beverage Company,38.96,USD,-3.8024691358024674,2603237,1.0137498381964232,7302698238.390123,USD,Consumer non-durables,Buy,40.98622663064143,41.259107021112676,41.83604246843515,-2.061337355455003,-7.765151515151517,-17.12401616677302,40.06599999999999,41.43249999999995,41.00919999999978,44.04624999999998,nan,4.719771,-327.2976113113172
FSS,Federal Signal Corporation,119.33,USD,0.04191817572099024,118215,0.33554665734900113,7284095332.504695,USD,Consumer durables,Strong buy,120.62659052949945,120.05505183784743,118.82520544349602,2.9061745429458474,-6.297605025520217,9.256546420069585,116.9,121.05800000000002,121.83580000000005,115.31595000000002,25.70382337102854,5.231016,29.12691569549134
CAG,"ConAgra Brands, Inc.",15.215,USD,-1.7118863049095643,5995001,0.6667546626968802,7281376047.279393,USD,Consumer non-durables,Buy,15.315618514477938,15.119955908643517,15.14520185598867,-4.428391959798995,2.8735632183908097,-11.694718514219387,15.720999999999998,15.837249999999994,15.0351,15.86467499999995,nan,1.447841,-266.5292868739853
AUGO,Aura Minerals Inc.,86.75,USD,2.167000353315279,459144,0.5261505331590889,7268716046.496291,USD,Non-energy minerals,Strong buy,78.52446665033679,75.38812779115219,72.9334555302989,7.098765432098766,24.07036613272311,69.64896841693556,84.68299999999999,83.29874999999998,68.86650000000002,68.80929999999995,24.61481712680532,7.010736,nan
AXS,Axis Capital Holdings Limited,99.455,USD,-1.6660075143365654,151067,0.32340963200532297,7256865695.048942,USD,Finance,Strong buy,102.18426747145888,103.03730249518725,103.18727317207984,0.44944955055044256,-4.019494306118516,-6.79880048730203,100.29299999999994,99.77074999999994,106.33369999999987,102.93222500000019,7.063013542976046,12.28255,35.40560812370181
TEX,Terex Corporation,63.45,USD,0.34793610627867466,345667,0.38545656319453897,7252335141.49059,USD,Producer manufacturing,Strong buy,64.90875481943334,64.92185503180934,64.18360866655783,1.6175528507367154,-3.6739031425535167,18.465272591486183,62.108000000000004,64.79400000000001,65.90299999999998,61.28627499999993,32.9165802033617,5.042071,-28.130942172178518
PATH,"UiPath, Inc.",13.98,USD,-7.9657669519420615,39559040,0.616875660718948,7243325304.18565,USD,Technology services,Buy,14.70040419448765,13.999166083939873,13.360324985469127,-23.98042414355628,-1.6877637130801701,-15.27272727272727,16.704,16.5995,13.963599999999987,12.893200000000004,20.800476119625056,0.786188,1782.6330532212885
MBLY,Mobileye Global Inc.,8.51,USD,-0.5841121495327186,1045698,0.37788879770602235,7235096710.621494,USD,Technology services,Buy,8.671644082511184,8.741320948294058,8.892062604541723,1.0688836104513046,-0.8158508158508192,-18.952380952380956,8.450000000000003,8.721500000000004,8.808599999999998,9.231800000000009,nan,0.490912,-36.48789592139211
STAG,"Stag Industrial, Inc.",37.5,USD,-0.47770700636942603,454158,0.2935738801871212,7230312596.536625,USD,Finance,Buy,37.74652660976902,37.9790132449326,38.09724831098986,0.6711409395973155,2.096378981758789,2.2355507088331525,37.59400000000009,37.05150000000002,38.411600000000014,38.15145000000004,28.759874223483394,1.097368,3.189300411522634
TRNO,Terreno Realty Corporation,66.24,USD,0.8987052551408822,182952,0.3008153247577925,7218193768.768924,USD,Finance,Buy,67.52427637671396,67.61884730025962,67.09613490837133,-0.4358935818427871,-2.51655629139074,12.768130745658823,65.97599999999996,67.52449999999999,69.31179999999999,64.95730000000007,17.84290485939015,2.11,47.77485868959479
AWI,Armstrong World Industries Inc,170.71,USD,-1.511567530144813,84026,0.2678294518048191,7214686934.294525,USD,Producer manufacturing,Strong buy,172.57873474518763,170.88183702089677,170.31224495556177,-0.5302412306257992,-7.182470639408428,-10.585585585585575,170.58600000000007,176.8800000000004,169.66219999999993,174.36109999999968,23.38653332420029,8.435944,8.054297302898426
CAI,"Caris Life Sciences, Inc.",25.4577,USD,1.5464698843238884,2691582,0.4971798211470633,7194223336.632408,USD,Health technology,Strong buy,23.088816364039964,21.757057509756162,21.005172789663888,-0.555859375000009,23.01377144237738,-6.060147601476023,25.08554,24.473884999999996,20.119753999999972,20.956063500000027,68.3795326349718,0.124545,nan
APPF,"AppFolio, Inc.",202.78,USD,-5.366809781594176,139185,0.4354823721704284,7181933844.2025385,USD,Technology services,Strong buy,203.9877729324358,196.05719380767283,190.49695771381792,-12.745266781411361,3.750319774878492,-12.76028222336947,218.03599999999997,216.43099999999964,193.20030000000006,187.59359999999992,46.22714630921443,6.9,-20.83378451543044
VFS,VinFast Auto Ltd.,3.065,USD,-0.48701298701299106,313993,1.0131908122841478,7170677321.537337,USD,Consumer durables,Strong buy,3.1162667570308376,3.1685710437083863,3.2435857587699917,-1.4469453376205765,-6.554878048780484,-8.233532934131734,3.089000000000003,3.1129999999999987,3.1092000000000017,3.3968749999999988,nan,-1.532,-29.11998820754717
SFM,"Sprouts Farmers Market, Inc.",76.77,USD,-5.687960687960699,1349158,0.8896505533486145,7158620478.707248,USD,Retail trade,Buy,80.78407288713551,81.16123566428443,81.6480330455174,-6.503470953598835,-11.859931113662455,-3.4582494969818915,79.374,81.70999999999994,81.29969999999993,79.14777499999995,14.709714504694384,5.569376,7.524001813012498
ACA,"Arcosa, Inc.",145.625,USD,0.12031625988312916,128644,0.25674872497805606,7151178722.168272,USD,Non-energy minerals,Buy,144.34605756889664,141.71839114891873,136.90527636194133,0.2512735784111312,0.4864752967154379,36.26368485075324,145.4970000000001,145.27824999999996,145.12569999999994,123.64261499999989,54.4881388909676,4.28,42.46268656716419
RAL,Ralliant Corporation,64.375,USD,1.4418531358335946,660151,0.6701652117425477,7122450348.959974,USD,Electronic technology,Buy,65.10699517632891,64.51055216226162,62.30399391131293,4.403178722024008,-2.9766390354182284,25.145800933125976,62.650999999999975,65.59824999999996,67.40850000000002,54.999924999999976,nan,2.858031,nan
CLF,Cleveland-Cliffs Inc.,12.455,USD,-0.35999999999999943,3663187,0.3333959438915716,7106076186.243199,USD,Non-energy minerals,Buy,11.84064772758188,11.624976595739815,11.451124265592004,10.123784261715292,0.687146321746167,-7.80903034789045,12.23900000000002,11.831750000000039,11.059099999999987,11.425274999999985,nan,-0.196375,52.62541022034692
ESE,ESCO Technologies Inc.,274.13,USD,0.040143055251446486,69408,0.4011640508275222,7102040802.153492,USD,Electronic technology,Strong buy,290.82496832713093,296.5977042718472,295.9059083464449,1.031953709505035,-11.008310609011824,40.65883318795218,271.31000000000006,285.1659999999998,309.3452000000002,277.3777000000004,50.003648170442524,8.357803,23.50635306839687
PPC,Pilgrim's Pride Corporation,29.815,USD,-2.1817585301837243,460313,0.3987306810999113,7099205887.09695,USD,Process industries,Buy,29.87338269826134,29.909078272331293,30.727068396064837,-5.529150823827622,9.212454212454213,-23.649167733674766,30.603,30.197750000000013,29.068599999999982,34.46429999999997,13.035589366911509,2.46125,-55.971355971355976
RYTM,"Rhythm Pharmaceuticals, Inc.",102.965,USD,0.21899941600156564,234455,0.5928726818843769,7089354403.971092,USD,Health technology,Strong buy,105.72701100967811,104.3974130225473,102.19441557715723,-2.67038472445411,-9.01740744013431,-3.0278771896779086,104.15099999999998,110.52650000000003,109.3711999999998,99.60249999999995,nan,-3.010297,-3.3095908563856176
NCLH,Norwegian Cruise Line Holdings Ltd.,15.435,USD,-0.867052023121386,7397653,0.5665706604233033,7087564105.393064,USD,Consumer services,Buy,17.18948638702053,17.799043073610854,18.395273680853677,-3.31976197932978,-21.450381679389306,-31.460923623445822,15.518999999999966,17.095250000000014,18.642099999999967,19.834574999999987,9.75417087967644,1.547216,13.899085870582311
CAVA,"CAVA Group, Inc.",60.33,USD,-0.7077024358130344,1283442,0.677395241382903,7046917738.193877,USD,Consumer services,Strong buy,66.55705278547838,69.18131518151607,71.40078908804168,-7.1846153846153875,-2.693548387096777,2.358330505598915,61.125999999999976,67.38150000000003,67.70040000000013,72.11025000000001,107.73214285714285,0.54552,-52.83018867924528
VCTR,"Victory Capital Holdings, Inc. Class A Common Stock",113.49,USD,-0.2110261144816751,358460,0.572085648464014,6980721427.505935,USD,Finance,Buy,109.82793479757305,104.50630819353503,97.7010813808463,-5.354015511633727,6.273995692480558,79.17587622355539,113.02599999999995,116.09725,104.27230000000003,80.60494999999999,20.796760183980503,7.946286,34.7132735935224
SRRK,Scholar Rock Holding Corporation,57.14,USD,3.2712814024941306,509928,0.5318438490405695,6958811033.039581,USD,Health technology,Strong buy,54.63872567649766,53.30008571484013,51.576517235264525,1.2223206377325027,7.204502814258919,29.893157535803585,56.079999999999984,55.862500000000054,53.48470000000008,47.81255,nan,-3.325022,-14.401246229823336
SGHC,Super Group (SGHC) Limited,13.695,USD,-2.1086490350250173,892422,0.4154297918847669,6958383496.938528,USD,Consumer services,Strong buy,13.723975048325439,13.605666047479032,13.281713585442875,1.4444444444444466,4.621848739495801,13.088356729975235,13.820999999999989,13.493250000000023,14.026899999999996,12.085725000000007,18.824742268041238,0.840268,175.8816837315131
ZGN,Ermenegildo Zegna N.V.,12.17,USD,-3.1050955414012784,580201,0.5539495522964902,6949274673.044585,USD,Consumer non-durables,Buy,13.321444639773071,13.394586485711237,13.152851802164065,-9.179104477611943,-18.04713804713805,18.385214007782107,12.596000000000004,13.458000000000007,13.823599999999994,11.989649999999994,35.4707082483241,0.46968625172,-15.304862996790916
HXL,Hexcel Corporation,91.785,USD,-0.21200260926289125,200745,0.322035991927644,6941098724.471951,USD,Electronic technology,Buy,96.19220651722135,96.42791605516042,94.8210382864034,-0.7407807937709552,-11.207313533907332,23.582873300121182,92.00500000000004,96.11724999999991,100.34489999999992,88.6968900000001,46.26493270830183,2.403421,84.24034175334324
AN,"AutoNation, Inc.",209.395,USD,-1.3962139762667185,420579,1.093751056487287,6922767550.109225,USD,Retail trade,Strong buy,205.7699979048794,203.76324684520398,202.15747712816264,4.493737212435763,-0.05966017563955708,1.6628635238141531,207.7710000000001,203.21524999999994,203.13029999999972,201.622325,9.699916154405601,21.795745,35.24606083388153
LUMN,"Lumen Technologies, Inc.",6.71,USD,-0.8862629246676458,5585502,0.46861544509977593,6920998846.103397,USD,Communications,Buy,6.597283814820582,6.833059948812281,7.111855232104005,10.180623973727425,8.051529790660226,-15.06329113924051,6.716000000000004,6.311999999999998,6.453999999999988,7.738699999999992,nan,-0.878451,13.542895668295976
PACS,"PACS Group, Inc.",43.57,USD,2.5176470588235302,266191,0.4884978897719177,6898682170.938587,USD,Health services,Strong buy,43.66854441736561,42.93622976341347,41.24256993449719,3.1242603550295867,-6.742294520547943,13.198233307352554,42.87399999999998,43.815500000000014,44.62780000000004,37.90114999999999,26.11014562234074,2.367539,103.6241610738255
CAMT,Camtek Ltd.,147.545,USD,1.252401866593459,157611,0.49719432884711967,6885655900.62548,USD,Electronic technology,Strong buy,148.2771168536681,151.3862540661986,153.33607602221545,12.672775868652158,-6.486880466472312,33.464495703301665,138.44299999999984,149.46249999999995,147.86700000000016,152.29552499999997,244.23936434365172,3.612417,-77.69531826908876
URBN,"Urban Outfitters, Inc.",80.31,USD,-0.8151167098925487,557620,0.3619108936723682,6878582974.339015,USD,Retail trade,Buy,77.67877125626136,76.17186331988935,74.64887441503936,1.5040444893832123,3.3989957512553115,6.6675521317571995,79.98000000000003,77.93300000000008,75.0178000000001,72.06294999999997,12.524367231726526,6.291988,25.49023445144625
WFRD,Weatherford International plc,94.27,USD,-1.6791823112223607,510573,0.5061840301299523,6852334578.1966,USD,Industrial services,Strong buy,92.41529788484638,92.2997341927135,92.34298102362044,-3.3623782675551013,6.930580762250454,19.905876367336543,95.76200000000003,93.02125000000004,87.83309999999992,92.44919999999995,18.6256495366803,5.16167,-22.193697156033817
CHE,Chemed Corp,523.0,USD,0.6078793474915297,77356,0.5325710619132104,6835589743.609572,USD,Health services,Buy,519.7137880970324,507.009233170118,489.88328755922436,0.24534232921873278,-4.96093040159912,22.296270314509535,521.290000000001,530.8129999999999,517.453600000001,448.23325,26.269658293527016,25.5225,2.3551730520081344
S,"SentinelOne, Inc.",19.56,USD,-1.6096579476861181,3065218,0.31120663623644346,6807840759.060362,USD,Technology services,Strong buy,20.056176303849313,19.37378429969462,18.445909507401563,-9.94475138121547,-7.952941176470594,29.536423841059595,19.90999999999999,21.350499999999993,19.896199999999993,16.039699999999996,nan,0.319378,23.480830428852858
ALGM,"Allegro MicroSystems, Inc.",36.52,USD,-0.24583447145587628,590870,0.3033932631774173,6807403119.8743515,USD,Electronic technology,Strong buy,40.17193847037065,41.999599626819005,42.460287319697365,3.192992370726201,-16.621004566210033,35.259259259259274,35.92599999999997,38.4525,45.1074,39.48619999999997,486.28495339547277,1.027337,nan
ACT,"Enact Holdings, Inc.",49.44,USD,0.34503754820376414,106716,0.3526311858989822,6797192860.642175,USD,Finance,Buy,48.46299768435382,47.44976497216219,46.10845844761466,1.9801980198019822,2.5726141078838065,24.408656265727213,49.074000000000034,49.31200000000004,47.627399999999994,42.86512500000003,10.42202453729078,4.800104,7.784240661637735
JOBY,"Joby Aviation, Inc.",6.86,USD,1.7804154302670638,19786179,0.9136506371207918,6785392245.077151,USD,Electronic technology,Buy,7.382080579846094,7.789788993169064,8.39982756012604,1.9316493313521528,-18.333333333333332,-48.996282527881036,6.795999999999998,7.3725000000000005,7.649000000000009,10.316900000000002,nan,-0.890731,7.325141776937619
BLDR,"Builders FirstSource, Inc.",62.98,USD,-4.271165830673369,1189389,0.582266744178931,6776424566.0291815,USD,Retail trade,Buy,69.06719989045378,71.83886572860321,76.21405349387928,-3.744459727953553,-14.382816748232742,-38.78899795898533,63.766000000000055,68.64500000000014,72.62180000000008,89.94180000000011,68.4937466014138,3.11046,-86.04047427469675
LW,"Lamb Weston Holdings, Inc.",49.22,USD,-1.303388810908359,329381,0.2573967544257369,6766815564.172449,USD,Consumer non-durables,Buy,50.74528846966316,49.788113755567565,48.79628263131476,-9.47213536876954,-5.090628615503279,16.96768060836502,50.90799999999998,53.11500000000008,50.54439999999995,47.05580000000006,23.588613054730185,3.02296,-16.745800582532027
DUOL,"Duolingo, Inc.",144.38,USD,-6.525961413958314,770268,0.7226402956578144,6754964775.687944,USD,Technology services,Buy,140.65692315606867,135.6849309550869,133.98103284886747,-9.200679202565874,17.40120344771507,-18.304758671419677,154.85599999999994,145.11149999999998,135.63190000000003,131.20700000000016,17.31569542221849,2.750347,246.51124132485563
LB,LandBridge Company LLC,87.45,USD,1.0632150699179495,85619,0.4142108591081252,6741119166.856003,USD,Commercial services,Strong buy,83.05073696960172,80.13364369187275,76.81979403038561,-1.774682691227674,7.723577235772352,75.32076984763432,86.28199999999994,84.51149999999994,79.6982,67.87710000000003,98.94772572980312,1.884103,74.42273534635878
MAAS,Maase Inc.,15.22,USD,-6.911314984709484,76929,0.6776685362327904,6729912470.956574,USD,Technology services,,16.1482714683755,15.596892244362248,14.28601257619583,-6.740196078431371,-19.47089947089946,181.85185185185185,16.389999999999993,16.342999999999996,16.731200000000005,9.7655085,nan,nan,nan
ORA,"Ormat Technologies, Inc.",109.1,USD,3.461356092935032,394964,0.7046665847156911,6709316026.742532,USD,Utilities,Buy,108.1088131909262,110.05651954782756,111.90457918841845,4.501915708812249,1.168397626112751,-1.9942508084800565,106.14399999999993,108.12600000000012,106.43100000000004,115.50859999999993,53.44895159709974,2.544306,-5.416801816412596
MSM,"MSC Industrial Direct Company, Inc.",120.08,USD,-1.0954616588419392,202834,0.4278034939443683,6706023692.131454,USD,Distribution services,Buy,120.77739319825241,119.20212570731884,115.42513060256775,1.4017902381354472,-2.8714713257299986,44.396344396344396,118.71799999999985,120.17049999999983,122.09539999999987,102.00140000000005,29.057471264367813,4.613643,16.559485530546635
MATX,"Matson, Inc.",224.235,USD,-0.600647191808143,71737,0.3318180262338698,6705401715.552551,USD,Transportation,Strong buy,217.87662387315495,211.45746822827113,201.37845610412663,0.12278978388998289,8.814965788324367,80.68896051571315,221.91300000000015,219.69425000000007,212.39549999999997,172.08212500000016,14.992177471116818,16.33565,1.1325755782897002
MAC,Macerich Company (The),23.62,USD,1.6351118760757428,2729905,1.1883133972676896,6697672660.080896,USD,Finance,Strong buy,24.108881346350536,24.05111391369067,23.52301917659719,0,-0.25337837837837296,28.02168021680218,23.371999999999996,24.12750000000001,24.858999999999995,21.297700000000006,nan,-0.151508,45.78130273371583
NAVN,"Navan, Inc.",26.285,USD,-5.381569474442048,2072351,0.8788191891933725,6685097375.557415,USD,Technology services,Strong buy,27.050596562510236,25.827468823813007,23.93346489286453,-7.901191310441482,-7.609841827768011,55.348699763593366,27.196999999999992,28.679999999999986,27.073200000000014,18.011750000000003,nan,0.253592,-85.00579672806904
PLXS,Plexus Corp.,250.605,USD,1.8802341653792993,79875,0.3774441725218752,6679149306.551508,USD,Electronic technology,Buy,252.63586943082666,254.32600610421508,249.8729651074482,4.649851755961077,-6.661328168646883,70.21327175168105,243.30299999999994,249.63674999999998,257.9805,222.082925,36.96893255443441,8.691667,15.340638399237735
USAR,"USA Rare Earth, Inc.",17.755,USD,0.8233957978421328,12839722,1.0581633042085434,6659484706.332197,USD,Producer manufacturing,Strong buy,18.23132343412629,18.687121410772114,19.09723175803287,3.6183250656550765,-3.2952069716775623,44.58469055374593,17.633000000000003,18.401750000000014,17.61719999999998,19.251025,nan,-0.537143,-189.8499879022502
POWL,"Powell Industries, Inc.",182.695,USD,0.841750841750845,335398,0.6532904296471745,6656047173.208755,USD,Producer manufacturing,Strong buy,201.41612819921752,212.83311090239695,217.06374111456165,3.1475835591689187,-14.684318670028949,69.16220619924323,176.33500000000004,192.85125000000002,215.44170000000005,200.78326584005,34.99032807921399,5.384617,8.781615900662528
ANF,Abercrombie & Fitch Company,149.7,USD,0.020044097013430306,1062043,0.2925195156601777,6651426799.262378,USD,Retail trade,Strong buy,126.908369725697,116.89806130882191,108.56746913631956,5.422535211267598,37.339449541284395,18.913337040273245,144.0379999999999,125.08100000000005,108.60260000000002,97.46449999999992,12.821830515442725,12.809613,10.50599125447214
INGM,Ingram Micro Holding Corporation,28.77,USD,-0.24271844660194272,463893,0.4210950852315123,6636143215.143204,USD,Technology services,Buy,28.50821626031593,28.26645948235193,27.649287971171297,3.900325027085584,-0.5186721991701319,33.87622149837134,28.29199999999998,28.18749999999999,28.411800000000003,25.32030500000001,15.661404463799673,3.40739,61.537108688005624
TTD,"The Trade Desk, Inc.",14.11,USD,-2.2176022176022196,9908703,0.5539982774380737,6630015066.523909,USD,Technology services,Buy,15.0292679027025,16.28599564572539,18.588763130407035,4.286770140428677,9.634809634809638,-63.05799188375442,14.392000000000063,13.741500000000062,16.493399999999927,24.900424999999906,16.745786850225493,0.389121,1.5915119363395211
ENS,EnerSys,182.99,USD,0.5937001814083956,143290,0.28315523740360343,6599575416.372163,USD,Producer manufacturing,Strong buy,190.31365289446444,194.29538082554365,194.71215569201937,0.19163381515550962,-3.3945729067680177,24.695059625212952,181.21199999999993,189.56900000000013,194.7695999999998,186.4512999999999,19.575100822627057,13.368333,6.6404289299566575
AAON,"AAON, Inc.",79.99,USD,0.7430730478589285,695467,0.7020158248234482,6595467093.772922,USD,Producer manufacturing,Strong buy,87.35064390434974,93.50712631673295,97.81748452145533,6.610689057710241,-12.817438692098097,2.801696440046257,77.46799999999989,80.36500000000018,94.74680000000008,98.50112500000003,41.842339279175604,2.361096,30.331333515134972
VNO,Vornado Realty Trust,35.28,USD,-3.5802131729980933,555550,0.5635930362198941,6587500511.776988,USD,Finance,Buy,37.43444205548,37.207178317452005,36.37220835149029,-5.110274341043568,-9.746738296239453,6.10526315789474,36.32599999999999,38.04799999999993,38.96419999999995,33.421099999999996,1422.5806451612905,-0.355,-99.38629052214797
ETSY,"Etsy, Inc.",71.76,USD,-6.208338779244542,2130257,0.8169742785395858,6586258817.538099,USD,Retail trade,Buy,78.0034114530565,76.86641652619826,73.9119396613482,-11.407407407407401,-14.398186806632463,28.280300321773343,78.75399999999999,80.77900000000008,81.16040000000004,64.01494999999998,42.21673138016238,3.297218,35.9404990403071
CGON,"CG Oncology, Inc.",74.09,USD,-0.7767510379000914,239685,0.44731404418851,6567365091.78559,USD,Health technology,Strong buy,73.90149351508055,72.32787827214746,69.59788474141043,-0.8696815627508583,-1.1738028544751173,79.87375576596263,74.70800000000004,76.64549999999998,73.7,61.25755,nan,-3.317708,-60.32954613050978
MIRM,"Mirum Pharmaceuticals, Inc.",101.095,USD,0.19326065411297638,348273,0.8161083167251906,6564321384.205946,USD,Health technology,Strong buy,102.42730368494885,103.44488005723132,102.48802739050129,3.3268601798855224,6.4718272775144765,27.790418404752877,100.15899999999999,99.11475000000007,108.60880000000006,96.20627500000002,nan,-15.131329,-1101.5528206822498
LNTH,"Lantheus Holdings, Inc.",100.535,USD,-0.4308210359512749,489166,0.49581869694817177,6562157734.976329,USD,Health technology,Buy,101.25652500600205,100.58399368755292,97.56306691019819,-0.8823819382825694,-0.5096486887679372,50.50149700598803,100.83499999999995,100.70125000000013,102.92800000000008,84.45052500000001,24.297314933417116,5.389,9.907827980981214
HR,Healthcare Realty Trust Incorporated,19.13,USD,0.05230125523011511,738717,0.2508151729943159,6556229240.721233,USD,Finance,Buy,19.55748911571694,19.689068466774838,19.58272012485592,0.2095337873232014,-5.624074987666505,13.195266272189354,19.23600000000001,19.2255,20.190799999999996,18.735300000000006,nan,-0.077621,77.63043855087537
RIG,Transocean Ltd (Switzerland),5.85,USD,0,22338006,0.633596887122141,6533748636.000001,USD,Industrial services,Buy,5.711129285778324,5.69506176782231,5.677857727240674,-0.847457627118656,13.592233009708723,40.96385542168673,5.972,5.838999999999998,5.435999999999998,5.566350000000001,nan,0.227048,3.916576381365115
FNB,F.N.B. Corporation,18.5,USD,-0.9105516871987235,1157818,0.3789568016255155,6530518092.742366,USD,Finance,Strong buy,18.685808544786717,18.613885615910796,18.392711395283992,2.4930747922437635,-2.1681649920676898,7.871720116618085,18.358000000000004,18.68349999999999,18.88320000000001,17.790725000000002,11.015838990115517,1.687089,30.448966910051254
GTES,Gates Industrial Corporation Ltd.,25.78,USD,-0.6551059730250411,481946,0.2987309022467143,6526237324.035454,USD,Producer manufacturing,Strong buy,26.414135880261806,26.446236833966534,26.203095514091387,2.179944510503372,-10.486111111111109,19.35185185185185,25.325999999999993,26.405499999999982,26.830800000000004,24.98919999999997,18.257790368271955,1.675607,81.51433346188455
QBTS,D-Wave Quantum Inc.,17.505,USD,5.579010856453563,24514649,1.5465135839175426,6519561312.080519,USD,Electronic technology,Strong buy,18.57179963812484,19.271930020678738,19.93405758569968,5.770392749244702,-11.232251521298176,-35.034329189088886,16.786999999999992,18.67575,19.210500000000014,21.489874999999994,nan,-0.295259,32.81813009671913
EPRT,"Essential Properties Realty Trust, Inc.",29.84,USD,0.6747638326585671,353123,0.29810460536129557,6506586681.303644,USD,Finance,Strong buy,30.505618150582762,30.73456003162105,30.914236327124417,-0.8305647840531561,-2.546523016650335,1.0152284263959415,29.853999999999992,30.516500000000036,31.08179999999998,31.211249999999996,23.191109038625942,1.316667,8.417593528816976
MMED,"MiniMed Group, Inc.",23.12,USD,-0.708610693579554,323636,0.13342052249349237,6504810687.367833,USD,Health technology,Strong buy,20.424835528164266,19.07173914891063,17.40426973375996,13.333333333333345,25.857376156777352,24.97297297297298,23.28499999999999,20.75175,18.364400000000003,nan,nan,0.679754,nan
HIMS,"Hims & Hers Health, Inc.",27.77,USD,0.21652832912305567,4919201,0.5310576752246801,6479113293.378923,USD,Health services,Buy,29.379010618694274,29.481174711949535,29.39169983429581,-5.157103825136618,-8.015899304405437,-15.848484848484848,28.084000000000003,29.664500000000025,31.485,28.337049999999987,nan,-0.577497,-177.97246558197747
MGY,Magnolia Oil & Gas Corporation,27.33,USD,1.9776119402984984,2268820,0.8309766677008612,6476351583.05597,USD,Energy minerals,Strong buy,26.733482986074065,26.775065017877342,26.8483037781367,0.22002200220021534,10.24606696248487,24.794520547945208,27.27799999999998,26.91200000000004,26.050800000000063,26.539749999999994,11.975811752333378,2.917307,18.921313183949962
POOL,Pool Corporation,178.13,USD,-3.8278803584926053,284030,0.4931097791223052,6473377454.165533,USD,Distribution services,Buy,188.91248632673776,192.52186905247558,198.48500075422209,-3.781126775779182,-11.733809028293944,-21.913904962300546,182.63399999999987,189.26949999999982,196.94360000000015,215.23094999999955,16.379619497751744,10.981721,0.3534253654215226
DOX,Amdocs Limited,60.14,USD,-3.3274393184375506,293985,0.2838891084152501,6469319793.057708,USD,Technology services,Buy,59.50153243462961,59.10200915402533,60.224841477231514,-4.6153846153846105,1.4336313037611763,-25.47707558859975,62.138,60.76549999999999,56.384800000000034,66.24422500000041,14.377928660227598,7.416,-15.478499838344648
UBSI,"United Bankshares, Inc.",47.47,USD,-0.7526656909889179,264754,0.3703383533529837,6466011678.364417,USD,Finance,Buy,47.60386723740042,47.0670568249655,46.08270866285071,0.8497981729339251,-1.8200620475698088,23.813249869587885,47.33800000000004,47.91249999999998,47.58629999999998,43.257575000000024,12.955786026200872,3.708333,29.442521020278388
